id,file,source_file,source_sha256,start_page,end_page,pages,file_sha256,bytes,subject,deed_number,judgment_number,lawsuit_number,decision_date,court,circuit,text_sha256,review_status
collector-1434-v1-p27-33252287,extracted/collector-judgments-pdf/collector-1434-v1-p27-33252287.pdf,moj-judgments-1434-volume-1.pdf,736d47fcf34bb9a81ce8d0fe6927bd90ea599e987556432dbf4305ec5dd79879,27,42,16,293fb277c6fcc40b68551d4dbe8e4e9b499385883c5a31c9112ebaa7e1852b9d,530933,بيع سيارة -فسخ البيع لوجود العيب -تقدير العيب عن طريق قسم اخلبراء -اليمن تشرع يف جانب أقوى املتداعين -حلف املدعى مين االستظهار -عند وجود العيب فللمشترى اخليار بن اإلمساك مع اإلرش أو الفسخ -احلكم بإلزام املدعى عليه تسليم الثمن وصرف النظر عن طلب الزيادة .,33252287,,960,1433/5/17,خطاب رئيس محكمة االستئناف واملقيد باحملكمة رقم,قرار أصحاب الفضيلة قضاة الدائرة احلقوقية األولى يف ذات,5b07fa090819297c8dbbbde9127166682a0d9054b70b011266c12b36c51a14ae,metadata_complete_auto_extracted
collector-1434-v1-p43-3436935,extracted/collector-judgments-pdf/collector-1434-v1-p43-3436935.pdf,moj-judgments-1434-volume-1.pdf,736d47fcf34bb9a81ce8d0fe6927bd90ea599e987556432dbf4305ec5dd79879,43,48,6,0a1e1bee8d31576e08a34081d69e1007b28c1e6318cc636122ae57a6d2ed8256,499900,بيع -شراء سيارة -املطالبة برد ثمن السيارة والتعويض للعيب - االستعانة بأهل اخلبرة -سلبية التقرير الفني للمدعي -صرف النظر عن الدعوى وإخاء سبيل املدعى عليه .,3436935,,1535,1434/2/13,مصادقة محكمة االستئناف على احلكم .,مكة املكرمة عادت األوراق برفقها قرار الدائرة احلقوقية الثالثة,3104883ef36c1427a44a6ddb36da196914c5edbb36689eb532f91aac9c68a7f7,metadata_complete_auto_extracted
collector-1434-v1-p49-33296287,extracted/collector-judgments-pdf/collector-1434-v1-p49-33296287.pdf,moj-judgments-1434-volume-1.pdf,736d47fcf34bb9a81ce8d0fe6927bd90ea599e987556432dbf4305ec5dd79879,49,58,10,b82944e53f15c13c45de4058d1ae72b6a7033cfb1dd7405393d086b6fe9d0f48,515028,بيع -توريد أجهزة طبية دون قبض الثمن -مطالبة بسداد الثمن- بينة املدعي -مصادقة املدعى عليه على جزء من املبلغ وإنكار الباقي -مطالبة املدعي الفصل يف القضية بحالتها -احلكم بجزء من الثمن وصرف النظر عن باقي الثمن .,33296287,,2163,1433/6/14,ذلك ،مصادقة محكمة االستئناف على احلكم .,الدائرة املختصة بتدقيق القضايا احلقوقية مبحكمة االستئناف,cfd175aa8575b8be594fe52e98e843141c8ce1ce93a5a92ad55f00df4bb970eb,metadata_complete_auto_extracted
collector-1434-v1-p59-3419890,extracted/collector-judgments-pdf/collector-1434-v1-p59-3419890.pdf,moj-judgments-1434-volume-1.pdf,736d47fcf34bb9a81ce8d0fe6927bd90ea599e987556432dbf4305ec5dd79879,59,69,11,142dee6b86767eb7cb4aaaea7f1b237f637e22225ec6718d1e4414574eadacb7,503717,بيع -عقار -شراء فله مع حوش -االختاف بن املتعاقدين يف األقساط -بيع املرهون ال يتم إال بإذن املرتهن -بطان عقد,3419890,,2179,1434/1/21,من محكمة االستئناف .,34757427يف 1434/4/7ه وبرفقه قرار الدائرة احلقوقية اخلامسة,632c777c5dccbf66841726af794334c90fb4c9982a440971903ad10ba542d619,metadata_complete_auto_extracted
collector-1434-v1-p70-33408456,extracted/collector-judgments-pdf/collector-1434-v1-p70-33408456.pdf,moj-judgments-1434-volume-1.pdf,736d47fcf34bb9a81ce8d0fe6927bd90ea599e987556432dbf4305ec5dd79879,70,75,6,156720a8bee86a6356ccbf080cbb43adbdd24c9feb7ce3e4564d78f9f240526c,493605,بيع -بيع سيارة بأقساط شهرية -إنكار املدعى عليه شراء السيارة- تقدمي املدعي وكالة ما يفيد شراء املدعى عليه السيارة -إقرار املدعى عليه بصحة توقيعاته على أوراق الشركة البائعة للسيارة -اإللزام بدفع باقي قيمة السيارة .,33408456,,3244,1433/9/11,عدم قناعته باحلكم ،صدق احلكم من محكمة االستئناف .,,d0d95f32604093724a0bb178904be784701a2cfd6189a2c06adc67f48983bc9f,metadata_complete_auto_extracted
collector-1434-v1-p76-33303135,extracted/collector-judgments-pdf/collector-1434-v1-p76-33303135.pdf,moj-judgments-1434-volume-1.pdf,736d47fcf34bb9a81ce8d0fe6927bd90ea599e987556432dbf4305ec5dd79879,76,81,6,36cd67da0e01a49559051701646d29630d01549d48a6609fce3eec161db7ffe0,491821,بيع -بيع شرائح إتصاالت بآجل -املطالبة بدفع قيمة الشرائح -عدم حضور املدعى عليه -شهادة الشهود العدول -مين املدعي - احلكم غيابي ا بدفع الثمن -الغائب على حجته متى حضر .,33303135,,4700,1433/6/17,صدق احلكم من محكمة االستئناف .,) أ .ه رئيس الدائرة ............ختمه وتوقيعه قاضي استئناف .............,c934ba7aab0749321f877bef2398ebc92e502813c97b555c4c1c2718b327c71f,metadata_complete_auto_extracted
collector-1434-v1-p82-33152564,extracted/collector-judgments-pdf/collector-1434-v1-p82-33152564.pdf,moj-judgments-1434-volume-1.pdf,736d47fcf34bb9a81ce8d0fe6927bd90ea599e987556432dbf4305ec5dd79879,82,85,4,cede8d398c8e21b85a114295b664f24396dcc21be18d2b2b4f3cdf425e7a90da,485698,بيع -املطالبة بإعادة قيمة تذاكر -عدم حضور املدعى عليه - احلكم غيابي ا بإعادة ثمن التذاكر -رفع احلكم حملكمة االستئناف لتعذر تبليغ املدعى عليه باحلكم .,33152564,,8603,1433/3/26,حضر -صدق احلكم من محكمة االستئناف .,احلمد هلل وحده وبعد فقد اطلعنا نحن قضاة الدائرة اخلامسة لتمييز,0445f1f2f30cbb562edc032a0520215cff8ac795a05367dc651d963ac988eef9,metadata_complete_auto_extracted
collector-1434-v1-p86-34229820,extracted/collector-judgments-pdf/collector-1434-v1-p86-34229820.pdf,moj-judgments-1434-volume-1.pdf,736d47fcf34bb9a81ce8d0fe6927bd90ea599e987556432dbf4305ec5dd79879,86,90,5,4b26d486489a1fe2b290010b2dfee69efae1e81467e0e49be05ab08152080680,499433,بيع -عربون -دفع للوسيط كداللة مقابل التوسط يف شراء فيا -الرجوع يف الشراء -املطالبة برد مبلغ الداللة -رفض رد املبلغ -املبلغ املدفوع عربون وليس داللة -مصادقة املدعي على السند املرفق باملعاملة بأن املبلغ عربون -رد دعوى املدعي وإخاء سبيل املدعى عليه من الدعوى .,34229820,,31922,1434/6/4,•صدق احلكم من محكمة االستئناف برقم 34331655وتاريخ,,4514ddc68cd294df91e146f68f04e50789ea2aeb1a19d8b729a40f201c6e5cd4,metadata_complete_auto_extracted
collector-1434-v1-p91-33965,extracted/collector-judgments-pdf/collector-1434-v1-p91-33965.pdf,moj-judgments-1434-volume-1.pdf,736d47fcf34bb9a81ce8d0fe6927bd90ea599e987556432dbf4305ec5dd79879,91,96,6,887877cedfe154812df3c5c5d502788d5fb05d7c8b5c7aca6443ca3892ed841d,502510,بيع -بيع رؤوس غنم وقبض جزء من الثمن -املطالبة بباقي الثمن -اإلتفاق على االحتكام حلكم -الغنم وقت البيع سليمة -صحة البيع وإلزام املدعى عليه بسداد باقي الثمن .,,,33965,1432/5/21,القناعة وطلب استئناف احلكم لدى محكمة االستئناف بالئحة,,252b1b531280ca9fa75b318c26ebe969d2a7e70bd22623aa1824630b0ef2c8e6,metadata_incomplete_pending_review
collector-1434-v1-p97-33192371,extracted/collector-judgments-pdf/collector-1434-v1-p97-33192371.pdf,moj-judgments-1434-volume-1.pdf,736d47fcf34bb9a81ce8d0fe6927bd90ea599e987556432dbf4305ec5dd79879,97,104,8,f72e212995b032cd31705e23d78a89cc5c569d6b9144e98783b8b985ec595c6b,506814,بيع -بيع فيا وعدم قبض كامل الثمن -بينة املدعي صك سابق بأحقيته يف املبلغ -إلزام املدعى عليه بدفع الثمن .,33192371,,34173,1433/4/14,عدم القناعة -صدق احلكم من محكمة االستئناف .,واملتضمن (أنه بدراسة ما أجاب به فضيلته على قرار الدائرة وجد,8c23c1d4757c7a063eb15d04f1e0061f5234826d1aebf42a88816ccf3e549640,metadata_complete_auto_extracted
collector-1434-v1-p105-3304195,extracted/collector-judgments-pdf/collector-1434-v1-p105-3304195.pdf,moj-judgments-1434-volume-1.pdf,736d47fcf34bb9a81ce8d0fe6927bd90ea599e987556432dbf4305ec5dd79879,105,113,9,edaeee30654fc694cb778f5bbe3032cb4066c9106d2efe93edc97c3d3d75bede,498841,بيع -بيع تراب -عدم قبض كامل الثمن -عدم حضور املدعى عليه -شهادة الشهود العدول -اليمن للمدعي -احلكم غيابي ا بتسليم باقي الثمن للمدعي -الغائب على حجته متى حضر .,3304195,,41056,1433/6/18,صدق احلكم من محكمة االستئناف .,,7f8fb413c031a9c7d96f07497fb72251f1fb6fea09417b85716587e5b559c4a1,metadata_complete_auto_extracted
collector-1434-v1-p114-3410373,extracted/collector-judgments-pdf/collector-1434-v1-p114-3410373.pdf,moj-judgments-1434-volume-1.pdf,736d47fcf34bb9a81ce8d0fe6927bd90ea599e987556432dbf4305ec5dd79879,114,119,6,94ee6bc5b61dd2bab093cbf3bc036c572892e03c0b09c3d7be25c7bfb25e9b6a,498058,بيع -شراء املدعى عليه سيارة -كفالة غرم وأداء للمدعى عليه -سداد املدعى عليه جزء من ثمن السيارة -مطالبة البائع املدعي (الكفيل) بسداد باقي الثمن -سداد املدعي كامل الثمن مبوجب صك -للكفيل حق الرجوع على مكفوله فيما غرمه عنه -احلكم غيابي ا بإلزام املدعى عليه بدفع املبلغ املدعى به -الغائب على حجته متى حضر -رفع احلكم حملكمة االستئناف لتعذر تبليغ املدعى عليه باحلكم .,3410373,,47263,1434/1/12,بدون الئحة اعتراض مع كامل ملف الدعوى إلى محكمة االستئناف,الدائرة احلقوقية اخلامسة رقم 34169008وتاريخ 1434/2/23ه,2ed1cde84bbfd38005d4d9bdaa0f667b9fb80026cd069341381ce4f20ee3ce9b,metadata_complete_auto_extracted
collector-1434-v1-p120-51230,extracted/collector-judgments-pdf/collector-1434-v1-p120-51230.pdf,moj-judgments-1434-volume-1.pdf,736d47fcf34bb9a81ce8d0fe6927bd90ea599e987556432dbf4305ec5dd79879,120,123,4,9e7eb7615cf0f35d6d7aea49fcda79d2978475c77d97fec67938927adca1a852,489165,بيع -شراء قطعة أرض بدون صك وبيعها للمدعى عليه -املطالبة بقيمة األرض -صورية الدعوى -صرف النظر عن الدعوى .,,,51230,1434/1/12,•صدق احلكم من محكمة االستئناف برقم 3460333وتاريخ,,fcbbae4aa21278d8514e25f015675e0a2df0f6abaab90f0ca09258b34874bb1d,metadata_incomplete_pending_review
collector-1434-v1-p124-33251132,extracted/collector-judgments-pdf/collector-1434-v1-p124-33251132.pdf,moj-judgments-1434-volume-1.pdf,736d47fcf34bb9a81ce8d0fe6927bd90ea599e987556432dbf4305ec5dd79879,124,129,6,20dd519af9edd9342ddd0823372193b01a8a9a5cca4278fe777597b8d2e1980f,498939,بيع -بيع سيارة بأقساط -شرط حلول كامل الثمن حال تأخر املدين عن دفع ثالثة أقساط -بينة املدعي -حلف اليمن -عدم حضور املدعى عليه -احلكم غيابي ا بدفع كامل األقساط - الغائب على حجته متى حضر -رفع احلكم حملكمة االستئناف لتعذر تبليغ املدعى عليه .,33251132,,339922,1433/5/17,صدق احلكم من محكمة االستئناف .,,52bc8a2d6757de7c80d5752e3df3a48ce71baa56aeb2f945a01c32964f0cad02,metadata_complete_auto_extracted
collector-1434-v1-p130-34235421,extracted/collector-judgments-pdf/collector-1434-v1-p130-34235421.pdf,moj-judgments-1434-volume-1.pdf,736d47fcf34bb9a81ce8d0fe6927bd90ea599e987556432dbf4305ec5dd79879,130,133,4,93a38e0791c272b3f6aaca367f4466054a04bd9506082fcbc01a3827319ed963,490247,بيع -بيع سيارة بأقساط -االمتناع عن السداد -عدم حضور املدعى عليه -بينة املدعي العقد والكمبياالت واليمن -احلكم غيابي ا بدفع الثمن احلال واإللزام مبا تبقى -الغائب على حجته,34235421,,341653,1434/6/10,•صدق احلكم من محكمة االستئناف برقم 34297969وتاريخ,,3011aede7b0da21b0d74d421e36a2c554925407e6eb830a7b4142891ab0b3ec1,metadata_complete_auto_extracted
collector-1434-v1-p134-33169186,extracted/collector-judgments-pdf/collector-1434-v1-p134-33169186.pdf,moj-judgments-1434-volume-1.pdf,736d47fcf34bb9a81ce8d0fe6927bd90ea599e987556432dbf4305ec5dd79879,134,144,11,895b73771635c1d14a15e92c761d92265fd38057a40b6840ebd366110ea03596,540687,بيع -بيع معدات مخبز وسيارات -املطالبة بقيمة املعدات -بينة املدعي وميينه -إيجابية التقرير الفني للمدعي -احلكم بدفع الثمن للمدعي .,33169186,,3226935,1433/4/4,محكمة االستئناف .,الدائرة احلقوقية األولى مبحكمة االستئناف برقم 33169186يف,96b28b020aa7a30506fd4bab4900b1b9063139b0d413b4a4a3802aba912e2ac4,metadata_complete_auto_extracted
collector-1434-v1-p145-33466823,extracted/collector-judgments-pdf/collector-1434-v1-p145-33466823.pdf,moj-judgments-1434-volume-1.pdf,736d47fcf34bb9a81ce8d0fe6927bd90ea599e987556432dbf4305ec5dd79879,145,151,7,27f820d2ffa1c0d34f220f3cc99d32923b7a5d21457d58d0776d0ea7eba9a211,493188,بيع -بيع سيارة معيبة -املطالبة برد الثمن -التقرير الفني بعيب السيارة -إعادة الثمن .,33466823,,3331141,1433/11/27,صدق احلكم من محكمة االستئناف .,,d488d8a9f5452744d8830d03219eb7c992eacc862788ffdbb7913e60ed643590,metadata_complete_auto_extracted
collector-1434-v1-p152-3435647,extracted/collector-judgments-pdf/collector-1434-v1-p152-3435647.pdf,moj-judgments-1434-volume-1.pdf,736d47fcf34bb9a81ce8d0fe6927bd90ea599e987556432dbf4305ec5dd79879,152,156,5,14cb9a5e62131a1dfa11ab80dbbfd768087205e6d57461dab32e2f9aa3a63355,511704,بيع -بيع أرض محددة احلدود واملعالم بعقد -النص على خلو املبيع من املشاكل وإال فالعقد الغي ا مع اإللزام بإعادة القيمة كاملة -مصادقة املدعى عليه على العقد -وجود مشاكل يف األرض -األصل يف العقود اإللزام -إلزام املدعى عليه بإعادة الثمن.,3435647,,3358940,1434/2/11,فتحت اجللسة وقد وردتنا املعاملة من محكمة االستئناف مبنطقة,الدائرة احلقوقية األولى برقم 34251014وتاريخ 1434/6/25ه,fb4a492ce182889377bc2dc28d42dcac8239c58d3597e5dc7413874034423ba2,metadata_complete_auto_extracted
collector-1434-v1-p157-33132641,extracted/collector-judgments-pdf/collector-1434-v1-p157-33132641.pdf,moj-judgments-1434-volume-1.pdf,736d47fcf34bb9a81ce8d0fe6927bd90ea599e987556432dbf4305ec5dd79879,157,162,6,9c24fcb145085255d9cdc78cc613eee49db7c8e79e903b0dcf02d073dc999dd4,500399,بيع -ثمن مبيع -مطالبة املضمون له الضام ن بتسليم ما بقي من ثمن املكيفات -غياب املدعى عليه وتبلغه لشخصه -االطاع على العقود والكمبياالت ،وحلف املدعي مين االستظهار -احلكم على الضامن بتسليم باقي ثمن املكيفات -اعتبار احلكم حضوري ا .,33132641,,3361783,1433/3/14,قضاة الدائرة احلقوقية األولى يف محكمة االستئناف مبنطقة تبوك,قضاة الدائرة احلقوقية األولى يف محكمة االستئناف مبنطقة تبوك,c5f8e3e1ea99663c0a52935b0004138499914b467d0e74573d0c8cd00360da1d,metadata_complete_auto_extracted
collector-1434-v1-p163-33457039,extracted/collector-judgments-pdf/collector-1434-v1-p163-33457039.pdf,moj-judgments-1434-volume-1.pdf,736d47fcf34bb9a81ce8d0fe6927bd90ea599e987556432dbf4305ec5dd79879,163,171,9,202c62785c140c67651edc3176f716b09dd80ac0bbe5f8c3936630babbde3afd,500784,بيع -بيع رؤوس غنم دون قبض الثمن -عدم حضور املدعى عليه -شهادة الشهود العدول ومين املدعي -احلكم غيابي ا بدفع الثمن املطالب به -الغائب على حجته متى حضر -رفع احلكم حملكمة االستئناف لتعذر تبليغ املدعى عليه باحلكم .,33457039,,3384608,1433/11/16,بدفع املبلغ املطالب به ،مصادقة محكمة االستئناف على احلكم .,34635067يف 1434/05/22ه وقد جرى تدقيق احلكم من الدائرة,5641afacfd247a764abc0ede4d53e32e5e96674aa032b1b754a67efd1722a336,metadata_complete_auto_extracted
collector-1434-v1-p172-3430669,extracted/collector-judgments-pdf/collector-1434-v1-p172-3430669.pdf,moj-judgments-1434-volume-1.pdf,736d47fcf34bb9a81ce8d0fe6927bd90ea599e987556432dbf4305ec5dd79879,172,181,10,179d0513d6a98a56c929338b970bbd7a24c2ac10add29011a1490ed6c2b791ad,504559,بيع -بيع مواد سباكة -موافقة الكفيل على سداد الثمن - االمتناع عن السداد للعيب -املطالبة بالسداد -شهادة الشهود العدول -طلب الرجوع يف البيع للعيب يكون فور العلم بالعيب -إلزام املدعى عليه بتسليم املبلغ املدعى به .,3430669,,3387968,1434/2/5,صدق احلكم من محكمة االستئناف .,االستئناف الدائرة احلقوقية الرابعة مبنطقة مكة املكرمة برقم,f9ef947dbdb11b0f2f3cff76edf7d4516b4cb87b265438ad49526ca1d598c294,metadata_complete_auto_extracted
collector-1434-v1-p182-33238846,extracted/collector-judgments-pdf/collector-1434-v1-p182-33238846.pdf,moj-judgments-1434-volume-1.pdf,736d47fcf34bb9a81ce8d0fe6927bd90ea599e987556432dbf4305ec5dd79879,182,187,6,135f2dda9c88a517f839dc6c7381fbc7a18551a278e438a4b1b63ad5dcb6c257,493165,بيع -عقد عينة -شراء املدعى عليه مكيفات مبوجب عقد وكمبياالت بثمن آجل -كفالة غرم وأداء وتسليم -قيام املدعى عليه ببيع املكيفات للبائع بثمن حال -مصادقة املدعى عليه على ما جاء يف الدعوى -إلزام املدعى عليه بدفع رأس املال دون األرباح حلرمة بيع العينة .,33238846,,3392948,1433/5/10,املدعي وكالة فلم يقنع -صدق احلكم من محكمة االستئناف .,الدائرة احلقوقية اخلامسة يف محكمة االستئناف مبنطقة مكة,4645924d1612fbd22a8237b2390dba4c4081be7dc5bf77fecfa1c866b898f6ac,metadata_complete_auto_extracted
collector-1434-v1-p188-3428208,extracted/collector-judgments-pdf/collector-1434-v1-p188-3428208.pdf,moj-judgments-1434-volume-1.pdf,736d47fcf34bb9a81ce8d0fe6927bd90ea599e987556432dbf4305ec5dd79879,188,191,4,41cae1f3611e640d4cacc62898430aa421aa72ba98112edc9befd603e9aabebb,485765,بيع -بيع قطع أراضي -املطالبة بإثبات امللكية لأرض وإفراغها بصك امللكية -عدم صفة املدعى عليه يف الدعوى -رد الدعوى وإخاء سبيل املدعى عليه .,3428208,,3410607,1434/2/3,,.......ختم وتوقيع قاضي استئناف ..........ختم وتوقيع رئيس الدائرة,a7351752d368d36c6aa94deb0e4224f6cd9422aa228735496b20e26d85c70652,metadata_incomplete_pending_review
collector-1434-v1-p192-34208897,extracted/collector-judgments-pdf/collector-1434-v1-p192-34208897.pdf,moj-judgments-1434-volume-1.pdf,736d47fcf34bb9a81ce8d0fe6927bd90ea599e987556432dbf4305ec5dd79879,192,196,5,a23f95948296881150bd173b334e82914977744696cbc95bcce15cfc3ac44fa2,489070,بيع أرض -طلب إعادة ثمن املبيع لعدم القدرة على التسليم - اإلقرار بقبض الثمن وعدم القدرة على التسليم -األرض أماك حكومية -احلكم ببطان البيع واستعادة ثمن املبيع .,34208897,,3413329,1434/5/7,محكمة االستئناف املوافقة على احلكم .,,1f3a4432ec3e592246cb347e7c187aba9baea184c13c885fb4b022d4a498a2e6,metadata_complete_auto_extracted
collector-1434-v1-p197-34283451,extracted/collector-judgments-pdf/collector-1434-v1-p197-34283451.pdf,moj-judgments-1434-volume-1.pdf,736d47fcf34bb9a81ce8d0fe6927bd90ea599e987556432dbf4305ec5dd79879,197,201,5,0e87d71b524852b8fe2d8e8192d3d70d0d216d7f345f20524d55ca7b12e35f17,489228,بيع -بيع متور واملطالبة بقيمتها -افتقاد املدعي البينة -شهادة الشهود العدول لصالح املدعى عليهما -صرف النظر عن دعوى,34283451,,3413552,1434/8/1,احلمد هلل وحده وبعد فقد وردتنا املعاملة من محكمة االستئناف,...........ختمه وتوقيعه رئيس الدائرة .................ختمه وتوقيعه وباهلل,f1d6e9d3e9f7212da5553bd099682e6ea9566a894ec5cf0616aa7de8f56187ea,metadata_complete_auto_extracted
collector-1434-v1-p202-34183471,extracted/collector-judgments-pdf/collector-1434-v1-p202-34183471.pdf,moj-judgments-1434-volume-1.pdf,736d47fcf34bb9a81ce8d0fe6927bd90ea599e987556432dbf4305ec5dd79879,202,208,7,b8c56817540eeda03b373d8d7023753fb82dd135773b4bbe81d31376be330438,506827,بيع -عقار -شراء منزل -دعوى على ولي قاصر بإثبات شراء عقار واحلكم بإفراغه -اعتبار إقرار املدعى عليه البالغ شهادة يف حق املدعى عليه القاصر -ال يقض على القاصر إال ببينة -صحه البيع واستالم الثمن والتهميش على صك امللكية بانتقال امللك .,34183471,,3434349,1434/4/9,املعاملة من محكمة االستئناف بخطاب فضيلة رئيسها رقم,34165820يف 1434/6/10ه ومعها قرار الدائرة الثانية لألحوال,0bd34aae2ecd4842875cd4abe62ddc7c0747ce91fdf959560c35f65c42d57271,metadata_complete_auto_extracted
collector-1434-v1-p209-34186372,extracted/collector-judgments-pdf/collector-1434-v1-p209-34186372.pdf,moj-judgments-1434-volume-1.pdf,736d47fcf34bb9a81ce8d0fe6927bd90ea599e987556432dbf4305ec5dd79879,209,217,9,9ee73b1b9fb521fa1d80270f8f48f28d820527ef1cea1e34570c1594033bc3b4,499948,بيع عقار -بيع قطعة أرض بعقد -إفراغ قطعة أرض أخرى مبخطط آخر -الداللة ومقابلها -املطالبة بفسخ العقد وإعادة ثمن األرض وأجرة الداللة -عدم صحة البيع لالختاف بن املعقود عليه والواقع -احلكم بفسخ العقد وإعادة الثمن وأجرة الداللة ورفض,34186372,,3436313,1434/4/13,من محكمة االستئناف .,نحن رئيس وأعضاء الدائرة احلقوقية السادسة يف محكمة االستئناف,5bf83dc297e5ac0c5ea4f3158e5f30199b1f1b095bd674f845334dc86403971d,metadata_complete_auto_extracted
collector-1434-v1-p218-3438433,extracted/collector-judgments-pdf/collector-1434-v1-p218-3438433.pdf,moj-judgments-1434-volume-1.pdf,736d47fcf34bb9a81ce8d0fe6927bd90ea599e987556432dbf4305ec5dd79879,218,250,33,c659b1993866f4dc533a0131a3aa89ba946af2b5cc72802957a8245560c4ecbf,619595,بيع -تعويض -إيجار منتهي بالتمليك -دعوى تعويض عن ضرر -مطالبة بالتعويض عن فسخ عقد إيجار سيارة منتهي بالتمليك -استعانة برأي اخلبراء -رهن املبيع للبائع ال مينع من بقاءه بيد املشتري -منافع املغصوب يضمنها الغاصب -مقاصة قضائية .,3438433,,3281602,1434/02/16,ووكيل املدعى عليها على احلكم -قررت محكمة االستئناف,,fdfec5a37ce117558cd2e3273c0dd30b820f090f9d6341e721db3ec4286363f1,metadata_complete_auto_extracted
collector-1434-v1-p251-3451723,extracted/collector-judgments-pdf/collector-1434-v1-p251-3451723.pdf,moj-judgments-1434-volume-1.pdf,736d47fcf34bb9a81ce8d0fe6927bd90ea599e987556432dbf4305ec5dd79879,251,255,5,4be91a84159f326dd3bcc0268378ab7e7ebe7e4bf970c0325bebe7d84a960b5f,490629,بيع -عقار -شراء قطعة أرض من مورث القاصر حال حياته - إقرار ولي القاصر بصحه الدعوى -قبول شهادة املدعى عليه يف حق القاصر -القضاء بالشاهد واليمن -ثبوت شراء املدعي للعقار,3451723,,3499120,1434/3/1,من محكمة االستئناف .,برقم 34955041يف 1434/5/14ه مرفق بها قرار الدائرة الثانية,5fe07b2fb5cd0ff765c38d8a582a200b7f5c3b011ba716ab129610d48720541d,metadata_complete_auto_extracted
collector-1434-v1-p256-34200343,extracted/collector-judgments-pdf/collector-1434-v1-p256-34200343.pdf,moj-judgments-1434-volume-1.pdf,736d47fcf34bb9a81ce8d0fe6927bd90ea599e987556432dbf4305ec5dd79879,256,260,5,c8d8c463386a6a42ce25e3f644af79f17fcf45fc82e5b5d242465bca871a7739,512259,بيع أغنام -املطالبة بقيمة املبيع حللول موعد السداد -إثبات احلق بالقرائن واليمن املكملة -احلكم بسداد ثمن املبيع .,34200343,,3458017,1434/4/29,به ،قررت محكمة االستئناف املوافقة على احلكم .,رئيس عضوي الدائرة احلقوقية الرابعة يف محكمة االستئناف,249cb25393f5c219f450e093355e795627f48935d73ff62f2649ff9985961f39,metadata_complete_auto_extracted
collector-1434-v1-p261-34272302,extracted/collector-judgments-pdf/collector-1434-v1-p261-34272302.pdf,moj-judgments-1434-volume-1.pdf,736d47fcf34bb9a81ce8d0fe6927bd90ea599e987556432dbf4305ec5dd79879,261,269,9,33aaae322dba3b7ceaa3c3c061f88a49e4cf173f193d9fb3d8e9527c5af793d5,499070,بيع -بيع إبل بثمن آجل -سماع الدعوى غيابيا لعدم حضور املدعى عليه -شهادة الشاهد العدل شرع ا وحلف اليمن -اإللزام بدفع باقي مبلغ املبايعة -الغائب على حجته متى حضر .,34272302,,3469186,1434/7/18,حضر -صدق احلكم من محكمة االستئناف .,الدائرة احلقوقية اخلامسة رقم 34339440وتاريخ 1434/10/25ه,55de07a9c38e8963a0020476b26fae513c44a12eb912138e7b58f74c9fd40533,metadata_complete_auto_extracted
collector-1434-v1-p270-34213467,extracted/collector-judgments-pdf/collector-1434-v1-p270-34213467.pdf,moj-judgments-1434-volume-1.pdf,736d47fcf34bb9a81ce8d0fe6927bd90ea599e987556432dbf4305ec5dd79879,270,275,6,a1a2ceeb8e971fb96b568f95cd12860c5499056763f7755f44b24bc599b6df79,491711,بيع -املبايعة على أرض ليس عليها صك شرعي -احلكم ببطان البيع وإرجاع ثمن األرض لعدم تنفيذ الشروط -احلكم ال يفيد التملك وال يغني عن حجة االستحكام .,34213467,,3474551,1434/5/14,محكمة االستئناف مبوجب الئحة اعتراضية وأجيب لطلبه وأفهم,التملك وال يغني عن حجة االستحكام ،صدق احلكم من الدائرة,6c448a2970ee68fbf34d29b9db6bf5800ab38e0fafbe48e1b334a350489aef51,metadata_complete_auto_extracted
collector-1434-v1-p276-34247697,extracted/collector-judgments-pdf/collector-1434-v1-p276-34247697.pdf,moj-judgments-1434-volume-1.pdf,736d47fcf34bb9a81ce8d0fe6927bd90ea599e987556432dbf4305ec5dd79879,276,282,7,7b04ba4e3858973bc99495d0774a82644034333a45f87ae59794638bab5b170c,506390,بيع -بيع قطعة أرض وقبض جزء من الثمن -وهمية األرض- مطالبة املدعى عليه بإعادة املبلغ -الدفع بأن املبلغ مقابل أتعاب -حلف املدعي اليمن بأن املبلغ املدفوع جزء من ثمن األرض - احلكم بإعادة املبلغ املدفوع .,34247697,,3491200,1434/6/20,وقد عادت املعاملة بخطاب رئيس محكمة االستئناف مبنطقة,أصحاب الفضيلة قضاة االستئناف بالدائرة احلقوقية الثالثة رقم,9956ecaac8356681e1af1ccae0c350452302f7f4eb3e0f93e90607ebd96325c3,metadata_complete_auto_extracted
collector-1434-v1-p283-33413996,extracted/collector-judgments-pdf/collector-1434-v1-p283-33413996.pdf,moj-judgments-1434-volume-1.pdf,736d47fcf34bb9a81ce8d0fe6927bd90ea599e987556432dbf4305ec5dd79879,283,286,4,e8929b3ee5d3dbc1e944a0a57527f09dd9da2d956ba97cb5aee055b37daa2283,498406,بيع -بيع أرض مقام عليها استراحة -الغرر يف البيع -األرض مخطط لألمانة موزع على املواطنن -بيع رغم عدم التملك - اإلزالة بسبب التعدي -بطان عقد البيع وإعادة الثمن .,33413996,,32113953,1433/9/17,املدعى عليه على احلكم ،صدق احلكم من محكمة االستئناف .,,3c7909868f93611bf433ba1867296e34219e37109aecda75123f60a2901ec40b,metadata_complete_auto_extracted
collector-1434-v1-p287-34176732,extracted/collector-judgments-pdf/collector-1434-v1-p287-34176732.pdf,moj-judgments-1434-volume-1.pdf,736d47fcf34bb9a81ce8d0fe6927bd90ea599e987556432dbf4305ec5dd79879,287,293,7,b1aa8dbcb75dbbf61a4d6425b634f7cee8b50fa4a28e7f370d07a8902bea24af,493537,بيع -عقد -بيع أرض -ارش النقص لعيب يف األرض املباعة - تقدير ارش النقص عن طريق قسم اخلبراء -إذا وجد عيب يف املبيع فللمشتري اخليار بن إمساكه مع األرش أو الفسخ -احلكم مببلغ مقدر وصرف النظر عن غيره من طلبات -احلكم حضوري ا لتبلغ املدعى عليه .,34176732,,32189741,1434/4/1,على احلكم ،قررت محكمة االستئناف املصادقة على احلكم .,الدائرة وعليه توقيع وختم لكل واحد منهم وعليه أجيب أصحاب,6d163168c1cbde5d958b49af16d9d46437b6f38183c1bb00b492c02e85ab8a73,metadata_complete_auto_extracted
collector-1434-v1-p294-34272142,extracted/collector-judgments-pdf/collector-1434-v1-p294-34272142.pdf,moj-judgments-1434-volume-1.pdf,736d47fcf34bb9a81ce8d0fe6927bd90ea599e987556432dbf4305ec5dd79879,294,303,10,caf453aee6e7ef9f3399d08c42b91afe5e45caeba434bed090e2affac2e67a0d,503723,بيع -بيع سيارة -رد ثمن املبيع لعيب -تقدير العيب عن طريق قسم اخلبراء -البينة بحلف اليمن بعد معرفة العيب -احلكم غيابي برد قيمة املبيع املعيب -الغائب على حجيته متى حضر - مت تنفيذ احلكم .,34272142,,32348866,1434/7/18,على حجته متى حضر ،صدق احلكم من محكمة االستئناف .,اجللسات بعدها فقررت الدائرة السير يف الدعوى غيابيا عما,a948067e53e2015ba6f7dc48b96b9c6000a22feab04961891dbc98817ca2b35d,metadata_complete_auto_extracted
collector-1434-v1-p304-33364368,extracted/collector-judgments-pdf/collector-1434-v1-p304-33364368.pdf,moj-judgments-1434-volume-1.pdf,736d47fcf34bb9a81ce8d0fe6927bd90ea599e987556432dbf4305ec5dd79879,304,324,21,dac37de9eb505b6f4976d7ebad0f26e7424f4bbc60053ffb253ad1d0883615db,1414872,بيع -طلب فسخ عقد البيع لإلخال ببنوده -تخلف املدعى عليه ال -ال تسمع مين عن احلضور بعد توجيه اليمن عليه يعد ناك املدعى عليه بعد حلف املدعي والقضاء له -ال ميكن اخلصم من أداء اليمن بعد احلكم بنكوله -النماء املنفصل يف وقت اخليار هو للمشتري ألن العن من ضمانه -اخال املدعى عليه ببنود العقد يوجب خيار الفسخ للمدعي -احلكم بفسخ البيع ورد قيمته من املدعى عليه الثاني ورد الدعوى ضد املدعى عليه األول .,33364368,,32380395,1433/8/3,صدق احلكم من محكمة االستئناف .,املتضمن أنه لوحظ أن ما أجاب به فضيلته على قرار الدائرة,ef78ad17555552bab007f7ca74bdde18079283f7a5619ee958060bd68c26d26d,metadata_complete_auto_extracted
collector-1434-v11-p5-34185703,extracted/collector-judgments-pdf/collector-1434-v11-p5-34185703.pdf,moj-judgments-1434-volume-11.pdf,664f06d81539e5eab63ca5c678ac288114f094a0cc7f8b44c91d08c7d1a516f9,5,8,4,ede75e51b28d0a436dd178de2a0872ffdc4597cfd6f9d628d5b4962265fdce67,493688,زوجية -مطالبة بصداق مؤخر -الدفع بسداد املؤخر وتسليمه لوالد املدعية -إنكار املدعية وحلفها مين النفي -األصل بقاء احلق يف الذمة -احلكم على املدعى عليه بدفع مؤخر الصداق.,34185703,,20177,1434/4/13,1434/5/12ه شرح ا على خطاب رئيس محكمة االستئناف برقم,يف 1434/6/17ه وبرفقه قرار الدائرة املختصة يف 1434/6/4ه,71f312c0ae62ddbd91859598d5696a9c5bb6d3a15f57b1f63490eb5dd21cb069,metadata_complete_auto_extracted
collector-1434-v11-p9-33482191,extracted/collector-judgments-pdf/collector-1434-v11-p9-33482191.pdf,moj-judgments-1434-volume-11.pdf,664f06d81539e5eab63ca5c678ac288114f094a0cc7f8b44c91d08c7d1a516f9,9,14,6,81b12daecfcf66e2a781d23f6ec44e0647ed3c39d6be3c410999d2bbe5c502a1,499450,زوجية -مطالبة بصداق مؤخر وتكاليف احلفل -اإلقرار بصحة الدعوى ما عدا دفع جزء من املهر -عدم توافر بينه ما دفع به - الطاق قبل الدخول بإقرار املتداعين -احلكم بإلزام املدعى عليه بدفع نصف املهر وتكاليف احلفل.,33482191,,32348043,1434/12/29,اعترض املدعى عليه ،صدق احلكم من محكمة االستئناف .,,306f2b0c11ee4482fef489513ba939106198f9e890120be6af7498ddeafcb31b,metadata_complete_auto_extracted
collector-1434-v11-p15-3411279,extracted/collector-judgments-pdf/collector-1434-v11-p15-3411279.pdf,moj-judgments-1434-volume-11.pdf,664f06d81539e5eab63ca5c678ac288114f094a0cc7f8b44c91d08c7d1a516f9,15,23,9,abd934287137d7877f53c58f90593a0ce8940864bace5580ce2a97817e82133b,498249,زوجية -صداق مؤخر -مطالبة أرملة مبؤخر صداقها من ورثة زوجها -إنكار العلم من املدعى عليهم -البينة على زيادة الصداق املؤخر :وثيقة رسمية بالزيادة وشهادة الشاهد على الوثيقة -مين املدعية -موافقة املدعى عليهم مبا تطالب به -احلكم بإلزامهم مببلغ الصداق املؤخر من تركه املتوفى -رفع احلكم حملكمة االستئناف لوجود قصر ضمن املدعى عليهم .,3411279,,32394902,1434/1/13,محكمة االستئناف ففهما ذلك وباهلل التوفيق ،وصلى اهلل على,,5df7a11dca9474ec2951ade05ab48e77f1f10fbe7b6b1f983d1c05723886dfaf,metadata_complete_auto_extracted
collector-1434-v11-p24-3334696,extracted/collector-judgments-pdf/collector-1434-v11-p24-3334696.pdf,moj-judgments-1434-volume-11.pdf,664f06d81539e5eab63ca5c678ac288114f094a0cc7f8b44c91d08c7d1a516f9,24,31,8,43caa8d2037f9acb6f4274b01bcfb8c01cfe6846ec2d602d61c98bc12291c5f2,498163,زوجية -مطالبة بتسليم مهر -سماع الدعوى غيابي ا لتعذر تبليغ املدعى عليه -بينة املدعية اليمن -احلكم غيابي ا بدفع مبلغ املهر -قدم املدعى عليه اعتراض ا على احلكم -الدفع بشكلية كتابة املهر بعقد الزواج -حلف مين املدعية بصحة كتابة املهر -تأكيد احلكم بإلزام املدعي عليه بتسليم املهر للمدعية.,3334696,,32455761,1433/1/18,محكمة االستئناف لدراسة احلكم وتدقيقه حسب املتبع وباهلل,عليه من محكمة االستئناف الدائرة الثالثة لألحوال الشخصية,2577723ace27ef56562432a8333a4dc79fee8361ad6b57e88677b6a9d9ee65a2,metadata_complete_auto_extracted
collector-1434-v11-p32-34259071,extracted/collector-judgments-pdf/collector-1434-v11-p32-34259071.pdf,moj-judgments-1434-volume-11.pdf,664f06d81539e5eab63ca5c678ac288114f094a0cc7f8b44c91d08c7d1a516f9,32,43,12,5dc65066113f74ff9dee2e073ceda22443d67945fa25a0f2c39d385518490515,506932,زوجية -صداق -لزوم الهبة املقبوضة -عدم العمل بالعرف والعادة إذا خالف الشرع -بينة غير موصلة -حكم برد دعوى لعدم ثبوتها -حكم برد دعوى ملخالفتها أحكام الشريعة.,34259071,,33206618,1434/7/4,يف اجلزء اآلخر ،صدر قرار محكمة االستئناف باملصادقة على,نحن قضاة الدائرة الثانية لألحوال الشخصية واألوقاف والوصايا,16fdc15e96a1c62c9250b43ab0c4b4d9e0b6e4145331e374761ae0988abfdcf0,metadata_complete_auto_extracted
collector-1434-v11-p44-33468935,extracted/collector-judgments-pdf/collector-1434-v11-p44-33468935.pdf,moj-judgments-1434-volume-11.pdf,664f06d81539e5eab63ca5c678ac288114f094a0cc7f8b44c91d08c7d1a516f9,44,47,4,33f50dd197b4ab9c890f48f25f006bdcfc178d32c5e02c055acfc2ca86b22780,484850,مطالبة برد ذهب أخذه الزوج -انكار الدعوى -عدم وجود البينة من املدعية -البينة على املدعي واليمن على من أنكر -رفض املدعية مين املدعى عليه -احلكم برد دعوى املدعية.,33468935,,32421469,1433/11/29,بتعليمات االستئناف ،صدق احلكم من محكمة االستئناف .,االستئناف بالدائرة احلقوقية اخلامسة يف محكمة االستئناف,5c451f04f79fdaa69dabaa2505509d4e58d64a1bc15f73f9a9f66c2d390df0fa,metadata_complete_auto_extracted
collector-1434-v11-p48-3436764,extracted/collector-judgments-pdf/collector-1434-v11-p48-3436764.pdf,moj-judgments-1434-volume-11.pdf,664f06d81539e5eab63ca5c678ac288114f094a0cc7f8b44c91d08c7d1a516f9,48,58,11,fef39f78dd0d026b4efb5a82f5c728a4dfeb4682d9ed283c9c98df29a2bfd6be,518559,زوجية -إعادة املهر مقابل الطاق -قيام والد الزوجة بتسليم زوج ابنته قيمة املهر مقابل الطاق -إقرار املدعى عليه (الزوج) باستالم املهر من والد زوجته هبة -ثبوت وقوع الطاق بدون عوض قبل قبض املهر -مطالبة والد الزوجة إعادة قيمة املهر -مصادقة املدعى عليه على حدوث الطاق بغير عوض -إلزام املدعى عليه بإعادة املبلغ للمدعي .,3436764,,33583387,1434/2/13,عادت إلينا املعاملة من محكمة االستئناف بالقصيم وبرفقها,احلمد هلل وحده وبعد ...فقد اطلعنا نحن قضاة الدائرة املختصة,3f79390520ed9d52850ad66f5f71d346f02051b344943b1eb32c79915e4b03bf,metadata_complete_auto_extracted
collector-1434-v11-p59-34201385,extracted/collector-judgments-pdf/collector-1434-v11-p59-34201385.pdf,moj-judgments-1434-volume-11.pdf,664f06d81539e5eab63ca5c678ac288114f094a0cc7f8b44c91d08c7d1a516f9,59,64,6,3b259e034c53bc49cdf46938822c2eea8a406b9faa1bc909be3dd4de4ec8351f,504167,زوجية -مطالبة زوج إمتام النكاح أو رد املهر والشبكة -صادق املدعى عليه وقرر أن الزوجة رفضت إمتام النكاح لغير سبب ظاهر -قصر الطلبات على رد املهر والشبكة واملبالغ التي سلمها املدعى -ال ضرر وال ضرار -احلكم بإلزام املدعى عليها إرجاع املبالغ املدعى بها - إفهام املدعى بعدم استالم املبلغ إال عند املخالعة.,34201385,,33659139,1434/4/29,محكمة االستئناف مبنطقة عسير برقم 341142868وتاريخ,1434/07/04ه مشفوع ا بها قرار أصحاب الفضيلة قضاة الدائرة,ee6ea90ee23e7c9f3e21fe52bec085c4f2feeaf8d91566febb3d2511d35fde04,metadata_complete_auto_extracted
collector-1434-v11-p65-34311727,extracted/collector-judgments-pdf/collector-1434-v11-p65-34311727.pdf,moj-judgments-1434-volume-11.pdf,664f06d81539e5eab63ca5c678ac288114f094a0cc7f8b44c91d08c7d1a516f9,65,72,8,d6d9bbc9d23f3b5d1d4776ea8a3127816f8b4491ea7b8c196bdaafceb95c41dd,1254688,صداق -مطالبة مطلقة بالصداق املؤخر -عدم السداد والدفع أن الطاق سببه الزوجة -السند الشرعي للحكم (عقد النكاح -صك الطاق ومصادقة املدعى عليه على املؤخر وعدم دفعه) -احلكم بإلزام املدعى عليه بدفع املؤخر .,34311727,,34186643,1434/9/3,اجللسة ،هذا و قد وردتنا املعاملة من رئيس محكمة االستئناف,احلمد هلل وحده وبعد فقد اطلعنا نحن قضاة الدائرة الثانية املختصة,874ede21773b5cc4692b457ee842f959a551544837e18ecdc6708d0c9c370eaf,metadata_complete_auto_extracted
collector-1434-v11-p73-33359281,extracted/collector-judgments-pdf/collector-1434-v11-p73-33359281.pdf,moj-judgments-1434-volume-11.pdf,664f06d81539e5eab63ca5c678ac288114f094a0cc7f8b44c91d08c7d1a516f9,73,79,7,2bae19b840980b7617511a03845df422851e075f10e74cbb1419df3aef6490e3,494708,عضل -والية -مطالب أم بإثبات عضل األب لبنته ونقل الوالية إلى األخوة -أنكر املدعى عليه العضل -لم تثبت املدعية ما تدعيه من العضل -ألن األصل براءة الذمة والبينة على املدعي أخلت احملكمة سبيل املدعى عليه -أفهمت احملكمة املدعية أنه متى تقدم الكفء للنكاح ورفضه املدعى عليه فلها التقدم بدعوى العضل.,33359281,,3348517,1433/7/28,مخابرة مع محكمة االستئناف أفهمت احملكمة املدعية أنه متى,بها قرار الدائرة األولى لألحوال الشخصية واألوقاف والوصايا,9943247d8506a1216186933f0a8bad393111b6512e7aeaf54564e707c46ed82a,metadata_complete_auto_extracted
collector-1434-v11-p80-34179396,extracted/collector-judgments-pdf/collector-1434-v11-p80-34179396.pdf,moj-judgments-1434-volume-11.pdf,664f06d81539e5eab63ca5c678ac288114f094a0cc7f8b44c91d08c7d1a516f9,80,84,5,c67d68a5b9d3dab2a2a1cc17590b8cc52c774689b86a0e1f90ec0ae991718413,498815,عضل -والية -رفع والية األب لتغيبه وجلعها لأخ الشقيق - تغيب األب شهادة الشهود العدول -الضرر يزال -رفع,34179396,,3424479,1434/4/6,محكمة االستئناف مبكة املكرمة املكلف رقم 34118545يف,1434/6/4ه املتضمن أنه جرى تدقيق احلكم من الدائرة الثانية,473fa6cd6f34ef6faf98c626a1fb1816cc2d43608e12976ebedb610a61f6f415,metadata_complete_auto_extracted
collector-1434-v11-p85-34277095,extracted/collector-judgments-pdf/collector-1434-v11-p85-34277095.pdf,moj-judgments-1434-volume-11.pdf,664f06d81539e5eab63ca5c678ac288114f094a0cc7f8b44c91d08c7d1a516f9,85,91,7,cb2b273031f4b7da16b10d3ff2dd16a515f3e2db4ef0af38c70b7b854a398f69,491975,عضل -والية -مطالبة األخ عن اخواته برفع والية والده للعضل والغيبة والضرر -تعذر تبليغ املدعى عليه بالدعوى وباحلكم - قيام البينة على الدعوى بالشاهدين املعدلن -احلكم برفع والية األب الغائب وجعلها لأخ الشقيق -رفع احلكم حملكمة االستئناف لتعذر تبليغ املدعى عليه باحلكم .,34277095,,3459246,1434/3/15,يف محكمة االستئناف جرى منا االطاع على املعاملة الواردة إلينا,احلمد هلل والصاة والسام على رسول اهلل وبعد نحن قضاة الدائرة,e48b7811f529594602922957e4a6a78d31ca769d5f472bd76fbdf88e04542e2f,metadata_complete_auto_extracted
collector-1434-v11-p92-33366895,extracted/collector-judgments-pdf/collector-1434-v11-p92-33366895.pdf,moj-judgments-1434-volume-11.pdf,664f06d81539e5eab63ca5c678ac288114f094a0cc7f8b44c91d08c7d1a516f9,92,99,8,0776dcc58f3b71b2ba7070c6f963b0f01955271b4c07477d5f5dc4a61b86ae2d,499307,عضل -والية -طلب نقل والية -أخ منع أخواته من الزواج -عدم حضور املدعى عليه إلى احملكمة -قطع اللدد واملماطلة ورفع الضرر من فقه املرافعات -البينة بشهادة الشهود العدول -عضل املدعى عليه ألخواته من النكاح -انتقال والية النكاح إلى احلاكم الشرعي إذا ثبت عضل الولي -احلكم بثبوت عضل الولي للمدعتني ونقل الوالية للحاكم الشرعي -رفع احلكم حملكمة االستئناف لتعذر تبليغ املدعى عليه .,33366895,,32541131,1434/8/5,من محكمة االستئناف .,,62d3b6581aa80c9d3be6029a47bcda80e3a968c5f7300e606a4c201950dce4c4,metadata_complete_auto_extracted
collector-1434-v11-p100-3462992,extracted/collector-judgments-pdf/collector-1434-v11-p100-3462992.pdf,moj-judgments-1434-volume-11.pdf,664f06d81539e5eab63ca5c678ac288114f094a0cc7f8b44c91d08c7d1a516f9,100,113,14,e776e49cce106482676660bb71d8cdbda2905968f04c41d06f059587f73bce02,519535,عضل -والية -مطالبة بنتن بإثبات عضل والدهما ورفع واليته عنهما وجعلها ألخيهما أنكر املدعى عليه العضل وقرر موافقته على التزويج ثم ماطل واشترط شروطا -طالبت أم املدعيتن برفع والية األب عن بقية بناتها -شهادة الشاهدين بعضل املدعى عليه وإفادات اخلطاب -احلكم بثبوت عضل األب ورفع واليته وجعلها,3462992,,33564272,1434/3/15,من محكمة االستئناف وبرفقها القرار املدون على ظهر الصك,الدائرة ختمه وتوقيعه) وباهلل التوفيق ،وصلى اهلل على نبينا محمد,fa02252a11c25610ae9d6d3d46a2df1f84001eddedb619d7d81dad7dec78f549,metadata_complete_auto_extracted
collector-1434-v11-p114-34282151,extracted/collector-judgments-pdf/collector-1434-v11-p114-34282151.pdf,moj-judgments-1434-volume-11.pdf,664f06d81539e5eab63ca5c678ac288114f094a0cc7f8b44c91d08c7d1a516f9,114,124,11,b156e9908577c95204244d8e34d52fb00490a0ea0c1a18d3fabaac3122187284,1271407,عضل -والية -مطالبة بنت بإلزام والدها بتزويجها أو احلكم بعضله وجعل واليتها للحاكم الشرعي -املدعية تقيم يف دار الرعاية االجتماعية لتعرضها للعنف األسري -أنكر املدعى عليه العضل وطلب السؤال عن اخلاطب -ماطل املدعى عليه وقدح بأن اخلاطب أجنبي -البينة بشهادة الشهود بصالحية وكفء اخلاطب -ثبت لدى احملكمة صالحية اخلاطب ورفعا للضرر عن املدعية وخوفا من تنازع األولياء رفعت احملكمة والية األب وجعلتها,34282151,,34260520,1434/7/29,مخابرة مع محكمة االستئناف لطلب البينة على أن اخلاطب كفء,قرار الدائرة األولى لألحوال الشخصية يف 1434/11/24ه املتضمن,83407b82dbe7cb5d223fdf725ad0d8a437b9ffbbedab8878b520500de5d9f044,metadata_complete_auto_extracted
collector-1434-v11-p125-3432937,extracted/collector-judgments-pdf/collector-1434-v11-p125-3432937.pdf,moj-judgments-1434-volume-11.pdf,664f06d81539e5eab63ca5c678ac288114f094a0cc7f8b44c91d08c7d1a516f9,125,132,8,a7165aa9666ce97b2f155e8c69c389bc341aff3ae5d506bafe4ed040b78c5a08,546959,املد عى علي ه باختال ئه ات نس ب -طل ب إثبات نس ب بن ت -إق,3432937,,32255222,1434/2/9,املعاملة من محكمة االستئناف وبرفقها القرار رقم 34201156,الدائرة ...ختم وتوقيع عليه ،فقد أمرت بإثباته على ضبطه وسجله,66551720f51ad7243b7af9f412cd77359c7b7bfda07049151d9f0ad400a519c8,metadata_complete_auto_extracted
collector-1434-v11-p133-34234804,extracted/collector-judgments-pdf/collector-1434-v11-p133-34234804.pdf,moj-judgments-1434-volume-11.pdf,664f06d81539e5eab63ca5c678ac288114f094a0cc7f8b44c91d08c7d1a516f9,133,142,10,f0c6f0233a91a2dbe16356e9f71974e4faf673be13aadb6d332b9a62c8e0c9c6,1238952,والئدهن ث م يعزلو نهن -ال تأتي ني وليد ة يعت ر ف س,34234804,,32593184,1434/6/7,محكمة االستئناف مبكة املكرمة الدائرة األولى لألحوال,محكمة االستئناف مبكة املكرمة الدائرة األولى لألحوال,a9544e71bf89e0c3fccd010528a208d3261a3093d75cac3ef24219a7fc78cfcf,metadata_complete_auto_extracted
collector-1434-v11-p159-34205082,extracted/collector-judgments-pdf/collector-1434-v11-p159-34205082.pdf,moj-judgments-1434-volume-11.pdf,664f06d81539e5eab63ca5c678ac288114f094a0cc7f8b44c91d08c7d1a516f9,159,169,11,008cb48d89a9bee0f67d0b20f7ec693cee7a2bab675e3957f9c13f453a236fb4,509051,حضانة -طلب حضانة أوالد -عدم زواج األم وزواج األب -تخيير األوالد بعد سن السابعة بن والديهم ذكور ا أو إناث ا ما لم يكونوا معتوهن -احلضانة حق متجدد -احلكم باحلضانة ملن يختاره الولد -حضانة الصغير دون السابعة ألمه .,34205082,,3356681,1434/5/4,على احلكم بالئحة ،صدق احلكم من محكمة االستئناف .,,4b394516cb4c0510b2e50d11b14f90ddf98251b8f9154e623bf8987f3749d091,metadata_complete_auto_extracted
collector-1434-v11-p170-34172423,extracted/collector-judgments-pdf/collector-1434-v11-p170-34172423.pdf,moj-judgments-1434-volume-11.pdf,664f06d81539e5eab63ca5c678ac288114f094a0cc7f8b44c91d08c7d1a516f9,170,179,10,623d198af537c96f1421fa6ad0f7d001af85d5efa49cbb1f849affd377a178fb,515096,حضانة -طلب حضانة أوالد -عدم زواج األم -تخيير األوالد بن والديهم ذكور ا و إناث ا -اختيار األوالد لوالدتهم -احلضانة حق للمحضون -احلكم بحضانة األم ألوالدها -حضانة من جتاوز,34172423,,3417964,1434/3/25,احلكم بالئحة اعتراضية ،صدق احلكم من محكمة االستئناف.,ما نصه ( تظهيرات الدائرة الثانية لألحوال الشخصة واإلنهاءات,ad3769e2fd1499312660171f672a23c9bfba8876d315177f5547fca799405128,metadata_complete_auto_extracted
collector-1434-v11-p180-34209331,extracted/collector-judgments-pdf/collector-1434-v11-p180-34209331.pdf,moj-judgments-1434-volume-11.pdf,664f06d81539e5eab63ca5c678ac288114f094a0cc7f8b44c91d08c7d1a516f9,180,184,5,bd098a756034423e9f80c83ef9191ba493218da7c7d265c54b563a68e3747f10,495824,حضانة -طلب حضانة ابن -تخيير االبن البالغ من العمر سبع سنوات بن والده ووالدته -اختيار االبن لوالده -احلكم بحضانة,34209331,,3423188,1434/5/8,احلكم من محكمة االستئناف.,مبا نصه ( تظهيرات الدائرة الثانية لألحوال الشخصية واالنهاءات,f18c46a2e58e7d1f85cc73386d85b1b949b2d2ff74d83a591e83e6a082c8deea,metadata_complete_auto_extracted
collector-1434-v11-p185-34258488,extracted/collector-judgments-pdf/collector-1434-v11-p185-34258488.pdf,moj-judgments-1434-volume-11.pdf,664f06d81539e5eab63ca5c678ac288114f094a0cc7f8b44c91d08c7d1a516f9,185,190,6,71b622f5d2fd3210294ee7ccd52145467562f46981546ca62aaa9f063564eb56,496233,حضانة -مطالبة أب ملطلقته بحضانة ابنته التي جتاوزت سبع سنوات -رفض املدعى عليها طلب املدعي لصغر سن احملضونة وحلاجتها إلى من يقوم على رعايتها وألن األم األحق باحلضانة ما لم تتزوج -خير القاضي البنت بن والديها فاختارت أمها -احلكم بحضانة البنت للمدعى عليها.,34258488,,3426001,1434/7/3,املعاملة من محكمة االستئناف بعسير وعليها قرار دائرة األحوال,احلمد هلل وحده وبعد فقد اطلعنا نحن قضاة الدائرة املختصة بتدقيق,8fd4d8513f6fbd679a6cfcfb1a1a89edf163738608517dc405969cebff0461a5,metadata_complete_auto_extracted
collector-1434-v11-p191-34302025,extracted/collector-judgments-pdf/collector-1434-v11-p191-34302025.pdf,moj-judgments-1434-volume-11.pdf,664f06d81539e5eab63ca5c678ac288114f094a0cc7f8b44c91d08c7d1a516f9,191,195,5,19ef8511a04df4387cbbf6b635ce1116e134f40d9e474246f222d80a0eee5dbb,489283,حضانة -طلب حضانة بنت جتاوزت السابعة -عدم موافقة األم على حضانة األب -األم أحق باحلضانة حالة عدم زواجها وكون الرجل متزوج من عدة نساء -احلكم بحضانة األم البنتها -طلب احلضانة ملساومة األم على التنازل عن النفقة .,34302025,,3427056,1434/8/22,احلكم من محكمة االستئناف .,جرى منا نحن قضاة الدائرة الثالثة لألحوال الشخصية واألوقاف,f754bdb681c7a4fdd4953568e0a4b87cfc5a78376e7115f4c319fe9a81f858b1,metadata_complete_auto_extracted
collector-1434-v11-p196-34249215,extracted/collector-judgments-pdf/collector-1434-v11-p196-34249215.pdf,moj-judgments-1434-volume-11.pdf,664f06d81539e5eab63ca5c678ac288114f094a0cc7f8b44c91d08c7d1a516f9,196,202,7,4d38f6c47afe92cfb2d8ce05d55752747555e7cdeeb24e241d583d0916c4e521,494866,حضانة -طلب حضانة أوالد -األم غير متزوجة -األم أحق باحلضانة -احلكم بصرف النظر عن طلب األب احلضانة -احلكم باحلضانة لأم -حضانة ابن جتاوز السابعة -حضانة بنت جتاوزت,34249215,,3430357,1434/6/24,باحلكم ،صدق احلكم من محكمة االستئناف.,1434/7/22ه وقد جرى تدقيق احلكم وتصديقه من قبل الدائرة,814b6c2f5d48d56c853fc84eea6d81efabb85e16a546c5c10d4e4ab0793229cb,reference_collision_pending_review
collector-1434-v11-p203-34354960,extracted/collector-judgments-pdf/collector-1434-v11-p203-34354960.pdf,moj-judgments-1434-volume-11.pdf,664f06d81539e5eab63ca5c678ac288114f094a0cc7f8b44c91d08c7d1a516f9,203,207,5,3a24cc668c7096a4e39f6a3e8b45a7329b0f69b27a59d3e96a64c37e15fc7160,484907,حضانة -طلب حضانة بنات -تغيب املدعى عليه وسفره خارج الباد -األم غالب ا محل األمان والرعاية والتربية -ثبوت غياب املدعى عليه بشهادة الشهود واجلهات الرسمية -الزوجية غير قائمة -احلكم بحضانة البنات ألمهن.,34354960,,3433849,1434/11/9,حسب التعليمات ،صدق احلكم من محكمة االستئناف .,نحن قضاة الدائرة األولى لألحوال الشخصية واألوقاف والوصايا,424521fce3790fd93a8015b917255e3f7aeb6b5caa3646a677ef4e3e27c45874,metadata_complete_auto_extracted
collector-1434-v11-p208-34271962,extracted/collector-judgments-pdf/collector-1434-v11-p208-34271962.pdf,moj-judgments-1434-volume-11.pdf,664f06d81539e5eab63ca5c678ac288114f094a0cc7f8b44c91d08c7d1a516f9,208,212,5,c1313d4de6a881f423be53a77c052af7593a441239802a38d6eb994782e73f9c,489450,حضانة -طلب اجلد حضانة أوالد ابنه -زواج املرأة -موافقة زوجها على حضانتها ألوالدها من الزوج السابق -النظر يف احلضانة ملصلحة احملضون -صرف النظر عن طلب اجلد حضانة أوالد ابنه.,34271962,,3441277,1434/7/18,محكمة االستئناف.,جرى منا نحن قضاة الدائرة الثالثة لألحوال الشخصية واألوقاف,d99d4510d1099f98b7a7baf0893fba69d1d0af32128735c066295fa4d96e3db6,metadata_complete_auto_extracted
collector-1434-v11-p213-3449875,extracted/collector-judgments-pdf/collector-1434-v11-p213-3449875.pdf,moj-judgments-1434-volume-11.pdf,664f06d81539e5eab63ca5c678ac288114f094a0cc7f8b44c91d08c7d1a516f9,213,216,4,5faf43b1cf095a4eab2e577b85e23d7098da4f6c26edb5ee277cfcccaa2078bd,492532,حضانة -طلب األم حضانة األوالد مع بقاء عقد الزوجية -وجود األوالد مع األب -األم أحق باحلضانة ما لم تنكح -األم أشفق على أوالدها -أحقية األم باحلضانة واإللزام بالتسليم -احلكم بالنفاذ املعجل يف احلضانة .,3449875,,14695,1434/2/27,احلكم بالئحة اعتراضية ،صدق احلكم من محكمة االستئناف.,الدائرة ختمه وتوقيعه) وباهلل التوفيق وصلى اهلل وسلم على نبينا,8cf5229d997caad5ece6712f5bbbdb66ec9e8a13fb50352154ddb115a7e349a2,metadata_complete_auto_extracted
collector-1434-v11-p217-3455782,extracted/collector-judgments-pdf/collector-1434-v11-p217-3455782.pdf,moj-judgments-1434-volume-11.pdf,664f06d81539e5eab63ca5c678ac288114f094a0cc7f8b44c91d08c7d1a516f9,217,222,6,31c37248f302242c3307f666291d4963aeed978a3e08f2088a035d2de22cb13c,499541,حضانة -طلب حضانة أوالد -طلب تسليم شهادة مياد وأوراق ثبوتية -األم أحق باحلضانة ما لم تتزوج -عدم حضور املدعى عليه مع تبلغه باملوعد -احلكم لأم بحضانة األوالد دون البلوغ -رد الدعوى بخصوص حضانة األوالد البالغن -اإللزام بتسليم شهادة املياد واألوراق الثبوتية -املطالبة بحضانة البالغ -املطالبة بحضانة من هو دون البلوغ.,3455782,,3332588,1434/3/4,احلكم من محكمة االستئناف .,جرى منا نحن قضاة الدائرة الثالثة لألحوال الشخصية واألوقاف,33543607f45ea6fef57b235ec4eb2fc1a5c0eff712c48d7c5a397021801a5fd5,metadata_complete_auto_extracted
collector-1434-v11-p223-34228116,extracted/collector-judgments-pdf/collector-1434-v11-p223-34228116.pdf,moj-judgments-1434-volume-11.pdf,664f06d81539e5eab63ca5c678ac288114f094a0cc7f8b44c91d08c7d1a516f9,223,226,4,fe679c510c180d83b870f98f678475f37a70c82e03631097ba77ec61b60d91e7,493383,حضانة -حضانة من دون السابعة -طلب األم حضانة األوالد - األم أحق باحلضانة ما لم تنكح -احلكم بأحقية األم باحلضانة -احلكم بحضانة ابن عمره سبع سنوات لوالدته من دون تخيير بن األب و األم لصالحية األم خالف ا لقاعدة التخيير .,34228116,,3464499,1434/6/3,احلكم من محكمة االستئناف .,تقرر الدائرة املصادقة على احلكم .وعليه فجرى التهميش مبوجبه,448736db51fb39663cc9d18793a5507a66b4f1b47c12aa6caaf4a772327bd9b0,metadata_complete_auto_extracted
collector-1434-v11-p227-33417800,extracted/collector-judgments-pdf/collector-1434-v11-p227-33417800.pdf,moj-judgments-1434-volume-11.pdf,664f06d81539e5eab63ca5c678ac288114f094a0cc7f8b44c91d08c7d1a516f9,227,240,14,ed07d50a96d8d149062ddac90363b82ebe6f3433b4183c70d19958ec96abca1c,523675,حضانة -األم أحق بحضانة األوالد ما لم تتزوج -تقدير األحق باحلضانة وحتديد مدة الزيارة عن طريق قسم اخلبراء -النظر يف طلب عارض بالزيارة والبت فيه -رد الدعوى واحلكم لألم باحلضانة وإلزامها بتمكن املدعى لزيارة ابنتيه املذكورتن .,33417800,,32379563,1433/9/23,محكمة االستئناف بالقصيم برقم ( )3480724يف 1434/1/21ه,احلكم رقم 6/47يف 1431/11/8ه والذي نقض من الدائرة,330cd688b2c4dcf9fc1f2a13ba6bfbf399f416696eceba8ced246d6159af30c9,metadata_complete_auto_extracted
collector-1434-v11-p241-33430026,extracted/collector-judgments-pdf/collector-1434-v11-p241-33430026.pdf,moj-judgments-1434-volume-11.pdf,664f06d81539e5eab63ca5c678ac288114f094a0cc7f8b44c91d08c7d1a516f9,241,246,6,c107ccb73f1e9b82b112858e9f8202760149e0f078aa10d8c772721150ce8993,507539,حضانة -طلب اجلدة حضانة بنت ابنتها -إثبات التقرير النفسي رغبة البنت أن تكون عند جدتها ألمها -عماد احلضانة األصلح للمحضون -األحق باحلضانة األم ثم أمهاتها -احلكم بأن اجلدة ألم هي األولى بحضانة بنت ابنتها -األخذ بقول األخصائي النفسي و االجتماعي يف األحق باحلضانة -للقاضي األخذ برأي أهل اخلبرة أو رفضه .,33430026,,3369325,1433/10/17,بالئحة،صدق احلكم من محكمة االستئناف .,احلمد هلل وحده وبعد ..فقد اطلعنا نحن قضاة الدائرة األولى,0a04512b38f4eaa6f646480b84728fb55a850245a8e3dceea070b7d0299a3efe,metadata_complete_auto_extracted
collector-1434-v11-p247-33452402,extracted/collector-judgments-pdf/collector-1434-v11-p247-33452402.pdf,moj-judgments-1434-volume-11.pdf,664f06d81539e5eab63ca5c678ac288114f094a0cc7f8b44c91d08c7d1a516f9,247,259,13,940db9105e3558b94766aa9c86a2f48dad72db75a298d6ae9ad14e85ff33c148,512298,حضانة -طلب حضانة أوالد -اختاف مكان إقامة الوالدين - تصح دعوى احلضانة حتى ولو لم يكن هناك طاق -األم أحق بحضانة أوالدها -األصلح بقاء األطفال عند والدتهم -تخيير األوالد بن والدتهم ووالدهم واختيارهم والدتهم -احلكم بحضانة األم ألوالدها -حضانة ابن جتاوز السابعة -حضانة بنت جتاوزت,33452402,,3388604,1433/11/3,احلكم بالئحة اعتراضية ،صدق احلكم من محكمة االستئناف .,ختمه وتوقيعه رئيس الدائرة د ... /ختمه وتوقيعه ) .وباهلل التوفيق,85042b81388f98f0e8945bfed4563556ae91d2e1db8c377b12eb6e131ea02a5a,metadata_complete_auto_extracted
collector-1434-v11-p260-33480028,extracted/collector-judgments-pdf/collector-1434-v11-p260-33480028.pdf,moj-judgments-1434-volume-11.pdf,664f06d81539e5eab63ca5c678ac288114f094a0cc7f8b44c91d08c7d1a516f9,260,266,7,ab041c823db4548ad1bd02edb37b6501b980a28c7c7fb1bf832df02b732ba0e7,503449,حضانه -مطالبه مبستندات تخص احملضون (جواز سفر وشهادة مياد) -سفر احلاضنة باحملضون لغرض مؤقت ال يؤثر على حقها,33480028,,33465084,1433/12/27,املصدق من محكمة االستئناف مبكة املكرمة بالقرار رقم,رقم 3428475يف 1434/3/2ه وبرفقه قرار الدائرة األولى لألحوال,cc1be3f9536f069908942cc5e8b1372c248233191a7648597b383e28eb7be6c3,metadata_complete_auto_extracted
collector-1434-v11-p267-34181979,extracted/collector-judgments-pdf/collector-1434-v11-p267-34181979.pdf,moj-judgments-1434-volume-11.pdf,664f06d81539e5eab63ca5c678ac288114f094a0cc7f8b44c91d08c7d1a516f9,267,273,7,70b1b8c87b8cf727892a1e0f290236dc8fa21d4eda7f82a3e73945e78a28bb64,498385,حضانة -وجود البنت مع األم -طلب األب حضانة البنت -زواج األم بعد طالقها من األب -عمل األب خارج مقر سكنه -األصلح للحضانة األم -سقوط احلضانة بالتزويج مراعاة حلق الزوج- احلكم بصرف النظر عن دعوى املدعي-احلكم باستحقاق األم حضانة بنت جتاوزت السابعة -احلكم لأم املتزوجة بحضانة ابنتها,34181979,,3475176,1434/4/8,عدم قناعته باحلكم ،صدق احلكم من محكمة االستئناف .,نحن قضاة الدائرة األولى لألحوال الشخصية واألوقاف والوصايا,c9c41cb8b5f242d6c94f6627649764bbf60d2517f6aae8ca1197dd1ff54c6468,metadata_complete_auto_extracted
collector-1434-v11-p274-34200998,extracted/collector-judgments-pdf/collector-1434-v11-p274-34200998.pdf,moj-judgments-1434-volume-11.pdf,664f06d81539e5eab63ca5c678ac288114f094a0cc7f8b44c91d08c7d1a516f9,274,280,7,c2fb7739228898346a9a2a67643a8798adf9592badaa76b5dae42efb6a7c5dbb,510460,حضانة -حضانة بنت كبيرة -انقياد -مطالبة األب (املدعى) ابنته البالغة (املدعى عليها) بتسليم نفسها له خوف ا عليها - التثبت من صلة القرابة -رفض املدعى عليها طلب املدعى بحجة أنه ال ينفق عليها وإن عليها ديون -سبق إعطاء األب مهلة للبنت إلنهاء كافة حقوقها قبل الدعوى مبدة كافية -املدعى عليها منفردة وغير متزوجة -الشريعة أمرت الولي بحفظ ورعاية أوالده -إلزام احملكمة املدعى عليها باالنقياد لوالدها.,34200998,,34185741,1434/4/29,وقد عادت إلينا املعاملة من محكمة االستئناف باملنطقة الشرقية,وتوقيع قاضي استئناف ( ).....ختم وتوقيع رئيس الدائرة ( ).....ختم,20b07c697639e4beb3e611bc97a20f6e8838dc3d8f86aa8e67653a0905412179,metadata_complete_auto_extracted
collector-1434-v11-p281-34193383,extracted/collector-judgments-pdf/collector-1434-v11-p281-34193383.pdf,moj-judgments-1434-volume-11.pdf,664f06d81539e5eab63ca5c678ac288114f094a0cc7f8b44c91d08c7d1a516f9,281,284,4,a8230ac67b990399be3ef7346ca7c788eab47c4196f9d4757f23617a32f716cd,490267,حضانة -حضانة ابن وبنت بالغن -وجود األوالد عند األم -طلب األب حضانة أوالده -األم أحق باحلضانة -البالغ ليس عليه حضانة- احلكم باستحقاق األم بحضانة البنت -اعتراض دون التقدمي يف,34193383,,3476583,1434/4/21,يف االعتراض -صدق احلكم من محكمة االستئناف.,........يف حضانة وقد ظهر على الصك من الدائرة الثانية لألحوال,4ff0746a99fb4f7bcd547c721f2c5ea0ea67c76293d256aac49615f4e25c4b37,metadata_complete_auto_extracted
collector-1434-v11-p285-34205797,extracted/collector-judgments-pdf/collector-1434-v11-p285-34205797.pdf,moj-judgments-1434-volume-11.pdf,664f06d81539e5eab63ca5c678ac288114f094a0cc7f8b44c91d08c7d1a516f9,285,292,8,0c5a8e350576c368d7b0122c749a9710f59f7230913ff3d4c7bcecd75a036092,514472,حضانة -طلب العمة حضانة أوالد أخيها -زواج األم وعملها - موافقة زوج األم على حضانة األم ألوالدها وحتريره يف عقد النكاح - ال تثبت احلضانة على البالغ -بلوغ االبن قبل سن اخلامسة عشرة بعالمات ظاهرة -األم املتزوجة أولى باحلضانة من العمة -احلكم برد دعوى املدعية.,34205797,,3430357,1434/5/5,صدق احلكم من محكمة االستئناف .,و ختمه وتوقيعه ورئيس الدائرة موقع يف األصل وموافق على احلكم,f6c2c4ecff4f6878168c199f69c02caa2133cf33e1c18e6479417ad026c39f10,reference_collision_pending_review
collector-1434-v11-p293-34253916,extracted/collector-judgments-pdf/collector-1434-v11-p293-34253916.pdf,moj-judgments-1434-volume-11.pdf,664f06d81539e5eab63ca5c678ac288114f094a0cc7f8b44c91d08c7d1a516f9,293,304,12,d921276e8f2078fc227b27389bb763810a258e6884cda72b046764c08b14ef4a,1264792,حضانة -حضانة بنات دون السابعة -طلب األم بثبوت احلضانة لها مع كون البنات عندها وحتت حضانتها -دفع األب بأن األم تنازلت عن احلضانة مقابل املخالعة فيعتبر جزء ا منه ويكون الزما كلزوم اخللع -دفع األب بعدم مناسبة بيت األم للحضانة -الكتابة لقسم اخلبراء لتقدير األصلح للحضانة -احلكم بحضانة األم للبنات ألنهن دون السابعة وملناسبة منزل األم لسكن البنات .,34253916,,32148391,1434/6/27,صدق احلكم من محكمة االستئناف.,1434/09/09ه واملصدقة من الدائرة الثانية لألحوال الشخصية,b133a8377ea217ed47de882bec4182e8372ac98494359bb15f353d5c4f42efb3,metadata_complete_auto_extracted
collector-1434-v11-p305-3413376,extracted/collector-judgments-pdf/collector-1434-v11-p305-3413376.pdf,moj-judgments-1434-volume-11.pdf,664f06d81539e5eab63ca5c678ac288114f094a0cc7f8b44c91d08c7d1a516f9,305,315,11,3b9a77ea48782dba2f8b3b4dce53a47b5c277d85da8915b2aa766d7a5b053b6c,503662,زيارة -املطالبة بزيارة أب البنته -حتديد الزيارة ووقتها عن طريق قسم اخلبراء -احلكم مبوجب تقدير قسم اخلبراء.,3413376,,49266,1434/1/17,املعاملة من محكمة االستئناف بكتابهم وتاريخ 1434/08/14ه,والالئحتن االعتراضيتن وأوراق املعاملة تقرر الدائرة املصادقة على,c0598efe2b32ef7b97a76db5c1437e3f28b8a71ef7219fdea39acfe7c7b7c5f7,metadata_complete_auto_extracted
collector-1434-v11-p316-3410413,extracted/collector-judgments-pdf/collector-1434-v11-p316-3410413.pdf,moj-judgments-1434-volume-11.pdf,664f06d81539e5eab63ca5c678ac288114f094a0cc7f8b44c91d08c7d1a516f9,316,328,13,423ebbd3a169dbf004c6a0a06b357d355db8f9c85d3e07aac72d8a00e739759f,813845,زيارة -املطالبة بزيارة أم البنتها وحتديد وقت لذلك -وافق املدعى عليه على الطلب واختلفا يف طريقة الزيارة -حتديد الزيارة ووقتها عن طريق قسم اخلبراء -احلكم مبوجب قرار اخلبراء- حكم الزيارة مشمول بالنفاذ املعجل .,3410413,,3267845,1434/1/12,,ضبطه والالئحة االعتراضية وأوراق املعاملة تقرر الدائرة املصادقة,d783c64ba4bbdbce5a320ed06fec1e38cd443024375cd0f8c9011eb473079628,metadata_incomplete_pending_review
collector-1434-v13-p5-33280585,extracted/collector-judgments-pdf/collector-1434-v13-p5-33280585.pdf,moj-judgments-1434-volume-13.pdf,a225aedc196e92dcc16ae4a11bc0525e678a2a2ff7abebea2ee6b07f9c96371f,5,19,15,542faebe50fa1b6f097f23b1d0f0d7642b9c87c20873138334bb9d20f1409d1e,530278,وإقامة حد الغيلة عليه -حيث تلقت الشرطة بالغا عن قيام املدعى عليه بطعن أحد الساكنني معه يف سكن العمال عدة طعنات تويف على إثرها يف املستشفى -وقد جرى استجواب بقية العمال فأفاد مجموعة منهم مبشاهدتهم له وهو يطعن املجني عليه ،قرر املدعى عليه يف بداية احملاكمة بأنه مريض ويعاني من ضعف يف الذاكرة وال يذكر ما حصل معه وتنتابه حاالت جنون وأن املجني,33280585,,4944,1433/6/3,فقال موافق عليه ،صدق احلكم من محكمة االستئناف.,التوقيع رئيس الدائرة ...........التوقيع وصلى اهلل على نبينا محمد,f2f40fce626297afa9bcfd4c2b39e2fe25c35de8c740492e39a36ff536d4de5f,metadata_complete_auto_extracted
collector-1434-v13-p20-32203464,extracted/collector-judgments-pdf/collector-1434-v13-p20-32203464.pdf,moj-judgments-1434-volume-13.pdf,a225aedc196e92dcc16ae4a11bc0525e678a2a2ff7abebea2ee6b07f9c96371f,20,33,14,0d4048f9e78bcdfd6fc59e948a263799d5e53ca5074c2b1c2dad670e18f910f5,511821,-املدعى عليه -خلاف بينهما وتهديده السابق ،أنكر املدعى عليه الدعوى ودفع بأنه كان حينها خارج مدينة الرياض ،بفحص الساح الذي ضبط مع املدعى عليه ومقارنته مع أظرف الطلقات الفارغة املرفوعة من موقع اجلرمية وقد ظهر بأن األظرف األربعة مطلقة من,32203464,,36881,1432/8/12,عادت القضية من محكمة االستئناف بأن رد دعوى املدعي اخلاص,اطلعنا نحن قضاة الدائرة اجلزائية الثالثة لتمييز القضايا اجلزائية,8daf46b2e8adabd541b638949c21630842c1b69a974d8e0ab38f5b87f1cdbb30,metadata_complete_auto_extracted
collector-1434-v13-p34-34296822,extracted/collector-judgments-pdf/collector-1434-v13-p34-34296822.pdf,moj-judgments-1434-volume-13.pdf,a225aedc196e92dcc16ae4a11bc0525e678a2a2ff7abebea2ee6b07f9c96371f,34,41,8,a6a6e73d2193d38f2bccc1b3d1ad192e3a3ca0c16b5b38cd4406ab246bdf5b02,495946,قتل -قتل خطأ -حيازة ساح بدون ترخيص -استخدام ساح ناري -إقرار املدعى عليه -تنازل عن حق خاص -األخذ بالقرائن لتحديد القصد اجلنائي -إدانة بالقتل اخلطأ -عدم تقيد احملكمة بالوصف الوارد يف الئحة الدعوى -تعزير بالسجن وأخذ التعهد وإفهام بكفارة القتل اخلطأ ما أشار له القاضي يف تسبيب احلكم.,34296822,,3246628,1434/8/14,صدق احلكم من محكمة االستئناف.,محكمة االستئناف مبكة املكرمة من الدائرة اجلزائية اخلامسة,9335705c3bdc4c6de32ea027c4d76adfe59b63d94d54b0cfe03e0e36e66b4254,metadata_complete_auto_extracted
collector-1434-v13-p42-34223913,extracted/collector-judgments-pdf/collector-1434-v13-p42-34223913.pdf,moj-judgments-1434-volume-13.pdf,a225aedc196e92dcc16ae4a11bc0525e678a2a2ff7abebea2ee6b07f9c96371f,42,57,16,42c97ad2131d2ec90f884cb19449e276f2c347acf40c8dd00eb3fe2c8aabd7ad,518559,قيام أخته -املدعى عليها -بضرب أخيه مما تسبب بجرح يف رأسه من جهة الصدغ وبعد مضي ما يقارب الثاث ساعات فارق احلياة وبناء على التقرير الطبي بأن سبب الوفاة يعود لتوقف مفاجئ يف الدورة الدموية قاموا بدفنه دون إباغ اجلهات األمنية ،تنازل ورثة املجني عليه عن املدعى عليها عدا املبلغ ،بعرض الدعوى على «وكيل املدعى عليها» أجاب مبذكرة جوابية خالصتها إنكاره,34223913,,3422571,1434/5/27,قضاة الدائرة اجلزائية الثانية يف محكمة االستئناف مبنطقة مكة,قضاة الدائرة اجلزائية الثانية يف محكمة االستئناف مبنطقة مكة,64d2af68e4604a26104a8e3b7e1442da0ec322e1bbdaedc6ae973a048080ecbb,metadata_complete_auto_extracted
collector-1434-v13-p58-3460109,extracted/collector-judgments-pdf/collector-1434-v13-p58-3460109.pdf,moj-judgments-1434-volume-13.pdf,a225aedc196e92dcc16ae4a11bc0525e678a2a2ff7abebea2ee6b07f9c96371f,58,68,11,4b84f3343d968900b130836b5c2664cb00e9b48bc76c981ff57d8ad09d78e11d,516209,-1األمر السامي رقم 10711يف 1393/5/2ه وقرار مجلس القضاء األعلى بهيئته الدائمة برقم 3/51يف 1409/3/6ه املؤيد باألمر السامي رقم /1197/4م يف 1409/6/2ه املبلغ بالتعميم /8ت 95/يف 1409/7/25ه بشأن تطبيق اإلرادة امللكية على قاتل العمد وشبه العمد إذا تنازل أولياء الدم عن القصاص (التصنيف املوضوعي,3460109,,3466575,1434/3/11,االعتراض بدون الئحة ،صدق احلكم من محكمة االستئناف.,,1203eea16187fb5f8f85e8ce1deab4790344d7943840cd330f0d55123229ad89,metadata_complete_auto_extracted
collector-1434-v13-p69-34204971,extracted/collector-judgments-pdf/collector-1434-v13-p69-34204971.pdf,moj-judgments-1434-volume-13.pdf,a225aedc196e92dcc16ae4a11bc0525e678a2a2ff7abebea2ee6b07f9c96371f,69,78,10,4ae682b612785c5dc1f6ea1ec64c6bbd3fa50d1fca3a9a2570b93e159133f927,510755,اعتداء -قتل -طعن بسكني -طلب إثبات صفة القتل وتطبيق اإلرادة امللكية -تعاطي احلبوب احملظورة «الكبتاجون» -حيازة حشيش -إقرار املدعى عليه -ثبوت إدانة -ثبوت صفة القتل العمد والعقوبة عائدة للجهة املختصة -تقرير قصاص األثر - تعزير مبصادرة السيارة املستخدمة يف اجلرمية .,34204971,,3494926,1434/5/4,.حرر يف 1434/5/4ه .ثم عادت املعاملة من محكمة االستئناف,,b156b8647cba40ba01729cddb0f15b2c6e27aa0776da31cc07239b0a23690f94,metadata_complete_auto_extracted
collector-1434-v13-p79-3312366,extracted/collector-judgments-pdf/collector-1434-v13-p79-3312366.pdf,moj-judgments-1434-volume-13.pdf,a225aedc196e92dcc16ae4a11bc0525e678a2a2ff7abebea2ee6b07f9c96371f,79,92,14,6cb27b4478d1ecef6da1ef5251c1c99b43fb2d613958d1fed94ef94aea038075,523020,قتل -القتل العمد وشبه العمد اخلطأ -قتل خطأ -حدث -إقرار املدعى عليه -تنازل عن احلق اخلاص -مشروعية االستئناس بالقرائن يف حتديد القصد اجلنائي -رد دعوى اإلدانة بالقتل اخلطأ -عدم صحة تنازل الولي عن حقوق القاصرين حتت واليته ما أشار له القاضي يف تسبيب احلكم.,3312366,,32507275,1433/1/8,من محكمة االستئناف مبلحوظتن األولى بأنه جرى ضبط تنازل,الدائرة اجلزائية الثانية رقم 33150802وتاريخ 1433/3/23ه,d8f1cd50789a23cbe7127d1df4d605bac5b4c694702c917741d27b504d4af7f7,metadata_complete_auto_extracted
collector-1434-v13-p93-33460348,extracted/collector-judgments-pdf/collector-1434-v13-p93-33460348.pdf,moj-judgments-1434-volume-13.pdf,a225aedc196e92dcc16ae4a11bc0525e678a2a2ff7abebea2ee6b07f9c96371f,93,107,15,0d8a35cc1964e2bc199b521dff811064aca51141bf9357b3f3540bbc901fe18d,518607,قتل عمد -إثبات صفة القتل العمد ،حد املسكر ،قيادة حتت تأثير املسكر ،إقرار ،تنازل عن حق خاص ،تقرير أدلة جنائية ، إدانة بالقتل العمد وانطباق موجب تطبيق اإلرادة امللكية على قاتل العمد مبعرفة اجلهة املختصة.,33460348,,33167151,1433/11/21,من محكمة االستئناف مبلحوظة بأن احلكم على املدعى عليه,وحده وبعد فقد اطلعنا نحن قضاة الدائرة اجلزائية األولى لتمييز,47820b216b27439db8291340a53b6549faa721e211766dbc69a9913ce9ade6bb,metadata_complete_auto_extracted
collector-1434-v13-p108-33463560,extracted/collector-judgments-pdf/collector-1434-v13-p108-33463560.pdf,moj-judgments-1434-volume-13.pdf,a225aedc196e92dcc16ae4a11bc0525e678a2a2ff7abebea2ee6b07f9c96371f,108,121,14,3f6ca7ee88a02167664c3e515b1ea6c140844e016b8980224c104f6ae9e85a7b,531562,قتل -قتل عمد باستخدام سكني -إقرار املدعى عليه -طلب أولياء الدم القصاص -ثبوت إدانة -عدم وجود سوابق -سقوط القود لوجود ولد منها -صرف النظر عن القصاص وإفهام األولياء بأن لهم املطالبة بالدية -النظر يف بشاعة اجلرمية يكون سبب ا للحكم بالقتل تعزير ا.,33463560,,33198415,1433/11/23,باحلكم -صدق احلكم من محكمة االستئناف -صدق احلكم,وسلم على نبينا محمد وعلى آله وصحبه أجمعن الدائرة اجلزائية,b80540dc61d20007f45c3a236aa498bb41dd5e2e12939fe434203ff4aa674b71,metadata_complete_auto_extracted
collector-1434-v13-p122-34214942,extracted/collector-judgments-pdf/collector-1434-v13-p122-34214942.pdf,moj-judgments-1434-volume-13.pdf,a225aedc196e92dcc16ae4a11bc0525e678a2a2ff7abebea2ee6b07f9c96371f,122,126,5,98ad53ede033244bdbc9455f62dac56fa4ee2078cbcdc21a9c5b81bf01577072,493312,قتل -احلق اخلاص -اختصاص -عدم املراجعة يف احلق اخلاص -تدافع اختصاص بن احملكمة العامة واجلزائية -إثبات صفة القتل قضية تعزيرية من اختصاص اجلزائية ما لم تدخل تبعا يف قضية من اختصاص احملكمة العامة -عدم اختصاص نوعي -صرف النظر عن دعوى املدعي العام لعدم االختصاص النوعي.,34214942,,33228116,1433/5/18,يف والية احملكمة العامة ،عليه فقد جرى بعث األوراق للمحكمة,نحن قضاة الدائرة اجلزائية السادسة مبحكمة االستئناف,f2f300f72bb8514db668b3fb0b8b38db7f1d98db63249256a93278d7dc01bde2,metadata_complete_auto_extracted
collector-1434-v13-p136-33306057,extracted/collector-judgments-pdf/collector-1434-v13-p136-33306057.pdf,moj-judgments-1434-volume-13.pdf,a225aedc196e92dcc16ae4a11bc0525e678a2a2ff7abebea2ee6b07f9c96371f,136,154,19,0cd40cd6cebfdb95422b08b80005f3808820adfe6e66edb9a0a6d1eebb76f1f2,541139,مطالبة بالقصاص يف حق خاص -إنكار املدعى عليه -قيام قرائن ال تكفي يف اإلدانة وال قيام موجب اللوث -تغليظ اليمن بتكرارها خمسون مرة -رفض املدعن اليمن -عدم وجود بينة موصلة للمدعين -عدم ثبوت إدانة املدعى عليه -رد الدعوى لعدم ثبوت إدانة املدعى عليه.,33306057,,33410367,1433/06/18,املدعى عليه القناعة ،طلبت محكمة االستئناف إعادة التحقيق,قرار الدائرة اخلماسية األولى برقم وتاريخ 1433/8/25ه ونص,f1a3245cec00314e76d4ec5d334485d605cf0fbd264526bd452863f13674126a,metadata_complete_auto_extracted
collector-1434-v13-p155-34186165,extracted/collector-judgments-pdf/collector-1434-v13-p155-34186165.pdf,moj-judgments-1434-volume-13.pdf,a225aedc196e92dcc16ae4a11bc0525e678a2a2ff7abebea2ee6b07f9c96371f,155,166,12,543dda1d15a2c3f9a945564f763c19e58c8993a7b14352defc691a1f3b0ce78d,520123,قتل خطأ -تعديل احملكمة للوصف اجلرمي -انتفاء نية القصد اجلنائي -تعزير قاتل اخلطأ -تنازل عن حق خاص -تعزير بالسجن واجللد .,34186165,,34111287,1434/4/13,فأفهم بتعليمات االستئناف ،صدق احلكم من محكمة االستئناف,,567bdf250c3cc7194995fe00fd02b979ff3a27413d8f11d042e5fb2d088c139d,metadata_complete_auto_extracted
collector-1434-v13-p167-34177095,extracted/collector-judgments-pdf/collector-1434-v13-p167-34177095.pdf,moj-judgments-1434-volume-13.pdf,a225aedc196e92dcc16ae4a11bc0525e678a2a2ff7abebea2ee6b07f9c96371f,167,172,6,160b2e5269ac2b16c42c11c6301b87090af817444e9d7db19f82646188369a56,502041,-1األمر السامي رقم 10711يف 1393/5/2ه وقرار مجلس القضاء األعلى بهيئته الدائمة برقم 3/51يف 1409/3/6ه املؤيد باألمر السامي رقم /1197/4م يف 1409/6/2ه املبلغ بالتعميم /8ت 95/يف 1409/7/25ه بشأن تطبيق اإلرادة امللكية على قاتل العمد وشبه العمد إذا تنازل أولياء الدم عن القصاص (التصنيف املوضوعي,34177095,,34130796,1434/4/2,محكمة االستئناف.,املعاملة من محكمة االستئناف وبرفقها قرار الدائرة اجلزائية,c613907c98204895b1e12249962cc32c3e79b952876669fc0a2233bf7c4b4b85,metadata_complete_auto_extracted
collector-1434-v13-p183-34215859,extracted/collector-judgments-pdf/collector-1434-v13-p183-34215859.pdf,moj-judgments-1434-volume-13.pdf,a225aedc196e92dcc16ae4a11bc0525e678a2a2ff7abebea2ee6b07f9c96371f,183,190,8,020f5cf54876ed25947cc010d77843b08787b7faa890e1a452ff4f566125b669,494378,دية -دية قتل نفس خطأ -العبرة يف حتديد قيمة الدية وقت احلكم ال وقت القتل .,34215859,,34168839,1434/5/19,الواردة من فضيلة رئيس محكمة االستئناف مبنطقة عسير برقم,قضاة الدائرة الثانية لتدقيق القضايا اجلزائية مبحكمة االستئناف,f2b09e77e0f62f8d2c12394f7fbd298214def797f64630ef6bfddcbe1fe73bda,metadata_complete_auto_extracted
collector-1434-v13-p191-34201873,extracted/collector-judgments-pdf/collector-1434-v13-p191-34201873.pdf,moj-judgments-1434-volume-13.pdf,a225aedc196e92dcc16ae4a11bc0525e678a2a2ff7abebea2ee6b07f9c96371f,191,199,9,b9d477487325bcb2ab1f91c3518eab046361395c220934ae12e615cb0a8ad402,499228,دية -حادث مروري مطالبة بدية متوفى بحادث مروري طلب تسليم دية قتل اخلطأ تعارض التقريرين املرورين مين املدعى عليه على نفي دعوى املدعي إذا اجتمع املباشر واملتسبب أضيف احلكم إلى املباشر إال إذا تعدى املتسبب القول يف التعدي قول منكره احلكم برد دعوى املدعي.,34201873,,23077,1434/4/30,فأفهم بتعليمات االستئناف صدق احلكم من محكمة االستئناف .,الدائرة اجلزائية الرابعة رقم 34258025وتاريخ 1434/07/03ه,fac33386fe50f15a93d8af584854621786f5eb4d4fa697bc45fa1c07d426816e,metadata_complete_auto_extracted
collector-1434-v13-p200-33272212,extracted/collector-judgments-pdf/collector-1434-v13-p200-33272212.pdf,moj-judgments-1434-volume-13.pdf,a225aedc196e92dcc16ae4a11bc0525e678a2a2ff7abebea2ee6b07f9c96371f,200,208,9,83a2c622383341a188015508b88bf9257468d23f2a73fd420ed9329cafd1b034,507523,دية -مطالبة بدية مورث توفى بحادث مروري -دفع املدعى عليه بأن شركة التأمن هي املسؤولة عن دفع الدية -املباشرة مقدمة على التسبب -احلكم بإلزام املدعى عليه بدفع الدية حسب نسبة اإلدانة التي عليه -للمدعى عليه الرجوع على شركة التأمن أو,33272212,,50245,1433/12/22,العاقلة بالدية -رفع الدعوى إلى محكمة االستئناف لوجود,331114459وتاريخ 1433/7/20ه واملرفق به قرار الدائرة األولى,c57d0d94f158f1730dabfbe3ff53f5fefd9a75e5591b75fcad3ca2c4e30ba5a5,metadata_complete_auto_extracted
collector-1434-v13-p209-3450453,extracted/collector-judgments-pdf/collector-1434-v13-p209-3450453.pdf,moj-judgments-1434-volume-13.pdf,a225aedc196e92dcc16ae4a11bc0525e678a2a2ff7abebea2ee6b07f9c96371f,209,216,8,c8215b64a4086d36019579ead215b419aa184d627473359ff1916b23c13d188e,507646,دية متوفى -حادث مروري -طلب تسليم دية متوفى -إقرار املدعى عليه -مشاركة املدعى عليه املتوفى اخلطأ يف احلادث -تقرير املرور من جنس رأي اخلبير تستأنس به احملكمة وال يلزمها -من تسبب يف موت إنسان معصوم لزمته ديته عدم األخذ بتقرير املرور يف مقدار نسبة اإلدانة -دية القتل اخلطأ مؤجلة ثاث سنوات كفارة قتل اخلطأ .,3450453,,32185860,1434/2/30,قناعته صدق احلكم من محكمة االستئناف .,وقضاة الدائرة اجلزائية الرابعة يف محكمة اإلستئناف مبنطقة,e1228086ef2f75d9e7782b1690925359f14e5269744b31cd2dd3a82355b226d2,metadata_complete_auto_extracted
collector-1434-v13-p217-3456993,extracted/collector-judgments-pdf/collector-1434-v13-p217-3456993.pdf,moj-judgments-1434-volume-13.pdf,a225aedc196e92dcc16ae4a11bc0525e678a2a2ff7abebea2ee6b07f9c96371f,217,221,5,65ec2ef125e28726fa04fa11cd0d8bfd9a14e0d90fb0bfdacf7625037dcb64e9,483425,دية -دهس بسيارة تسبب يف وفاة -صدور صك من احملكمة بإثبات نسبة اخلطأ على املدعى عليه ودفع الدية -إيداع مبلغ الدية بيت املال يف احملكمة لتسليمها للورثة -مطالبة بيت املال بتسليم مبلغ الدية -إلزام بيت مال احملكمة بتسليم مبلغ الدية املودع به للورثة ما استند إليه القاضي من مبادئ وقواعد العدالة العامة الواردة يف,3456993,,3412850,1434/3/7,أفهمته بالنصيب الشرعي لكل وارث -قررت محكمة االستئناف,,7da9d6db12c545359898589b5f5e0592827b12ca83123df57643fcc7506b311b,metadata_complete_auto_extracted
collector-1434-v13-p222-345007,extracted/collector-judgments-pdf/collector-1434-v13-p222-345007.pdf,moj-judgments-1434-volume-13.pdf,a225aedc196e92dcc16ae4a11bc0525e678a2a2ff7abebea2ee6b07f9c96371f,222,227,6,c3b8d1107c58c7f0f476cfba0f567e4d86ad011c87e7695ed9a5558521ac9ab3,490703,دية متويف -حادث مروري -سماع الدعوى ضد بيت املال لعدم معرفة القاتل -اإلذن بسماع الدعوى ضد بيت املال -ال يبطل دم امرئ مسلم -احلكم بدفع الدية من بيت املال .,345007,,32145803,1434/1/6,على احلكم بدون الئحة صدق احلكم من محكمة االستئناف,بالرياض وقد صدق احلكم من الدائرة اجلزائية األولى لتمييز,d3caf615ea044c0063825d4b141711e02d5c6dee23fb1dfd179784ab844f76d0,metadata_complete_auto_extracted
collector-1434-v13-p228-3422286,extracted/collector-judgments-pdf/collector-1434-v13-p228-3422286.pdf,moj-judgments-1434-volume-13.pdf,a225aedc196e92dcc16ae4a11bc0525e678a2a2ff7abebea2ee6b07f9c96371f,228,232,5,617ad74c4234e0376004108c3ca165d30beb982862d430517927998fb157c0cc,496376,دية -حادث مروري -وفاة نتيجة دهس بالسيارة -املطالبة بدية قتل خطأ -إثبات اإلدانة مبوجب تقرير املرور -حتمل املدهوس نسبة من اخلطأ -إلزام املدعى عليه بدفع الدية مقابل نسبة اخلطأ التي عليه -إفهام املدعى عليه بأن عليه كفارة قتل اخلطأ,3422286,,32205393,1434/5/26,صدق احلكم من محكمة االستئناف .,احلمد هلل وحده وبعد فقد اطلعنا نحن قضاة الدائرة األولى لتدقيق,d05cab4d4a4ea6da07b6fdcd02cda47fd371235cf134b63b5e1d4c161394be00,metadata_complete_auto_extracted
collector-1434-v13-p233-33475561,extracted/collector-judgments-pdf/collector-1434-v13-p233-33475561.pdf,moj-judgments-1434-volume-13.pdf,a225aedc196e92dcc16ae4a11bc0525e678a2a2ff7abebea2ee6b07f9c96371f,233,238,6,0aa27cd54f8aa1a0a35e30dcb31fe14746f1783ab7926c6accaba37b90f827b9,501148,دية متوفى -حادث مروري -املطالبة بعدد من الديات -إقرار املدعى عليه -يحكم على الغائب املمتنع عن احلضور ملجلس القضاء -دية املرأة على النصف من دية الرجل -احلكم بدفع دية,33475561,,32334212,1433/12/22,لديه من اعتراض صدق احلكم من محكمة االستئناف .,جرى منا نحن قضاة الدائرة اجلزائية اخلامسة مبحكمة االستئناف,0dc1482deb5ba5f616ea2e935d6461ec80324ea7df902b26049ed10c33a4395f,metadata_complete_auto_extracted
collector-1434-v13-p239-34175065,extracted/collector-judgments-pdf/collector-1434-v13-p239-34175065.pdf,moj-judgments-1434-volume-13.pdf,a225aedc196e92dcc16ae4a11bc0525e678a2a2ff7abebea2ee6b07f9c96371f,239,244,6,64f0776c02f6d415a62df7b584acd01c354b916c698acf9ed533c61d413dacc8,496435,دية متوفى -حادث مروري دهس -مطالبة بدية قتل اخلطأ بحسب نسبة اخلطأ -إقرار املدعى عليه -العذر ملن أقر -احلكم على املدعى عليه بدفع الدية مقابل نسبة اخلطأ التي عليه .,34175065,,32421651,1434/3/29,هو إحدى وعشرون سنة ميالدية فتم مخاطبة محكمة االستئناف,الدائرة اجلزائية اخلامسة برقم 33140741يف تاريخ 1433/03/19ه,5bf4998c6c5722107485188641ccb43db05758418ae33904284868cf9374c302,metadata_complete_auto_extracted
collector-1434-v13-p245-33209576,extracted/collector-judgments-pdf/collector-1434-v13-p245-33209576.pdf,moj-judgments-1434-volume-13.pdf,a225aedc196e92dcc16ae4a11bc0525e678a2a2ff7abebea2ee6b07f9c96371f,245,253,9,ab966c803781577beb7bfb9a9c22743245e39638356c5b4d53f0607b543929a6,502624,دية -دية قتل خطأ -وفاة مورث املدعيني نتيجة حادث سيارة وهروب السائق -مطالبة الورثة بيت املال بدفع دية مورثهم كاملة -أخذ احملكمة بأوراق املعاملة وتقرير املرور -عدم حضور املدعى عليه (ممثل بيت املال) رغم التبليغ يف الدعوى -احلكم حضوري بتسليم بيت املال الدية للمدعين.,33209576,,32585816,1433/4/25,مداولة من محكمة االستئناف مبنطقة مكة املكرمة .,جرى منا نحن قضاة الدائرة اجلزائية السابعة يف محكمة,fa1d4d4fd947ec803693b41efed6fd546132e791e135d819cb11487357fa4618,metadata_complete_auto_extracted
collector-1434-v13-p254-33483021,extracted/collector-judgments-pdf/collector-1434-v13-p254-33483021.pdf,moj-judgments-1434-volume-13.pdf,a225aedc196e92dcc16ae4a11bc0525e678a2a2ff7abebea2ee6b07f9c96371f,254,261,8,e3382588d0edde4efc29a833c145d99dfab32bd461708c1a3692c08aad989aaf,495909,دية متوفى -حادث مروري [تصادم بإبل سائبة] -سماع الدعوى ضد بيت املال لعدم معرفة صاحب اإلبل -وجوب تضمن املتسبب -اليبطل دم امرئ مسلم -احلكم على بيت املال بتسليم دية املتوفى -ضمان ماتتلفه بهيمة األنعام -إفهام وزارة املالية باحلق يف الرجوع بالدية على مالك الدابه املتسبب حال العثور عليه .,33483021,,33191193,1433/12/29,صدق احلكم من محكمة االستئناف ،مت تسليم الشيك للمدعي,قرار الدائرة اجلزائية الثانية رقم 3416009يف 1434/01/19ه,3d89d2f095b5af203cfb69875aab11f8bf3dac6ba260f7b9aa72171b9c95cb55,metadata_complete_auto_extracted
collector-1434-v13-p262-3437583,extracted/collector-judgments-pdf/collector-1434-v13-p262-3437583.pdf,moj-judgments-1434-volume-13.pdf,a225aedc196e92dcc16ae4a11bc0525e678a2a2ff7abebea2ee6b07f9c96371f,262,268,7,6ac0fc48fd93b8ded167a03f3d9030ae05c940421d9a8d1b06a0c865b015c9a9,498402,دية -حادث مروري مطالبة بدية متوفى بحادث مروري تصديق الوكاالت وحصر الورثة والوالية من اجلهات الرسمية إقرار املدعى عليه إدانة املدعى عليه بنسبة % 50من مسئوولية احلادث ما قرره الفقهاء أن كل من أتلف إنسان ا معصوم ا مباشرة أو بسبب لزمته ديته احلكم على املدعى عليه بدفع الدية مقابل نسبة اخلطأ التي عليه -رفع احلكم حملكمة االستئناف لوجود قصر.,3437583,,33225640,1434/2/16,من محكمة االستئناف .,اجلزائية الثالثة برقم ( )3452449يف الدائرة,6815f4f73c4dbe29c9efd74d70663c2d53825b45497a220a80077f9cf39c3786,metadata_complete_auto_extracted
collector-1434-v13-p269-3441472,extracted/collector-judgments-pdf/collector-1434-v13-p269-3441472.pdf,moj-judgments-1434-volume-13.pdf,a225aedc196e92dcc16ae4a11bc0525e678a2a2ff7abebea2ee6b07f9c96371f,269,278,10,9f9796c70166181c9149bdec5901a422922f5016d376ad4c1e26a07d30c3e1d2,504491,دية متوفى -حادث مروري -ال عذر ملن أقر -كفارة قتل اخلطأ داء -احلكم بإلزام املدعى عليه بدفع ما جتب على القاتل ابت يخصه من الدية بحسب نسبته يف اخلطأ -رفع احلكم حملكمة االستئناف لوجود قاصر .,3441472,,33235684,1434/2/19,قناعته باحلكم ،صدق احلكم من محكمة االستئناف -مت تسليم,وقد جرى تدقيق احلكم من الدائرة اجلزائية السادسة وصدر,3f846a19355eeb6ebdf409cfca719a7149e5b00439d37f09de079a9e6068858d,metadata_complete_auto_extracted
collector-1434-v13-p279-33377046,extracted/collector-judgments-pdf/collector-1434-v13-p279-33377046.pdf,moj-judgments-1434-volume-13.pdf,a225aedc196e92dcc16ae4a11bc0525e678a2a2ff7abebea2ee6b07f9c96371f,279,284,6,525eb0b4875abcac6fe08e122ef84434f987afd4131bbbdaf024e15a6c00f723,494547,دية -قتل خطأ -إقرار املدعى عليه بالقتل اخلطأ يوجب احلكم عليه بالدية وإفهامه بأن له الرجوع عن عاقلته -كفارة القتل اخلطأ -نصيب القاصر غير السعودي يسلم لوليه املخول له باالستالم -رفع احلكم حملكمة االستئناف لوجود قاصر .,33377046,,33241066,1433/8/12,لوجود القاصرة ،صدق احلكم من محكمة االستئناف -جرى,...ختمه وتوقيعه رئيس الدائرة ...ختمه وتوقيعه ) وحتى ال يخفى,f72e3e7b4aa4d5aab9413f4210ccb325ba1ab2991ae5199a210bdbfed3e40aa4,metadata_complete_auto_extracted
collector-1434-v13-p285-34198026,extracted/collector-judgments-pdf/collector-1434-v13-p285-34198026.pdf,moj-judgments-1434-volume-13.pdf,a225aedc196e92dcc16ae4a11bc0525e678a2a2ff7abebea2ee6b07f9c96371f,285,291,7,28a05d1bbfd4709fd3220f48e7967c018f15a9c3c4d2cc53e293597bd59fcd79,491893,دية -حادث مروري -وفاة مورث املدعن -مطالبة بدية قتل خطأ -إدانة املدعى عليه بنسبة خطأ -شهادة معدي تقرير احلادث- إلزام املدعى عليه بدفع دية قتل اخلطأ حسب نسبة اخلطأ املقررة وصرف النظر عن الباقي.,34198026,,33405926,1434/4/27,قرار محكمة االستئناف باملصادقة على احلكم .,من الدائرة احلقوقية الثانية عليه فقد جرى التهميش مبوجبه وصلى,ed167d4e665121ef106581c6356e41cfc09d63e81dfd5d8367bcb6937b9a3429,metadata_complete_auto_extracted
collector-1434-v13-p292-33446055,extracted/collector-judgments-pdf/collector-1434-v13-p292-33446055.pdf,moj-judgments-1434-volume-13.pdf,a225aedc196e92dcc16ae4a11bc0525e678a2a2ff7abebea2ee6b07f9c96371f,292,298,7,4ca404000e93521a6c5560ad87d08c5ed89ff4fc54f7999aca0460d926abdb4d,500543,دية -حادث مروري -وفاة مورث املدعن -مطالبة بدية قتل خطأ -مصادقة املدعى عليه على الدعوى -حكم بدية قتل خطأ حسب نسبة اخلطأ املقررة -إفهام املدعى عليه بكفارة قتل اخلطأ -إفهام املدعى عليه بالرجوع على العاقلة .,33446055,,33488421,1433/11/3,باحلكم،مت رفع احلكم للمحكمة االستئناف لوجود قصار ،صدر,ختمه وتوقيعه قاضي استئناف ...........ختمه وتوقيعه رئيس الدائرة,56bc29092070177e1b5ed13d678e4642faff4d74e36f04cd762452602fa7508e,metadata_complete_auto_extracted
collector-1434-v13-p299-333423491,extracted/collector-judgments-pdf/collector-1434-v13-p299-333423491.pdf,moj-judgments-1434-volume-13.pdf,a225aedc196e92dcc16ae4a11bc0525e678a2a2ff7abebea2ee6b07f9c96371f,299,307,9,c5b60c52b909bb097cac539c2904508017355d6d34202c76cc5bd35d3a253356,501821,دية -حادث مروري -وفاة مورث املدعن -اإلدانة الكاملة للمدعى عليه -مصادقة املدعى عليه على الدعوى -حكم بتسليم دية قتل خطأ -سداد الدية على ثاث سنوات -إفهام احملكوم عليه بتسليم دية قتل اخلطأ بأن له الرجوع على عاقلته .,333423491,,33516714,1433/10/11,عليه عدم القناعة،صدر قرار محكمة االستئناف باملالحظة على,احلمد هلل وحده وبعد ...فقد اطلعنا نحن قضاة الدائرة األولى,a24136f5bb4355aa18a88d5381339af7ad446eb6853f5a9de527d45bff3655d5,metadata_complete_auto_extracted
collector-1434-v13-p308-3452403,extracted/collector-judgments-pdf/collector-1434-v13-p308-3452403.pdf,moj-judgments-1434-volume-13.pdf,a225aedc196e92dcc16ae4a11bc0525e678a2a2ff7abebea2ee6b07f9c96371f,308,313,6,38311cece9802bda5ba9b613eaa55cbeb73e50ea62654cd38be0a614e7cd106d,492341,دية -حادث مروري -وفاة مورث املدعن -اإلدانة الكاملة للمدعى عليه -مصادقة املدعى عليه على الدعوى -حكم بتسليم دية قتل اخلطأ -إفهام املدعى عليه بأن له الرجوع على عاقلته -إفهام املدعى عليه بأن عليه كفارة قتل اخلطأ.,3452403,,33523501,1434/3/1,بكفارة قتل اخلطأ ،صدر قرار محكمة االستئناف مبكة,جرى منا نحن قضاة الدائرة اجلزائية اخلامسة مبحكمة اإلستئناف,83363e6383d83e4250ce8c3de8ddf98d7b665cc65687351a3fdf2d02f20270b0,metadata_complete_auto_extracted
collector-1434-v13-p314-3445460,extracted/collector-judgments-pdf/collector-1434-v13-p314-3445460.pdf,moj-judgments-1434-volume-13.pdf,a225aedc196e92dcc16ae4a11bc0525e678a2a2ff7abebea2ee6b07f9c96371f,314,320,7,412b79891b63a85d1bd8e0c6619cb72e697f5819faee1a260778d8d2f2ad71b0,501421,دية-مطالبة بدية مورث -استئجار استراحة بدون عقد -استئجار مسبح والغرق فيه لعدم معرفته السباحة وعدم وجود ترخيص ولعدم توفر وسائل السامة -دفع املدعى عليه بأنه بالغ عاقل يدرك عواقب األمور -تقرير الدفاع املدني -تنازل األم عن نصيبها يف الدية -احلكم برد الدعوى .,3445460,,33546351,1434/2/24,بالتعليمات ،صدق احلكم من محكمة االستئناف.,,d16078dda35ff3315cc589c974ae16f871b2adca7c42a921ad23ba348af4728d,metadata_complete_auto_extracted
collector-1434-v13-p321-34306831,extracted/collector-judgments-pdf/collector-1434-v13-p321-34306831.pdf,moj-judgments-1434-volume-13.pdf,a225aedc196e92dcc16ae4a11bc0525e678a2a2ff7abebea2ee6b07f9c96371f,321,330,10,97c58c80c606959d0530a14df4bbd074a1c760dfa55f964a146b1c939e94c4b5,834460,دية -اختناق بدخان أدى إلى وفاة قاصر -مطالبة الولي املدعى عليه بدية ابنه -تعذر الصلح بن الطرفن -عجز عن إثبات الدعوى -عدم قبول املدعي مين املدعى عليه بنفي الدعوى -رد الدعوى -استحقاق املدعي ليمن خصمه على نفي الدعوى متى,34306831,,34171722,1434/8/25,باحلكم وعارض املدعي ،قررت محكمة االستئناف املصادقة على,,983faad299f28e435b6ec50a13c21b0ebd7c6594d05c451887c3237d82bccd3c,metadata_complete_auto_extracted
collector-1434-v2-p5-34277805,extracted/collector-judgments-pdf/collector-1434-v2-p5-34277805.pdf,moj-judgments-1434-volume-2.pdf,bc54bb17b24305dd02bdac024626902f2eabaf468633627239138acdf76f562c,5,16,12,27b13c53572c44f3b62f8e8ce68ff6614843f1397b66005187a1fdbabba334ff,517941,بيع أرض -مطالبة بإعادة ثمن مبيع -بيع ما ال ميلك -املدعى عليهما متضامنن -مباشرة العقد والتفاوض موجبة للضمان - صحة ضمان عهدة املبيع -إلزام املدعى عليهما بتسليم ثمن املبيع.,34277805,,32399029,1434/7/24,1432/08/01ه واملنقوضة من محكمة االستئناف بالقرار رقم,صدق احلكم من الدائرة احلقوقية الرابعة مبحكمة االستئناف,5e91b553aef4b288705d0a0c4eca57bef4c662a98c9d29047fe500f23603be65,metadata_complete_auto_extracted
collector-1434-v2-p17-34167086,extracted/collector-judgments-pdf/collector-1434-v2-p17-34167086.pdf,moj-judgments-1434-volume-2.pdf,bc54bb17b24305dd02bdac024626902f2eabaf468633627239138acdf76f562c,17,27,11,b4c835c763bf3639af4d486144d95fcf49177a9a4e37e01c7b7971aad967f8f2,511260,بيع -مزرعة -فسخ العقد لوجود غن يف ثمنها -تقدير الثمن للمبيع عن طريق قسم اخلبراء -الغن الفاحش يثبت به اخليار ومرده العرف -احلكم بفسخ البيع ورد ثمن املبيع -التماس إعادة النظر -رفض موضوع ا.,34167086,,32500212,1434/3/21,املدعى عليه ،قررت محكمة االستئناف املوافقة على احلكم,ختمه وتوقيعه ،قاضي استئناف ( )....ختمه وتوقيعه ،رئيس الدائرة,166e9069dc0f25b2037202edd84da906af560a421149744fe22676f8b7dfc802,metadata_complete_auto_extracted
collector-1434-v2-p28-33394384,extracted/collector-judgments-pdf/collector-1434-v2-p28-33394384.pdf,moj-judgments-1434-volume-2.pdf,bc54bb17b24305dd02bdac024626902f2eabaf468633627239138acdf76f562c,28,32,5,b7bf5982195d2dd4626bf38a289ef576f71dd08af084fa9b653ed3487b5b6c5f,502749,بيع -سيارة دون قبض كامل الثمن -قيام املشتري (املدعى عليه) بتحويل البائع (املدعى) على آخر له دين يف ذمته -إعسار احملال عليه -الرجوع بالدين على احمليل -عدم صحة احلوالة وإلزام املدعى عليه بدفع باقي الثمن .,33394384,,32604132,1433/8/26,من محكمة االستئناف وبرفقها القرار رقم 33474158وتاريخ,وفضيلة الشيخ ..........ورئيس الدائرة فضيلة الشيخ ..........أ .ه,3e7c54cd818505bba21d8bbc92e73e136d40d7f7f054b40a212b82f2259c74c4,metadata_complete_auto_extracted
collector-1434-v2-p33-33429922,extracted/collector-judgments-pdf/collector-1434-v2-p33-33429922.pdf,moj-judgments-1434-volume-2.pdf,bc54bb17b24305dd02bdac024626902f2eabaf468633627239138acdf76f562c,33,36,4,931f51e5abd3a569908434a8e692f7893ff67be2a301ec1aa88ef57dc55f2381,491861,بيع -إبل -رد مازدا عن الثمن احلقيقي للمبيع للغن -تصرف املشترى يف املبيع دالله الرضا يسقط به خيار الغن -احلكم بصرف النظر عن الدعوى .,33429922,,32612060,1433/10/17,قررت محكمة االستئناف املصادقة على احلكم .,,40149622c313021afff925b9811637841ce21751fdc00c07026fee28dd0b93e0,metadata_complete_auto_extracted
collector-1434-v2-p37-34253738,extracted/collector-judgments-pdf/collector-1434-v2-p37-34253738.pdf,moj-judgments-1434-volume-2.pdf,bc54bb17b24305dd02bdac024626902f2eabaf468633627239138acdf76f562c,37,42,6,5bfeeaddb616af020d5f8131d6cf615380476edfac1fdb2a362ede5c471808c5,500763,بيع -فسخ عقد بيع -تخلف املدعى عليه مع تبلغه باحلضور -تشرع اليمن يف جانب أقوى املتداعين -حكم بتسليم مبلغ - اعتبار احلكم حضوري ا .,34253738,,33219657,1434/6/27,النظام .قررت محكمة االستئناف مبكة املكرمة باملوافقة على,جرى منا نحن قضاة االستئناف بالدائرة احلقوقية األولى مبحكمة,c09c04904f180703fe3a29df9dfedc2dcba04523891f3a4dbf1247ee77a98c96,metadata_complete_auto_extracted
collector-1434-v2-p43-33481760,extracted/collector-judgments-pdf/collector-1434-v2-p43-33481760.pdf,moj-judgments-1434-volume-2.pdf,bc54bb17b24305dd02bdac024626902f2eabaf468633627239138acdf76f562c,43,49,7,9b809c9f5eccf52b05fa1b4f3260f5e5b4fec3a56f5b4e642bb0bf624d8365a7,493993,بيع -عقد -بيع غير نظامي -إدعاء وجود غنب يف الثمن -املطالبة مبا زاد من قيمة عقد العقار عن قيمته األصلية -قرينه اخلبرة يف البيع والداللة ينتفى معه وجود الغن -احلكم بعدم ثبوت الدعوى وصرف النظر عنها -افهام الطرفن بأن احلكم ال يفيد التملك وإمنا هو لفض النزاع .,33481760,,33225573,1433/12/28,وأفهم بتعليمات االستئناف ،عادت القضية من محكمة االستئناف,سألت الدائرة املدعي عن مجال عمله فقرر بأنه يعمل معقبا لدى,1dcafb54aa33e5de6d3b80d313e4953497be77a6f277997cc4e1909275a7d913,metadata_complete_auto_extracted
collector-1434-v2-p50-34264475,extracted/collector-judgments-pdf/collector-1434-v2-p50-34264475.pdf,moj-judgments-1434-volume-2.pdf,bc54bb17b24305dd02bdac024626902f2eabaf468633627239138acdf76f562c,50,58,9,9b08ea90a5acc79472671e6700230b8f7da84bcd32ea5c000e1198409e9bc659,512970,بي ع -بي ع لف ات أس اك كهربائية دون قب ض الثم ن -املطالبة بثمن األس اك الكهربائية -إنك ار املدعى عليه وك الة -بينة املدعي شاهد وعقد مين -احلكم بدفع الثمن .,34264475,,33231447,1434/7/10,املدعى عليه على احلكم ،صدق احلكم من محكمة االستئناف .,اطالعنا نحن رئيس وعضوي الدائرة احلقوقية الرابعة يف محكمة,d50b776f30d1d3063fde75dac83ab6a1067bdd5daa7cb4978b4ec014fbc8d751,metadata_complete_auto_extracted
collector-1434-v2-p59-3414136,extracted/collector-judgments-pdf/collector-1434-v2-p59-3414136.pdf,moj-judgments-1434-volume-2.pdf,bc54bb17b24305dd02bdac024626902f2eabaf468633627239138acdf76f562c,59,67,9,9c19bbe587a8985f3d90da6929ecf178104fac5f7112edbdd974ce18cac94a0c,521698,بيع -عقار -إثبات بيع -بيع نصيب وارث -إقرار بالبيع واستالم الثمن -رجوع عن اإلقرار -ال يصح الرجوع عن اإلقرار بحق آدمي -وجوب الوفاء بالعقود -ثبوت احلق باإلقرار والشهود العدول- احلكم بثبوت صحة بيع نصيب وارث من عقار -التهميش على صك امللكية بانتقال نصيب وارث بعد اكتساب احلكم القطعية .,3414136,,33330846,1434/1/17,بكتاب سماحة رئيس محكمة االستئناف باملنطقة الشرقية رقم,الدائرة احلقوقية األولى رقم 34169561يف 1434/3/23ه املتضمن,d06c3040a44eea4dc8ceba3c02930e82c5b8423564f6b5abc864a6dd4aa31de7,metadata_complete_auto_extracted
collector-1434-v2-p68-3446843,extracted/collector-judgments-pdf/collector-1434-v2-p68-3446843.pdf,moj-judgments-1434-volume-2.pdf,bc54bb17b24305dd02bdac024626902f2eabaf468633627239138acdf76f562c,68,71,4,b53ca5bf5949d7a47d502d7f857e5ad983b84ef0622838e1e0191ce5d33e31e6,484667,بيع -ثمن مبيع -املطالبة بباقي ثمن سيارة -غياب املدعى عليه وتبلغه لشخصه -عدم وجود بينة للمدعي -تبلغ املدعى عليه,3446843,,33381494,1434/2/25,قض اة الدائ رة احلقوقية األولى يف محكمة االستئناف مبنطقة تبوك,,4cb73bdac4ffc618bee3b686db0654a827b162c348f8a1f868c1671474844550,metadata_complete_auto_extracted
collector-1434-v2-p72-33388994,extracted/collector-judgments-pdf/collector-1434-v2-p72-33388994.pdf,moj-judgments-1434-volume-2.pdf,bc54bb17b24305dd02bdac024626902f2eabaf468633627239138acdf76f562c,72,80,9,c5d6948509062e61b53509a771d1379d4ff127714fb459f51dabfbbbd050a23b,508349,بيع -بيع باآلجل لوحدة سكنية -طلب إلغاء البيع للعجز عن سداد باقي الثمن -معنى اللزوم يف العقود -عدم اتفاق إرادة املتعاقدين يف مجلس واحد -اختاف املتعاقدين يف تفسير بعض شروط العقد -مخالفه الشرط ملقصود العقد -وجوب رضا املتعاقدين يف اثبات العقد أو فسخه .,33388994,,4520,1433/8/21,احلكم ،صدق احلكم من محكمة االستئناف .,أما بعد .......فقد اطلعنا نحن قضاة الدائرة احلقوقية األولى,986860bb244fda68268ad513d968e8c36d938d08aa5d5cd48ab4ab9f6997d3a4,metadata_complete_auto_extracted
collector-1434-v2-p81-33439017,extracted/collector-judgments-pdf/collector-1434-v2-p81-33439017.pdf,moj-judgments-1434-volume-2.pdf,bc54bb17b24305dd02bdac024626902f2eabaf468633627239138acdf76f562c,81,90,10,1c52c059d857a07a3d62233aa4c0b2dc3e79bddef5fe495a150e8e29256b5c0f,510760,بيع -بيع سيارة -فسخ البيع أو رد ثمن السيارة لعيب فيها -تقدير العيب عن طريق قسم اخلبراء -العيب يوجب إما اإلمساك أو الفسخ -احلكم بفسخ البيع ورد ثمن املبيع .,33439017,,33405137,1433/10/25,وعارضت عليه املدعى عليها ،قررت محكمة االستئناف املصادقة,قرار الدائرة احلقوقية األولى رقم 34241289يف 1434/6/14ه,d915e51b3b4d8fb48f32fcb412dbd2efee67c54b4a1ba0b3139db4aaf58e6942,metadata_complete_auto_extracted
collector-1434-v2-p91-34194877,extracted/collector-judgments-pdf/collector-1434-v2-p91-34194877.pdf,moj-judgments-1434-volume-2.pdf,bc54bb17b24305dd02bdac024626902f2eabaf468633627239138acdf76f562c,91,111,21,6f03252a37955b5a43840c774b49b0db404781455e0c06338aed6b47520a0738,565934,بيع -عيب مبيع -املطالبة برد ثمن سيارة مبيعه -إقرار الشركة املصنعة بالعيب -إنكار الشركة البائعة للعيب -االستعانة بأهل اخلبرة يف بيان العيب -القول قول املشتري يف العيب مع ميينه -عدم سقوط احلق يف إرجاع املبيع بالتراخي إال بدليل الرضا - ثبوت العيب وإمضاء خيار الفسخ للمشتري لعدم ثبوت ما يسقطه -احلكم بإعادة الثمن للمشتري والسيارة للبائع .,34194877,,33474401,1434/4/22,تصديقه من محكمة االستئناف .,رئيس الدائرة ............توقيع وختم .اه .عليه أفيد أصحاب الفضيلة,c4e64bfd46c88590f623dc9389250b7e94398333eb1f0b830d2ebb00735761ab,metadata_complete_auto_extracted
collector-1434-v2-p112-33477956,extracted/collector-judgments-pdf/collector-1434-v2-p112-33477956.pdf,moj-judgments-1434-volume-2.pdf,bc54bb17b24305dd02bdac024626902f2eabaf468633627239138acdf76f562c,112,117,6,d039cf396e66937056f01c16c7c1d93054b59e73f21a4adc8f1f2e56c3906541,491646,بيع -خيار العيب -مطالبة برد ثمن سيارة معيبة -رد دعوى املدعي لقيامه ببيع العن املعيبة قبل املطالبة برد ثمنها -بيع املبيع بعد تلفه -مواجهة املدعى عليه بالدعوى -تقرير الدفاع املدني -تراخي يف املطالبة برد املببيع .,33477956,,33490485,1433/12/26,فأفهم بالتعليمات ،صدق احلكم من محكمة االستئناف .,املقنع ،عليه فقد قررت الدائرة صرف النظر عن دعوى املدعي,f641932fe9be5c81e852b3a5e52f9e19b816bc598106b8f058afab714fde0f1d,metadata_complete_auto_extracted
collector-1434-v2-p118-34171137,extracted/collector-judgments-pdf/collector-1434-v2-p118-34171137.pdf,moj-judgments-1434-volume-2.pdf,bc54bb17b24305dd02bdac024626902f2eabaf468633627239138acdf76f562c,118,123,6,cd3f60dcccd008a3a096630024cfe0cd9a221891c267af3cf98d06c6fc56a41d,499077,بيع -طلب املدعي باقي ثمن املبيع -البينة شهادة الشاهد واليمن -اليمن تشرع يف جانب أقوى املتداعين -احلكم الغيابي بإلزام املدعى عليه أن يسلم للمدعي املبلغ املدعى به والغائب على حجته.,34171137,,33526762,1434/3/24,كامل املعاملة حال اإلقتضاء إلى محكمة االستئناف لدراسة,احلمد هلل وحده وبعد فقد اطلعنا نحن قضاة الدائرة الثانية,26ac3e0d002dfe470b56dce073d22546995c8ff58f812ab5f9cf379fc14b8051,metadata_complete_auto_extracted
collector-1434-v2-p124-34309635,extracted/collector-judgments-pdf/collector-1434-v2-p124-34309635.pdf,moj-judgments-1434-volume-2.pdf,bc54bb17b24305dd02bdac024626902f2eabaf468633627239138acdf76f562c,124,132,9,90467a0ca9204ab3dfa8bc577c98697f7b483881fdbaba5366f9db95d9d3b477,515349,بيع -عقد -سيارة -فسخ البيع لوجود عيب -سماع الدعوى غيابي ا -مين االستظهار -احلكم حضوري وفق ا للنظام -احلكم بسداد املدعى عليه ثمن املبيع واستالم السيارة .,34309635,,33540310,1434/8/30,محكمة االستئناف باألكثرية املصادقة على احلكم .,الدائرة احلقوقية األولى يف محكمة االستئناف مبنطقة تبوك على,d27bb07df0d0937300f8e8f404d5697147eddfa253341cb4d0652ced91f8089d,metadata_complete_auto_extracted
collector-1434-v2-p133-34258649,extracted/collector-judgments-pdf/collector-1434-v2-p133-34258649.pdf,moj-judgments-1434-volume-2.pdf,bc54bb17b24305dd02bdac024626902f2eabaf468633627239138acdf76f562c,133,145,13,1ce5c619250ed566b5d47c52ae5efb2b2d51c1db79d836975c65af8ddc616179,513747,بيع -عقد -بيع أرض -دعوى غن يف الثمن -مطالبة بفسخ بيع أرض باعها مورث املدعن لوجود غن يف ثمنها -خيار الغن يسقط مبا يدل على الرضا -احلكم برد الدعوى .,34258649,,33627459,1434/7/3,عليه باحلكم وعارض عليه املدعي ،قررت محكمة االستئناف,أما بعد ..فقد اطلعنا نحن قضاة الدائرة احلقوقية األولى يف محكمة,10d585226e386ee8c0de366491ed7fe910cbb491a5bcb98a5c63f643f1f60f51,metadata_complete_auto_extracted
collector-1434-v2-p146-34192793,extracted/collector-judgments-pdf/collector-1434-v2-p146-34192793.pdf,moj-judgments-1434-volume-2.pdf,bc54bb17b24305dd02bdac024626902f2eabaf468633627239138acdf76f562c,146,150,5,7a48c9a4ddcd169084c5f0b2084a864ccd013c70b4da3235981f989818c4d95e,498447,بيع -عقد -بيع سيارة -فسخ البيع لعيب وغن يف الثمن -تقدير ثمن املبيع عن طريق قسم اخلبراء -ثبوت الغن الفاحش يثبت خيار الفسخ -احلكم بالفسخ ورد قيمة املبيع .,34192793,,33687025,1434/4/21,محكمة االستئناف املصادقة على احلكم .,,005816927b3a151d2f4fa869c671944bddc712bce5efe924c09f81fb5f5624c4,metadata_complete_auto_extracted
collector-1434-v2-p151-3455007,extracted/collector-judgments-pdf/collector-1434-v2-p151-3455007.pdf,moj-judgments-1434-volume-2.pdf,bc54bb17b24305dd02bdac024626902f2eabaf468633627239138acdf76f562c,151,157,7,e6436d2b9e476a4ae4b9e59f46486be62081486e260b3ad4080a4b90320a100c,512215,بيع -عقد -عقار -مطالبة بفسخ عقد البيع -مطالبة بإخاء عقار -عقد بيع مت قبل استخراج صك امللكية -األصل حمل العقود على الصحة -تصحيح عقد البيع -عقد البيع ال ينفسخ اال برضا الطرفن -احلكم برد دعوى طلب فسخ عقد البيع واإللزام بسداد باقي ثمن املبيع .,3455007,,33712572,1434/3/3,محكمة االستئناف باملنطقة الشرقية باملصادقة على احلكم .,أما بعد ...فقد اطلعنا نحن قضاة الدائرة احلقوقية األولى يف,1015451a4068ae9d781be60b2c7b81477c479ab21c5660db15494d1a1efdcedc,metadata_complete_auto_extracted
collector-1434-v2-p158-34243235,extracted/collector-judgments-pdf/collector-1434-v2-p158-34243235.pdf,moj-judgments-1434-volume-2.pdf,bc54bb17b24305dd02bdac024626902f2eabaf468633627239138acdf76f562c,158,164,7,1623a7ff27ff77c5d94d54efd4570a7295282eaf40b44812c2f841ca9c0bfe31,513876,بيع -رأس تريلة -استرداد حيازة سيارة ال يجوز متلكها لغير السعوديني -إثبات قبض الثمن لشهادة الشهود العدول -احلكم باسترداد ثمن املبيع بد ال عن السيارة المتناع متلكه نظام ا .,34243235,,34129773,1434/6/17,احلمد هلل وحده وبعد فقد عادت املعاملة من محكمة االستئناف,منه» وبدراسة الصك وصورة ضبطه وأوراق املعاملة تقرر الدائرة,5e796d50acbf1fb4fabbed78e2af9d645d8c6c77b93f94bd1f5dacf2b464088f,metadata_complete_auto_extracted
collector-1434-v2-p165-34200144,extracted/collector-judgments-pdf/collector-1434-v2-p165-34200144.pdf,moj-judgments-1434-volume-2.pdf,bc54bb17b24305dd02bdac024626902f2eabaf468633627239138acdf76f562c,165,173,9,b278c60bdccb649ab4db93e730737e359152c087cd78c19ed17fcb13692c68a8,499075,بيع -باقي ثمن مبيع بالتقسيط -اإلقرار ببيع االعيان قبل دخولها يف ضمانه -التمكن من القبض ينزل منزلة القبض يف الضمان ال يف حل الربح -األعيان املنقولة ال يتحقق قبضها إال بنقلها -احلكم برأس املال فقط للمدعي؛ للنهي عن ربح ما لم,34200144,,34136760,1434/4/28,محكمة االستئناف فأجبته لطلبه وافهمته بأن بأن مدة االعتراض,بالرقم 34725942يف 1434/6/17ه وبرفقها قرار الدائرة احلقوقية,a5143b2eea960be488a51257e167906aba35a74b72911c3fa6cf1d7c9e263790,metadata_complete_auto_extracted
collector-1434-v2-p174-34304304,extracted/collector-judgments-pdf/collector-1434-v2-p174-34304304.pdf,moj-judgments-1434-volume-2.pdf,bc54bb17b24305dd02bdac024626902f2eabaf468633627239138acdf76f562c,174,181,8,c1bf976043785338a79d35f581914254a6bc7383da3ea905143a2d38107e4612,509386,بيع -املطالبة بفسخ عقد البيع لعدم تنفيذ بنوده -شرط فك رهن العقار -عقد البيع عقد الزم ال يجوز فسخه إال برضا الطرفني -وجوب الوفاء بالعقود -اليمن بعد احلكم ال تسقط بعدم طلبها قبله -احلكم برد دعوى املدعي وأن ملكية العقار للمدعى عليه - التهميش على الصك بانتقال امللكية يكون بعد اكتساب احلكم القطعية بالتصديق عليه من محكمة االستئناف .,34304304,,34157085,1434/8/23,القطعية بالتصديق عليه من محكمة االستئناف .,واعترض املدعي بالئحة ،صدق احلكم من الدائرة احلقوقية األولى,dc806ee011304cb3a2f6c7edc90c4d2d1f7676af24ebcc13fcf5cd3faaeb6b9a,metadata_complete_auto_extracted
collector-1434-v2-p182-34167660,extracted/collector-judgments-pdf/collector-1434-v2-p182-34167660.pdf,moj-judgments-1434-volume-2.pdf,bc54bb17b24305dd02bdac024626902f2eabaf468633627239138acdf76f562c,182,192,11,2d20a80a719f7c4252abddd1999c8b3c26b2670dfc45c308a1dadfd2aa356ce4,520094,بيع -بيع أطقم ذهب مرصعة باألملاس باآلجل -دفع جزء من الثمن واملطالبة بباقي الثمن -الدفع بإقامة الدعوى على غير ذي صفة -الدفع بعدم اإلختصاص احمللي والوالئي -الرد على الدفعن وانعقاد اإلختصاص للمحكمة -القضاء بالشاهد واليمن -إلزام املدعى عليه بدفع املبلغ املتبقي للمدعى .,34167660,,32321645,1434/3/21,محكمة االستئناف .,التجارية ،وجعل من بن الدوائر الدائرة التجارية ،مبوجب املادة,f73c9ea0d7f5417fc37fd7038340106f9ddb4aa280359ed0a03cdfe9de0b222e,metadata_complete_auto_extracted
collector-1434-v2-p193-34203760,extracted/collector-judgments-pdf/collector-1434-v2-p193-34203760.pdf,moj-judgments-1434-volume-2.pdf,bc54bb17b24305dd02bdac024626902f2eabaf468633627239138acdf76f562c,193,201,9,a1c1c21aca80d613197a5b68292142936e8b6025ba879674e09c8300e4795ecb,497097,بيع -مطالبة بإثبات بيع عقار تويف مالكه قبل إثبات بيعه وإفراغه -اثبات البيع وقبض الثمن باإلقرار وشهادة الشهود -احلكم بإثبات البيع -وجوب تدقيق احلكم لورود احلكم على قاصر .,34203760,,34171007,1434/5/1,باحلكم إال أن احملكمة قررت رفعه إلى محكمة االستئناف,احلمد هلل وحده وبعد ..فقد اطلعنا نحن قضاة الدائرة احلقوقية الثانية,26eb8bae676933c9b0aace07cae41c3eaa8dfe49775a4f0939035d248baf5ebe,metadata_complete_auto_extracted
collector-1434-v2-p202-34334270,extracted/collector-judgments-pdf/collector-1434-v2-p202-34334270.pdf,moj-judgments-1434-volume-2.pdf,bc54bb17b24305dd02bdac024626902f2eabaf468633627239138acdf76f562c,202,206,5,5e1318be9c4a0389e6659c74b226bfccdf047c76842df998a02448e558181f49,492237,بيع -وعد بالشراء بعد التملك -اإلتفاق على شراء فيا ثم بيعها ثانية على دفعات -سداد جزء من املبلغ مبوجب عقد - إخال البائع بإلتزاماته التعاقدية -املطالبة برد املبلغ -وجود سند -حلف اليمن -عدم حضور املدعى عليه -رفع احلكم حملكمة االستئناف لتعذر تبليغ املدعى عليه باحلكم -احلكم غيابي ا برد املبلغ -الغائب على حجته متى حضر .,34334270,,34173586,1434/10/19,محكمة االستئناف .,,05f846a8804e1ad9910c0f415536cf908ddc9cec9e4f1c19c78179e1850f3a7b,metadata_complete_auto_extracted
collector-1434-v2-p207-207,extracted/collector-judgments-pdf/collector-1434-v2-p207-207.pdf,moj-judgments-1434-volume-2.pdf,bc54bb17b24305dd02bdac024626902f2eabaf468633627239138acdf76f562c,207,209,3,26e71b4f131cc2df1a0dc6b26b9752b23ae2ffe46e6b15dffbadf586f07173ed,201228,-2املبلغ املتبقي وقدره تسعمائة وتسعون ألف ريال تدفع على أقساط شهرية ملدة ثالثمائة شهر ،قدر القسط الواحد مبلغا قدره خمسة آالف وسبعمائة وخمسة وسبعون رياال .,,,207,1434/3/9,,جرى منا نحن قضاة االستئناف بالدائرة احلقوقية األولى مبحكمة,f5ece6bbc173d71cc16a47e4f87bed5505cadddb7f655bb6d62382e3fe01d3a8,metadata_incomplete_pending_review
collector-1434-v2-p210-34179277,extracted/collector-judgments-pdf/collector-1434-v2-p210-34179277.pdf,moj-judgments-1434-volume-2.pdf,bc54bb17b24305dd02bdac024626902f2eabaf468633627239138acdf76f562c,210,220,11,2e1e31203275eac145ac8038b0712645b6b612354c135cb484559c6fc50d0d57,552754,بيع -عقار -أرض زراعية -اإللزام باإلفراغ -طلب إفراغ العقار -بيع العقار قبل فرزه -إقرار بصحة البيع -من سعى يف نقض ما مت من جهته فسعية مردود عليه -الدعوى تقام على من بيده العن -املطالبة بأتعاب احملاماة -التهميش على صك امللكية .,34179277,,33169815,1434/4/6,باحلكم ،صدق احلكم من محكمة االستئناف .,وختمه رئيس الدائرة ...توقيعه وختمه ) لذا جرى حتريره حتى,e345989d671cd447708094c6ddd5d6f898b1e553901adfa83da9ee178e2dd9c0,metadata_complete_auto_extracted
collector-1434-v2-p221-34192240,extracted/collector-judgments-pdf/collector-1434-v2-p221-34192240.pdf,moj-judgments-1434-volume-2.pdf,bc54bb17b24305dd02bdac024626902f2eabaf468633627239138acdf76f562c,221,229,9,bea43d4433dff587c840311b9cb5b4f2cbe4705810dc6b30d55e6067b29f4b6a,499181,بيع -عقار -شراء قطعة أرض -طلب اإللزام بإفراغ قطعة أرض - شطب الدعوى لعدم حضور املدعي -تدخل طرف ثالث يف الدعوى -الدفع بأن سبب عدم اإلفراغ هو إيقاف الصك -البيع املعلق على شرط ال يصح -احلكم ببطان البيع .,34192240,,33121374,1434/4/20,احلكم من محكمة االستئناف .,33317704يف 1434/06/13ه وقد جرى تدقيق احلكم من الدائرة,0bf935d03fb48d5a5a691dded00a4fca092c7cde60b8463ec81e65a1b571aece,metadata_complete_auto_extracted
collector-1434-v2-p230-34207046,extracted/collector-judgments-pdf/collector-1434-v2-p230-34207046.pdf,moj-judgments-1434-volume-2.pdf,bc54bb17b24305dd02bdac024626902f2eabaf468633627239138acdf76f562c,230,235,6,8debfdcdad1c93b573636e16aae71fb369ee30b3b609b7d17665239d2a5b30fc,502444,بيع -عقار -قطعة أرض -اإلفراغ الصوري -إفراغ الصك باسم مورث املدعى عليه صوري ا من أجل التقدمي على صندوق التنمية العقاري -إقرار املدعى عليهم بعدالة الشاهد -القضاء بشهادة رجل وامرأتن -ثبوت متلك املدعي لأرض موضع الدعوى -رفع املعاملة حملكمة االستئناف لوجود قاصر ضمن املدعى عليهم.,34207046,,3499874,1434/5/6,بعد تصديق احلكم من محكمة االستئناف ،صدق احلكم من,,313c518dbcf2835d692deaccb2663433bac03b275967a890c1471f43bc5e6855,metadata_complete_auto_extracted
collector-1434-v2-p236-34257807,extracted/collector-judgments-pdf/collector-1434-v2-p236-34257807.pdf,moj-judgments-1434-volume-2.pdf,bc54bb17b24305dd02bdac024626902f2eabaf468633627239138acdf76f562c,236,242,7,87dc7fec10efed331aadf3030d3f8933f87f7aecb50f87c37b912e54df87b2a1,511635,عقد -بيع -محطة محروقات -مطالبة بفرق سعر البيع للضرر بسبب الغش والتدليس -بيع العقار بعد العلم بالعيب يعد رض ا بالعيب -سقوط املطالبة بأرش النقص بالتصرف بعد العلم بالعيب -احلكم برد الدعوى وعدم االستحقاق .,34257807,,34244543,1434/7/3,قضا ة االستئناف بالدائرة احلقوقية اخلامسة يف محكمة االستئناف,املدعي وكالة بالئحة ،صدق احلكم من الدائرة احلقوقية اخلامسة,872d129b1b3028b62dbc59bfc3bfef1dd85eb6348277af35e2518e18bc57b9cb,metadata_complete_auto_extracted
collector-1434-v2-p243-34273692,extracted/collector-judgments-pdf/collector-1434-v2-p243-34273692.pdf,moj-judgments-1434-volume-2.pdf,bc54bb17b24305dd02bdac024626902f2eabaf468633627239138acdf76f562c,243,245,3,965a959da744b76d80b6f7c5fa613c98f28699144599db22d6712f793a4f601e,478957,بيع -عقد -أرض بيضاء -املطالبة برد ثمن املبيع لعدم التملك- اإلقرار بقبض الثمن واحليازة دون صك شرعي -العقد من مالك للمعقود عليه أو من يقوم مقامه -احلكم برد الثمن وعدم صحة,34273692,,34268669,1434/7/19,,رئيس الدائرة له وجهة نظر ( )........ختمه وتوقيعه ،وباهلل التوفيق,0c28fe8cb010d733c465e2166c5a28263370acbb17dfab63506d0ddf5801303a,metadata_incomplete_pending_review
collector-1434-v2-p246-34270928,extracted/collector-judgments-pdf/collector-1434-v2-p246-34270928.pdf,moj-judgments-1434-volume-2.pdf,bc54bb17b24305dd02bdac024626902f2eabaf468633627239138acdf76f562c,246,249,4,81af4cce4514beb5e5876f8ae0d53fe92c877d859fb5bf859bfd91656d83fd8f,495355,بيع -عقار -شراء فله -طلب إعادة العقار وإفراغه باسم املدعى- دفع املدعى عليه بأن العقار ليس حتت يده -دعوى استرداد احليازة يف العقار تقام على من بيده العن -احلكم بصرف النظر عن الدعوى وأن الدعوى تتوجه على من بيده العقار .,34270928,,47158,1434/7/17,املدعي على احلكم ،صدق احلكم من محكمة االستئناف .,قرار الدائرة احلقوقية اخلامسة رقم 34324633يف 1434/09/23ه,9ad69bb2dd106ed3791e741342ab92eab1822c2efbb059181c6d5afce87f2292,metadata_complete_auto_extracted
collector-1434-v2-p250-34279834,extracted/collector-judgments-pdf/collector-1434-v2-p250-34279834.pdf,moj-judgments-1434-volume-2.pdf,bc54bb17b24305dd02bdac024626902f2eabaf468633627239138acdf76f562c,250,255,6,d7c354f651ad36aa985fa276a393c3bc91a56ab0cea48f52bf3b4cf8f42cdb27,501675,بيع -كفالة غرم وأداء -بيع سيارة على أقساط -سداد جزء من الثمن والعجر عن سداد الباقي -مطالبة الكفيل بتسليم باقي ثمن سيارة اشتراها مكفوله -مصادقة املدعى عليه على الدعوى - إلزام الكفيل بتسليم ما حل من الثمن وسداد املؤجل وقت حلوله -إفهام الكفيل بالرجوع على مكفوله مبا يدفعه عنه إن رغب .,34279834,,34133081,1434 /7 /25,وعارض عليه املدعى عليه ،قررت محكمة االستئناف املصادقة,,7ed3bb26fa26f5e27972532e7b2d9aa61a1692b13513e3de407b93f9b3baa8d2,metadata_complete_auto_extracted
collector-1434-v2-p256-34330743,extracted/collector-judgments-pdf/collector-1434-v2-p256-34330743.pdf,moj-judgments-1434-volume-2.pdf,bc54bb17b24305dd02bdac024626902f2eabaf468633627239138acdf76f562c,256,264,9,014320d88f898b612391855f2fd6b8e0f850feed3706d58d45850c80eddad270,520632,بيع أرض زراعية -مطالبة بإثبات البيع واإلفراغ -صكوك ملكية العقار يستفسر عن سريان مفعولها من مصدرها -شهادة الشهود املعدلن -احلكم بثبوت بيع مورث املدعى عليهم للمدعي - التهميش على الصك بذلك بعد اكتساب احلكم للقطعية - رفع احلكم حملكمة االستئناف لوجود قاصر .,34330743,,34291219,1434/10/14,,احلكم للقطعية ،صدق احلكم من الدائرة احلقوقية الثانية,d11d227a1fc6265ded742d3eb649b77a9e1929a4c051010b341dde2357ce513d,metadata_incomplete_pending_review
collector-1434-v2-p265-34284029,extracted/collector-judgments-pdf/collector-1434-v2-p265-34284029.pdf,moj-judgments-1434-volume-2.pdf,bc54bb17b24305dd02bdac024626902f2eabaf468633627239138acdf76f562c,265,268,4,7e4027c26b7a6a09f08dc936a3d32f268cecbb9e7cbd82fbb27458b929fa7944,481697,بيع -طلب إبطال عقد بيع -حقيقة املنازعة تعرض يف حيازة - املدعى عليه ليس ذو صفة يف الدعوى -سلطة القاضي يف تكييف الدعوى -طلب وقف دعوى عن ذات املوضوع منظورة يف محكمة أخرى -احلكم بصرف النظر وإفهام املدعي بإقامة الدعوى على من تعرض له باحليازة .,34284029,,34297925,1434/7/30,على احلكم وجرى التصديق من محكمة االستئناف .,,e0a1b09e0e8d7011e981e64ea70e24d3fdcfa033e010458fa43f9074c987cbe9,metadata_complete_auto_extracted
collector-1434-v2-p273-34309361,extracted/collector-judgments-pdf/collector-1434-v2-p273-34309361.pdf,moj-judgments-1434-volume-2.pdf,bc54bb17b24305dd02bdac024626902f2eabaf468633627239138acdf76f562c,273,277,5,76bbd5099aa86531e65aaeced440c30b7cd6b96bb3afc39938832f6ec0840ca6,484375,بيع -عقار -شراء قطعة أرض باآلجل -قيام البائع ببيع العقار مرة ثانية لشخص آخر -طلب املشتري األول إبطال البيع الثاني وإدخال من انتقلت األرض إليه طرف ا يف الدعوى وإفراغ األرض له -الدفع بعدم الصفة -صرف النظر عن دعوى املدعي ألن دعوى استرداد احليازة يف العقار تقام على من بيده العن .,34309361,,32535658,1434/11/10,على احلكم ،صدق احلكم من محكمة االستئناف .,1434/11/26ه واملصدقة من الدائرة احلقوقية الرابعة مبحكمة,cc742c9482c022c84e68769f9c62dd8938385042db222ff8bf4a7e2d97eeb633,metadata_complete_auto_extracted
collector-1434-v2-p278-34328427,extracted/collector-judgments-pdf/collector-1434-v2-p278-34328427.pdf,moj-judgments-1434-volume-2.pdf,bc54bb17b24305dd02bdac024626902f2eabaf468633627239138acdf76f562c,278,282,5,cd6c2000b132797393e1a416410fa59c569df21fdf4b21e54d1ef49a35c66181,498972,بيع بالتقسيط -بطاقات سوا -حترير شيكات بكامل املبلغ -الزيادة يف السعر من أجل األجل -اشتراط حلول جميع األقساط املتبقية عند التأخر يف سداد قسطني -املسلمون على شروطهم -صرف النظر عن دعوى املدعي إلتزام ا بالعقد .,34328427,,348605,1434/10/12,صدق احلكم من محكمة االستئناف .,وبعد ...فقد اطلعنا نحن قضاة الدائرة احلقوقية األولى مبحكمة,b5587332e417c47ca089ec633fc3a2ca846697ba121c9ee4c6489160936b1cdd,metadata_complete_auto_extracted
collector-1434-v2-p283-34220791,extracted/collector-judgments-pdf/collector-1434-v2-p283-34220791.pdf,moj-judgments-1434-volume-2.pdf,bc54bb17b24305dd02bdac024626902f2eabaf468633627239138acdf76f562c,283,296,14,a7093b58e46d6f16f092cfbb9ebbf788ac4cedb722b176c96959c748582d7949,1393836,عقد -بيع -إعادة ثمن املبيع لعدم التسليم واإلفراغ -اإلقرار حجة على املقر -احلكم برد ثمن املبيع حضوري ا.,34220791,,46220130,1434/5/25,يدفع للمدعية املبلغ املدعى به حا ال ،قررت محكمة االستئناف,اطالعنا نحن رئيس وعضوي الدائرة احلقوقية الرابعة يف محكمة,7dce88f17428ca665f2a2dde1008876e0b39eeede82b6ffac3e2555c74ba4d0c,metadata_complete_auto_extracted
collector-1434-v5-p5-33316144,extracted/collector-judgments-pdf/collector-1434-v5-p5-33316144.pdf,moj-judgments-1434-volume-5.pdf,4a4134d95b2eb2bd58721fba4287e1940f0768fda51741fdb5eb9e445db4e7c6,5,13,9,2357605820de3ece0223ba6cf178acb6125c62bca67355cf24b6bce1e725636f,504568,شراكة -عقد مضاربة -مطالبة برأس املال مع األرباح -ادعاء تسليم آلخر مبوافقة رب املال -استخالف محكمة أخرى لسماع الشهود -مين املدعي واملدعى عليه -احلكم بجزء من املبلغ,33316144,,2308,1433/6/25,عليه باحلكم صدق احلكم من محكمة االستئناف .,,65655900bbdfb4802dd11dba95d609320f205f4e2064bae41924708d494ab9c1,metadata_complete_auto_extracted
collector-1434-v5-p14-3443725,extracted/collector-judgments-pdf/collector-1434-v5-p14-3443725.pdf,moj-judgments-1434-volume-5.pdf,4a4134d95b2eb2bd58721fba4287e1940f0768fda51741fdb5eb9e445db4e7c6,14,21,8,767650f3100bfbd80e2807be462f5517ae6bb9c39c2f2a4ef694aa48f238b81a,501736,شركة -نزاع بن شركاء يف شركة -تظلم من قرار شريك أدى خلسارة الشركة -إقامة الدعوى ضد الغرفة التجارية -دفع املدعى عليها بعدم الصفة وأن مهمتها تقدمي الدعم واملشورة وكونها حاضنة للمشروع ال يلزمها منه حتمل املسؤولية التضامنية -صرف النظر عن دعوى املدعي.,3443725,,2354,1434/2/23,الثانية عشرة والربع وقد عادت املعاملة من محكمة االستئناف,341107169وتاريخ 1434/7/19ه مرفق ا به قرار الدائرة احلقوقية,07a86ecfef793377562afac7f6d4a4483ec2180704bf3b7f9be92446b5be93a0,metadata_complete_auto_extracted
collector-1434-v5-p22-34188973,extracted/collector-judgments-pdf/collector-1434-v5-p22-34188973.pdf,moj-judgments-1434-volume-5.pdf,4a4134d95b2eb2bd58721fba4287e1940f0768fda51741fdb5eb9e445db4e7c6,22,27,6,24c82c3bc5d84c27ce93402cfc84cfb0da8467829444c97e75c3000b92430a73,495551,شراكة -عقد -مضاربة -تسليم أموال للمدعى عليها لغرض املتاجرة -ثبوت احتيال املدعى عليها -مطالبة املدعي برد رأس املال واألرباح -مصادقة املدعى عليها على رأس املال دون األرباح- دفع املدعى عليها باملتاجرة واخلسارة وال بينة على اخلسارة -إلزام املدعى عليها برد رأس املال للمدعي .,34188973,,3250477,1434/4/15,محكمة االستئناف مبكة املكرمة بقرارها رقم 2/2/300املؤرخ,جرى منا نحن قضا ة الدائرة احلقوقية السابعة مبحكمة االستئناف,feb4a3a9ce1267e390b7561597da535c850cc5009ca4621a2b8f693972f41310,metadata_complete_auto_extracted
collector-1434-v5-p28-3427257,extracted/collector-judgments-pdf/collector-1434-v5-p28-3427257.pdf,moj-judgments-1434-volume-5.pdf,4a4134d95b2eb2bd58721fba4287e1940f0768fda51741fdb5eb9e445db4e7c6,28,35,8,e498d8726f50d3939cb800d8120df8e7bb9b3362b36177b041379d3797f4a8ac,496736,شراكة يف فتح مطعم -حوالة -املطالبة برأس املال مع األرباح -إذا صحت احلوالة برئ احمليل من الدين سواء أمكن استيفاء احلق أو تعذر-اعتماد الترجمة يف الترافع حال كون أحد االطراف أجنبي ا -احلكم بصرف النظر عن دعوى املدعي.,3427257,,3313727,1434/2/2,احلكم من محكمة االستئناف .,رقم 3427257يف 1434/2/2ه مظهر ا عليه بقرار الدائرة احلقوقية,268a322f2ad66da11b8fbf4b406cc748f83b61a2fbec94977a493d45672f82d4,metadata_complete_auto_extracted
collector-1434-v5-p36-34167017,extracted/collector-judgments-pdf/collector-1434-v5-p36-34167017.pdf,moj-judgments-1434-volume-5.pdf,4a4134d95b2eb2bd58721fba4287e1940f0768fda51741fdb5eb9e445db4e7c6,36,42,7,62f0a83b9208bf22332ff09523d5040e5b0da5d2922fa0657bbb79c8ff147852,505457,شراكة -عقد مضاربة -مطالبة بكامل رأس املال -عدم إعفاء رب املال للمضارب -ال يحق تصرف الشريك يف مال شريكه من غير علمه -احلكم بالباقي من رأس املال .,34167017,,3341856,1434/3/21,املبلغ ،حلف املدعي صدق احلكم من محكمة االستئناف .,وتوقيع قضاة الدائرة احلقوقية األولى مبحكمة االستئناف يف تبوك,6e7ba4661059f6e0630e300cc2a802a9ec004b155c6e1efed1cd7248f390a2cb,metadata_complete_auto_extracted
collector-1434-v5-p43-3429669,extracted/collector-judgments-pdf/collector-1434-v5-p43-3429669.pdf,moj-judgments-1434-volume-5.pdf,4a4134d95b2eb2bd58721fba4287e1940f0768fda51741fdb5eb9e445db4e7c6,43,48,6,cfd53212d77e7478dbd44b0f99eed852903be0f36753c665254dc0d15c57d366,501749,مشاركة يف عمل -املطالبة بسداد نصيبه من األرباح -رفض املدعى عليه استالم ورقة التبليغ -شهادة الشهود العدول واليمن -تسليم املبلغ احملكوم به -جواز التنازل عن بعض احملكوم به - إلزام املدعى عليه دفع املبلغ املدعى به.,3429669,,3342255,1434/2/4,من محكمة االستئناف ،حضر املدعي الحقا وقرر أنه استلم من,جرى منا نحن قضا ة الدائرة احلقوقية السابعة مبحكمة االستئناف,cd8607fdbf594f362eaaa33b2a86ea262624c410252d14ee2ef61eaf2d227bf2,metadata_complete_auto_extracted
collector-1434-v5-p49-342294287,extracted/collector-judgments-pdf/collector-1434-v5-p49-342294287.pdf,moj-judgments-1434-volume-5.pdf,4a4134d95b2eb2bd58721fba4287e1940f0768fda51741fdb5eb9e445db4e7c6,49,57,9,52d6d07ed82f034246e2d210f67fc20188597e69dca824ab68c81a154babdce3,505604,شراكة عقد مضاربة -مطالبة بإعادة رأس املال -غياب املدعى عليه بعد أول جلسة -عجز عن إثبات الدفع بالوساطة -مين على نفي الدفع -ثبوت الدعوى واحلكم على املدعى عليه بدفع املبلغ املدعى به -تبليغ املدعى عليه الغائب عن مجلس احلكم بصورة من احلكم -حكم حضوري.,342294287,,3342731,1434/11/15,فقد جرى بعثها الى محكمة االستئناف مبكة املكرمة للتوجيه,1434/07/30ه ومرفق بها قرار الدائرة احلقوقية األولى رقم,2c4b480920ba5cc9d1d6987722e9341e3ac150f443e4b5cfae3ecd741a0fb1f7,metadata_complete_auto_extracted
collector-1434-v5-p58-3462864,extracted/collector-judgments-pdf/collector-1434-v5-p58-3462864.pdf,moj-judgments-1434-volume-5.pdf,4a4134d95b2eb2bd58721fba4287e1940f0768fda51741fdb5eb9e445db4e7c6,58,67,10,08efdfcd380a5b8bd48acb679a3272983b18c94a24e6c910ca06308e31c26ae7,519491,شراكة مبساهمة عقارية -مضاهاة التوقيع على سند املساهمة عن طريق األدلة اجلنائية -احلكم باليمن مع سند املساهمة املعتمدة من األدلة اجلنائية -احلكم بإعادة رأس املال دون األرباح .,3462864,,31900253,1434/3/15,واعترض املدعى عليه األول -صدق احلكم من محكمة االستئناف,يف 1434/8/2ه واملرفق به قرار مالحظة الدائرة احلقوقية السابعة,91ac6c76fa4be64186acb14410a4fcb9ef77514c8d42cab89df6144d053170c8,metadata_complete_auto_extracted
collector-1434-v5-p68-3458957,extracted/collector-judgments-pdf/collector-1434-v5-p68-3458957.pdf,moj-judgments-1434-volume-5.pdf,4a4134d95b2eb2bd58721fba4287e1940f0768fda51741fdb5eb9e445db4e7c6,68,77,10,ff86735f2420fdddca937cedb42c22f6c936a645197b8debccfef12600102c82,516723,شراكة -مضاربة -العامل أمن يف مال املضاربة -القول قول العامل يف عقد املضاربة يف الربح واخلسارة مع ميينه -القول قول العامل يف نوع التجارة مع ميينه -سند قبض مبلغ املضاربة -بينة غير موصلة -القضاء باليمن .,3458957,,32182838,1434/3/9,من محكمة االستئناف.,اطالعنا نحن رئيس وعضوي الدائرة احلقوقية الرابعة يف محكمة,15ea75d0d2f695d21ff6bb70ea353e1098d64bcb123e4b5f1740151f76ad643a,metadata_complete_auto_extracted
collector-1434-v5-p78-3462403,extracted/collector-judgments-pdf/collector-1434-v5-p78-3462403.pdf,moj-judgments-1434-volume-5.pdf,4a4134d95b2eb2bd58721fba4287e1940f0768fda51741fdb5eb9e445db4e7c6,78,90,13,6b791280c28d2d651a4e10ef3655413d8cbefe362c27d7a1fa07ddfab27f04ac,539202,شراكة -مضاربة -دعوى على مصرف بطلب إثبات شراكة -اختصاص جلنة املنازعات املصرفية بنظر القضايا املصرفية - مشاركة جتارية -طلب إثبات عقد لشراكة على الصفة املوضحة يف الدعوى -طلب إثبات خسارة رأس املال -عقد تسهيالت بنكية -صرف النظر عن الدعوى لعدم االختصاص الوالئي.,3462403,,32234537,1434/3/15,وكالة ،صدق احلكم من محكمة االستئناف .,احلمد هلل وحده وبعد ..فقد اطلعنا نحن قضاة الدائرة السادسة,f20aadab39b8e3ffa0a4961068bad14f45f3c577b720ddf9577baaccb152abef,metadata_complete_auto_extracted
collector-1434-v5-p91-33473259,extracted/collector-judgments-pdf/collector-1434-v5-p91-33473259.pdf,moj-judgments-1434-volume-5.pdf,4a4134d95b2eb2bd58721fba4287e1940f0768fda51741fdb5eb9e445db4e7c6,91,107,17,705e7c6edd273ceb291f53729587d4b9c7c5f3edf026444b7158844a7174c037,527897,شراكة -ادعاء شراكة عقارية -مطالبة الشريك بنقل ملكية نصيبه يف األرض إليه -بينة غير موصلة -اليمني على نفي الدعوى حق للمدعي وله عدم قبولها -رد الدعوى -استحقاق املدعي ليمن املدعى عليه على نفي الدعوى متى طلبها.,33473259,,32260602,1433/12/19,املدعي ،قررت محكمة االستئناف املصادقة على احلكم.,د ..... .و رئيس الدائرة .....وعليه توقيع وختم لكل واحد منهم وعليه,8c5f2b1f796d6cf21390e3935110586afffbb8e78cdc7c39804270be7e4e9801,metadata_complete_auto_extracted
collector-1434-v5-p108-33354636,extracted/collector-judgments-pdf/collector-1434-v5-p108-33354636.pdf,moj-judgments-1434-volume-5.pdf,4a4134d95b2eb2bd58721fba4287e1940f0768fda51741fdb5eb9e445db4e7c6,108,117,10,56e6183e6fed50b068924d4c3a45396610fd233d151a959ae0ac723cddee89e0,518399,شراكة جتارية -حوالة -إيداع املبلغ املدعى به مبوجب حتويل بنكي -الدفع بان املبالغ املودعة جرى تسليمها لشخص آخر -إذا اختلف الدافع والقابض يف صفة املقبوض فالقول قول الدافع مع ميينه -احلوالة بناء على طلب شخص غير احملول له -إلزام املدعى عليه بدفع املبلغ محل الدعوى.,33354636,,32403744,1433/7/20,محكمة االستئناف .,احلمدهلل وحده وبعد فقد اطلعنا نحن قضاة الدائرة الثانية,664c448c4f56401f29c5bf7ce73bfe7ddcc3e8ea74e7c5d445e88fce611f8cad,metadata_complete_auto_extracted
collector-1434-v5-p118-3410654,extracted/collector-judgments-pdf/collector-1434-v5-p118-3410654.pdf,moj-judgments-1434-volume-5.pdf,4a4134d95b2eb2bd58721fba4287e1940f0768fda51741fdb5eb9e445db4e7c6,118,128,11,c3b307add58c814e328485a22263e58a1f93243838f33da42e5c552c96349398,527578,شراكة -عقد مضاربة -مطالبة بفسخ عقد املضاربة وإعادة رأس املال لعدم تسليم األرباح -حتديد ربح املضاربة بنسبة ثابتة من رأس املال غير جائز -فسخ العقد -عدم قبول الرجوع عن اإلقرار بحق آلدمي -مين اقوى املتداعين.,3410654,,32595757,1434/1/13,باحلكم وعارضت عليه املدعى عليها ،قررت محكمة االستئناف,1434/ه واملالحظ عليها من قبل أصحاب الفضيلة قضاة الدائرة,f87c5b71b15a0a796bc7dc6d6b4f60982463f14d055db8a6ac03fffaced1cbb6,metadata_complete_auto_extracted
collector-1434-v5-p129-34298408,extracted/collector-judgments-pdf/collector-1434-v5-p129-34298408.pdf,moj-judgments-1434-volume-5.pdf,4a4134d95b2eb2bd58721fba4287e1940f0768fda51741fdb5eb9e445db4e7c6,129,137,9,6aba0520ac5c32815fc95aaafc519e1598277cc1c952792d82507beb2c052b3f,505716,شركة مضاربة -املطالبة باألرباح يف شركة مضاربة -دعوى خسارة شركة مضاربة -عدم ثبوت الربح يف شركة املضاربة - صرف النظر عن املطالبة بأرباح شركة املضاربة لعدم ثبوتها - املضارب مؤمتن واألمن يقبل قوله بيمنه- ( اتفاق أهل العلم أن املضارب مؤمتن ال ضمان عليه فيما يتلفه من املال من غير جناية فيه وال استهالك له وال تصحيح هذه سبيل األمانة وهذا سبيل االمناء) االستذكار البن عبد البر - 124/121,34298408,,33185453,1434/8/16,محكمة االستئناف,معها قرار الدائرة احلقوقية األولى بالقرار,79f5fad0d4eb5faf8af70815cdabb60c3d4ca709d0898d19c78b24e799fd5645,metadata_complete_auto_extracted
collector-1434-v5-p138-346305,extracted/collector-judgments-pdf/collector-1434-v5-p138-346305.pdf,moj-judgments-1434-volume-5.pdf,4a4134d95b2eb2bd58721fba4287e1940f0768fda51741fdb5eb9e445db4e7c6,138,150,13,42672c57e0672f7ab9477e84ce328aafd788a0e7b0aca073cec6bafaa9d50e19,540335,شراكة -عقد مضاربة -تدافع اختصاص حسمة املجلس األعلى للقضاء -صور فواتير شراء وعدم وجود أصولها -مطالبة بإعادة رأس املال مع األرباح -عجز عن إثبات الدفع بعدم االستحقاق -نكول املدعى عليه عن اليمن -ثبوت الدعوى مع التنازل عن,346305,,33258094,1434/1/7,قررت محكمة االستئناف املصادقة على احلكم.,رئيس الدائرة .....توقيعه وختمه) أ.ه لذا جرى احلاقه والتهميش,06dcd3973cb1177fa1173859f8461f59149b53d67fb8b311e2b35f3ba4de4720,metadata_complete_auto_extracted
collector-1434-v5-p151-34176551,extracted/collector-judgments-pdf/collector-1434-v5-p151-34176551.pdf,moj-judgments-1434-volume-5.pdf,4a4134d95b2eb2bd58721fba4287e1940f0768fda51741fdb5eb9e445db4e7c6,151,160,10,1aa6d9fdf7e87cbc0e6837c0353fa1eb4a2b4a10ba34194445acf3843a48564b,512968,مطالبة مالية -إعادة مبلغ -إدعاء املدعي أن املبلغ سلفة -دفع املدعى عليه أن املبلغ مضاربة -كمبيالة ال تتضمن سبب املبلغ -شهادة شهود غير موصلة -بينة املدعى عليه وميينه -إحضار شاهد بعد احلكم -القول قول املضارب يف الربح واخلسارة -صرف نظر عن الدعوى.,34176551,,33311796,1434/4/1,على احلكم وجرى التصديق من محكمة االستئناف.,يف 1434/07/23ه ألصحاب الفضيلة قضاة الدائرة احلقوقية الرابعة,11d0a0bb643bb2a9f37e99c8243f9803db52cc81151451427854349d252782b2,metadata_complete_auto_extracted
collector-1434-v5-p161-33458770,extracted/collector-judgments-pdf/collector-1434-v5-p161-33458770.pdf,moj-judgments-1434-volume-5.pdf,4a4134d95b2eb2bd58721fba4287e1940f0768fda51741fdb5eb9e445db4e7c6,161,168,8,c12f579175c65557fba18a92ad47433fc34e363adb0abc9e7741937c320428d3,513262,شركة مضاربة -مطالبة بأرباح وراس املال -تكييف التعامل بن الطرفن بشركة مضاربة -انعقاد شركة املضاربة بكل قول يدل عليها -شرط صحة شركة املضاربة تقدير نصيب العامل من الربح -تعدي العامل يف املضاربة يجعله ضامن ا -اقرار املدعى عليه -الزام املدعى عليه بإعادة رأس املال بشركة املضاربة -احلكم ببطان عقد املضاربة -اثبات ما اصطلح الطرفان عليه يف كيفية سداد املبلغ احملكوم به .,33458770,,33603477,1433/11/20,محكمة االستئناف -عادت املعاملة من جهة التنفيذ ،مت اثبات ما,1434/03/16ه واملزودة بالقرار من الدائرة األولى -ق /أ برقم,5f680a5f61c4c1a879e7f8fcb29062d2e683c212ccb1155e39c9a43c0a1ef20d,metadata_complete_auto_extracted
collector-1434-v5-p169-33461365,extracted/collector-judgments-pdf/collector-1434-v5-p169-33461365.pdf,moj-judgments-1434-volume-5.pdf,4a4134d95b2eb2bd58721fba4287e1940f0768fda51741fdb5eb9e445db4e7c6,169,175,7,fc251e5419d9fd597eb0d449e483b9cb2a0d8aaa27e2f649d733c6994e60a43c,494807,شركة مضاربة -طلب اعادة رأس املال -سماع الدعوى غيابي ا لتعذر تبليغ املدعى عليه -احلكم بشاهد عدل ومين -طلب مين االستظهار -الشريعة جاءت برفع الضرر -للحاكم والية على مال الغائب -يجوز احلكم على الغائب و املستتر و املمتنع -احلكم بدفع املبلغ املدعى به لقيام البينه -الغائب على حجته متى حضر .1مارواه ابن عباس رضي اهلل عنهما أن رسول اهلل ( قضى بيمن وشاهد ) رواه مسلم.,33461365,,33606126,1434/11/21,محكمة االستئناف مبكة املكرمة باملصادقة على احلكم.,الدائرة احلقوقية السابعة مبوجب قرارهم ذي الرقم 33461365يف,b7ae4c34fe152f81ac4d245e05bb8be5335648a921c67cab96f19742566a726e,metadata_complete_auto_extracted
collector-1434-v5-p176-3424101,extracted/collector-judgments-pdf/collector-1434-v5-p176-3424101.pdf,moj-judgments-1434-volume-5.pdf,4a4134d95b2eb2bd58721fba4287e1940f0768fda51741fdb5eb9e445db4e7c6,176,185,10,fa550eac0cc48b845eddea86f8159c9bdec2b86a1e295a5fab604c6ae318de34,513418,عقد شراكة -مغسلة مالبس -قرض -فسخ عقد شركة -تقدير اخلسارة يف الشركة على كل واحد بقدر ماله -عقد الشراكة عقد جائز -إجراء احملاسبة بن الشريكني -إلزام املدعى عليه سداد مبلغ الربح .,3424101,,33647847,1434/7/27,صدق احلكم من محكمة االستئناف .,جرى منا نحن رئيس وأعضاء الدائرة احلقوقية الثالثة يف محكمة,61881cf73c9dd80a5d7feda68ced0b15a2fcf613f97cbbf121754729616ded24,metadata_complete_auto_extracted
collector-1434-v5-p186-3422009,extracted/collector-judgments-pdf/collector-1434-v5-p186-3422009.pdf,moj-judgments-1434-volume-5.pdf,4a4134d95b2eb2bd58721fba4287e1940f0768fda51741fdb5eb9e445db4e7c6,186,198,13,345e130a9294dbe1b73a6f2903837a5a1747f2c9d465b9e9c3c81c8583e4e253,533091,شراكة -استرداد -اتفاق املدعي واملدعى عليه على تنظيم مهرجان مبوجب عقد شراكة -قيام املدعي بتسليم املدعى عليه شيك ا بقيمة معينة -الغاء املهرجان والغاء عقد الشراكة -مطالبة املدعي باسترداد حيازة الشيك -شهادة الشهود للطرفن -تعذر الصلح بن الطرفن -حلف املدعى عليه اليمن -بينات الطرفن غير موصلة -صرف النظر عن الدعوى -إفهام املدعي بأن له مين املدعى عليه على نفي دعواه .,3422009,,33697336,1434/1/25,الثانية يف محكمة االستئناف باملنطقة الشرقية على املعاملة املقيدة,اعترض املدعي على احلكم بالئحة ،صدق احلكم من الدائرة,72730cb0348ac6148aaeab02db6e9ace8ba1b81fb135c9f28b8ae79df85a17a7,metadata_complete_auto_extracted
collector-1434-v5-p199-34238180,extracted/collector-judgments-pdf/collector-1434-v5-p199-34238180.pdf,moj-judgments-1434-volume-5.pdf,4a4134d95b2eb2bd58721fba4287e1940f0768fda51741fdb5eb9e445db4e7c6,199,208,10,643d117e3e1c44bf98ea7f972ddf73dc31d8a23fa6c9f653e695a82ca3dd9403,1231347,شراكة -مضاربة -تسليم مال للغير ألجل املضاربة -دفع املضارب املال إلى غيره ليضارب به من غير اذن رب املال -تعد يوجب الضمان -تفريط املضارب -حكم بتضمن مضارب لتعديه وتفريطه - يشترط لصحة القراض تقدير نصيب العامل من الربح -حكم القراض الفاسد -تهميش على الصك بالسداد .,34238180,,34156169,1434/6/12,عدم القناعة ،صدر قرار محكمة االستئناف مبكة املكرمة,االستئناف بالدائرة احلقوقية السابعة مبحكمة االستئناف مبنطقة,0dd70f181652db6bc368e5d502fafc37c5f1453c536d402067507f4d7dbd1030,metadata_complete_auto_extracted
collector-1434-v5-p209-33482391,extracted/collector-judgments-pdf/collector-1434-v5-p209-33482391.pdf,moj-judgments-1434-volume-5.pdf,4a4134d95b2eb2bd58721fba4287e1940f0768fda51741fdb5eb9e445db4e7c6,209,214,6,157437ccfb89f418fce3b603b762b48437293e1cbcf438ca079125753b2c4a4d,498520,ضمان -تكاليف عاج عامل مبؤسسة -عدم حضور ممثل للمدعى عليه -سند ضمان مصدق من جهة نظامية -إلزام بالدفع والغائب على حجته -إخطار الغائب بصورة من احلكم -تصديق محكمة,33482391,,25038,1433/12/29,1434/02/27ه هذا وقد عادت املعاملة من محكمة االستئناف,صلى اهلل عليه وسلم «الزعيم غارم» فقد قررت الدائرة احلكم على,e69cc0cce751e4faab6bf6d29727d8bfdd795020bb42c2e49249704f60b1616b,metadata_complete_auto_extracted
collector-1434-v5-p215-3420453,extracted/collector-judgments-pdf/collector-1434-v5-p215-3420453.pdf,moj-judgments-1434-volume-5.pdf,4a4134d95b2eb2bd58721fba4287e1940f0768fda51741fdb5eb9e445db4e7c6,215,219,5,e31a6911e286a811f1d1ff070dd493af585a1d5b8415e75c48979b0835a1f8bd,490013,كفالة -كفالة حضورية -إمهال الكفيل مدة زمنية إلحضار مكفوله -تعذر إحضار املكفول على الكفيل -الكفالة نوع من الضمان -غياب الكفيل عن اجللسة وصدور حكم حضوري ضده - حكم على الكفيل بتسديد ما بذمة املكفول لتعذر إحضاره -إفهام الكفيل بأن له مطالبة مكفوله بدعوى مستقلة -إخطار الكفيل الغائب بصورة من احلكم .,3420453,,33497030,1434/1/24,من احلكم .صدر قرار محكمة االستئناف باملوافقة على احلكم.,3420453يف 1434/1/24ه مظهر ا عليه بقرار الدائرة احلقوقية,21278394f5a7a7dad65a4772850e069448151640f18ce6e2f5f5bda247ec3ca6,metadata_complete_auto_extracted
collector-1434-v5-p220-3425012,extracted/collector-judgments-pdf/collector-1434-v5-p220-3425012.pdf,moj-judgments-1434-volume-5.pdf,4a4134d95b2eb2bd58721fba4287e1940f0768fda51741fdb5eb9e445db4e7c6,220,225,6,b2c0b8ba80d5296fb7eec566063d6a4f7400559138753de7588ff6259d424fb5,488234,كفالة غرم وأداء -بيع سيارة بأقساط -النص يف العقد على حلول كامل املبلغ حال التخلف عن سداد قسطني -عجز املكفول عن سداد األقساط احلا لة -مطالبة الكفيل بسداد كامل املبلغ -اشتراط حلول كامل األقساط عند العجز عن السداد ينايف مقتضى العقد -الضامن ال يطالب باملؤجل إال بعد حلوله - إلزام املدعى عليه (الكفيل) بتسليم املبلغ احلال -للكفيل مطالبة مكفوله بتخليصه من الكفالة -للكفيل مطالبة مكفوله مبا يسدده,3425012,,3421853,1434/3/2,,احلمد هلل وحده وبعد ..فقد اطلعنا نحن قضاة الدائرة احلقوقية,7bac9fc84a85f7ece7a2d15194413b7c0502a739e93a5721b99ea379d7f71d4d,metadata_incomplete_pending_review
collector-1434-v5-p226-34280018,extracted/collector-judgments-pdf/collector-1434-v5-p226-34280018.pdf,moj-judgments-1434-volume-5.pdf,4a4134d95b2eb2bd58721fba4287e1940f0768fda51741fdb5eb9e445db4e7c6,226,234,9,c8c729912d86a08d195c7ce8e18ae7cd2dcce2aafdde0788dac19a76a40bb4b8,514045,كفالة -ضمان -الكفالة املعلقة على شرط -املطالبة بأتعاب احملاماة -طلب التعزير لرفع الدعوى -سبق الفصل يف الدعوى - صرف النظر عن طلب التعزير لعدم املصلحة .,34280018,,3434238,1434/7/25,احلكم من محكمة االستئناف .,وتاريخ 1434/11/10ه وبرفقها قرار قضاة الدائرة السادسة لتمييز,7e4ebbf2675293510ee74ea030350dc1c64ccd19ce7ee71ba34837c4a7d13d25,metadata_complete_auto_extracted
collector-1434-v5-p235-34221473,extracted/collector-judgments-pdf/collector-1434-v5-p235-34221473.pdf,moj-judgments-1434-volume-5.pdf,4a4134d95b2eb2bd58721fba4287e1940f0768fda51741fdb5eb9e445db4e7c6,235,238,4,a6f8171a2f7b985ec6458df04b8ccbf5c8c4cc429e61f77049ab92468dd63cfe,494675,كفالة غرم وأداء -بيع سيارة على أقساط -سداد جزء من الثمن والعجز عن سداد الباقي -مطالبة الكفيل بتسليم باقي ثمن سيارة اشتراها مكفوله -مصادقة املدعي على الدعوى -إلزام الكفيل بتسليم ما حل من الثمن وسداد املؤجل وقت حلوله -إفهام الكفيل بالرجوع على مكفوله مبا يدفعه .,34221473,,3445394,1434/5/25,عليه عدم القناعة ،متت مصادقة احلكم من محكمة االستئناف,وختمه رئيس الدائرة ..............توقيعه وختمه ) أ.ه لذا جرى إحلاقه,fe8a84e8b54d3afa0d5155e4dfc2f049d38fa1fcc12488ea51259e8ff1e2b0c1,metadata_complete_auto_extracted
collector-1434-v5-p239-34203891,extracted/collector-judgments-pdf/collector-1434-v5-p239-34203891.pdf,moj-judgments-1434-volume-5.pdf,4a4134d95b2eb2bd58721fba4287e1940f0768fda51741fdb5eb9e445db4e7c6,239,243,5,16bfbe07f49ceaab96969f4f3f4b1d4f9ee2936f9305d4850c16ce8e11cbcfcb,485809,كفالة -مطالبة الضامن للمضمون بأداء احلق لتخليصه من ضمانه كفالة يف قرض -ال تسمع دعوى اإلعسار إال بعد تكليف مدعيها بالسداد -لصاحب احلق اخليار يف الرجوع على الضامن أو املضمون -إلزام بالسداد .,34203891,,33287027,1434/5/1,من محكمة االستئناف .,عادت املعاملة من محكمة االستئناف وبرفقها قرار الدائرة,281b43cb4e50489334a312c641d105eabd82598d87f0c164ee228b8e3b098d47,metadata_complete_auto_extracted
collector-1434-v5-p244-33430422,extracted/collector-judgments-pdf/collector-1434-v5-p244-33430422.pdf,moj-judgments-1434-volume-5.pdf,4a4134d95b2eb2bd58721fba4287e1940f0768fda51741fdb5eb9e445db4e7c6,244,249,6,8ee54785ba507b6b51125d49108a4e2d66b81c2bf66dee65339e7b35b6f10530,496274,كفالة -بيع سيارة باآلجل -سداد الكفيل عن املدين -مطالبة الكفيل املدين مبا سدده عنه -قبول الدعوى على الغائب عن مجلس احلكم -اعتماد صكوك األحكام كبينة -تشرع اليمن يف جانب أقوى املتداعين -القضاء على الغائب -غياب املدعى عليه مع تبلغه مما يقوى جانب املدعي -تعذر تسليم صورة احلكم للغائب يقتضي رفع احلكم حملكمة االستئناف .,33430422,,32408198,1433/10/18,متى حضر ،صدق احلكم من محكمة االستئناف .,فقد جرى منا نحن قضا ة الدائرة احلقوقية السابعة مبحكمة,601712d00f6805b5a84a06221a67baf32ade40468a6e67f2c91d8ec9c4d38d1a,metadata_complete_auto_extracted
collector-1434-v5-p250-33442059,extracted/collector-judgments-pdf/collector-1434-v5-p250-33442059.pdf,moj-judgments-1434-volume-5.pdf,4a4134d95b2eb2bd58721fba4287e1940f0768fda51741fdb5eb9e445db4e7c6,250,254,5,d9fab80f3878ae7e1e499783368471b66a565f8aa1a749752cbf4838d0259818,498132,كفالة غرم -مطالبة الكفيل مكفوله مببلغ سدده عنه -عدم حضور املدعى عليها رغم التبليغ -تقدمي املدعي البينة على صحة دعواه -النكول لعدم احلضور -إلزام املدعى عليها بسداد املبلغ وتبليغها بذلك .,33442059,,46835,1433/10/29,,من الدائرة احلقوقية الثالثة مبحكمة االستئناف بالرياض .,c5106e60da259728e414d402ace63faf4b6cd440a7c488fda4a9187275a0b06b,metadata_incomplete_pending_review
collector-1434-v5-p255-34279891,extracted/collector-judgments-pdf/collector-1434-v5-p255-34279891.pdf,moj-judgments-1434-volume-5.pdf,4a4134d95b2eb2bd58721fba4287e1940f0768fda51741fdb5eb9e445db4e7c6,255,260,6,ac0cdc022accaf988cbf480c577fc6389a65c5ea16a828aaf14bec7a1320ad64,497155,كفالة غرم وأداء -بيع سيارة بأقساط -مطالبة الكفيل بتسليم باقي ثمن سيارة اشتراها مكفوله -عدم احلضور رغم التبليغ - شهادة الشهود -حلف املدعي اليمن -إلزام املدعى عليه (الكفيل) بسداد املبلغ احلال -للكفيل الرجوع على مكفوله فيما سدده .,34279891,,34104369,1434/7/25,,لتبليغ املدعى عليه باحلكم ،صدق احلكم من الدائرة احلقوقية,f03a8906df074a0c20ee6a99d1cc47392b2af3396cd848f4d2333b3a012b3cd8,metadata_incomplete_pending_review
collector-1434-v5-p261-34359043,extracted/collector-judgments-pdf/collector-1434-v5-p261-34359043.pdf,moj-judgments-1434-volume-5.pdf,4a4134d95b2eb2bd58721fba4287e1940f0768fda51741fdb5eb9e445db4e7c6,261,273,13,0a1f2ead662210441f906943d67ca5acff18b1401ec2fb53b557681d4ddbb482,518215,عقار -كفالة غرم وأداء -بيع فيا بأقساط -سداد املشتري جزء من الثمن والعجز عن سداد الباقي -قيام الكفيل بسداد ثمن ا -مطالبة الكفيل بسداد أتعاب احملاماة -النص يف الفيا كام العقد على حتمل املشتري أتعاب احملاماة -إقرار الكفيل بالكفالة وسداد مقابل أتعاب احملاماة -إثبات بشهادة الشهود -النكول لعدم حضور املدعى عليه دون عذر رغم التبليغ -القضاء على الناكل - إلزام الكفيل بسداد أتعاب احملاماة .,34359043,,34164547,1434/11/12,,جرى منا نحن قضاة الدائرة احلقوقية الثانية مبحكمة االستئناف,8a3b51f4b257edfdd69c55ddccfcecdbc625801bd21d37c17796b3df9810a3e2,metadata_incomplete_pending_review
collector-1434-v5-p274-34195348,extracted/collector-judgments-pdf/collector-1434-v5-p274-34195348.pdf,moj-judgments-1434-volume-5.pdf,4a4134d95b2eb2bd58721fba4287e1940f0768fda51741fdb5eb9e445db4e7c6,274,279,6,73be191e21e36835c70ed0d2ef043d4588c3abd678bbb103b8ab9095d5517a37,493117,كفالة غرم -مطالبة الكفيل بسداد قرض مالي عن مكفوله - إثبات بالشاهد واليمن -عدم حضور املدعى عليه رغم التبليغ -النكول لعدم احلضور -ثبوت الدعوى -احلكم حضوري ا بإلزام املدعى عليه بسداد املبلغ املدعى به للمدعي .,34195348,,34116743,1434/4/22,عادت املعاملة من محكمة االستئناف مبكة املكرمة بخطابهم,رقم 34615294وتاريخ 1434/07/09ه مرفق ا به قرار الدائرة,38d7648b2d9714d0952cf72fba3c1b755a60e10246f96c0495517770fb3093d6,metadata_complete_auto_extracted
collector-1434-v5-p280-34196212,extracted/collector-judgments-pdf/collector-1434-v5-p280-34196212.pdf,moj-judgments-1434-volume-5.pdf,4a4134d95b2eb2bd58721fba4287e1940f0768fda51741fdb5eb9e445db4e7c6,280,286,7,791d5f62bcffa9d8cd087dd2b2b81f06156a0a20fe398f09e76f949cc5eb0001,496604,كفالة غرم وأداء -بيع سيارة بأقساط -سداد جزء من الثمن والعجز عن سداد الباقي -مطالبة الكفيل بتسليم باقي ثمن سيارة اشتراها مكفوله -شاهدين ومين على صحة الدعوى -عدم حضور املدعى عليه رغم التبليغ -عدم احلضور نكول عن اجلواب -إلزام املدعى عليه حضوري ا بسداد املبلغ املدعى به .,34196212,,3468167,1434/4/23,,احلكم من الدائرة احلقوقية الرابعة مبحكمة االستئناف مبنطقة,8e7f24aead0a6a4cfc14bad9b6b4aed4937bfdfff6760e0d7daafb85eebde4fc,metadata_incomplete_pending_review
collector-1434-v5-p287-34230310,extracted/collector-judgments-pdf/collector-1434-v5-p287-34230310.pdf,moj-judgments-1434-volume-5.pdf,4a4134d95b2eb2bd58721fba4287e1940f0768fda51741fdb5eb9e445db4e7c6,287,293,7,9d04da404135bfe2ac0603376c83b22fd563c0cf6034c47899c5eac92de99ba7,492955,كفالة غرم وأداء -بيع بطاقات سوا بأقساط -سداد جزء من الثمن والعجز عن سداد الباقي -مطالبة الكفيل بتسليم باقي ثمن البطاقات التي اشتراها مكفوله -بينة املدعي عقد البيع املذيل بتوقيع الكفيل -شاهد ومين على صحة الدعوى -عدم حضور املدعى عليه رغم التبليغ -إلزام املدعى عليه حضوري ا بسداد املبلغ .,34230310,,34231860,1434/6/4,املعاملة من محكمة االستئناف مبنطقة اجلوف وبرفقها القرار,تبليغ املدعى عليه باحلكم ،صدق احلكم من الدائرة احلقوقية,99cf70ed531c423c2a90fb2efc0a8e6b1ed3c8fd8337d880f9d08b63e61fec6e,metadata_complete_auto_extracted
collector-1434-v5-p294-34271120,extracted/collector-judgments-pdf/collector-1434-v5-p294-34271120.pdf,moj-judgments-1434-volume-5.pdf,4a4134d95b2eb2bd58721fba4287e1940f0768fda51741fdb5eb9e445db4e7c6,294,298,5,40356a81ee4b8f445691f12d0acf66b3bbbbb3a0e25a3dec18894a680e9a8c78,491749,كفالة غرم وأداء -بيع سيارة واالتفاق على قبض الثمن على دفعتن -العجز عن السداد -مطالبة املدعى عليه (الكفيل) بسداد باقي ثمن سيارة اشتراها مكفولة -عدم حضور املدعى عليه رغم التبليغ -اإلثبات مبوجب كمبياالت ومين االستظهار -إلزام املدعى عليه حضوري ا بسداد املبلغ .,34271120,,33629349,1434/7/17,احلكم من محكمة االستئناف مبنطقة مكة املكرمة .,اطالعنا نحن رئيس وعضوي الدائرة احلقوقية الرابعة يف محكمة,6457dd6b86a48efa98a13ca1c5254ff313089ff8ba04c8fcbcf4ed6e0f7421c7,metadata_complete_auto_extracted
collector-1434-v5-p299-34352048,extracted/collector-judgments-pdf/collector-1434-v5-p299-34352048.pdf,moj-judgments-1434-volume-5.pdf,4a4134d95b2eb2bd58721fba4287e1940f0768fda51741fdb5eb9e445db4e7c6,299,308,10,80c0c5122de2dadd1c911d22dfe31b1e2882c7146538cf1e0f808d5ab0eca5a7,1265763,كفالة غرم وأداء -وجود دين لوالد املدعي يف ذمة املكفول -املطالبة بسداد الدين -عجز املكفول عن السداد -مصادقة املدعى عليه على كفالة املكفول كفالة حضورية وااللتزام بإحضاره للجهات املختصة خال مدة معينة -عجز الكفيل عن إحضار كفيله -إلزام املدعى عليه (الكفيل) بدفع احلق عن املكفول -للكفيل الرجوع على مكفوله مبا يغرمه عنه .,34352048,,34490550,1434/11/5,األولى يف محكمة االستئناف مبنطقة اجلوف على املعاملة الواردة من,بدون الئحة ،صدق احلكم من الدائرة احلقوقية األولى مبحكمة,6e57f4e4ced566673f1dca913bda45b4bd4ed59c65acfa3b046670ab5dd4f71f,metadata_complete_auto_extracted
collector-1434-v5-p309-33473941,extracted/collector-judgments-pdf/collector-1434-v5-p309-33473941.pdf,moj-judgments-1434-volume-5.pdf,4a4134d95b2eb2bd58721fba4287e1940f0768fda51741fdb5eb9e445db4e7c6,309,316,8,141bdb858c28deaf8c8fd11dfd1297326d915e2a70fa00e6153a5faff780a3cd,510036,عقار -التملك الصوري للعقار -صندوق التنمية العقاري -اتفاق على سداد أقساط قرض -سداد أجرة سكن عائلي مشترك -صورية متلك العقار -شهادة غير منتجه يف الدعوى -ضم صورة صك سابق إلى الدعوى القائمة -حتول العقد الصوري إلى حقيقي - صرف النظر عن الدعوى ما أستند إليه القاضي من املبادئ العامة وقواعد العدالة يف تسبيب,33473941,,5048,1433/12/20,اجللسة بعد أن عادت إلينا املعاملة من محكمة االستئناف بالقرار,الشهادة على املدعى عليه أنكرها -جرى اطاع الدائرة على,620b11c13a0e20e23a4eb647d1e6998c7f4f2b1d41d2e52c3b4be405345e0854,metadata_complete_auto_extracted
collector-1434-v5-p317-34241641,extracted/collector-judgments-pdf/collector-1434-v5-p317-34241641.pdf,moj-judgments-1434-volume-5.pdf,4a4134d95b2eb2bd58721fba4287e1940f0768fda51741fdb5eb9e445db4e7c6,317,325,9,7b6f4218ab00bee086c63c345cd6dfb9dbcadf3c98534ad2964bacd9de851475,503229,عقار -اعتداء على أرض بوضع كيبل -مطالبة باإلزالة والتعويض يف اتعاب التقاضي -دفع بوجود ترخيص من جهة مخولة وطلب الرجوع للجهة املانحة للترخيص -تقرير أهل اخلبرة -احلكم على املباشر واملستفيد -إلزام املدعى عليها باإلزالة والتعويض.,34241641,,346844,1434/06/14,عادت املعاملة من محكمة االستئناف وبرفقها القرار,الدائرة احلقوقية الرابعة يف محكمة االستئناف مبكة املكرمة,76a2657e5f5dca2c90710385387ce268e75acc09d804ef9b3d6d64d6c09f9969,metadata_complete_auto_extracted
collector-1434-v5-p326-3337775,extracted/collector-judgments-pdf/collector-1434-v5-p326-3337775.pdf,moj-judgments-1434-volume-5.pdf,4a4134d95b2eb2bd58721fba4287e1940f0768fda51741fdb5eb9e445db4e7c6,326,336,11,97c672aa7d93ca7fdc0ff87c4b9de54642121fc5c58d1b1ea2a1ba487e212da1,517422,عقار -مضاربة -مساهمة عقارية -االختاف يف احتساب نسبة األرباح يف املساهمة -بطان شرط مبلغ معن مع نسبة الربح -تكرار التخلف عن احلضور يعد قرينة على أن املتخلف عادم ا للبينة -احلكم برأس املال مع االرباح -التهميش على صك احلكم بالتنفيذ وانتهاء القضية .,3337775,,32360972,1433/8/13,,احلمد هلل وحده وبعد ..فقد اطلعنا نحن قضاة الدائرة السادسة,e0706af90886be989ff7376bb9f038091ee9d0e070bcd5f183a69c56d89686f6,metadata_incomplete_pending_review
collector-1434-v5-p337-3424705,extracted/collector-judgments-pdf/collector-1434-v5-p337-3424705.pdf,moj-judgments-1434-volume-5.pdf,4a4134d95b2eb2bd58721fba4287e1940f0768fda51741fdb5eb9e445db4e7c6,337,351,15,40e3f277792c1a33a7394b47c0af5cad0af586d28469217a468a8f7868103a62,517380,عقار -شراء أرض بالتقسيط -رهن الصك حلن استالم كامل املبلغ -بيع العقار ورهنه للبائع -طلب تسليم املبيع -الشرط املنايف ملقصود العقد -شهادة الشهود وحلف اليمن -احلكم على املدعى عليه بتسليم األرض وعلى املدعى رد الثمن احلال -تنفيذ احلكم .,3424705,,3372501,1434/1/27,محكمة االستئناف -جرى تنفيذ احلكم ورصد ذلك يف ضبط,والسام على من ال نبي بعد وبعد فقد جرى منا نحن قضاة الدائرة,040614c63d6eaafe86e017b20cadae8061182073f5d4865a4ca2348de6a60c24,metadata_complete_auto_extracted
collector-1434-v5-p352-3433023,extracted/collector-judgments-pdf/collector-1434-v5-p352-3433023.pdf,moj-judgments-1434-volume-5.pdf,4a4134d95b2eb2bd58721fba4287e1940f0768fda51741fdb5eb9e445db4e7c6,352,356,5,6ab6eb3a6ad96a73f0a00e0764d21a11b537eafa2269c29cc719a40834b80dee,496578,عقار -شراء أمر منحة أرض -طلب تسليم وثيقه املنحة -بيع املجهول -بيع ما ال ميلك -احلكم برد املبلغ املدفوع وببطان بيع,3433023,,3441153,1434/2/9,على احلكم -صدق احلكم من محكمة االستئناف .,احلمد هلل وحده وبعد ..فقد اطلعنا نحن قضاة الدائرة احلقوقية,1ba4d06849ccc008eb7bf37d5f50abe64080be00e57cf40169d1807d633f18f1,metadata_complete_auto_extracted
collector-1434-v5-p357-3436000,extracted/collector-judgments-pdf/collector-1434-v5-p357-3436000.pdf,moj-judgments-1434-volume-5.pdf,4a4134d95b2eb2bd58721fba4287e1940f0768fda51741fdb5eb9e445db4e7c6,357,366,10,ba25581fec17578f0f5469cb0db8beaeba7c460ffad045f4c511e7982e8216cc,513103,عقار -بيع عقار مبوجب صك -إيقاف الصك ألن اإلفراغ كان مبوجب وكالة مزورة -التداخل يف الدعوى للمصلحة -قيام املتداخل ببيع العقار محل الدعوى -بطان عقد البيع لتخلف شرط التملك وتسليم املبالغ قيمة العقار ألهلها وصرف النظر عن أتعاب احملاماة .,3436000,,33149668,1343/2/12,املدعى عليه وال املتداخل -صدق احلكم من محكمة االستئناف .,تاريخ 1434/07/25ه مرفقا بها قرار الدائرة احلقوقية األولى رقم,3e02e235ccf60091c51c4769d5f27dbb725b77fcb0bfed5abe1babca63d75c01,metadata_complete_auto_extracted
collector-1434-v5-p367-3458358,extracted/collector-judgments-pdf/collector-1434-v5-p367-3458358.pdf,moj-judgments-1434-volume-5.pdf,4a4134d95b2eb2bd58721fba4287e1940f0768fda51741fdb5eb9e445db4e7c6,367,375,9,02755458d8bc38bf256bafe1df500768ce5268ee97d85a9472cc8e5fccb7d05e,496991,عقار -قطعة أرض -إفراغ األب لالبن قطعة أرض للحصول على قرض صندوق التنمية العقاري -وفاة الوالد -مطالبة الورثة بإعادة األرض إلى أماك الوالد ألن البيع صوري -فقدان بينة الدعوى -عدم قبول شهادة عمودي النسب بعضهم لبعض -املثبت مق دم على النايف -صرف النظر عن الدعوى واخاء سبيل املدعى,3458358,,3493307,1434/3/9,احلكم من محكمة االستئناف .,آله وصحبه وسلم .أ .ه بختم وتوقيع رئيس وأعضاء الدائرة احلقوقية,3c1d26454a554bab6730328ced2624044fcea5baebada29b72eecb9b3188b27b,metadata_complete_auto_extracted
collector-1434-v5-p376-3417544,extracted/collector-judgments-pdf/collector-1434-v5-p376-3417544.pdf,moj-judgments-1434-volume-5.pdf,4a4134d95b2eb2bd58721fba4287e1940f0768fda51741fdb5eb9e445db4e7c6,376,386,11,fd149defef56e1a8f787f061572e5ef9ec287f29d3f79320b5e57e6dda1533d6,522185,عقار -شراء قطعة أرض -انطباق صكن على عقار واحد ( ازدواجية الصكوك ) -االستفسار عن الصكوك وتسلسلها -احلكم بإلغاء أحد الصكن السبقية الصك األخر قولة النبي صلى اهلل عليه وسلم حلكيم بن حزام رضي اهلل عنه التبع ماليس عنك,3417544,,32391074,1434/1/20,عدم القناعة -صدق احلكم من محكمة االستئناف,الدائرة ...ختم وتوقيع عليه فقد أمرت بإثباته على ضبطه وسجله,e8782a1d295373f24152f7ad9e1d3f0bc42c87caae77557af27236042bf86d17,metadata_complete_auto_extracted
collector-1434-v5-p387-261568,extracted/collector-judgments-pdf/collector-1434-v5-p387-261568.pdf,moj-judgments-1434-volume-5.pdf,4a4134d95b2eb2bd58721fba4287e1940f0768fda51741fdb5eb9e445db4e7c6,387,393,7,702525f6e1642877a27821c1fd85e9e6f158af05e3c821414f68d0f5db5c8ae4,492948,عقار -شراء بيت مرهون -فك الرهن مبوجب مخالصة مع املرهون له -تخلف املدعى عليه البائع وعدم معرفة عنوانه -طلب املدعى عليه عن طريق اجلهات الرسمية واجلريدة وإيقاف خدماته- القضاء بالشاهد واليمن -احلكم بثبوت أن البيت محل الدعوى ملك للمدعي -املدعي عليه الغائب على حجته متى حضر .,261568,,33126862,1434/7/8,حضر -صدق احلكم من محكمة االستئناف,,b45f15d653fe273cf5deb6a35c027ea2babd36f6c8ce1281379cda379258d3dd,metadata_complete_auto_extracted
collector-1434-v5-p394-33255495,extracted/collector-judgments-pdf/collector-1434-v5-p394-33255495.pdf,moj-judgments-1434-volume-5.pdf,4a4134d95b2eb2bd58721fba4287e1940f0768fda51741fdb5eb9e445db4e7c6,394,406,13,8c3eddd3c9a68a19cb0fb3aca70e223f1820cc576dc2de8bf56181300293c7f1,528230,عقار -شراء فيا و قطعة أرض -إفراغ صوري -شراء غير املواطن لعقار وتسجيله باسم مواطن -طلب املقاصة القضائية -احلكم بإفراغ العقار للمستثمر غير مواطن املادة األولى من نظام متلك غير السعودي للعقار واستثماره,33255495,,28505,1433/5/18,احلكم من محكمة االستئناف مبالحظات أهمها االستفسار عن,رقم 1176538وتاريخ 1433/7/22ه وبرفقها قرار الدائرة االولى,49e046643e059fcc84b3823f3f81aca7e17a404d681ebf36da510521776bd828,metadata_complete_auto_extracted
collector-1434-v5-p407-34208586,extracted/collector-judgments-pdf/collector-1434-v5-p407-34208586.pdf,moj-judgments-1434-volume-5.pdf,4a4134d95b2eb2bd58721fba4287e1940f0768fda51741fdb5eb9e445db4e7c6,407,411,5,99dbfdfccf113e9c3096430f9bc22f861f2ffc8746965ce1d3437070c841c7fe,486773,عقار -طلب إثبات متلك -بيع ما ال ميلك -بيع املجهول - جهالة موقع األرض -حكم برد دعوى .,34208586,,33325715,1434/05/07,القناعة -صدر قرار محكمة االستئناف مبكة املكرمة باملوافقة,فقد جرى منا نحن قضاة االستئناف بالدائرة احلقوقية األولى,d90bcbb3fc1144b87ae08abab438971804b4bb545ef746300387a1cfc526e878,metadata_complete_auto_extracted
collector-1434-v5-p412-33330892,extracted/collector-judgments-pdf/collector-1434-v5-p412-33330892.pdf,moj-judgments-1434-volume-5.pdf,4a4134d95b2eb2bd58721fba4287e1940f0768fda51741fdb5eb9e445db4e7c6,412,417,6,5e6f2d667170a2a266d6a113a10943ed62580f9d19e4ef4c271b2700654faee2,494460,عقار -شراء منحة أرض مبوجب تذكره مراجعة -عدم وجود منحة -بيع املعدوم -بيع ما ال ميلك -أوامر املنح ليست من احلقوق املعنوية املجردة التي يجيز بعض احلنفية بيعها -بطان البيع ورد الثمن .,33330892,,333676,1433/7/7,عشر وقد وردتنا املعاملة من محكمة االستئناف مبكة املكرمة,جرى منا نحن قضا ة الدائرة احلقوقية السابعة مبحكمة االستئناف,fcec06e4085fcb574bb11c6c614ef93e36386a7db2e2d52c20e03ae6d4cbca39,metadata_complete_auto_extracted
collector-1434-v5-p418-34187682,extracted/collector-judgments-pdf/collector-1434-v5-p418-34187682.pdf,moj-judgments-1434-volume-5.pdf,4a4134d95b2eb2bd58721fba4287e1940f0768fda51741fdb5eb9e445db4e7c6,418,422,5,8a3470925608a8424b1f16a81f5bc1e59dd414b3b4213f25a3c6f83fcfe49650,491437,عقار -بيع -اخاء عقار بعد البيع -سداد اجره فترة البقاء بعد االفراغ ودفع اجره محاماة [ طلبان عارضان] -وجوب الوفاء بالعقود -احلكم بإخاء العقار -تأجيل النظر يف طلب عارض حتى توفر مسوغات البت فيه .,34187682,,33336901,1434/4/14,محكمة االستئناف مبنطقة عسير باملوافقة على احلكم.,وتوقيعه قاضي استئناف ختمه وتوقيعه رئيس الدائرة ختمه وتوقيعه,29e7ac1c275439f6a4f4723173aff435cc4c4cba703211f85f7b7c67b63d8b0e,metadata_complete_auto_extracted
collector-1434-v5-p423-33359710,extracted/collector-judgments-pdf/collector-1434-v5-p423-33359710.pdf,moj-judgments-1434-volume-5.pdf,4a4134d95b2eb2bd58721fba4287e1940f0768fda51741fdb5eb9e445db4e7c6,423,430,8,af1429a5ec425b283747b46f25253c1a801a67294067e34d12903d1673bd578a,503020,عقار -تداخل عقارات -قيام طريف اخلصومة بشراء العقار من باقي الورثة وتقسيم امللكية والنسبة املشاعة بينهما -قيام املدعية ببناء بعض اإلنشاءات -االختاف حول النسبة املشاعة -تكييف الدعوى دائر بن كونه وعد ا أو بيع ا معلق ا على شرط مجهول -الوعد غير ملزم والبيع املعلق على شرط مجهول غير صحيح -شرط بحث الواقعة أن تكون منتجة -رد الدعوى واخاء سبيل املدعى عليها .,33359710,,156780615,1433/7/28,ضبط القضية وقد وردتنا املعاملة من محكمة االستئناف برقم,332125702وتاريخ 1433/12/1ه وبرفقها قرار الدائرة احلقوقية,706a32768b8c6270c4401229f814938508ad13ee9454c85daf83d84d17beb016,metadata_complete_auto_extracted
collector-1434-v5-p431-33433302,extracted/collector-judgments-pdf/collector-1434-v5-p431-33433302.pdf,moj-judgments-1434-volume-5.pdf,4a4134d95b2eb2bd58721fba4287e1940f0768fda51741fdb5eb9e445db4e7c6,431,434,4,82f94c525569a640dc253a60005a9cbef8daa4bbee4d078f907b7983bb897fd8,492318,عقار -شراء منحة أرض -الوعد باإلفراغ -بيع ما ال ميلك - احلكم بإعادة املبلغ وفسخ عقد البيع.,33433302,,333670,1433/10/22,احلكم من محكمة االستئناف بأنه البد من فسخ العقد البيع ثم,جرى منا نحن قضاة االستئناف بالدائرة احلقوقية األولى مبحكمة,0d7d3df2939495f9352c4b78c3737e14db759c80750099409949184446956032,metadata_complete_auto_extracted
collector-1434-v5-p435-342935,extracted/collector-judgments-pdf/collector-1434-v5-p435-342935.pdf,moj-judgments-1434-volume-5.pdf,4a4134d95b2eb2bd58721fba4287e1940f0768fda51741fdb5eb9e445db4e7c6,435,436,2,d9ce195a68155aaf8899e9091ef03b421d20d8eb5d3d0c103ba6c280f550d88b,476961,عقار -تداخل أراضي -ما تنازل به املدعي يف حكم الساقط والساقط ال يعود -تقدير التداخل يف األرض عن طريق قسم اخلبراء -ال يحل مال امرئ مسلم أال بطيب نفس منه -احلكم برد دعوى املدعي وإخاء سبيل املدعى عليه .,342935,,33476125,1434/1/5,,واعترض املدعي بالئحة -صدق احلكم من الدائرة احلقوقية,07755cbe549344e4b3ab9a0025cb74ad08361a9a183b19cb3bf4f1b3b2be4a68,metadata_incomplete_pending_review
collector-1434-v5-p440-33479865,extracted/collector-judgments-pdf/collector-1434-v5-p440-33479865.pdf,moj-judgments-1434-volume-5.pdf,4a4134d95b2eb2bd58721fba4287e1940f0768fda51741fdb5eb9e445db4e7c6,440,445,6,124b7c87842256859fd436c8314c230bf9b7646942255def5676044c549204ed,495241,عقار -تنازع حول ملكية عقار -املطالبة برفع يد عن األرض - توف اإلجراءات النظامية -إيقافصك ملكية األرض لم يس الدعوى حلني استكمال اإلجراءات النظامية للصك -وقف الدعوى تعليقي ا -عدم اكتساب صك حجة االستحكام القطعية إال بعد تصديق محكمة اإلستئناف يف حالة وجود اعتراض -التثبت من صحة الصكوك من اجلهات الرسمية .,33479865,,33408392,1433/12/27,معارضتها ولم يرفع احلكم إلى محكمة االستئناف لتصديقه,جرى منا نحن قضاة االستئناف بالدائرة احلقوقية األولى مبحكمة,fa6de1ab52050238569f48877a5c46038aacb1744629032c0bd0098791606b08,metadata_complete_auto_extracted
collector-1434-v5-p446-34169935,extracted/collector-judgments-pdf/collector-1434-v5-p446-34169935.pdf,moj-judgments-1434-volume-5.pdf,4a4134d95b2eb2bd58721fba4287e1940f0768fda51741fdb5eb9e445db4e7c6,446,459,14,afafe9885787dff57ecd99b6950ab51f4b79fab69d6602cc931af004e23ad86f,524787,عقار -شراء عقار باألقساط -مماطلة املدعى عليه يف سداد املبلغ املتبقي -النص يف عقد البيع أنه يف حالة تأخر القسط أكثر من ثالثة أشهر فإن البيع يعتبر الغيا وتكون األقساط املدفوعة مقابل اإليجار -صرف النظر عن دعوى املدعى واخاء سبيل املدعى عليه,34169935,,32540968,1434/3/23,يقنع املدعى باحلكم -لوحظ على احلكم من محكمة االستئناف,رقم 321477680يف 1434/6/20ه وبرفقه قرار الدائرة احلقوقية,cf863a178be583e019154b5d8a56950242e358e7a4053ab1444f191b22b8ddbc,metadata_complete_auto_extracted
collector-1434-v5-p460-34172977,extracted/collector-judgments-pdf/collector-1434-v5-p460-34172977.pdf,moj-judgments-1434-volume-5.pdf,4a4134d95b2eb2bd58721fba4287e1940f0768fda51741fdb5eb9e445db4e7c6,460,470,11,92bc371506a340529d11c12a652221c219acca576c47b2c88c6c6fda9c26f0de,518906,عقار -شراء أرض زراعية على دفعات -اإلتفاق على الغاء عقد املبايعة وإعادة ثمن األرض -قيام املدعى عليه بسداد جزء من املبلغ -املطالبة بسداد باقي املبلغ -إقرار املدعى عليه بإلغاء املبايعة شفهيا -القضاء بالشاهد واليمن -إلزام املدعى عليه بدفع املبلغ املدعى به أصالة .,34172977,,32142390,1434/3/28,عليه باحلكم -صدق احلكم من محكمة االستئناف .,آله وصحبه وسلم حرر يف 1434/3/25ه .تظهيرات الدائرة احلقوقية,d48b89a47e7a966eaf43d1a0c17eed94d22ecb4e602240723ad0ce02636a542e,metadata_complete_auto_extracted
collector-1434-v5-p471-34174457,extracted/collector-judgments-pdf/collector-1434-v5-p471-34174457.pdf,moj-judgments-1434-volume-5.pdf,4a4134d95b2eb2bd58721fba4287e1940f0768fda51741fdb5eb9e445db4e7c6,471,474,4,1c62b18f88258d54aa8f12582dc8f6af53ec8d2029fca1b734111b039e18807a,497886,عقار -بيع بيت -ادعاء الغن يف البيع -املطالبة بإعادة البيت مقابل رد الثمن -البيعان باخليار مالم يتفرقا -صرف النظر عن,34174457,,3453926,1434/3/29,محكمة االستئناف,أما بعد ...فقد اطلعنا نحن قضاة الدائرة احلقوقية األولى يف,3166f7873a01cd8f5cb1308b5e4d24666a67dcfbf7bdbd372de9a354d7487ad6,metadata_complete_auto_extracted
collector-1434-v5-p475-34185173,extracted/collector-judgments-pdf/collector-1434-v5-p475-34185173.pdf,moj-judgments-1434-volume-5.pdf,4a4134d95b2eb2bd58721fba4287e1940f0768fda51741fdb5eb9e445db4e7c6,475,480,6,11f2935e2167b8508ac3e2365e8dc1914b44588903ebe3ce5fe126a877da8f91,503158,عقار -شراء قطعة أرض بدون صك -طلب فسخ عقد البيع ورد مبلغ الشراء وتكاليف البناء لظهور مالك لأرض غير البائع املدعى عليه -عدم انعقاد البيع -شرط صحة البيع متام ال ملك -املفرط أولى باخلسارة -إلزام املدعى عليه برد املبلغ الذي استلمه من املدعى وصرف النظر عن باقي الطلبات .- -1قول النبي صلي اهلل عليه وسلم ( على اليد ما أخذت حتى,34185173,,32397739,1434/04/10,عليه -صدق احلكم من محكمة االستئناف .,341914127يف 1434/9/9ه مرفق ا به قرار الدائرة احلقوقية,8320a6d43343b333461ced90ec348f5d7265426acad7eb0f71cb58ffe5f54fc6,metadata_complete_auto_extracted
collector-1434-v5-p481-34262424,extracted/collector-judgments-pdf/collector-1434-v5-p481-34262424.pdf,moj-judgments-1434-volume-5.pdf,4a4134d95b2eb2bd58721fba4287e1940f0768fda51741fdb5eb9e445db4e7c6,481,488,8,353825210dcd984a5b037e8f4602b54f7bea84219a0e40e74fd5c55a1921de77,510728,إثبات ملكية عقار -رهن -إفراغ صوري -عدم قبول شهادة عمودي النسب لبعضهم البعض وقبولها عليهم -حكم بانتقال ملكية عقار -التثبت يف حقوق القصر -تعديل الشهود -إقرار الورثة بالصورية -قضاء بانتقال امللكية.,34262424,,34259555,1434/07/09,محكمة االستئناف باملالحظة بان إقرار املدعى عليهما ال يكفي,إضافة ختمه وتوقيعه رئيس الدائرة ختمه وتوقيعه ،وجوابا على ما,75643116da4a61c69ca89fecef3b582474630136376e5ed59c40837ec74ec2a0,metadata_complete_auto_extracted
collector-1434-v5-p489-34269799,extracted/collector-judgments-pdf/collector-1434-v5-p489-34269799.pdf,moj-judgments-1434-volume-5.pdf,4a4134d95b2eb2bd58721fba4287e1940f0768fda51741fdb5eb9e445db4e7c6,489,493,5,3a62fe144fad16460a6a4b4420d15de9b780f456626ff18919c16e14d5046d6c,488373,عقار -شراء أرض بدون صك -تخلف املدعى عليه عن احلضور رغم تبليغه -اإلتفاق على تطبيق منحة سامية بنسب -مطالبة املدعى بإفراغ نصيبه من األرض بصك -عدم معرفة املدعى لرقم,34269799,,347574,1434/7/16,من محكمة االستئناف,وتوقيع رئيس الدائرة ...ختم وتوقيع ،وأمرت بإثبات ذلك على,eec4d44a2742d0b7035df88a652fbd447235cea59e6aec0cac47153f490830fe,metadata_complete_auto_extracted
collector-1434-v5-p494-34291856,extracted/collector-judgments-pdf/collector-1434-v5-p494-34291856.pdf,moj-judgments-1434-volume-5.pdf,4a4134d95b2eb2bd58721fba4287e1940f0768fda51741fdb5eb9e445db4e7c6,494,499,6,6b5bda4a81e5252f7986f2e5a2dba0f7f2ae65330dfb804988b7114db114f8b2,504697,عقار -هبه -إفراغ العقار للشريك من أجل االستفادة من قرض صندوق التنمية العقاري -الهبة املشروطة -املطالبة بإعادة األرض بينة موصلة للمدعي على دعواه -احلكم املتنازل عنها -عدم وجود برد دعوى املدعي وإخاء سبيل املدعى عليه منها وإفهام املدعي بأن له مين املدعى عليه متى طلبها.,34291856,,3450976,1434/8/8,وردتنا املعاملة من رئيس محكمة االستئناف بكتابه ذي الرقم,الدائرة احلقوقية الثانية برقم 34328035يف 1434/10/12ه,a228acb64726b0a509ffd7e825b0b1f9cc1d408e40a76b03fe623ab176cdc0ed,metadata_complete_auto_extracted
collector-1434-v5-p500-34314925,extracted/collector-judgments-pdf/collector-1434-v5-p500-34314925.pdf,moj-judgments-1434-volume-5.pdf,4a4134d95b2eb2bd58721fba4287e1940f0768fda51741fdb5eb9e445db4e7c6,500,517,18,e753c58203724b30aeab0609c32a23df4a04a006cd3b944f8f197b8c09a6615e,884356,عقار -أرض زراعية مثبت ملكيتها باإلعام الصادر من احملكمة العامة واملصدق من محكمة التمييز -اعتراض أمانة منطقة املدينة املنورة على اإلعام السابق -املطالبة برفع يد املدعى عن األرض محل الدعوى وتسليمها إلى املختص للتصرف فيها- سقوط دعوى اجلهة املدعية ،وردها ،وإخاء سبيل املدعى عليه من,34314925,,32453097,1434/9/8,قطعيا ،كما جرى بصرف ال نظر من محكمة االستئناف ،و صار,قوقية الثانية برقم ( )34349149يف الدائرة احل,87105f86b9c3104dc9f7b2cac6f7ba515dd23c9e6a58141e201ee6bdba0f13ca,metadata_complete_auto_extracted
collector-1435-v1-p16-33683617,extracted/collector-judgments-pdf/collector-1435-v1-p16-33683617.pdf,moj-judgments-1435-volume-1.pdf,d44dfc501f1d75c8645ecf94e085a7bb0cf407f68a3ccbf7862f7dec115137bf,16,21,6,ceae9d8cb95a919e2f8b19e9a6e86101344a0e4dce04f528425608d0a063a042,509300,بيع -عقار من دون صك -طروء اإلغامء عىل البائع -طلب إثبات البيع -إقرار الويل - إقرار بخط البائع -يمني مكملة -ثبوت البيع - حكم ال يفيد التملك.,,,33683617,1403/3/12,الشخصية واألوقاف والوصايا والقصار وبيوت املال بمحكمة االستئناف بمنطقة عسري,بقرار أصحاب الفضيلة قضاة الدائرة املختصة بتدقيق قضايا األحول الشخصية واألوقاف,532c89fa3ef7933ad3a412fadfd3e4f863698103294ec759dd652c47e5097a98,metadata_incomplete_pending_review
collector-1435-v1-p22-34316443,extracted/collector-judgments-pdf/collector-1435-v1-p22-34316443.pdf,moj-judgments-1435-volume-1.pdf,d44dfc501f1d75c8645ecf94e085a7bb0cf407f68a3ccbf7862f7dec115137bf,22,26,5,323a339593151f2953da8640a2e09cc3ea54451ea72aee3aee0a442a7123a993,547263,بيع -عقار مرهون -ت ق بل قرض الصندوق العقاري -وفاة البائع -إعفاءه من القرض - طلب إثبات امللكية -إقرار -قارص بني الورثة -شهادة شهود عدول -شهادة ابن ألبيه - لزوم بدل القرض عىل املشرتي -ثبوت البيع -إلزام بتسليم نصيب القارص.,,,34316443,,بمحكمة االستئناف بالرياض عىل املعاملة الواردة لنا من فضيلة رئيس املحكمة العامة,احلمد هلل وحده وبعد ،فقد اطلعنا نحن قضاة الدائرة الثالثة لتدقيق القضايا احلقوقية,fdf81dedb5584e5c209c9d4c635cd42a65b4e277171120f21d56385735f4f8b3,metadata_incomplete_pending_review
collector-1435-v1-p27-33603449,extracted/collector-judgments-pdf/collector-1435-v1-p27-33603449.pdf,moj-judgments-1435-volume-1.pdf,d44dfc501f1d75c8645ecf94e085a7bb0cf407f68a3ccbf7862f7dec115137bf,27,30,4,657b5ac90b4e1e0113f5b8fe39ce171d56b52fdaf291609f7eea1fff1bcc2177,495161,بيع -رشاكة يف منزل -رشاء نصيب الرشيك -طلب إثبات امللكية ونقلها -تسليم الثمن بشيك -دفع بكونه مقابل دين -شهادة شهود عدول -ثبوت البيع -إلزام بنقل,,,33603449,,احلمد هلل وحده وبعد ،فقد اطلعنا نحن قضاة الدائرة احلقوقية األوىل بمحكمة االستئناف,احلمد هلل وحده وبعد ،فقد اطلعنا نحن قضاة الدائرة احلقوقية األوىل بمحكمة االستئناف,83c87e6005d4b61c94b71bdc2ac1694272062992d245296aa13232e342b7bf6d,metadata_incomplete_pending_review
collector-1435-v1-p31-34131504,extracted/collector-judgments-pdf/collector-1435-v1-p31-34131504.pdf,moj-judgments-1435-volume-1.pdf,d44dfc501f1d75c8645ecf94e085a7bb0cf407f68a3ccbf7862f7dec115137bf,31,39,9,311604853078a4985cd14217d323d276304b58ee9a1809be0d291762d772a84c,882052,بيع -عقار -رشاكة -رشاء حصة زوجة -طلب إثبات امللكية -دفع باإلكراه -عجز عن إثباته -رفض يمني املدعي -بينة عىل تسليم الثمن -يمني مكملة -ثبوت البيع.,,,34131504,,نحن قضاة الدائرة احلقوقية األوىل بمحكمة االستئناف بمنطقة القصيم عىل املعاملة,نحن قضاة الدائرة احلقوقية األوىل بمحكمة االستئناف بمنطقة القصيم عىل املعاملة,39adff0a475ac259fc4ee3c3e12a2be4e3b8e17cb3c7d2a9907f1d4a8d0d5fc9,metadata_incomplete_pending_review
collector-1435-v1-p40-3440228,extracted/collector-judgments-pdf/collector-1435-v1-p40-3440228.pdf,moj-judgments-1435-volume-1.pdf,d44dfc501f1d75c8645ecf94e085a7bb0cf407f68a3ccbf7862f7dec115137bf,40,43,4,7355ba629ff93fc7d730656efb8a723948e4424b43061b50bb2a37838de47265,502296,بيع -أرض -دفع عربون -عدول عن الرشاء -طلب رد العربون -العدول بغري سبب رشعي -شهادة شاهد عدل -يمني املدعى عليه -رد الدعوى.,,,3440228,,بمحكمة االستئناف بمنطقة عسري عىل املعاملة الواردة من فضيلة رئيس املحكمة العامة,احلمد هلل وحده وبعد ،فقد اطلعنا نحن قضاة الدائرة الثانية لتدقيق القضايا احلقوقية,bf2a304b8155e7e418c891404cb3512739bdb1ffd035f20294ec1de723067541,metadata_incomplete_pending_review
collector-1435-v1-p44-34440788,extracted/collector-judgments-pdf/collector-1435-v1-p44-34440788.pdf,moj-judgments-1435-volume-1.pdf,d44dfc501f1d75c8645ecf94e085a7bb0cf407f68a3ccbf7862f7dec115137bf,44,49,6,15c72a887d4691f8311f4a7f4e420b5ac5dc963c5e90678736fc6c6010fc9ada,885956,بيع -عقار -دفع عربون للبائع -رجوع املدعي عن الرشاء -رد جزء من العربون صلح ا -طلب رد باقي العربون -دفع بوجود خمالصة -رصف النظر.,,,34440788,,,1435/ 2/27ه فقد جرى م نا نحن رئيس وأعضاء الدائرة احلقوقية األوىل يف,0faa108e5901e42f0471f5ceced5005464c989d9751aeb909e316bed5066fc98,metadata_incomplete_pending_review
collector-1435-v1-p50-33542610,extracted/collector-judgments-pdf/collector-1435-v1-p50-33542610.pdf,moj-judgments-1435-volume-1.pdf,d44dfc501f1d75c8645ecf94e085a7bb0cf407f68a3ccbf7862f7dec115137bf,50,56,7,cff57befd9b6a813cf338d4d6fb5cf30c52ac5afaa227bf199d986647d5904bc,533883,بيع -نصيب يف عقار -طلب نقل ملكيته -دفع بصورية البيع -غبن يف الثمن -عقد املبايعة -ترايض املتعاقدين -اشرتاط سقوط الغبن -فورية اخليار -ثبوت البيع -إلزام املدعي بباقي الثمن.,,,33542610,,,نحن قضاة الدائرة احلقوقية األوىل يف حمكمة االستئناف باملنطقة الرشقية عىل املعاملة,fd211daa5d6528acffa3d31eec7f60d3b41d3753f828e0458372de0a96bb512b,metadata_incomplete_pending_review
collector-1435-v1-p57-33584851,extracted/collector-judgments-pdf/collector-1435-v1-p57-33584851.pdf,moj-judgments-1435-volume-1.pdf,d44dfc501f1d75c8645ecf94e085a7bb0cf407f68a3ccbf7862f7dec115137bf,57,61,5,467bae1a4e539b953ab87f67086e5475fc3176ae3670111fb62a8811d8c03c0e,504755,بيع -عقار -وفاة البائع -طلب إثبات امللكية ونقلها -دعوى ضد قارص -إقرار الويل -شهادة شهود عدول -يمني االستظهار -تسليم باقي الثمن -ثبوت البيع.,,,33584851,,بمحكمة االستئناف بالرياض عىل املعاملة الواردة من فضيلة رئيس املحكمة العامة بالرياض,احلمد هلل وحده وبعد ،فقد اطلعنا نحن قضاة الدائرة الثانية لتدقيق القضايا احلقوقية,07ee9b6e01e17edc46b46a49a7a1e3c17e1714c7ec37cf39372b1c7a1d541d73,metadata_incomplete_pending_review
collector-1435-v1-p62-34226310,extracted/collector-judgments-pdf/collector-1435-v1-p62-34226310.pdf,moj-judgments-1435-volume-1.pdf,d44dfc501f1d75c8645ecf94e085a7bb0cf407f68a3ccbf7862f7dec115137bf,62,66,5,fcf9e5c478de210bfb6798f3fc8b34899f59a07483dc5b2ad06f15860dbf3f35,517256,بيع -عقار -تسليم عربون -امتناع عن إمتام البيع -طلب إثبات امللكية -دفع بمامطلة املشرتي -بينة عىل عدمها -ثبوت البيع.,,,34226310,,,نحن قضاة الدائرة احلقوقية األوىل يف حمكمة االستئناف باملنطقة الرشقية عىل املعاملة,899a339ced8931e5b59b1c6369d806c7a3ab730716e143496c5094a3db82b0f3,metadata_incomplete_pending_review
collector-1435-v1-p67-34527025,extracted/collector-judgments-pdf/collector-1435-v1-p67-34527025.pdf,moj-judgments-1435-volume-1.pdf,d44dfc501f1d75c8645ecf94e085a7bb0cf407f68a3ccbf7862f7dec115137bf,67,71,5,d456a289df794b3434cf972f97b316f6e5721ca2c5bc011bcf902daf32659261,505142,بيع -منفعة عقار -تسليم الثمن -فقد أهلية البائع -طلب نقل امللكية -إقرار الويل - شهادة شهود عدول -رسيان مفعول الصك -ثبوت البيع -إلزام بنقل امللكية.,,,34527025,,احلمد هلل وحده وبعد ،فقد اطلعنا نحن قضاة الدائرة احلقوقية الثانية بمحكمة االستئناف,قايض استئناف د ، )...( /قايض استئناف ( )...رئيس الدائرة ( )...ختمهم وتوقيعهم,d9d33fd1076ad046eb61ac6297b59e8eb83a854c9bb613ba5dc2216706cc3d53,metadata_incomplete_pending_review
collector-1435-v1-p72-34198211,extracted/collector-judgments-pdf/collector-1435-v1-p72-34198211.pdf,moj-judgments-1435-volume-1.pdf,d44dfc501f1d75c8645ecf94e085a7bb0cf407f68a3ccbf7862f7dec115137bf,72,75,4,4099b2e50d523636e515af69f67151c596b35a78ce9f4d3b573bb06489e1fa04,502285,بيع -سيارة -طلب نقل ملكيتها -شهادة شهود عدول -إفادة املرور -انتهاء رخصة السري -تبليغ شخيص -سامع الدعوى غيابيا -حكم حضوري -إلزام بنقل ملكية السيارة.,,,34198211,,,احلمد هلل وحده وبعد ،فقد اطلعنا نحن قضاة الدائرة احلقوقية األوىل بمحكمة,776a397ba20c8c1cc06f7feaea062b8344d8840d8ff199d9fee48831fa79d004,metadata_incomplete_pending_review
collector-1435-v1-p76-34255714,extracted/collector-judgments-pdf/collector-1435-v1-p76-34255714.pdf,moj-judgments-1435-volume-1.pdf,d44dfc501f1d75c8645ecf94e085a7bb0cf407f68a3ccbf7862f7dec115137bf,76,82,7,7b6981cbd95c06ba7d9760967b8b7a6b9fcb3c343bf17cf823f5f9b51791236e,514598,بيع -سيارات -ثمن مؤجل -اشرتاط رهن عقار -طلب إنفاذ الرشط -ترصف املدعى عليه يف العقار -مطالبة املدعي بحلول الثمن -إلزام بدفع كامل الثمن.,,,34255714,,قضا ة الدائرة احلقوقية السابعة بمحكمة االستئناف يف منطقة مكة املكرمة االطالع عىل,قضا ة الدائرة احلقوقية السابعة بمحكمة االستئناف يف منطقة مكة املكرمة االطالع عىل,02ab01290f2007d5958d0526c77088e45d81aa4583ee79cdc217a762862d5bdb,metadata_incomplete_pending_review
collector-1435-v1-p83-35174684,extracted/collector-judgments-pdf/collector-1435-v1-p83-35174684.pdf,moj-judgments-1435-volume-1.pdf,d44dfc501f1d75c8645ecf94e085a7bb0cf407f68a3ccbf7862f7dec115137bf,83,87,5,a27213ac9954ff435503301d43f7f136365d77f86be96f8d724b4c6197f0171e,876778,بيع -أرض -طلب نقل ملكيتها للمشرتي -تعذر تسليم األرض -أمر سام بتسليمها للبلدية -رد الدعوى -حق الرجوع عىل البائع.,,,35174684,1418/04/14,احلقوقية بمحكمة االستئناف بمنطقة الرياض عىل املعاملة الواردة من فضيلة رئيس,احلمد هلل وحده وبعد ،فقد اطلعنا نحن قضاة الدائرة احلقوقية األوىل لتدقيق القضايا,76379d856fa3eb65ce15421eee6a5de34b19140c132ab969e2fb306e5220acf1,metadata_incomplete_pending_review
collector-1435-v1-p88-3573531,extracted/collector-judgments-pdf/collector-1435-v1-p88-3573531.pdf,moj-judgments-1435-volume-1.pdf,d44dfc501f1d75c8645ecf94e085a7bb0cf407f68a3ccbf7862f7dec115137bf,88,91,4,9007e680149e36fd00b5f627d48e67904a3f8059dddcc62cadaac7b6b3cbe087,501406,بيع -سيارة -عدم تسليم الثمن -وفاة املشرتي -طلب إثبات البيع -إقرار بالدعوى - وجود قارصين بني الورثة -شاهد معدل رشع ا -يمني املدعي املكملة -ثبوت الدعوى.,,,3573531,,,,9e694bbef1800fdb919ba4ee9fa844a2cdfa1040692da887b59d09837ff27746,metadata_incomplete_pending_review
collector-1435-v1-p92-3363988,extracted/collector-judgments-pdf/collector-1435-v1-p92-3363988.pdf,moj-judgments-1435-volume-1.pdf,d44dfc501f1d75c8645ecf94e085a7bb0cf407f68a3ccbf7862f7dec115137bf,92,98,7,76e8c04a86d356ea5390d8be28a785e216cc05c09ed9e22a0b78ab799d5236fa,514137,بيع -أرض -طلب باقي الثمن -دفع بتسليمه -إقرار خطي بالثمن -إفراغ األرض - سكوت املدعي مدة طويلة -سقوط الدعوى بالتقادم -رد الدعوى.,,,3363988,,,أصحاب الفضيلة قضاة الدائرة احلقوقية الثانية ورقم القرار - 33436145ق2/,5371d795295b0551c32bfc95175477fcbc40fa2ac7c7046196d840dffb7305e8,metadata_incomplete_pending_review
collector-1435-v1-p99-3531219,extracted/collector-judgments-pdf/collector-1435-v1-p99-3531219.pdf,moj-judgments-1435-volume-1.pdf,d44dfc501f1d75c8645ecf94e085a7bb0cf407f68a3ccbf7862f7dec115137bf,99,102,4,7c7b0a65e4994d69c8f1049eeef17d1ed4dc2d1890203dd140536b392a794ac7,502086,بيع -أرض -طلب الثمن -دفع بالغرر -أرض خمصصة للمرافق العامة -علم املدعى عليه -قرار قسم اخلرباء -عدم الغرر -إلزام بدفع الثمن.,,,3531219,,,1435/6/14ه ،فقد جرى م نا نحن رئيس وأعضاء الدائرة احلقوقية الثانية يف,c256aee95a5ebc549e2f3e3de7bc3684b274e1db9015e9ff01deb34651ddb115,metadata_incomplete_pending_review
collector-1435-v1-p103-33402020,extracted/collector-judgments-pdf/collector-1435-v1-p103-33402020.pdf,moj-judgments-1435-volume-1.pdf,d44dfc501f1d75c8645ecf94e085a7bb0cf407f68a3ccbf7862f7dec115137bf,103,108,6,526fe0022826d0da70e0209082fd2a81f72722e4dbd869ffd3298d095bf20e9d,508378,بيع -سيارة -وفاة املشرتي -مطالبة ورثته بباقي الثمن -إقرار الورثة -وجود قارصين بينهم - عقد بيع -سندات ألمر - شهادة أحد الورثة -حتقق من احلواالت املرصفية -يمني املدعي -إلزام بتسليم الثمن من الرتكة.,,,33402020,,بمحكمة االستئناف بالرياض عىل املعاملة الواردة من فضيلة رئيس املحكمة العامة بالرياض,احلمد هلل وحده وبعد ،فقد اطلعنا نحن قضاة الدائرة الثانية لتدقيق القضايا احلقوقية,8f9224da0973bd03bb7ff56c140092b0266efa7adf84e15d2bcee0a5e673d2c7,metadata_incomplete_pending_review
collector-1435-v1-p109-33529556,extracted/collector-judgments-pdf/collector-1435-v1-p109-33529556.pdf,moj-judgments-1435-volume-1.pdf,d44dfc501f1d75c8645ecf94e085a7bb0cf407f68a3ccbf7862f7dec115137bf,109,113,5,c277200c6c0a6782365e308adea63d85cbe7bf20a1d4cbff9c0663b264ffee25,523291,بيع -سيارة -ثمن مؤجل -طلب الثمن -استخالف يف سامع شهادة -رد شهادة الفاسق -رد الدعوى.,,,33529556,,,احلمد هلل وحده وبعد ،فقد اطلعنا نحن قضاة الدائرة احلقوقية األوىل يف حمكمة,07d61af4972b59c78a2bea5826423934ea26eae15fd1b5de3f7f7e512a84b22e,metadata_incomplete_pending_review
collector-1435-v1-p114-33648987,extracted/collector-judgments-pdf/collector-1435-v1-p114-33648987.pdf,moj-judgments-1435-volume-1.pdf,d44dfc501f1d75c8645ecf94e085a7bb0cf407f68a3ccbf7862f7dec115137bf,114,119,6,626ef432c46ddc07dc70e7a779088d952db0744d1e002315d2f865ec88657d49,508431,بيع -سيارات -ثمن مؤجل -طلب الثمن -دفع بالسداد -بينة غري موصلة إلثباته - رفض يمني املدعي -ثبوت الدعوى -إلزام بدفع الثمن.,,,33648987,,الدائرة احلقوقية السابعة بمحكمة االستئناف يف منطقة مكة املكرمة االطالع عىل املعاملة,الدائرة احلقوقية السابعة بمحكمة االستئناف يف منطقة مكة املكرمة االطالع عىل املعاملة,0329eab7859c627cea8be6a06f6da5b1d50da1c0a0c7143c01bec99cc61f4f4e,metadata_incomplete_pending_review
collector-1435-v1-p120-33652201,extracted/collector-judgments-pdf/collector-1435-v1-p120-33652201.pdf,moj-judgments-1435-volume-1.pdf,d44dfc501f1d75c8645ecf94e085a7bb0cf407f68a3ccbf7862f7dec115137bf,120,122,3,8440669d36d8636b290bcc2b5bf007872c50d97042cfc037d61754f707e01cfa,499896,بيع -سيارة -ثمن مؤجل -تقسيط -دفع بجهل باقي األقساط -نكول عن اجلواب - كمبياالت -يمني املدعي -ثبوت الدعوى -إلزام بدفع باقي الثمن -حكم حضوري.,,,33652201,,االستئناف بالدائرة احلقوقية األوىل بمحكمة االستئناف بمنطقة مكة املكرمة االطالع عىل,االستئناف بالدائرة احلقوقية األوىل بمحكمة االستئناف بمنطقة مكة املكرمة االطالع عىل,aedce121ec5de924af6ea61d4ddc8e0fd0124f4afb6eb39ea8bf4800caec7302,metadata_incomplete_pending_review
collector-1435-v1-p123-3436576,extracted/collector-judgments-pdf/collector-1435-v1-p123-3436576.pdf,moj-judgments-1435-volume-1.pdf,d44dfc501f1d75c8645ecf94e085a7bb0cf407f68a3ccbf7862f7dec115137bf,123,126,4,2112440fc7416ec3039ad6e7c366aeae7823b64863ed85cc25f5ca281b91baaf,502859,بيع -سيارة -ثمن مؤجل -طلب تسليم احلال من الثمن -شهادة شهود عدول - يمني االستظهار -حلف املبارش للعقد -سامع الدعوى غيابيا -حكم حضوري -ثبوت الدعوى -إلزام بدفع احلال من الثمن.,,,3436576,,,1435/5/10ه فقد جرى م نا نحن رئيس وأعضاء الدائرة احلقوقية األوىل يف,a525052f78553f4310e7d24e46307c2719d979d18a4def86d02568ccaf213fa9,metadata_incomplete_pending_review
collector-1435-v1-p127-34156238,extracted/collector-judgments-pdf/collector-1435-v1-p127-34156238.pdf,moj-judgments-1435-volume-1.pdf,d44dfc501f1d75c8645ecf94e085a7bb0cf407f68a3ccbf7862f7dec115137bf,127,129,3,a5ea45de635efb6528eecb65b22604c05b69c10975760a19dbf186e9415d29ab,499097,بيع -سيارة -ثمن مؤجل -تقسيط -عقد بيع -شاهد معدل رشعا -اشرتاط حلول األقساط عند التأخر - يمني املدعي -تبليغ شخيص -سامع الدعوى غيابيا -حكم حضوري -ثبوت الدعوى -إلزام بدفع كامل الثمن.,,,34156238,,,1435/03/20ه فقد جرى م نا نحن رئيس وأعضاء الدائرة احلقوقية الثانية يف,2932cb57dd67b11c624409decf888449ae9f04fa42ad4019e7721cc32bfde05b,metadata_incomplete_pending_review
collector-1435-v1-p130-34190585,extracted/collector-judgments-pdf/collector-1435-v1-p130-34190585.pdf,moj-judgments-1435-volume-1.pdf,d44dfc501f1d75c8645ecf94e085a7bb0cf407f68a3ccbf7862f7dec115137bf,130,132,3,6011c859f3e5dc026ea7c6de15f1396e495af68e962e9bb4c1ec4b84f930cf92,510599,بيع -سيارة -ثمن مؤجل -طلب الثمن -عقد بيع -نكول عن اليمني -سامع الدعوى غيابيا -تبليغ بتوجه اليمني -حكم حضوري -ثبوت الدعوى -إلزام بدفع الثمن.,,,34190585,,الدائرة احلقوقية السابعة بمحكمة االستئناف يف منطقة مكة املكرمة االطالع عىل املعاملة,الدائرة احلقوقية السابعة بمحكمة االستئناف يف منطقة مكة املكرمة االطالع عىل املعاملة,de97e4a37d160b99eaf6385766f3c106ecb47a288b13b1cbf64a0c93ca09f5e1,metadata_incomplete_pending_review
collector-1435-v1-p133-34317339,extracted/collector-judgments-pdf/collector-1435-v1-p133-34317339.pdf,moj-judgments-1435-volume-1.pdf,d44dfc501f1d75c8645ecf94e085a7bb0cf407f68a3ccbf7862f7dec115137bf,133,137,5,e5e60a6f36919d4c335946a040c2d06eb35c7e3f8f1e81c0476db9fd9e8a8f83,506954,بيع -سيارات -ثمن مؤجل -تقسيط -أتعاب حماماة -إنكار مقدار الثمن -دفع بسداد بعضه -عجز عن إثبات الدفع -عقد بيع -استخالف يف سامع اليمني -ثبوت الدعوى - إلزام بسداد احلال -سداد املؤجل عند حلوله -دعوى مستقلة باألتعاب.,,,34317339,,احلقوقية بمحكمة االستئناف بمنطقة حائل عىل املعاملة الواردة من فضيلة رئيس املحكمة,احلمد هلل وحده وبعد ،فقد اطلعنا نحن قضاة الدائرة احلقوقية األوىل لتدقيق القضايا,003e6afb44bd49f380ae045cf057d95530f2546c00893e6f3601744bcf9f0b0a,metadata_incomplete_pending_review
collector-1435-v1-p138-32419801,extracted/collector-judgments-pdf/collector-1435-v1-p138-32419801.pdf,moj-judgments-1435-volume-1.pdf,d44dfc501f1d75c8645ecf94e085a7bb0cf407f68a3ccbf7862f7dec115137bf,138,143,6,e68edd777fed1b2c9f3cabb0860ca797db955ff57d08976b89e3b1721bd3dce5,522807,بيع -أثاث مستعمل -طلب الثمن -عقد بيع -شيكات -يمني املدعي -تعذر التبليغ -إعالن يف الصحيفة -سامع الدعوى غيابيا -حكم غيايب -إلزام بدفع الثمن.,,,32419801,,وأعضاء الدائرة احلقوقية الثالثة بمحكمة االستئناف بمنطقة مكة املكرمة االطالع عىل,وأعضاء الدائرة احلقوقية الثالثة بمحكمة االستئناف بمنطقة مكة املكرمة االطالع عىل,9423ceeb9e57676a0dd7eb1a483e307453bc1947fe883136d65873bc855e5cf5,metadata_incomplete_pending_review
collector-1435-v1-p144-34172463,extracted/collector-judgments-pdf/collector-1435-v1-p144-34172463.pdf,moj-judgments-1435-volume-1.pdf,d44dfc501f1d75c8645ecf94e085a7bb0cf407f68a3ccbf7862f7dec115137bf,144,151,8,0eada3db64cae4c65fb555d079531685d344f782498e7ad82e3717a36f7d46a1,541349,بيع أسهم - ثمن مؤجل -تقسيط -اشرتاط حلول األقساط املؤجلة -طلب الثمن - عقد بيع بالتقسيط -يمني ممثل الشخصية املعنوية -تعذر التبليغ -سامع الدعوى غيابيا - حكم غيايب -ثبوت الدعوى -إلزام بدفع كامل الثمن.,,,34172463,,,رئيس وعضوي الدائرة احلقوقية الرابعة يف حمكمة االستئناف بمنطقة مكة املكرمة عىل,b8e9253a6cb1ebe81f894538b5dac4ddbb7266c3ea84d84acab1e4dd4fa1b7e6,metadata_incomplete_pending_review
collector-1435-v1-p152-34330536,extracted/collector-judgments-pdf/collector-1435-v1-p152-34330536.pdf,moj-judgments-1435-volume-1.pdf,d44dfc501f1d75c8645ecf94e085a7bb0cf407f68a3ccbf7862f7dec115137bf,152,155,4,7916bebcb7695c35607236b765d697b83411cf476725b24221476c7550742bf7,513342,بيع -أسهم - ثمن مؤجل -حلول بعض األقساط -طلب تسليم احلال -التزام باملؤجل عند حلوله -إقرار بالدعوى -إلزام بتسليم احلال -إلزام باملؤجل عند حلوله.,,,34330536,,,نحن قضاة الدائرة احلقوقية األوىل يف حمكمة االستئناف باملنطقة الرشقية عىل املعاملة,d7afdc10cb9d10f22f257609d546a313a4fa3f54ec2407a1aad44e2cf53fe12b,metadata_incomplete_pending_review
collector-1435-v1-p156-33183202,extracted/collector-judgments-pdf/collector-1435-v1-p156-33183202.pdf,moj-judgments-1435-volume-1.pdf,d44dfc501f1d75c8645ecf94e085a7bb0cf407f68a3ccbf7862f7dec115137bf,156,159,4,a5faf3f000d8803e8b9ca71d34ec81ba4fed0fb1fc9acb3ce352d84110e91193,505084,بيع -مستحرضات جتميل -طلب الثمن -شهادة أجري خاص -قرينةعىل صحة الدعوى -يمني الشخصية املعنوية -حلف املبارش للعقد -تعذر التبليغ -سامع الدعوى غيابيا -حكم غيايب -إلزام بدفع الثمن.,,,33183202,,,الدائرة احلقوقية السادسة يف حمكمة االستئناف بمنطقة مكة املكرمة,78e6c00aff51c1c2cf4ab74b797d39b3378d98f93cd2f8ffa63fcd8387accc05,metadata_incomplete_pending_review
collector-1435-v1-p160-33707674,extracted/collector-judgments-pdf/collector-1435-v1-p160-33707674.pdf,moj-judgments-1435-volume-1.pdf,d44dfc501f1d75c8645ecf94e085a7bb0cf407f68a3ccbf7862f7dec115137bf,160,165,6,b97598a1d91c1d5605a3a39ef41dcce18a746f41e5517ae04eb454985e65817a,511446,بيع -خرسانة جاهزة -طلب باقي الثمن حاال -دفع بكونه مقسطا -عجز عن إثبات الدفع -طلب يمني املدعي -رد اليمني -نكول عن اليمني -األصل حلول الثمن -إلزام بدفع املبلغ حاال.,,,33707674,,بمحكمة االستئناف بالرياض عىل املعاملة الواردة من املحكمة العامة باخلرج برقم,احلمد هلل وحده وبعد ،فقد اطلعنا نحن قضاة الدائرة الثانية لتدقيق القضايا احلقوقية,cc33d47b9a6cea7725dacee263b06882385b2382a66b47bb27448e27d7b03e1f,metadata_incomplete_pending_review
collector-1435-v1-p166-3461731,extracted/collector-judgments-pdf/collector-1435-v1-p166-3461731.pdf,moj-judgments-1435-volume-1.pdf,d44dfc501f1d75c8645ecf94e085a7bb0cf407f68a3ccbf7862f7dec115137bf,166,172,7,e78a4392700b7d155de38692905ca50b4c3960abf65a0b5923ffc7a8d4d47c58,511972,بيع -منفعة -نقل قدم -معدات مصنع -طلب باقي الثمن -دفع بالسداد -تنازل مكتوب -بينة غري موصلة -رفض يمني املدعي -إلزام بتسليم باقي الثمن.,,,3461731,,الدائرة اخلامسة بمحكمة االستئناف رقم 35317223يف 1435/7/15ه ،املتضمن,وقد عادت املعاملة من حمكمة االستئناف وبرفقها قرار الدائرة احلقوقية اخلامسة رقم,23ed05de4817d3c2651277d091e7f5c6b844495dc87efd6283494db15245a0f4,metadata_incomplete_pending_review
collector-1435-v1-p173-34518314,extracted/collector-judgments-pdf/collector-1435-v1-p173-34518314.pdf,moj-judgments-1435-volume-1.pdf,d44dfc501f1d75c8645ecf94e085a7bb0cf407f68a3ccbf7862f7dec115137bf,173,176,4,52fc7e2797ec7e30bb7d56dc48d96d39a672136379aebf561b7bcf8e257279f7,505068,بيع -حديد بناء -طلب الثمن -إنكار الدعوى -إقرار األجري بالقبض ملصلحة املشرتي -إلزام بدفع الثمن.,,,34518314,,,الدائرة احلقوقية السادسة يف حمكمة االستئناف بمنطقة مكة املكرمة,41496aa0d8e2171cf8fb81c7b815f53b7dd7be24871438c0b1a480a2b8a06e99,metadata_incomplete_pending_review
collector-1435-v1-p177-3517350,extracted/collector-judgments-pdf/collector-1435-v1-p177-3517350.pdf,moj-judgments-1435-volume-1.pdf,d44dfc501f1d75c8645ecf94e085a7bb0cf407f68a3ccbf7862f7dec115137bf,177,180,4,39f857601884709804538afe9219d13f29e870215398cf1be9386a36d8ac2d54,501543,بيع -ناقة -ثمن مؤجل -حلول األجل -طلب الثمن -إقرار مكتوب -شاهد معدل رشعا -يمني املدعي -تبليغ باهلاتف -سامع الدعوى غيابيا -حكم غيايب -إلزام بدفع,,,3517350,,اطلعنا نحن قضاة الدائرة احلقوقية األوىل بمحكمة االستئناف بمنطقة القصيم عىل,اطلعنا نحن قضاة الدائرة احلقوقية األوىل بمحكمة االستئناف بمنطقة القصيم عىل,d8a9d0a80f4c7316962317d41cd1f4a0120a9aa58d6ba015025ee7c05a1930a8,metadata_incomplete_pending_review
collector-1435-v1-p181-34492182,extracted/collector-judgments-pdf/collector-1435-v1-p181-34492182.pdf,moj-judgments-1435-volume-1.pdf,d44dfc501f1d75c8645ecf94e085a7bb0cf407f68a3ccbf7862f7dec115137bf,181,186,6,8342b82a2e7f9679fbc08867041dda45cbdaaa53f03971c8ba60d30bf17bece4,510203,بيع -مكيفات -ثمن مؤجل -تقسيط -طلب الثمن -دفع بالكفالة -إدخال املشرتي احلقيقي -اشرتاط حلول األقساط عند التأخر - ثبوت الدعوى -إلزام بتسليم الثمن,,,34492182,,,رئيس وعضوي الدائرة احلقوقية الرابعة يف حمكمة االستئناف بمنطقة مكة املكرمة عىل,92e1fc0c811cc6afb496b298f46f1119b416ed2388007628999ec105b0d75e27,metadata_incomplete_pending_review
collector-1435-v1-p187-3536510,extracted/collector-judgments-pdf/collector-1435-v1-p187-3536510.pdf,moj-judgments-1435-volume-1.pdf,d44dfc501f1d75c8645ecf94e085a7bb0cf407f68a3ccbf7862f7dec115137bf,187,188,2,7327cdda6c56730441e8cd473cffff42b2480f50d27032c8fb04575fca8e5573,491724,بيع -ثمر نخل -طلب الثمن -إنكار الرشاء -دفع بضامن املشرتي -عجز عن إثبات الدفع -رفض يمني املدعي عىل نفيه -عقد بيع -إلزام بدفع الثمن -حق طلب يمني,,,3536510,,,,1cb7f75e503b2c732b8e11873861d955b3d0e720291abe6d46f3288718789434,metadata_incomplete_pending_review
collector-1435-v1-p192-34492452,extracted/collector-judgments-pdf/collector-1435-v1-p192-34492452.pdf,moj-judgments-1435-volume-1.pdf,d44dfc501f1d75c8645ecf94e085a7bb0cf407f68a3ccbf7862f7dec115137bf,192,195,4,cc389e2469ebb7a6999f26e3d5eda58f233a0c5b3eab8743c8445ba88ff00ccb,514114,بيع -بطاقات اتصال -ثمن مؤجل -تقسيط -طلب الثمن -سند ألمر - يمني املبارش للعقد -اشرتاط حلول األقساط عند التأخر - تعذر التبليغ -سامع الدعوى غيابيا -حكم غيايب -ثبوت الدعوى -إلزام بدفع كامل الثمن.,,,34492452,,,رئيس وعضوي الدائرة احلقوقية الرابعة يف حمكمة االستئناف بمنطقة مكة املكرمة عىل,53b634096e16f9061d595c06d7d08b46b334846fc73967ae0d9353ad8bf64e15,metadata_incomplete_pending_review
collector-1435-v1-p196-35157782,extracted/collector-judgments-pdf/collector-1435-v1-p196-35157782.pdf,moj-judgments-1435-volume-1.pdf,d44dfc501f1d75c8645ecf94e085a7bb0cf407f68a3ccbf7862f7dec115137bf,196,199,4,8312fb40e489ad14b21ead1fffb429510ebe772abf2e6cac26e4d1aea7f74fd3,502009,بيع -بطاقات اتصال -طلب الثمن -إنكار الدعوى -سند ألمر - دفع بالتوقيع عىل بياض -شهادة شاهد -يمني املدعي -ثبوت الدعوى -إلزام بدفع الثمن.,,,35157782,,,الدائرة احلقوقية الثالثة يف حمكمة االستئناف بمنطقة مكة املكرمة,9de4b264459886dd56fb0ea57b51a326488f57e0fe2ddb5be699f2a4f9a4c70d,metadata_incomplete_pending_review
collector-1435-v1-p200-34122136,extracted/collector-judgments-pdf/collector-1435-v1-p200-34122136.pdf,moj-judgments-1435-volume-1.pdf,d44dfc501f1d75c8645ecf94e085a7bb0cf407f68a3ccbf7862f7dec115137bf,200,205,6,4e549e146834a050a35802a637fadb623dd86f44693f23f12e475eec0177db91,1210271,بيع -طيور حية -طلب الثمن -عدم البينة -طلب يمني املدعى عليه -نكوله عن أدائها -رد اليمني -حلف املدعي -تبليغ شخيص -سامع الدعوى غيابيا -حكم حضوري -ثبوت الدعوى -إلزام بدفع الثمن.,,,34122136,,,اطلعنا نحن قضاة الدائرة احلقوقية األوىل يف حمكمة االستئناف باملنطقة الرشقية عىل,a9ec7db2aa931399df1f18fb130f0834a4be03c569957e8b4223775592e3a67e,metadata_incomplete_pending_review
collector-1435-v1-p206-4620,extracted/collector-judgments-pdf/collector-1435-v1-p206-4620.pdf,moj-judgments-1435-volume-1.pdf,d44dfc501f1d75c8645ecf94e085a7bb0cf407f68a3ccbf7862f7dec115137bf,206,212,7,72fd6cbea6d98da1ab27162ec6bec2c35073c6e77c182a2a4c7c26c0063e552b,515970,بيع -أرض فضاء -قصور البائع عقال -طلب الويل إبطال البيع -دفع بعدم العلم بالقصور -يمني عىل صحته -بناء املشرتي عىل األرض -تقدير ثمنها وقت البيع -رصف النظر - إلزام املشرتي بدفع الفرق -حفظ مال القارص.,,,4620,,,,a0f57802f3bea59037da9f7a474fdb7a7e734c18e36924f58bcc9174ad1e6652,metadata_incomplete_pending_review
collector-1435-v1-p213-32259087,extracted/collector-judgments-pdf/collector-1435-v1-p213-32259087.pdf,moj-judgments-1435-volume-1.pdf,d44dfc501f1d75c8645ecf94e085a7bb0cf407f68a3ccbf7862f7dec115137bf,213,222,10,e2d2cf7ac0071c3f9dc32a858fe23b58c378ad412b8ab43f1c1227410faf45b9,521210,بيع -عقار -غبن يف الثمن -طلب الفسخ -دفع بعدم الغبن -عدم اخليار مع انتفاء التغرير - غبن غري فاحش -داللة الرضا باملبيع -فورية اخليار -رد الدعوى.,,,32259087,,,الدائرة احلقوقية السادسة يف حمكمة االستئناف بمنطقة مكة املكرمة,ff7feb21988b32ad910ae0f142d62c8aad80a8be1181733dadafb1499ede791c,metadata_incomplete_pending_review
collector-1435-v1-p223-3591153,extracted/collector-judgments-pdf/collector-1435-v1-p223-3591153.pdf,moj-judgments-1435-volume-1.pdf,d44dfc501f1d75c8645ecf94e085a7bb0cf407f68a3ccbf7862f7dec115137bf,223,227,5,86a8f448a2bc1a627941f1f5db57365ad4a12d22e6f9d5b514b835fcf4ebecab,1187721,بيع -سيارة -غبن يف املبيع -طلب إبطال البيع -ترصف املدعي يف املبيع -سقوط اخليار -رصف النظر.,,,3591153,1435/02/12,نحن قضاة الدائرة احلقوقية األوىل بمحكمة االستئناف بمنطقة القصيم عىل املعاملة,نحن قضاة الدائرة احلقوقية األوىل بمحكمة االستئناف بمنطقة القصيم عىل املعاملة,299345d6eda5db4b74e5bfed49c413e0f919d5d43c765200a42d6a2f51fb2e31,metadata_incomplete_pending_review
collector-1435-v1-p228-33592897,extracted/collector-judgments-pdf/collector-1435-v1-p228-33592897.pdf,moj-judgments-1435-volume-1.pdf,d44dfc501f1d75c8645ecf94e085a7bb0cf407f68a3ccbf7862f7dec115137bf,228,231,4,69918a26bea3a28e92c8977e647887b8c9c4a506b3617abc9e4c536d3d26806a,502759,بيع -مركبة -عيب قديم - عدم العلم به قبل الرشاء -طلب أرش العيب -دفع بفحص املشرتي للمركبة -يمينه عىل عدم العلم بالعيب -استعانة باخلرباء -عيب ينقص قيمة املركبة -تقدير األرش -إلزام بدفعه للمدعي.,,,33592897,,,احلمد هلل وحده وبعد ،فقد اطلعنا نحن قضاة الدائرة احلقوقية األوىل يف حمكمة,71fcdac5c3a97249657732904002726e32f8f47d027a9004d03a3063c35933b8,metadata_incomplete_pending_review
collector-1435-v1-p232-3469198,extracted/collector-judgments-pdf/collector-1435-v1-p232-3469198.pdf,moj-judgments-1435-volume-1.pdf,d44dfc501f1d75c8645ecf94e085a7bb0cf407f68a3ccbf7862f7dec115137bf,232,234,3,bc09bf8ca2b17ad1c889f8e3aebf24b6453ad739d11920f7cc996b5174c879a6,489648,بيع -سيارة -عيب يف املبيع -طلب استبدال السيارة -استعامهلا بعد العلم بالعيب - رضا باملبيع -سقوط اخليار -رصف النظر.,,,3469198,,احلمد هلل وحده وبعد ،فقد اطلعنا نحن قضاة الدائرة احلقوقية األوىل بمحكمة االستئناف,احلمد هلل وحده وبعد ،فقد اطلعنا نحن قضاة الدائرة احلقوقية األوىل بمحكمة االستئناف,32043750b41840bdced94a93c97438a5fe7c7e9bc93df4b360fae6202756e9d5,metadata_incomplete_pending_review
collector-1435-v1-p235-34421442,extracted/collector-judgments-pdf/collector-1435-v1-p235-34421442.pdf,moj-judgments-1435-volume-1.pdf,d44dfc501f1d75c8645ecf94e085a7bb0cf407f68a3ccbf7862f7dec115137bf,235,242,8,895cff9c946e1c12d72da74229584a545a3311b43edec7b82b2dcd0e7e0986e8,509015,بيع -سيارة -عيب قديم - طلب الفسخ -إنكار الدعوى -رفض املدعي فحص السيارة -عيب حمتمل -عدم ثبوت موجب الفسخ -رصف النظر - تصديق احلكم- التامس إعادة النظر - عيب حادث يف السيارة -رفض االلتامس.,,,34421442,,,احلمد هلل وحده وبعد ،فقد اطلعت الدائرة احلقوقية الرابعة يف حمكمة االستئناف بالرياض,01194f5ebdd27cd708c79908e4285f4cfe8706be0c66d8fd087282d0c3b7830f,metadata_incomplete_pending_review
collector-1435-v1-p243-33704861,extracted/collector-judgments-pdf/collector-1435-v1-p243-33704861.pdf,moj-judgments-1435-volume-1.pdf,d44dfc501f1d75c8645ecf94e085a7bb0cf407f68a3ccbf7862f7dec115137bf,243,246,4,88dc980f0b363de3ae2dc3c9bbaef8f97af75eeb1272e8de5fd2bf3e5b3abbfd,488756,بيع -سيارة -عيب يف املبيع -طلب الفسخ -عمولة املعرض -رسوم نقل امللكية - دفع باجلهل بالعيب -رأي اخلرباء -ثبوت العيب -فسخ العقد -إلزام برد الثمن -رد السيارة للبائع -دعوى مستقلة بالعمولة والرسوم.,,,33704861,,نحن قضاة الدائرة احلقوقية األوىل بمحكمة االستئناف بمنطقة القصيم عىل املعاملة,نحن قضاة الدائرة احلقوقية األوىل بمحكمة االستئناف بمنطقة القصيم عىل املعاملة,2416d8ed6b7cb49ed2e8d7a4919da607816e53f52b9fc3285e68b15b40fe9ef8,metadata_incomplete_pending_review
collector-1435-v1-p247-3545189,extracted/collector-judgments-pdf/collector-1435-v1-p247-3545189.pdf,moj-judgments-1435-volume-1.pdf,d44dfc501f1d75c8645ecf94e085a7bb0cf407f68a3ccbf7862f7dec115137bf,247,253,7,6c9727d4cea8ce3381b8aff2e79771e207f71926b4b61e4b3ca5dd9bb4be4bb8,518258,بيع -سيارة -عيب قديم - طلب الفسخ -إقرار بالعيب -عرض إصالحه -عيب ينقص الثمن -ثبوت اخليار -فسخ البيع -إلزام برد الثمن.,,,3545189,,بمحكمة االستئناف بمنطقة عسري عىل املعاملة الواردة من فضيلة رئيس املحكمة العامة,احلمد هلل وحده وبعد فقد اطلعنا نحن قضاة الدائرة الثانية لتدقيق القضايا احلقوقية,2d1973b66e7c29c2e51531115cc0b045a945709977f1685f8f2964943e863673,metadata_incomplete_pending_review
collector-1435-v1-p254-34508550,extracted/collector-judgments-pdf/collector-1435-v1-p254-34508550.pdf,moj-judgments-1435-volume-1.pdf,d44dfc501f1d75c8645ecf94e085a7bb0cf407f68a3ccbf7862f7dec115137bf,254,257,4,795cedc7f335d625043c64ad7708e1ac90fbcc9e8363896f07e871e353580d9f,493760,بيع -ناقة مقابل أغنام -عيب يف املبيع -طلب رد األغنام -ترصف املدعي بالناقة - داللة الرضا باملبيع -سقوط اخليار -رد الدعوى.,,,34508550,,بمحكمة االستئناف بالرياض عىل املعاملة الواردة من فضيلة رئيس املحكمة العامة,احلمد هلل وحده وبعد ،فقد اطلعنا نحن قضاة الدائرة اخلامسة لتمييز القضايا احلقوقية,fd885f27fbbf44ae42bf7742aaef1902a54418206c7dbb3c0a40eeeb90a7cf3a,metadata_incomplete_pending_review
collector-1435-v1-p258-3513817,extracted/collector-judgments-pdf/collector-1435-v1-p258-3513817.pdf,moj-judgments-1435-volume-1.pdf,d44dfc501f1d75c8645ecf94e085a7bb0cf407f68a3ccbf7862f7dec115137bf,258,263,6,5d1482380fc82ec980c48d0810880f329e1f4cee287aafa1493a44a0c736651e,505251,بيع -م ع دة -عيب قديم - طلب الفسخ -ترصف يف املبيع بعد العلم بالعيب -سقوط اخليار -رصف النظر - إلزام بدفع باقي الثمن.,,,3513817,,,االستئناف بالدائرة احلقوقية اخلامسة يف حمكمة االستئناف بمنطقة مكة املكرمة,f27c0f52ab80989d68cf8c530ec7a4b791b807f90db4bb54ce03272bf6336e1b,metadata_incomplete_pending_review
collector-1435-v1-p264-3566246,extracted/collector-judgments-pdf/collector-1435-v1-p264-3566246.pdf,moj-judgments-1435-volume-1.pdf,d44dfc501f1d75c8645ecf94e085a7bb0cf407f68a3ccbf7862f7dec115137bf,264,267,4,bd36ab2ed85fb81b90ac5ddd7433e0fa94bb598292d1d26e1031d5ec60193276,879346,بيع -حمرك سيارة -تعطل املحرك -طلب رد ثمنه -ترصف يف املبيع -تعذر فحصه - عدم البينة -يمني النفي -رد الدعوى.,,,3566246,1435/1/30,,احلمد هلل وحده والصالة والسالم عىل رسول اهلل أما بعد ،فقد اطلعنا نحن قضاة الدائرة,ad3a21d2718abf87424b5315082c4c969385f6dbb19a3a72f7a959b5446e6875,metadata_incomplete_pending_review
collector-1435-v1-p268-34323770,extracted/collector-judgments-pdf/collector-1435-v1-p268-34323770.pdf,moj-judgments-1435-volume-1.pdf,d44dfc501f1d75c8645ecf94e085a7bb0cf407f68a3ccbf7862f7dec115137bf,268,276,9,327d8f7d51888d5ea4c5a7f03348d951909a64fb3095b7b48e9a6a0901893fbd,531229,بيع -سلم - عدم تسليم املسلم فيه -طلب رد رأس املال -دفع بالوكالة يف العقد -عجز عن إثبات الدفع -تأخر قبض الثمن عن جملس العقد -بطالن العقد -إلزام برد رأس املال.,,,34323770,,,احلمد هلل وحده وبعد ،فقد اطلعنا نحن قضاة الدائرة احلقوقية األوىل يف حمكمة,aba5aba69bac14d91aeaeaa8b38e27432fceb3e15e86136d727425f4adbf0ca8,metadata_incomplete_pending_review
collector-1435-v1-p277-35296630,extracted/collector-judgments-pdf/collector-1435-v1-p277-35296630.pdf,moj-judgments-1435-volume-1.pdf,d44dfc501f1d75c8645ecf94e085a7bb0cf407f68a3ccbf7862f7dec115137bf,277,279,3,c1171791c8ff15aa3c6acc25ac4ea82e043c3fa65e2c47c271088184ad994acf,500241,بيع -رقم منحة أرض -طلبة نقل امللكية -املبيع منحة مل ختصص -بيع ما ال يملك - إبطال البيع -رد الدعوى -إعادة الثمن للمدعي.,,,35296630,,بمحكمة االستئناف بالرياض عىل املعاملة الواردة من املحكمة العامة باخلرج برقم,احلمد هلل وحده وبعد ،فقد اطلعنا نحن قضاة الدائرة الثانية لتدقيق القضايا احلقوقية,4237f65a88f2f4b9af7ad5be1c05713173de20e2277dd4a08965f549a6d486f8,metadata_incomplete_pending_review
collector-1435-v1-p280-34145062,extracted/collector-judgments-pdf/collector-1435-v1-p280-34145062.pdf,moj-judgments-1435-volume-1.pdf,d44dfc501f1d75c8645ecf94e085a7bb0cf407f68a3ccbf7862f7dec115137bf,280,285,6,96f083a079d1b088c408190c2586fe0815d2112001d421731d96f03f3561ad5d,520215,بيع -أمر منح أرضني -تسليم الثمن -صدور املنحتني -ترصف البائع بأحدمها - مطالبة بقيمتها -طلب نقل ملكية األخرى -إقرار البائع بقبض الثمن -دفعه بعدم رشعية البيع -بيع باطل -إلزام برد الثمن.,,,34145062,,,املالحظة باألكثرية بام نصه( :الحظت الدائرة باألكثرية ما ييل :أوال /مل يطبق فضيلة حاكم,e31938e3b8bd2b8496877ea5bfc82aed5274a62518c76d4188c16c58d8a24990,metadata_incomplete_pending_review
collector-1435-v1-p286-33351381,extracted/collector-judgments-pdf/collector-1435-v1-p286-33351381.pdf,moj-judgments-1435-volume-1.pdf,d44dfc501f1d75c8645ecf94e085a7bb0cf407f68a3ccbf7862f7dec115137bf,286,289,4,5bf2117f11b0dea4aac5a72136452002fb1f10178f4fa4b4a967aad63f5f08da,502162,بيع -ذهب بأوراق نقدية -ثمن مؤجل -طلب الثمن -إنكار الدعوى -شيك بالثمن -دفع بكونه أداة ضامن -نكول عن يمني النفي -يمني املدعي -عقد باطل -فسخ العقد -إلزام برد الذهب -حكم حضوري.,,,33351381,,,نحن قضاة الدائرة احلقوقية األوىل يف حمكمة االستئناف باملنطقة الرشقية عىل املعاملة,1e5c4cabe0ff6806be6ecbe861671d1d6163622d71035a30517a53f0734e2685,metadata_incomplete_pending_review
collector-1435-v1-p290-33678090,extracted/collector-judgments-pdf/collector-1435-v1-p290-33678090.pdf,moj-judgments-1435-volume-1.pdf,d44dfc501f1d75c8645ecf94e085a7bb0cf407f68a3ccbf7862f7dec115137bf,290,293,4,80af9cab83dc18e3a0d18a406bf85c69139537add7b9ccfc3cd787714c7e00e2,505962,بيع -ذهب بأوراق نقدية -ثمن مؤجل -طلب الثمن -بيع حمرم -ربوي بغري جنسه نسيئة -رد املقبوض بعقد فاسد -رد الدعوى -حق املطالبة برد الذهب.,,,33678090,,بمحكمة االستئناف بالرياض عىل املعاملة الواردة من فضيلة رئيس املحكمة العامة بالرياض,احلمد هلل وحده وبعد ،فقد اطلعنا نحن قضاة الدائرة الثانية لتدقيق القضايا احلقوقية,19f1d6b07a55bb2f274c889e748994d215f2972b65d166925ced1cb3b35f31bf,metadata_incomplete_pending_review
collector-1435-v1-p294-32129140,extracted/collector-judgments-pdf/collector-1435-v1-p294-32129140.pdf,moj-judgments-1435-volume-1.pdf,d44dfc501f1d75c8645ecf94e085a7bb0cf407f68a3ccbf7862f7dec115137bf,294,300,7,2ae6c3ae1c2a35cbc8ee67f74507dc1bb28370ae4c8803381748bc56ec462efd,515792,بيع -عقار -تسليم جزء من ثمنه -طلب إثبات امللكية -دفع بفسخ العقد -بيع عربون -شيكات بدون رصيد -ثبوت انفساخ العقد -رد الدعوى.,,,32129140,,,احلمد هلل وحده أما بعد ،فقد اطلعنا نحن قضاة الدائرة احلقوقية الثانية يف حمكمة,4448b599dbd6e1da49e10d8eb38a03600c9ef2c5c2d5f566618ab65870e0d6cd,metadata_incomplete_pending_review
collector-1435-v1-p301-32183424,extracted/collector-judgments-pdf/collector-1435-v1-p301-32183424.pdf,moj-judgments-1435-volume-1.pdf,d44dfc501f1d75c8645ecf94e085a7bb0cf407f68a3ccbf7862f7dec115137bf,301,306,6,3b41d5e6aa35fddc047cf5b33d011daea37492a63cb1fa7c2df5cd2d65b408e8,521300,بيع -أرض بالتقسيط -طلب إثبات امللكية -دفع بفسخ العقد -اشرتاط عدم تأخري األقساط -إلغاء البيع -إقرار بالتأخر - رصف النظر.,,,32183424,,,رئيس وعضوي الدائرة احلقوقية الرابعة يف حمكمة االستئناف بمنطقة مكة املكرمة عىل,0f89ef8699a980a2edbdf94c2d20bdf64d46ea581624ff1dd6aaebd4e26ff917,metadata_incomplete_pending_review
collector-1435-v1-p307-33675530,extracted/collector-judgments-pdf/collector-1435-v1-p307-33675530.pdf,moj-judgments-1435-volume-1.pdf,d44dfc501f1d75c8645ecf94e085a7bb0cf407f68a3ccbf7862f7dec115137bf,307,315,9,5402547082ceb49eeec6cc436e90e52ceeeefdfd51df48843d432a5af22f3220,519976,بيع -مزرعة -طلب إثبات امللكية -إنكار الدعوى -شيك مصدق -شهادة شهود - بيع فضويل -رد الدعوى.,,,33675530,,نحن قضاة الدائرة احلقوقية األوىل بمحكمة االستئناف بمنطقة القصيم عىل املعاملة الواردة,وبرفقها قرار الدائرة احلقوقية األوىل رقم 35261379وتاريخ 1435/6/1ه ،املتضمن,2f1e07f540737ccf1b39707eec163ac3b741be45d21fda3d0cc0d10574ab705e,metadata_incomplete_pending_review
collector-1435-v1-p316-5299,extracted/collector-judgments-pdf/collector-1435-v1-p316-5299.pdf,moj-judgments-1435-volume-1.pdf,d44dfc501f1d75c8645ecf94e085a7bb0cf407f68a3ccbf7862f7dec115137bf,316,322,7,99f5e1b183535b91bacbe9fdad33957291d0155d8f11c57c46c6c8dc652294ed,521583,بيع -أرض -رفض األمانة ترخيص بنائها -فقدان سجل الصك -خيار العيب - طلب رد الثمن -إفادة كتابة العدل -الصك ساري املفعول -عجز عن إثبات العيب -,,,5299,,االستئناف بالدائرة احلقوقية الثالثة بمحكمة االستئناف بمنطقة مكة املكرمة االطالع عىل,االستئناف بالدائرة احلقوقية الثالثة بمحكمة االستئناف بمنطقة مكة املكرمة االطالع عىل,6639b3a2865d80a6b5d7349f8dcb391830196642f96d2fef80199e0cfc45d9e3,metadata_incomplete_pending_review
collector-1435-v1-p323-34279608,extracted/collector-judgments-pdf/collector-1435-v1-p323-34279608.pdf,moj-judgments-1435-volume-1.pdf,d44dfc501f1d75c8645ecf94e085a7bb0cf407f68a3ccbf7862f7dec115137bf,323,327,5,9562023d6cfe970b1550138d9ad7afbad3bb79d540447037eafd890db40120c8,504440,بيع -أرض سكنية -رشط يف العقد -عدم املعارضة -وجود معارض عىل األرض - طلب الفسخ -إقرار بالدعوى -رشط صحيح -إلزام برد الثمن.,,,34279608,,,احلمد هلل وحده وبعد ،فقد اطلعنا نحن قضاة الدائرة احلقوقية األوىل بمحكمة,87144a66edd437acbcf7234c5e09150000b7ad664e86cdf8c613e1769cfb6f71,metadata_incomplete_pending_review
collector-1435-v1-p328-3497612,extracted/collector-judgments-pdf/collector-1435-v1-p328-3497612.pdf,moj-judgments-1435-volume-1.pdf,d44dfc501f1d75c8645ecf94e085a7bb0cf407f68a3ccbf7862f7dec115137bf,328,337,10,0d522058fc1067e5c3485b325be0288cd69c09c05ac1859b6137f75edf0b575c,528108,بيع -عقار -ترصف البائع يف املبيع -طلب رد الثمن -إنكار الدعوى -شيك بالثمن - دفع بكونه تسوية حسابات -عجز عن إثبات الدفع -رفض يمني املدعي -قبول قول رب املال يف صفة خروجه -إلزام برد الثمن.,,,3497612,,بمحكمة االستئناف بالرياض رقم 35245862وتاريخ 1435/05/16ه املتضمن,وتاريخ 1435/5/19ه وبرفقها قرار قضاة الدائرة اخلامسة لتمييز القضايا احلقوقية,e46900027a89062977f864d26c0cb960336517c3c37224212061aa453df74eb9,metadata_incomplete_pending_review
collector-1435-v1-p338-34455552,extracted/collector-judgments-pdf/collector-1435-v1-p338-34455552.pdf,moj-judgments-1435-volume-1.pdf,d44dfc501f1d75c8645ecf94e085a7bb0cf407f68a3ccbf7862f7dec115137bf,338,342,5,ffe5ab4f920c75dbff86912e601a555f492639bf01b146910b3dfe0701e18eb2,506125,بيع -عقار -تسليم الثمن -إبطال البيع -طلب رد الثمن -دفع بكونه أجرة عقار - عدم البينة -يمني املدعي -ثبوت البيع -إلزام برد الثمن.,,,34455552,,بمحكمة االستئناف بالرياض عىل املعاملة الواردة من فضيلة رئيس املحكمة العامة,احلمد هلل وحده وبعد ،فقد اطلعنا نحن قضاة الدائرة السادسة لتمييز القضايا احلقوقية,78c5afcde397c836b8c563b59cfd6b286fb30f0f452a719de1cb1f4b066a3aef,metadata_incomplete_pending_review
collector-1435-v1-p343-34532952,extracted/collector-judgments-pdf/collector-1435-v1-p343-34532952.pdf,moj-judgments-1435-volume-1.pdf,d44dfc501f1d75c8645ecf94e085a7bb0cf407f68a3ccbf7862f7dec115137bf,343,346,4,b9cb4afd0e57f11d49aebeab5a47ccdd83da807ed94319f64a0e4e9d8e5a8470,508201,بيع -عقار -عدم رضا الرشكاء -عجز عن تسليم املبيع -طلب رد الثمن -بيع فضويل -بطالن البيع -إلزام برد الثمن.,,,34532952,,,نحن قضاة الدائرة احلقوقية األوىل يف حمكمة االستئناف باملنطقة الرشقية عىل املعاملة,4fc4f7e14a5882f86ef1ba55f6c34b7431956c4978c4db9a2ef6c6f884d3ec27,metadata_incomplete_pending_review
collector-1435-v1-p347-32100348,extracted/collector-judgments-pdf/collector-1435-v1-p347-32100348.pdf,moj-judgments-1435-volume-1.pdf,d44dfc501f1d75c8645ecf94e085a7bb0cf407f68a3ccbf7862f7dec115137bf,347,353,7,6fecaa4f475f3ddda297ae41bc9ddb0de05760cba5996ad9f1596636a89ba686,511710,بيع -عقار مرهون -صندوق التنمية العقاري -تسليم الثمن -وفاة البائع -عدم نقل امللكية -طلب الورثة الفسخ -استئذان املرهتن -موافقته عىل البيع -رد الدعوى.,,,32100348,,بمحكمة االستئناف بالرياض عىل املعاملة الواردة من فضيلة رئيس املحكمة العامة باخلرج,احلمد هلل وحده وبعد فقد ،اطلعنا نحن قضاة الدائرة اخلامسة لتمييز القضايا احلقوقية,370f1c59df111617473cfd77479f43b7f764becac309bc1c8849e9083ce0174c,metadata_incomplete_pending_review
collector-1435-v1-p354-33294696,extracted/collector-judgments-pdf/collector-1435-v1-p354-33294696.pdf,moj-judgments-1435-volume-1.pdf,d44dfc501f1d75c8645ecf94e085a7bb0cf407f68a3ccbf7862f7dec115137bf,354,361,8,2f5a37c8ea8f45f7948d1410a669bc8f35563248643cae13087aa96fe16c6ef9,518280,بيع -عقار عىل اخلارطة -تأخر يف تسليم املبيع -طلب فسخ العقد -اسرتداد املدفوع - دفع بالتأخر يف سداد األقساط -فسخ العقد من طرف واحد -اشتامل العقد عىل جهالة - إبطال العقد -إلزام برد املدفوع.,,,33294696,,االستئناف بالدائرة احلقوقية األوىل بمحكمة االستئناف بمنطقة مكة املكرمة االطالع,االستئناف بالدائرة احلقوقية األوىل بمحكمة االستئناف بمنطقة مكة املكرمة االطالع,242ddec681045ccf2597d7e406b37ed291f1092ccccb3d8d44f8009394d3a740,metadata_incomplete_pending_review
collector-1435-v1-p362-33591682,extracted/collector-judgments-pdf/collector-1435-v1-p362-33591682.pdf,moj-judgments-1435-volume-1.pdf,d44dfc501f1d75c8645ecf94e085a7bb0cf407f68a3ccbf7862f7dec115137bf,362,367,6,071435ba141a7a591b0bc767ec2f8aa60ac0ace7a235b4259aeb203081abc2a3,509145,بيع -جزء مشاع من أرض -تسليم الثمن -وفاة املشرتي -ترصف البائع يف األرض - طلب الورثة رد ثمنها -تعويض عن ربح فائت -إنكار الدعوى -فقد أصل املبايعة -عدم االعتداد بصورهتا -رفض يمني املدعى عليه -رد الدعوى.,,,33591682,,,اطلعنا نحن قضاة الدائرة احلقوقية األوىل يف حمكمة االستئناف باملنطقة الرشقية عىل املعاملة,e36404c56e64fdc45e82ffd8fa6e5026e46d796c81162ca1111acb5c11b10634,metadata_incomplete_pending_review
collector-1435-v1-p368-34145084,extracted/collector-judgments-pdf/collector-1435-v1-p368-34145084.pdf,moj-judgments-1435-volume-1.pdf,d44dfc501f1d75c8645ecf94e085a7bb0cf407f68a3ccbf7862f7dec115137bf,368,371,4,c01c9ce5bddb3b70c757cd11d2a59097f284a8b1d31e54ea3cfb6db90fccd615,507755,بيع -سيارة -عدم تسليم املبيع -طلب رد الثمن -عدم البينة -يمني املدعي -تبليغ شخيص -سامع الدعوى غيابيا -تعذر التبليغ بتوجه اليمني -ثبوت الدعوى -إلزام برد,,,34145084,,,وتاريخ 1435/7/30ه ،فقد جرى م نا نحن رئيس وأعضاء الدائرة احلقوقية الثانية,6ea15d63db36e7610a536818ed21c8474e15ccf1250b4fb96895a84b7b9b52d5,metadata_incomplete_pending_review
collector-1435-v1-p372-34372246,extracted/collector-judgments-pdf/collector-1435-v1-p372-34372246.pdf,moj-judgments-1435-volume-1.pdf,d44dfc501f1d75c8645ecf94e085a7bb0cf407f68a3ccbf7862f7dec115137bf,372,375,4,fcf5b0a01f695101294b1bf7504b46e9366ed83085fb8f50b45ea657ea671404,514059,بيع -سيارة -عدم تسليم املبيع -طلب رد الثمن -سند قبض -يمني املدعي -تعذر التبليغ -سامع الدعوى غيابيا -حكم غيايب -إلزام برد الثمن.,,,34372246,,,احلمد هلل والصالة والسالم عىل رسول اهلل وبعد ،فقد جرى م نا نحن قضاة الدائرة,3e4c344acb9d10c9cf0f6a49e37c312410dedd632fa10f5139412204a1ff762b,metadata_incomplete_pending_review
collector-1435-v1-p376-34306077,extracted/collector-judgments-pdf/collector-1435-v1-p376-34306077.pdf,moj-judgments-1435-volume-1.pdf,d44dfc501f1d75c8645ecf94e085a7bb0cf407f68a3ccbf7862f7dec115137bf,376,379,4,38eb53b81867b95993a45065fcf884f6dfb5c5672c055f1eb6ee1c65be7b343c,514422,بيع -حيوانات أليفة -رشاؤها من صبي مميز -عدم إذن وليه -طلب فسخ البيع - فاتورة الرشاء -يمني املدعي -حكم حضوري -إبطال البيع -إلزام برد الثمن.,,,34306077,,بمحكمة االستئناف بمنطقة عسري عىل املعاملة الواردة من فضيلة رئيس املحكمة اجلزائية,احلمد هلل وحده وبعد ،فقد اطلعنا نحن قضاة الدائرة الثانية لتدقيق القضايا احلقوقية,cb838111ec05486e57dafbf50d973b4e93a3b24f609da81bc2f6372f4143c625,metadata_incomplete_pending_review
collector-1435-v1-p380-34247720,extracted/collector-judgments-pdf/collector-1435-v1-p380-34247720.pdf,moj-judgments-1435-volume-1.pdf,d44dfc501f1d75c8645ecf94e085a7bb0cf407f68a3ccbf7862f7dec115137bf,380,385,6,484e461ef1aec5ef1f22ad7f52f496dd9da5e6c4bdd0c30973c21b94b0e23828,510170,بيع -حمطة حمروقات -غبن يف الثمن -فقد أهلية املشرتي -طلب البائع إبطال البيع - إنكار املدعى عليه والية -شهادة شهود عدول -إدراك املشرتي عند التعاقد -صحة البيع -رد الدعوى.,,,34247720,,,1435/02/21ه ،فقد جرى م نا نحن رئيس وأعضاء الدائرة احلقوقية الثانية,53b1e589e2a7ffe001d78347081303456f8e70958b0e7a4fa9c9c775dcb2db03,metadata_incomplete_pending_review
collector-1435-v1-p386-34431585,extracted/collector-judgments-pdf/collector-1435-v1-p386-34431585.pdf,moj-judgments-1435-volume-1.pdf,d44dfc501f1d75c8645ecf94e085a7bb0cf407f68a3ccbf7862f7dec115137bf,386,390,5,b91c264b9af938f75fa8dc7cf0ac1349a4cf35f61533679a707ee7f8dc752205,516845,بيع -نصيب من عقار -قصور البائع عقال -طلب إبطال البيع -إنكار القصور العقيل- صك والية -صدوره متأخرا عن البيع -رصف النظر.,,,34431585,,,1435/02/29ه فقد جرى م نا نحن رئيس وأعضاء الدائرة احلقوقية الثانية يف,500374e05d5b9e23645af43c7a326c7204971af6fa6ce873e8bc93bf274a58bb,metadata_incomplete_pending_review
collector-1435-v1-p391-34313082,extracted/collector-judgments-pdf/collector-1435-v1-p391-34313082.pdf,moj-judgments-1435-volume-1.pdf,d44dfc501f1d75c8645ecf94e085a7bb0cf407f68a3ccbf7862f7dec115137bf,391,393,3,8ae667056310e18535aa91ee911e9541f2ebd09ca79d8f6a8daee866aba5d79a,498006,بيع -دين عىل الغري -وفاة املدين -طلب رد الثمن -نقد بنقد -ربا حمرم -عقد باطل - إلزام برد الثمن.,,,34313082,,,احلمد هلل وحده أما بعد ،فقد اطلعنا نحن قضاة الدائرة احلقوقية الثانية يف حمكمة,c82a6e3827c9142ebfc0510d0a2f6a3222617fac71318db58c636b05be3985a0,metadata_incomplete_pending_review
collector-1435-v1-p394-34518482,extracted/collector-judgments-pdf/collector-1435-v1-p394-34518482.pdf,moj-judgments-1435-volume-1.pdf,d44dfc501f1d75c8645ecf94e085a7bb0cf407f68a3ccbf7862f7dec115137bf,394,398,5,4381cb22f6308023300fc39ee680502b03911214e8e1267f42b37a6613e5764f,507810,بيع -عقار -طلب الفسخ -سبب خارج عن العقد -عدم ثبوت موجب الفسخ - تأمني باقي الثمن -رصف النظر - إلزام بنقل امللكية.,,,34518482,,,احلمد هلل وحده أما بعد ،فقد اطلعنا نحن قضاة الدائرة احلقوقية الثانية يف حمكمة,9435beefaa04b86590c7577ec9f19a04aa6353bd25f3e0c311832a9ece391eda,metadata_incomplete_pending_review
collector-1435-v1-p399-3583363,extracted/collector-judgments-pdf/collector-1435-v1-p399-3583363.pdf,moj-judgments-1435-volume-1.pdf,d44dfc501f1d75c8645ecf94e085a7bb0cf407f68a3ccbf7862f7dec115137bf,399,403,5,5fb08490954a0867f7a093f7df57c77e83d1156df693764c65cfda53e06c08db,511812,بيع -أرض -قصور البائع عقال -طلب الويل إبطال البيع -عدم العلم بالقصور العقيل - حق املدعي يف متلك األرض بالقيمة -امتناعه عن دفعها -رد الدعوى -إفهام بالرجوع عىل املشرتي األول.,,,3583363,,,1435/7/14ه ،فقد جرى م نا نحن رئيس وأعضاء الدائرة احلقوقية األوىل يف حمكمة,78e11d78cd459607a6ee2707a10180171978700a835ada27994f9c162103052f,metadata_incomplete_pending_review
collector-1435-v1-p404-35120794,extracted/collector-judgments-pdf/collector-1435-v1-p404-35120794.pdf,moj-judgments-1435-volume-1.pdf,d44dfc501f1d75c8645ecf94e085a7bb0cf407f68a3ccbf7862f7dec115137bf,404,407,4,fab00f124149c6214fc8611fce5d40fa319244bdc7ae7a30351eb179057dd819,503816,بيع -حمل جتاري -رشاكة املدعي يف املحل -طلب الفسخ -دفع بعدم العلم بالرشاكة - إخبار بالرشاكة بعد البيع -تغرير باملشرتي -رد الدعوى.,,,35120794,,,08 :45وفيها عادت املعاملة من الدائرة الثانية لتدقيق القضايا احلقوقية ملحكمة االستئناف,03274857608ca8d50f6a900af3c7af1054099d3d417d71ccb03b9a765892c692,metadata_incomplete_pending_review
collector-1435-v1-p408-33294318,extracted/collector-judgments-pdf/collector-1435-v1-p408-33294318.pdf,moj-judgments-1435-volume-1.pdf,d44dfc501f1d75c8645ecf94e085a7bb0cf407f68a3ccbf7862f7dec115137bf,408,413,6,e4752a2e97ae34b5163ef79196d9a07a95441eaca3ada9bab372016e87d5f6b2,1208839,بيع -اسم جتاري -عدم إمتام البيع -طلب رد الثمن -إنكار قبضه -شيك -حتقق من رصفه -إلزام برد الثمن.,,,33294318,,االستئناف بالدائرة احلقوقية األوىل بمحكمة االستئناف بمنطقة مكة املكرمة االطالع عىل,االستئناف بالدائرة احلقوقية األوىل بمحكمة االستئناف بمنطقة مكة املكرمة االطالع عىل,9136dfaf701c0c5e96c73711b9c464a3f1c8d13c46551f7dce9888c1531abfd5,metadata_incomplete_pending_review
collector-1435-v1-p414-34106653,extracted/collector-judgments-pdf/collector-1435-v1-p414-34106653.pdf,moj-judgments-1435-volume-1.pdf,d44dfc501f1d75c8645ecf94e085a7bb0cf407f68a3ccbf7862f7dec115137bf,414,421,8,ecccd0315e9560918bece129701cc0e8aea0eb125ff16d5fe5369213b3049478,518912,قرض -طلب رد بدله -إنكار الدعوى -شهادة شاهد -تطرق الريبة إليها -عدم توثيق الدين -مالءة املدعى عليه -رفض قبول يمينه -رد الدعوى.,,,34106653,,االستئناف بالدائرة احلقوقية األوىل بمحكمة االستئناف بمنطقة مكة املكرمة االطالع عىل,االستئناف بالدائرة احلقوقية األوىل بمحكمة االستئناف بمنطقة مكة املكرمة االطالع عىل,e3c2e43a684ad08c199dc4f4e6f43faeb66cef4029a810ddbaaf9569342cc8c1,metadata_incomplete_pending_review
collector-1435-v1-p422-34308384,extracted/collector-judgments-pdf/collector-1435-v1-p422-34308384.pdf,moj-judgments-1435-volume-1.pdf,d44dfc501f1d75c8645ecf94e085a7bb0cf407f68a3ccbf7862f7dec115137bf,422,425,4,e4ff98d69999d4407380aae62131353f2c4f095d788fb5c9fc4f4f0bb2022ed1,494325,قرض -طلب رد بدله -امتناع عن اجلواب -تكرار طلبه ثالث ا -إنذار املدعى عليه - نكول عن اجلواب -إلزام بدفع املبلغ.,,,34308384,1434/07/04,,احلمد هلل وحده والصالة والسالم عىل رسول اهلل وبعد ،نحن قضا ة االستئناف بالدائرة,58223324d8c82ccb9a94bb004437b9a4d6f57d718eac95a195fca7a21ac90be1,metadata_incomplete_pending_review
collector-1435-v1-p426-34519283,extracted/collector-judgments-pdf/collector-1435-v1-p426-34519283.pdf,moj-judgments-1435-volume-1.pdf,d44dfc501f1d75c8645ecf94e085a7bb0cf407f68a3ccbf7862f7dec115137bf,426,429,4,a2b3c5b1307b5eecf98dc8d9832f43f3e602c0ee445c8d83ea8dcaf9d504e272,493030,قرض -طلب رد بدله -إقرار خطي -شهادة شهود عدول -يمني االستظهار -تبليغ شخيص -سامع الدعوى غيابيا -حكم حضوري -إلزام برد املبلغ.,,,34519283,,وأعضاء الدائرة احلقوقية الثالثة بمحكمة االستئناف بمنطقة مكة املكرمة االطالع عىل,وأعضاء الدائرة احلقوقية الثالثة بمحكمة االستئناف بمنطقة مكة املكرمة االطالع عىل,1ff0277733b51e56f92d139f7a151b10a0c3550b29ba87e6a51d420f5164cb05,metadata_incomplete_pending_review
collector-1435-v1-p430-35256730,extracted/collector-judgments-pdf/collector-1435-v1-p430-35256730.pdf,moj-judgments-1435-volume-1.pdf,d44dfc501f1d75c8645ecf94e085a7bb0cf407f68a3ccbf7862f7dec115137bf,430,433,4,4ca08e8d9200f4f5d76d575806a02288deddb19e34e90dd27477648080d59253,507355,قرض -طلب رد بدله -إقرار خطي -يمني املدعي -تبليغ شخيص -سامع الدعوى غيابيا -حكم حضوري -إلزام برد املبلغ.,,,35256730,,,رئيس وعضوي الدائرة احلقوقية الرابعة يف حمكمة االستئناف بمنطقة مكة املكرمة عىل,e83a4ac676843da4ab1fd9c745de3bf2cf2c2f042b7365c8ce793339d5438452,metadata_incomplete_pending_review
collector-1435-v1-p434-34155408,extracted/collector-judgments-pdf/collector-1435-v1-p434-34155408.pdf,moj-judgments-1435-volume-1.pdf,d44dfc501f1d75c8645ecf94e085a7bb0cf407f68a3ccbf7862f7dec115137bf,434,438,5,7cd0eb075eb25cc889f01d01f5c52b3dcb7493fc8179f9e64afc1a665565a7bc,499893,قرض -مجعية تعاونية -توقف عن تسليمها -طلب رد مبلغ االش�تراك -كشف حساب -يمني املدعي -تبليغ لغري الشخص -إعالن يف الصحيفة -حكم غيايب -إلزام,,,34155408,1410/2/26,,احلمد هلل وحده أما بعد ،فقد اطلعنا نحن قضاة الدائرة احلقوقية الثانية يف حمكمة,bb20caee393d0daef278a7b310c23a84b582c7f6c31e919ef537a593a1f56d98,metadata_incomplete_pending_review
collector-1435-v1-p439-34350643,extracted/collector-judgments-pdf/collector-1435-v1-p439-34350643.pdf,moj-judgments-1435-volume-1.pdf,d44dfc501f1d75c8645ecf94e085a7bb0cf407f68a3ccbf7862f7dec115137bf,439,441,3,0e3af6e41b2a7d896679fac9ab22a519843cffd4c37a944d63fa544695a1c4d0,502105,قرض -صندوق التنمية الزراعية -حلول األقساط -طلب تسليمها -رشاء سيارة نقل -دفع بعدم االنتفاع هبا -إلزام برد املبلغ.,,,34350643,,احلمد هلل وحده وبعد ،فقد اطلعنا نحن قضاة الدائرة احلقوقية الثالثة بمحكمة االستئناف,احلمد هلل وحده وبعد ،فقد اطلعنا نحن قضاة الدائرة احلقوقية الثالثة بمحكمة االستئناف,d313149681734b105b4aa7858fa3d7550a8bcecb8919ab61e9dad4aac08463aa,metadata_incomplete_pending_review
collector-1435-v1-p442-34143198,extracted/collector-judgments-pdf/collector-1435-v1-p442-34143198.pdf,moj-judgments-1435-volume-1.pdf,d44dfc501f1d75c8645ecf94e085a7bb0cf407f68a3ccbf7862f7dec115137bf,442,445,4,6e304bd135d4fada0324783fb1b985ed3533ddcb06b45125a95435b9763d4414,494006,قرض -وفاة املقرتض -مطالبة ورثته برد القرض -وجود قارصين بينهم - شاهد معدل رشعا -شيك -إفادة مؤسسة النقد -حتقق رصف املورث للشيك -يمني استظهار وتكميل للبينة -إلزام بالسداد من الرتكة.,,,34143198,,,احلمد هلل والصالة والسالم عىل رسول اهلل وبعد ،نحن قضاة الدائرة األوىل لألحوال,00fd53f63dba0bb3abff204e768ddf19f782107057daf39c9fe50f98ccc1cc63,metadata_incomplete_pending_review
collector-1435-v1-p446-34337574,extracted/collector-judgments-pdf/collector-1435-v1-p446-34337574.pdf,moj-judgments-1435-volume-1.pdf,d44dfc501f1d75c8645ecf94e085a7bb0cf407f68a3ccbf7862f7dec115137bf,446,451,6,9b5d03d163b18b60121257f8dc77ad2a18fb2514b0e07118cf8bccf0cfe44ba6,501725,قرض -وفاة املقرتض -مطالبة ورثته برد القرض -إنكار الدعوى -شهادة عىل إقرار املورث -دفع بإصابته بخرف مبكر - تقرير طبي -يمني النفي -رد الدعوى.,,,34337574,,احلقوقية بمحكمة االستئناف بمنطقة الرياض عىل املعاملة الواردة بخطاب فضيلة رئيس,احلمد هلل وحده وبعد ،فقد اطلعنا نحن قضاة الدائرة احلقوقية األوىل لتدقيق القضايا,9e25939613b2ddf76e72e4adef4061947f679c430a885beebf2f9155799dbc69,metadata_incomplete_pending_review
collector-1435-v1-p452-34516363,extracted/collector-judgments-pdf/collector-1435-v1-p452-34516363.pdf,moj-judgments-1435-volume-1.pdf,d44dfc501f1d75c8645ecf94e085a7bb0cf407f68a3ccbf7862f7dec115137bf,452,454,3,48cac82584c84729b451f2e36101b12badf40ef0fe39b1a63d84ca65efd68721,492650,قرض -طلب رد بدله -إقرار -شيك -دفع بدعوى اإلعسار -عدم سامعها قبل التكليف بالسداد -إلزام برد املبلغ.,,,34516363,,االستئناف بالدائرة احلقوقية األوىل بمحكمة االستئناف بمنطقة مكة املكرمة االطالع,االستئناف بالدائرة احلقوقية األوىل بمحكمة االستئناف بمنطقة مكة املكرمة االطالع,16e4b7aa851305a1b9027551feb2a29bae0d5ddbc599f08d08a8788e9dd99ecd,metadata_incomplete_pending_review
collector-1435-v1-p455-33541124,extracted/collector-judgments-pdf/collector-1435-v1-p455-33541124.pdf,moj-judgments-1435-volume-1.pdf,d44dfc501f1d75c8645ecf94e085a7bb0cf407f68a3ccbf7862f7dec115137bf,455,459,5,d086403fb971f932d3cd1dbd963691e439b97ea1d497fd9a16bcc3bab20cdf23,499148,قرض -طلب رد بدله -دفع بالتوكل يف قبض املال -عدم إثباته -اختالف يف صفة خروج املال -قبول قول صاحبه بيمينه -رفض يمني املدعية -ثبوت الدعوى -إلزام بدفع,,,33541124,,الدائرة احلقوقية السابعة بمحكمة االستئناف يف منطقة مكة املكرمة االطالع عىل املعاملة,الدائرة احلقوقية السابعة بمحكمة االستئناف يف منطقة مكة املكرمة االطالع عىل املعاملة,7de6ce91b8a84f884b817dcd16dcdf6aace5072e5dc4519705703d0b0780f121,metadata_incomplete_pending_review
collector-1435-v1-p460-3474473,extracted/collector-judgments-pdf/collector-1435-v1-p460-3474473.pdf,moj-judgments-1435-volume-1.pdf,d44dfc501f1d75c8645ecf94e085a7bb0cf407f68a3ccbf7862f7dec115137bf,460,462,3,1cde337636f2de49babf69af67d856699397d52ab3bdafd13259d2b1b706e30f,490562,قرض -طلب رد بدله -دفع بسداد القرض -عدم إثباته -يمني النفي -إلزام بدفع,,,3474473,1434/02/13,,احلمد هلل وحده أما بعد ،فقد اطلعنا نحن قضاة الدائرة احلقوقية الثانية يف حمكمة,524f96e57ba86591f53474478f93b6de07e2ed6f3619bd495aced5df6725ecc9,metadata_incomplete_pending_review
collector-1435-v1-p463-42720124,extracted/collector-judgments-pdf/collector-1435-v1-p463-42720124.pdf,moj-judgments-1435-volume-1.pdf,d44dfc501f1d75c8645ecf94e085a7bb0cf407f68a3ccbf7862f7dec115137bf,463,468,6,a7b8cb10f424e3b56ab4dbe203e4259ec2eff4f954224f7911df502c556ddbaf,503398,قرض -طلب رد بدله -دفع بكونه رأس مال مضاربة -عجز عن إثباته -إقرار مكتوب -دفع بصوريته -عدم البينة عليها -إلزام برد املبلغ.,,,42720124,,,والسالم عىل رسول اهلل وبعد ،فقد جرى اطالعنا نحن رئيس وعضوي الدائرة احلقوقية,17996a9ad4a9306d9fdbe6924f99992e2e01079606f81211c71254a7fdb19e5d,metadata_incomplete_pending_review
collector-1435-v1-p469-34190753,extracted/collector-judgments-pdf/collector-1435-v1-p469-34190753.pdf,moj-judgments-1435-volume-1.pdf,d44dfc501f1d75c8645ecf94e085a7bb0cf407f68a3ccbf7862f7dec115137bf,469,473,5,09b2f4308c7f54fb46515905a4d20527bb513dfb0579f42ffb2a756e4c45e97f,498208,قرض -طلب رد بدله -دفع بكونه رأس مال مضاربة -شهادة شهود عدول -ثبوت املضاربة -دفع باخلسارة -عدم التعدي أو التفريط -قبول قول املضارب بيمينه -يمني املدعى عليه -ثبوت اخلسارة -إلزام برد باقي رأس املال.,,,34190753,,,الدائرة احلقوقية السادسة يف حمكمة االستئناف بمنطقة مكة املكرمة,1704ddd717a510547948f56677bece6a7d50870f50c8e390414e8756d3e40dd4,metadata_incomplete_pending_review
collector-1435-v1-p474-34309810,extracted/collector-judgments-pdf/collector-1435-v1-p474-34309810.pdf,moj-judgments-1435-volume-1.pdf,d44dfc501f1d75c8645ecf94e085a7bb0cf407f68a3ccbf7862f7dec115137bf,474,479,6,8f175ee8faf631252be65e16ea1c7b066dea376d0501001c3fed1f48ba6bad3d,1190381,قرض -طلب رد بدله -دفع بعدم حلول األجل -تعليقه عىل بيع أرض -إنكار الدفع - إلزام برد املبلغ.,,,34309810,,,احلمد هلل وحده وبعد ،فقد اطلعت الدائرة احلقوقية الرابعة يف حمكمة االستئناف,6fcc2c7a553551efa989e5bd1cf0420d91e0f09d03d9800a2590d45b740446ad,metadata_incomplete_pending_review
collector-1435-v1-p480-34534801,extracted/collector-judgments-pdf/collector-1435-v1-p480-34534801.pdf,moj-judgments-1435-volume-1.pdf,d44dfc501f1d75c8645ecf94e085a7bb0cf407f68a3ccbf7862f7dec115137bf,480,502,23,eb6d7803d93f7058e59165b33fc3ebe33250bd323ee9ec7fc3baa3c41edf6f1d,2328381,رهن -ذهب -مقابل قرض -عدم حلوله -استعداد بالوفاء -طلب رد املرهون -دفع بالتأخر يف الوفاء -بيع املرهون -إقرار خطي بتعديل األجل -يمني املدعي -إلزام برد,,,34534801,,,االستئناف بالدائرة احلقوقية اخلامسة يف حمكمة االستئناف بمنطقة مكة املكرمة,8384a1f6f2fa6c9b21b827e2bc294a8c8b914179a31747e2243f7907b7b8d244,metadata_incomplete_pending_review
collector-1435-v10-p6-25745,extracted/collector-judgments-pdf/collector-1435-v10-p6-25745.pdf,moj-judgments-1435-volume-10.pdf,7d6e7ede15d5b51adf7afab9d7547c85cc365670951cccab92bab1fc55013077,6,38,33,56aaea479d8182a0a19592ed2bf0aca8a4a27fb89ce7327edf51e9a7228be8e5,608751,قتل -حق عام وخاص -حادث دهس -ادعاء العمدية -طلب القصاص -إقرار بالدهس -دفع بانتفاء القصد -بينة غري موصلة إلثبات العمدية -تقرير الطب الرشعي - ثبوت صفة القتل اخلطأ -ترك تقرير العقوبة للجهة املختصة -كفارة القتل اخلطأ.,,,25745,,الدائرة اجلزائية اخلامسية األوىل بمحكمة االستئناف بمنطقة مكة املكرمة االطالع عىل املعاملة,الدائرة اجلزائية اخلامسية األوىل بمحكمة االستئناف بمنطقة مكة املكرمة االطالع عىل املعاملة,5f8f78b1dc58049940fa57aff9a14444bb0ae74f9c843d7aa4bbb35133377ba8,metadata_incomplete_pending_review
collector-1435-v10-p39-32463397,extracted/collector-judgments-pdf/collector-1435-v10-p39-32463397.pdf,moj-judgments-1435-volume-10.pdf,7d6e7ede15d5b51adf7afab9d7547c85cc365670951cccab92bab1fc55013077,39,45,7,f4d7d0a4e1befa965e555bf12feca1bfe2cc5687ff73f4bdb91fb6fec059c7c8,493447,قتل -حق خاص -إثبات تنازل عن القصاص -مطالبة بدية القتل العمد -إنكار العمدية -دفع باخلطأ -بينة عىل الدفع -تقرير الطب الرشعي -ثبوت صفة القتل خطأ - ثبوت التنازل عن القصاص -إلزام بتسليم دية اخلطأ -كفارة القتل اخلطأ.,,,32463397,,,نحن قضاة الدائرة احلقوقية األوىل يف حمكمة االستئناف باملنطقة الرشقية عىل املعاملة,85b4399426ba5b3007d967baeb29deac42589808f2710dfc3f750b8edbc97afd,metadata_incomplete_pending_review
collector-1435-v10-p46-3523290,extracted/collector-judgments-pdf/collector-1435-v10-p46-3523290.pdf,moj-judgments-1435-volume-10.pdf,7d6e7ede15d5b51adf7afab9d7547c85cc365670951cccab92bab1fc55013077,46,51,6,2f9eeab26ef76dce6ef87e085fff09ebacf6aaac4fde6147cd226717b004ac5d,491788,قتل -حق عام -تسبب يف وفاة -إقرار -دفع باخلطأ -عدم إرادة القتل -تقرير الطب الرشعي -ثبوت صفة القتل اخلطأ -ترك تقرير العقوبة للجهة املختصة -كفارة القتل,,,3523290,,,احلمد هلل وحده وبعد ..فقد اطلعنا نحن قضاة الدائرة اجلزائية األوىل بمحكمة,cd7c27a49b18bbd3aab0e781d7d242d8af5000827d24b396c57e097f1d8a5b59,metadata_incomplete_pending_review
collector-1435-v10-p52-33312418,extracted/collector-judgments-pdf/collector-1435-v10-p52-33312418.pdf,moj-judgments-1435-volume-10.pdf,7d6e7ede15d5b51adf7afab9d7547c85cc365670951cccab92bab1fc55013077,52,58,7,74a66b4f23ad0d7acbbcde757f988c9e04cf0253b60950085a0f7cc7d13d03fe,517894,قتل -عمد عدوان -حق خاص -إطالق نار -طلب القصاص -إقرار بالفعل والقصد -تقرير الطب الرشعي -سبق إثبات اإلدانة -توافر رشوط القصاص -احلكم,,,33312418,,,التوفيق ،واختذ القرار من الدائرة اخلامسية الرابعة ،وعليه نجيب أصحاب الفضيلة -وفقنا,7713dd4faa3b140662d9c26fa627687da5c0a16ecd203ab59f3a1b96debb54f6,metadata_incomplete_pending_review
collector-1435-v10-p59-34457057,extracted/collector-judgments-pdf/collector-1435-v10-p59-34457057.pdf,moj-judgments-1435-volume-10.pdf,7d6e7ede15d5b51adf7afab9d7547c85cc365670951cccab92bab1fc55013077,59,66,8,2914a6aa5aef07ba275e94fcdd2d7ed0c39cc6657eefd549d338f6234799118a,520043,قتل -عمد عدوان -حق خاص -طلب القصاص -إقرار -دفع بالصيالة -عدم البينة عليه -رفض يمني املدعني عىل نفيه -تقرير الطب الرشعي -إدانة -توافر رشوط القصاص -احلكم بالقتل قصاصا -تأخري استيفائه حلني بلوغ القارصين.,,,34457057,,بمحكمة االستئناف بمنطقة عسري عىل املعاملة الواردة من فضيلة رئيس املحكمة العامة,احلمد هلل وحده وبعد ،فقد اطلعنا نحن قضاة الدائرة الثانية لتدقيق القضايا اخلامسية,5aec4bbee9d06f2adb288ce614c122ff5d18d90866c35f019dbf7dd471054291,metadata_incomplete_pending_review
collector-1435-v10-p67-34302794,extracted/collector-judgments-pdf/collector-1435-v10-p67-34302794.pdf,moj-judgments-1435-volume-10.pdf,7d6e7ede15d5b51adf7afab9d7547c85cc365670951cccab92bab1fc55013077,67,80,14,1402ecde7bb1270a8c3d1cf91218bb3be92a724f5a660e3eb34dc27b5900dd9d,551880,قتل -عمد عدوان -حق خاص -طلب القصاص -إقرار -دفع بالدفاع عن النفس - دالالت إرادة القتل -إمكان التخلص بام دونه -تعدد الطعنات -وقوعها يف مقتل -تقرير الطب الرشعي -إدانة -توافر رشوط القصاص -احلكم بالقتل قصاصا.,,,34302794,,,وباهلل التوفيق) أه .وعىل القرار ختم وتوقيع فضيلة أعضاء الدائرة اجلزائية األوىل باملحكمة,b2d897ad76375b2a653ef9b275e0472e3daf2e9b6cbc09685fd08a693db2dc61,metadata_incomplete_pending_review
collector-1435-v10-p81-34543025,extracted/collector-judgments-pdf/collector-1435-v10-p81-34543025.pdf,moj-judgments-1435-volume-10.pdf,7d6e7ede15d5b51adf7afab9d7547c85cc365670951cccab92bab1fc55013077,81,89,9,e2609a49d709e2aeb07dd10fc693edb73e5accd3595f1f4f7ef9dfa599861cc2,1193863,قتل -عمد عدوان -حق عام -طعنة يف الصدر -إنكار -دفع بقتل املجني عليه لنفسه -عدم البينة عىل املدعى عليه -وجود قرائن عىل صحة الدفع -عدم ثبوت اإلدانة -,,,34543025,,بمحكمة االستئناف بمنطقة عسري عىل املعاملة الواردة من فضيلة رئيس املحكمة اجلزائية,احلمد هلل وحده وبعد فقد اطلعنا نحن قضاة الدائرة الثانية لتدقيق القضايا اجلزائية,4b915d3c72e616eb8d2b767b6c6b105e186e3e7465686a1b28cfd237b32b2c82,metadata_incomplete_pending_review
collector-1435-v10-p90-2756,extracted/collector-judgments-pdf/collector-1435-v10-p90-2756.pdf,moj-judgments-1435-volume-10.pdf,7d6e7ede15d5b51adf7afab9d7547c85cc365670951cccab92bab1fc55013077,90,92,3,786776a72aceffb78786c4961109528bed4c9ea7407ba417adaeccc69b2e839b,520278,إثبات مسؤولية -حق عام -حادث دهس -وفاة املدهوس -تقرير املرور -إدانة اجلاين بجزء من اخلطأ -إقرار -ثبوت اإلدانة بجزء من املسؤولية -عقوبة تقرر من اجلهة املختصة -كفارة القتل اخلطأ.,,,2756,,احلمد هلل وحده وبعد ،فقد اطلعنا نحن قضاة الدائرة اجلزائية األوىل بمحكمة االستئناف,احلمد هلل وحده وبعد ،فقد اطلعنا نحن قضاة الدائرة اجلزائية األوىل بمحكمة االستئناف,d41eda610507653219933d1665eac85b10a80c5a0f443552736e4d7e2c58f3be,metadata_incomplete_pending_review
collector-1435-v10-p93-34357993,extracted/collector-judgments-pdf/collector-1435-v10-p93-34357993.pdf,moj-judgments-1435-volume-10.pdf,7d6e7ede15d5b51adf7afab9d7547c85cc365670951cccab92bab1fc55013077,93,96,4,7768f97b4a8ec05e1db7807744757302166ffddd3685a0c5ad5c45682e60bd86,485677,إثبات مسؤولية -حق عام - حادث سري -انقالب سيارة -وفاة راكب وإصابة آخر- تقرير املرور -إدانة قائد السيارة باملسؤولية -دفعه بوجود خلل فني -تعدي قائد السيارة - ثبوت إدانته بكامل املسؤولية -عقوبة تقرر من اجلهة املختصة -كفارة القتل اخلطأ.,,,34357993,,,فقد جرى منا نحن -رئيس وأعضاء الدائرة اجلزائية الثانية يف حمكمة االستئناف بمنطقة,d3fd98e5cea797ff1d1b1fbd1eba7339b239ce8e6b8c64f2d4ebc9446db26f13,metadata_incomplete_pending_review
collector-1435-v10-p97-352503,extracted/collector-judgments-pdf/collector-1435-v10-p97-352503.pdf,moj-judgments-1435-volume-10.pdf,7d6e7ede15d5b51adf7afab9d7547c85cc365670951cccab92bab1fc55013077,97,99,3,60ab8e580c8c36d819bcdf6bc672bbd37c5941d380fcb4fbe4cbb0f662ecb370,483330,إثبات مسؤولية -حق عام -حادث سري -تصادم -وفاة راكب -تقرير املرور -إدانة قائد السيارة باملسؤولية -إقراره -ثبوت إدانته بكامل املسؤولية -عقوبة تقرر من اجلهة املختصة -كفارة القتل اخلطأ.,,,352503,,الدائرة اجلزائية اخلامسة بمحكمة االستئناف يف منطقة مكة املكرمة االطالع عىل املعاملة,الدائرة اجلزائية اخلامسة بمحكمة االستئناف يف منطقة مكة املكرمة االطالع عىل املعاملة,2359d4727543d025fa152c4dd071ffd57685be4e599444f60d32d3f81df858c8,metadata_incomplete_pending_review
collector-1435-v10-p100-35548146,extracted/collector-judgments-pdf/collector-1435-v10-p100-35548146.pdf,moj-judgments-1435-volume-10.pdf,7d6e7ede15d5b51adf7afab9d7547c85cc365670951cccab92bab1fc55013077,100,102,3,1d4dcd008ef857ed36ce92664566012467921f0b5a2121d2cc4526bc40fe3ac6,483351,إثبات مسؤولية -حق عام -حادث دهس -وفاة املدهوس - تقرير املرور -إدانة باملسؤولية -إقرار - دفع بحصول نوبة رصع - ثبوت اإلدانة بكامل املسؤولية -عقوبة تقرر من اجلهة املختصة -كفارة القتل اخلطأ.,,,35548146,,,35556418وتاريخ 1435/09/18ه ،فقد جرى منا نحن رئيس وأعضاء الدائرة,f1760a2a9b89107660e2a3b0f977b1f6057f0b9291c0f89a96421b634c4c7553,metadata_incomplete_pending_review
collector-1435-v10-p103-33442482,extracted/collector-judgments-pdf/collector-1435-v10-p103-33442482.pdf,moj-judgments-1435-volume-10.pdf,7d6e7ede15d5b51adf7afab9d7547c85cc365670951cccab92bab1fc55013077,103,109,7,0617780a993aa2167340d205aa91fe6484a3b2768f33a8c35ffe422fd5e9a231,495107,إثبات مسؤولية -حق عام وخاص -حادث سري -وفاة امرأة وجنينها -إقرار -ثبوت اإلدانة بكامل املسؤولية -عقوبة تقرر من اجلهة املختصة -كفارة القتل اخلطأ -مطالبة بدية املرأة وجنينها -وفاة اجلنني يف بطن أمه -عدم وجوب الدية فيه -إلزام بتسليم دية املرأة - رد طلب دية اجلنني.,,,33442482,,,الدائرة السابقني رقم /34350199ش/2ب يف 1434/11/4ه ورقم /35200214,a1e0314b48c9fd7d20a4b03cd0d178ffbc684d1f2587f63f0c994f5826d7ec1a,metadata_incomplete_pending_review
collector-1435-v10-p110-34229675,extracted/collector-judgments-pdf/collector-1435-v10-p110-34229675.pdf,moj-judgments-1435-volume-10.pdf,7d6e7ede15d5b51adf7afab9d7547c85cc365670951cccab92bab1fc55013077,110,115,6,48559f96450451157f85ae728369c06156393c7964246dda23ec45f4361b15ee,857235,إثبات مسؤولية -حق خاص -حادث سري -اصطدام بسيارة -ادعاء تسبب قائدها - إنكار املصدوم للتسبب -عدم البينة -يمني النفي -إقرار الصادم بتجاوز الرسعة -رد,,,34229675,,,نحن قضاة الدائرة احلقوقية األوىل يف حمكمة االستئناف باملنطقة الرشقية عىل املعاملة,5d04e6aa170509bfa74f7a59dded4556ec1e5b658cff616f3b61aab576edaecd,metadata_incomplete_pending_review
collector-1435-v10-p116-33304138,extracted/collector-judgments-pdf/collector-1435-v10-p116-33304138.pdf,moj-judgments-1435-volume-10.pdf,7d6e7ede15d5b51adf7afab9d7547c85cc365670951cccab92bab1fc55013077,116,121,6,7c58e883b50a340041b7986b02e9c63397c5f0df53033f1bc4785186edd53520,500216,دية -قتل عمد -سبق صدور حكم بالقصاص -وفاة القاتل قبل تنفيذه -دفع بسقوط الدية بحكم القصاص -عدم قبول الدفع -تقدير الدية وقت صدور احلكم - إلزام بتسليمها من الرتكة.,,,33304138,,1434/4/28ه ،وبرفقها قرار دائرة األحوال الشخصية الثانية بمحكمة االستئناف رقم,التعليامت .ثانيا /أن فضيلته مل يرصد قرار الدائرة السابق يف الضبط والصك واإلجابة عليه,a8cfdb42dd7d964949dd95f8e0369ce2a1dcd99407deff222243c85feb9f75fd,metadata_incomplete_pending_review
collector-1435-v10-p122-33664387,extracted/collector-judgments-pdf/collector-1435-v10-p122-33664387.pdf,moj-judgments-1435-volume-10.pdf,7d6e7ede15d5b51adf7afab9d7547c85cc365670951cccab92bab1fc55013077,122,127,6,8a963833276595afecc9b3db15ea16098addf1d81800c755f7640dd61918bbc8,501375,دية -قتل خطأ -صدمة كهربائية -برادة ماء أمام منزل -إنكار مالكه وضع الربادة - تبعيتها ملسجد -وضعها من متربعني -رصف النظر.,,,33664387,1433/11/20,,اجلنسية ،فيلزم تصحيح ذلك ملالحظة ما ذكر ،وإجراء ما يلزم ،وقد اختذ القرار من الدائرة,eb6a6decf5433a1664abf9ad8f36e8051eeb0ecf5a826c5d2fbcfe4e6407151c,metadata_incomplete_pending_review
collector-1435-v10-p128-3334763,extracted/collector-judgments-pdf/collector-1435-v10-p128-3334763.pdf,moj-judgments-1435-volume-10.pdf,7d6e7ede15d5b51adf7afab9d7547c85cc365670951cccab92bab1fc55013077,128,133,6,ed7f8854fe5464ddc61a49870a20772e26ca6f62c0e3fb7201f398d2b7ff3190,492778,دية -قتل خطأ -حادث سري -تقرير املرور -شهادة بقطع اإلشارة -إدانة بكامل املسؤولية -رجوع الشاهد عن شهادته -عدم البينة -نكول عن يمني النفي -إلزام بتسليم الدية -تسليم نصيب القارص لوليه.,,,3334763,,,,523fe43d280d121c1b6433a732655a24d0536eaa53fe9053f62d05b3a49cba5a,metadata_incomplete_pending_review
collector-1435-v10-p134-33283844,extracted/collector-judgments-pdf/collector-1435-v10-p134-33283844.pdf,moj-judgments-1435-volume-10.pdf,7d6e7ede15d5b51adf7afab9d7547c85cc365670951cccab92bab1fc55013077,134,139,6,9533e6b737b32661213e83e88191f0e6ef781f2d112bd3f6bc5841796f93a76f,491584,دية -قتل خطأ -حادث سري -تقرير املرور -إدانة بكامل املسؤولية -اعرتاض عىل نسبة اإلدانة -سبق اإلقرار هبا -إلزام بتسليم الدية.,,,33283844,,,,d9ca8080f8c037f4baebaa56aa07b7fd798c0ae658b24db09a8cb16cb8bdf470,metadata_incomplete_pending_review
collector-1435-v10-p140-35128980,extracted/collector-judgments-pdf/collector-1435-v10-p140-35128980.pdf,moj-judgments-1435-volume-10.pdf,7d6e7ede15d5b51adf7afab9d7547c85cc365670951cccab92bab1fc55013077,140,144,5,63648712e84ad279bd880591f4ae5e2fc04a9ba463e99bf83e34f4faee9d1b16,517047,دية -قتل خطأ -حادث سري -تقرير املرور -إدانة بكامل املسؤولية -اعرتاض عىل نسبة اإلدانة -إقراره هبا سابقا -عدم قبول رجوعه عنها -دية امرأة مسلمة -إلزام بدفعها -كفارة القتل اخلطأ.,,,35128980,1432/10/02,,( ،)35287952وتاريخ 1435/05/16ه ،فقد جرى منا نحن رئيس وأعضاء الدائرة,f0486d503f46abc5be5fcade49a55578b1dec1837da476251578cb4df7544c25,metadata_incomplete_pending_review
collector-1435-v10-p145-3488793,extracted/collector-judgments-pdf/collector-1435-v10-p145-3488793.pdf,moj-judgments-1435-volume-10.pdf,7d6e7ede15d5b51adf7afab9d7547c85cc365670951cccab92bab1fc55013077,145,150,6,6c5b19a9dcdafa8bae37dc424431a5dffd8527e1998f824af2898d1c85a244e8,491167,دية -قتل خطأ -اصطدام مركبتني -وفاة قائدهيام وراكب -تقرير املرور -إدانة كل طرف بنصف املسؤولية -مطالبة ورثة الراكب بديته -إقرار ورثة القائدين -دفع بكوهنام مل خيلفا تركة -إلزام العاقلة بدفع الدية بمواجهة أحد العصبة.,,,3488793,,بمحكمة االستئناف بالرياض عىل املعاملة الواردة من فضيلة رئيس املحكمة العامة,عادت املعاملة من حمكمة االستئناف بالرياض ،وبرفقتها قرار قضاة الدائرة اجلزائية الثانية,f212c94a07d18a16931226e81b88d9c165caaf71fde7bb9902a9e51fd6d0272f,metadata_incomplete_pending_review
collector-1435-v10-p151-35156837,extracted/collector-judgments-pdf/collector-1435-v10-p151-35156837.pdf,moj-judgments-1435-volume-10.pdf,7d6e7ede15d5b51adf7afab9d7547c85cc365670951cccab92bab1fc55013077,151,155,5,4726bb6153d62af0977b3aa171b64b5ed68015184335abf220585424c0267d6a,488868,دية -قتل خطأ -أرش جناية -حادث سري -تقرير املرور -إدانة بكامل املسؤولية - إقرار -تقدير األرش -إلزام بدفع الدية واألرش -تسليم نصيب القارص لوليه -كفارة,,,35156837,,,احلمد هلل والصالة والسالم عىل رسول اهلل وبعد ،نحن رئيس وقضاة الدائرة اجلزائية,c118faeea27ae780228defe5b746712e4dc9449d457cf7d76b688b948a9fd597,metadata_incomplete_pending_review
collector-1435-v10-p156-34510061,extracted/collector-judgments-pdf/collector-1435-v10-p156-34510061.pdf,moj-judgments-1435-volume-10.pdf,7d6e7ede15d5b51adf7afab9d7547c85cc365670951cccab92bab1fc55013077,156,162,7,17880c52ff72ba92ffd370d79494cf3873546ee9cb52d4b169bc543762b5df4b,523416,دية -قتل خطأ -أرش جناية -حادث سري -تقرير املرور -إدانة بكامل املسؤولية - إقرار -تقرير طبي -تقدير األرش -إلزام بالدية واألرش -تسليم نصيب القارص لوليه - حق الرجوع عىل العاقلة.,,,34510061,,,الدائرة اجلزائية الثانية يف حمكمة االستئناف بمنطقة املدينة املنورة االطالع عىل احلكم,3a3203c0cfa74b0d8f8bb371efc1cbd207dd423f722b5159b47f17b2d20966ea,metadata_incomplete_pending_review
collector-1435-v10-p163-34542901,extracted/collector-judgments-pdf/collector-1435-v10-p163-34542901.pdf,moj-judgments-1435-volume-10.pdf,7d6e7ede15d5b51adf7afab9d7547c85cc365670951cccab92bab1fc55013077,163,166,4,da751d3782e6f75dd119abada097664fdbe45436f7dbb82a2e89f996b468e068,485462,دية -قتل خطأ -حادث سري -تقرير املرور -إدانة بكامل املسؤولية -دفع بعدم مبارشة الصدم -قناعة سابقة بنسبة اإلدانة -إلزام بدفع الدية -كفارة القتل اخلطأ.,,,34542901,,الدائرة اجلزائية اخلامسة بمحكمة االستئناف يف منطقة مكة املكرمة االطالع عىل املعاملة,الدائرة اجلزائية اخلامسة بمحكمة االستئناف يف منطقة مكة املكرمة االطالع عىل املعاملة,2ddb4f74177698cb2eb91925bdf29d8f6e2b7e19f6f4aecff534b7bf24d36943,metadata_incomplete_pending_review
collector-1435-v10-p167-3562704,extracted/collector-judgments-pdf/collector-1435-v10-p167-3562704.pdf,moj-judgments-1435-volume-10.pdf,7d6e7ede15d5b51adf7afab9d7547c85cc365670951cccab92bab1fc55013077,167,170,4,2fe2b870db65b9aa538634b128b360940ae00ac17c28d3400b09576995758d09,514143,دية -قتل خطأ -دعوى ضد قارص عقال -حادث سري -تقرير املرور -إدانة بكامل املسؤولية -إقرار الويل -إلزام بتسليم الدية من مال القارص -حق الرجوع عىل العاقلة - كفارة قتل اخلطأ.,,,3562704,,بمحكمة االستئناف بمنطقة عسري عىل املعاملة الواردة من فضيلة رئيس املحكمة العامة,احلمد هلل وحده وبعد فقد اطلعنا نحن قضاة الدائرة الرابعة لتدقيق القضايا اجلزائية,d6fb6289b923a951636f6beeffacffb995e7a96b87b19de8a59625b0ee3b2092,metadata_incomplete_pending_review
collector-1435-v10-p171-34484764,extracted/collector-judgments-pdf/collector-1435-v10-p171-34484764.pdf,moj-judgments-1435-volume-10.pdf,7d6e7ede15d5b51adf7afab9d7547c85cc365670951cccab92bab1fc55013077,171,174,4,b899c86f1e70d030cd42d27dd2a984559a6b00e08fb448832419983e2c2c218e,487039,دية -قتل خطأ -حادث سري -تقرير املرور -إدانة بكامل املسؤولية -إقرار -دية امرأة مسلمة -إلزام بتسليم الدية للورثة -تسليم نصيب القارص لوالده.,,,34484764,1432/10/2,,احلمد هلل والصالة والسالم عىل رسول اهلل وبعد ،نحن رئيس وقضاة الدائرة اجلزائية,ef2d61e291a19eb5d16bda2f7dedc156b1fbcca5fbed8d11915131bf5b97fe37,metadata_incomplete_pending_review
collector-1435-v10-p175-3585077,extracted/collector-judgments-pdf/collector-1435-v10-p175-3585077.pdf,moj-judgments-1435-volume-10.pdf,7d6e7ede15d5b51adf7afab9d7547c85cc365670951cccab92bab1fc55013077,175,179,5,47089948978898bbf55ffbade8cf0ddb52ff87b6ead2eb003cfa853050a7fa24,490417,دية -قتل خطأ -حادث سري -تقرير املرور -إدانة بنصف املسؤولية -سبق اإلدانة يف احلق العام -دية امرأة مسلمة -تعذر التبليغ -سامع الدعوى غيابيا -حكم غيايب -إلزام بدفع الدية -حق الرجوع عىل العاقلة.,,,3585077,1432/10/2,,الدائرة اجلزائية األوىل يف حمكمة االستئناف بمنطقة مكة املكرمة االطالع عىل املعاملة,7d366e3462acba2da1f6e9bd63ef6b08146f884dafcb77a20a950c3d446b18f1,metadata_incomplete_pending_review
collector-1435-v10-p180-34530643,extracted/collector-judgments-pdf/collector-1435-v10-p180-34530643.pdf,moj-judgments-1435-volume-10.pdf,7d6e7ede15d5b51adf7afab9d7547c85cc365670951cccab92bab1fc55013077,180,184,5,e068e3560b88532c2c124508764edb6fa6f21900b3f666310ea7ebc6e28ea4b7,488032,دية -قتل خطأ -أرش سيارة -حادث سري -تقرير املرور -إدانة بكامل املسؤولية - دفع بتجاوز إشارة صفراء -إحلاقها باحلمراء -تقدير األرش -احلكم بأقل التقديرات - إلزامه بدفع الدية واألرش -تأجيل الدية -كفارة القتل اخلطأ.,,,34530643,,بمحكمة االستئناف بمنطقة القصيم عىل المعاملة الواردة من فضيلة رئيس,اطلعنا نحن قضاة الدائرة الثانية لتدقيق القضايا اجلزائية احلمد هلل وحده وبعد ،فقد,e072d13c37f8b804dc68720415870c8947a75389b54fc74cf45db0c9740f74f9,metadata_incomplete_pending_review
collector-1435-v10-p185-35341497,extracted/collector-judgments-pdf/collector-1435-v10-p185-35341497.pdf,moj-judgments-1435-volume-10.pdf,7d6e7ede15d5b51adf7afab9d7547c85cc365670951cccab92bab1fc55013077,185,188,4,c43fd1a4a558f96118586fb0502bee81395bf64505c9977c3e9676bc15caabce,485701,دية -قتل خطأ -حادث دهس -تقرير املرور -إدانة الداهس بكامل املسؤولية -مطالبة ورثته بالدية -رأي اخلبري ال يقيد املحكمة -إقرار -استعداد بدفع الدية -إلزام بدفعها - كفارة القتل اخلطأ.,,,35341497,,السادسة بمحكمة االستئناف بمكة املكرمة جرى منا االطالع عىل املعاملة الواردة إىل,احلمد هلل وحده والصالة والسالم عىل من ال نبي بعده وبعد ،نحن قضاة الدائرة اجلزائية,69df2778faa7539b421b87933d1af9313ab01e90b37436bb8479c3c6be27bd1e,metadata_incomplete_pending_review
collector-1435-v10-p189-34492029,extracted/collector-judgments-pdf/collector-1435-v10-p189-34492029.pdf,moj-judgments-1435-volume-10.pdf,7d6e7ede15d5b51adf7afab9d7547c85cc365670951cccab92bab1fc55013077,189,192,4,287d0a7fd6709580e064647afa51c40280912e9c15e0a18f4064f74ebf7f6607,484754,دية -قتل خطأ -حادث دهس -تقرير املرور -إدانة بجزء من املسؤولية -جهالة اجلاين -إقامة الدعوى عىل بيت املال -إذن سا م بسامعها -إلزام بيت املال بدفع الدية - تسليم نصيب القارص لوليه.,,,34492029,,الدائرة اجلزائية اخلامسة بمحكمة االستئناف يف منطقة مكة املكرمة االطالع عىل املعاملة,الدائرة اجلزائية اخلامسة بمحكمة االستئناف يف منطقة مكة املكرمة االطالع عىل املعاملة,7f3583b8c40f9048d197c6d8b40235b17e6207955a997770f307e4c479bda235,metadata_incomplete_pending_review
collector-1435-v10-p193-3540891,extracted/collector-judgments-pdf/collector-1435-v10-p193-3540891.pdf,moj-judgments-1435-volume-10.pdf,7d6e7ede15d5b51adf7afab9d7547c85cc365670951cccab92bab1fc55013077,193,197,5,ffecf064d77b4b272ce54fa6bcd2635bdd52cb4af43a2e0b6ca4d31fc184f69f,488777,دية -قتل خطأ -حادث سري -اصطدام بإبل سائبة -تقرير املرور -تسببها يف الوفاة - إدانة مالكها بكامل املسؤولية -عدم معرفته -إقامة الدعوى عىل بيت املال -إذن سا م بسامعها - إلزام بيت املال بالدية.,,,3540891,1402/6/6,,احلمد هلل وحده وبعد فقد اطلعنا نحن قضاة الدائرة الثانية لتدقيق القضايا اجلزائية بمحكمة,9014fd6fbc8f88a55302afd30fa4e3c011cefaa9f792dd620d6c11bc226999f6,metadata_incomplete_pending_review
collector-1435-v10-p198-35129615,extracted/collector-judgments-pdf/collector-1435-v10-p198-35129615.pdf,moj-judgments-1435-volume-10.pdf,7d6e7ede15d5b51adf7afab9d7547c85cc365670951cccab92bab1fc55013077,198,205,8,1c58124339c972a401489b0c614ba83dc646ecab299d7a36deb0e3e11e509f32,498264,دية -قتل خطأ -حادث سري -اصطدام بإبل سائبة -تقرير املرور -تسببها يف الوفاة - إدانة مالكها بكامل املسؤولية -عدم معرفته -إقامة الدعوى عىل بيت املال -إذن سا م بسامعها - إلزام بيت املال بالدية.,,,35129615,,الرابعة بمحكمة االستئناف بمكة املكرمة بالقرار رقم ( ،)33227280وتاريخ,املذكور يف دعوى املدعي ،فوجدته مطابقا ملا ذكره املدعي واملصادق عليه من الدائرة اجلزائية,eba96479e6beb73ef11915be920876b919ba5a41d33aced0acf4a0a3381e19b7,metadata_incomplete_pending_review
collector-1435-v10-p206-34325502,extracted/collector-judgments-pdf/collector-1435-v10-p206-34325502.pdf,moj-judgments-1435-volume-10.pdf,7d6e7ede15d5b51adf7afab9d7547c85cc365670951cccab92bab1fc55013077,206,212,7,2fa2ae775a91beb455574801ea1b8a9bfff27baf5542f2c848db7ee192e3d032,495622,دية -قتل خطأ -أرش جناية -حادث سري -تقرير املرور -إدانة بكامل املسؤولية - جهالة اجلاين -إقامة الدعوى عىل بيت املال -إذن سا م بسامعها -إلزام بيت املال بالدية - رد طلب إلزامه باألرش. عدم حتمله أرش اجلناية - قول الشيخ حممد بن إبراهيم يف فتاويه (« : )386/11مل نعثر يف كالم أهل العلم ما يدل عىل أن مثل هذا - أي :دية اجلراح والكسور وأجور العالج -يسلم من بيت املال ،والذي يف كتب أصحاب اإلمام أمحد إنام هو يف النفس إذا قتل شخص وجهل قاتله كمن من مات يف زمحة مجعة أو طواف «.,,,34325502,,االستئناف بالدائرة اجلزائية السادسة بمحكمة االستئناف بمنطقة مكة املكرمة االطالع عىل,1434/12/29ه ،ومرفق هبا قرار الدائرة اجلزائية السادسة رقم (،)34386608,c389441ebe798a4359fc50a9b232a51e044669619d05636a6122cb6286e4886b,metadata_incomplete_pending_review
collector-1435-v10-p213-34316397,extracted/collector-judgments-pdf/collector-1435-v10-p213-34316397.pdf,moj-judgments-1435-volume-10.pdf,7d6e7ede15d5b51adf7afab9d7547c85cc365670951cccab92bab1fc55013077,213,217,5,fb754e9738c264ba180c235b40d6f0e4fc96fac0b26f81287a13ecfe87e0c5c7,488548,دية -قتل خطأ -حادث دهس -تقرير املرور -إدانة بنصف املسؤولية -جهالة اجلاين -إقامة الدعوى عىل بيت املال -إذن سا م بسامعها -دية امرأة مسلمة -إلزام بيت املال بدفع نصفها.,,,34316397,1431/7/14,الدائرة اجلزائية الثالثة بمحكمة االستئناف يف منطقة مكة املكرمة االطالع عىل املعاملة,برقم ( ،)341593886يف 1435/3/25ه ،املتضمن أنه جرى تدقيق احلكم من الدائرة,88a6e2d67862cdef8f453f1df6bfe30a1e027798c7a46fe7e6a2ac578e390ed6,metadata_incomplete_pending_review
collector-1435-v10-p218-35203271,extracted/collector-judgments-pdf/collector-1435-v10-p218-35203271.pdf,moj-judgments-1435-volume-10.pdf,7d6e7ede15d5b51adf7afab9d7547c85cc365670951cccab92bab1fc55013077,218,220,3,5f0b21a73eb63506c8bc2f6f1bede708f14755073328f08ac6dbf0d9fa232ffd,483603,دية -قتل خطأ -حادث سري -اصطدام بإبل سائبة -تسببها يف الوفاة -تقرير املرور - تفريط مالكها -إدانته بكامل املسؤولية -إقرار -إلزام بدفع الدية.,,,35203271,1432/10/09,,الدائرة اجلزائية الثانية يف حمكمة االستئناف بمنطقة مكة املكرمة االطالع عىل املعاملة الواردة,98cca113170f55cfd254405074c1ea9cb096b1139b099abfaba3c37fed9b1644,metadata_incomplete_pending_review
collector-1435-v10-p221-35393175,extracted/collector-judgments-pdf/collector-1435-v10-p221-35393175.pdf,moj-judgments-1435-volume-10.pdf,7d6e7ede15d5b51adf7afab9d7547c85cc365670951cccab92bab1fc55013077,221,224,4,cacb12a988883f83a1e3d2d49ebc16bf391219cea210cf6d687f55f101291818,486806,دية -قتل خطأ -حادث سري -وفاة املتسبب -تقرير املرور -إدانة املتوىف بكامل املسؤولية -إقرار ورثته -إلزامهم بدفع الدية -حق الرجوع عىل عاقلة املتسبب.,,,35393175,1435/5/19,اجلزائية السادسة بمحكمة االستئناف بمنطقة الرياض عىل املعاملة الواردة من فضيلة رئيس,احلمد هلل وحده والصالة والسالم عىل من ال نبي بعده وبعد ،فقد اطلعنا نحن قضاة الدائرة,03fee53989d0888871c1b65f6147cf1e924d8c409739e1093d3a171d86caa0f2,metadata_incomplete_pending_review
collector-1435-v10-p225-34451564,extracted/collector-judgments-pdf/collector-1435-v10-p225-34451564.pdf,moj-judgments-1435-volume-10.pdf,7d6e7ede15d5b51adf7afab9d7547c85cc365670951cccab92bab1fc55013077,225,228,4,65e3b90dc4adafbb206d37c931c0a262fce8672d004bc608448911e265ebbbe7,485355,دية -قتل خطأ -حادث سري -إدانة بكامل املسؤولية -كفالة املتسبب حضوريا -هروبه خارج البالد -إقرار الكفيل -عجزه عن إحضار املكفول -انقالب الكفالة غرمية -إلزامه بدفع الدية -حق الرجوع عىل املكفول.,,,34451564,,,,dd316037bf19a13628c50e05bbe2775898e1aa6274d14f1ce71ffe759e141c52,metadata_incomplete_pending_review
collector-1435-v10-p229-35135174,extracted/collector-judgments-pdf/collector-1435-v10-p229-35135174.pdf,moj-judgments-1435-volume-10.pdf,7d6e7ede15d5b51adf7afab9d7547c85cc365670951cccab92bab1fc55013077,229,231,3,ed07b7f7c69b5d64d82b290ad82728256d937245c794c45d444f6482d978a833,483399,دية -قتل خطأ -حادث سري -تقرير املرور -إدانة بثالثة أرباع املسؤولية -إقرار - إلزام بدفع ثالثة أرباع الدية -تسليم نصيب القارص لوليه.,,,35135174,,,1435ه ،فقد جرى منا نحن قضاة الدائرة اجلزائية األوىل االطالع عىل احلكم,caab53d1798a1fad0acbeefc96ea2909afdca8b29f7739c6785ab04518278cf2,metadata_incomplete_pending_review
collector-1435-v10-p232-34432550,extracted/collector-judgments-pdf/collector-1435-v10-p232-34432550.pdf,moj-judgments-1435-volume-10.pdf,7d6e7ede15d5b51adf7afab9d7547c85cc365670951cccab92bab1fc55013077,232,236,5,12647d273576e44ca50e17dbf79685441deb3df9118f0835fc99fb04caaa794f,489587,دية -قتل خطأ -حادث سري -تقرير املرور -إدانة بجزء من املسؤولية -إقرار -إلزام بدفع ثالثة أرباع الدية -تسليم نصيب القارص لوليه -حق الرجوع عىل العاقلة.,,,34432550,1432/10/9,,,e9cba3833ce34fe037f37f2aaf18e38445052f84e6728027233cff294dfad8b6,metadata_incomplete_pending_review
collector-1435-v10-p237-35262086,extracted/collector-judgments-pdf/collector-1435-v10-p237-35262086.pdf,moj-judgments-1435-volume-10.pdf,7d6e7ede15d5b51adf7afab9d7547c85cc365670951cccab92bab1fc55013077,237,241,5,e463b738950b8c1dd77f4384ea78bb5eadd6a70652da06a6130e335c26ba698c,527310,دية -قتل خطأ -حادث سري -تقرير املرور -إدانة بنصف املسؤولية -إقرار -إلزام بدفع نصف الدية -كفارة القتل اخلطأ.,,,35262086,,الدائرة اجلزائية الثالثة بمحكمة االستئناف بمنطقة مكة املكرمة االطالع عىل املعاملة,الدائرة اجلزائية الثالثة بمحكمة االستئناف بمنطقة مكة املكرمة االطالع عىل املعاملة,67b391da06190080c232ce268d4a7879a9c6ec90c4da5e94f8e35d9000b61cfa,metadata_incomplete_pending_review
collector-1435-v10-p242-34188800,extracted/collector-judgments-pdf/collector-1435-v10-p242-34188800.pdf,moj-judgments-1435-volume-10.pdf,7d6e7ede15d5b51adf7afab9d7547c85cc365670951cccab92bab1fc55013077,242,245,4,c2aace30074c2fd677fa22e3695aa429c290d2e12dfa4d8e20aeb8ae8b397c09,513888,دية -قتل خطأ -ترسب مياه من حديقة عامة -حادث سري -وفاة مورث املدعني - تقرير املرور -إدانة أمانة املنطقة بنصف املسؤولية -ختلف مندوهبا عن احلضور -حكم غيايب -إلزامها بتسليم نصف الدية.,,,34188800,,,احلمد هلل وحده وبعد ،اطلعنا نحن قضاة الدائرة اجلزائية األوىل يف حمكمة,5ae452ef05be3a705ec3ccb1bb26ad7eefbc4f4d771a8dec0da893e7e0280cc9,metadata_incomplete_pending_review
collector-1435-v10-p246-3424404,extracted/collector-judgments-pdf/collector-1435-v10-p246-3424404.pdf,moj-judgments-1435-volume-10.pdf,7d6e7ede15d5b51adf7afab9d7547c85cc365670951cccab92bab1fc55013077,246,256,11,f161821899e10f246b65b98f3a740f98f9c92941c1db6ee2082a7f7360d64ae0,506887,دية -قتل خطأ -حادث سري -أرش جناية -أرش سيارة -إدانة بكامل املسؤولية -دفع,,,3424404,,,,d17b5d8ef4ef7c4a5a247385246e216e6b537c37b18979a143dbb4203b10f0cf,metadata_incomplete_pending_review
collector-1435-v10-p257-34421434,extracted/collector-judgments-pdf/collector-1435-v10-p257-34421434.pdf,moj-judgments-1435-volume-10.pdf,7d6e7ede15d5b51adf7afab9d7547c85cc365670951cccab92bab1fc55013077,257,260,4,df2ec6c9f329ec4b5af4198612781692a1728a9c42672702f982b68dd369aab1,486889,دية -قتل خطأ -حادث سري -تقرير املرور -إدانة بجزء من املسؤولية -اعرتاض الورثة -صلح بني الطرفني -ورثة بينهم قرص -قرار قسم اخلرباء -غبطة ومصلحة للقارص -إجازة الصلح -تسليم نصيب القارص لوليه.,,,34421434,,,,53efb133894248b58d19c55b159aab326aad4fde01896368689443dca688f552,metadata_incomplete_pending_review
collector-1435-v10-p261-32472596,extracted/collector-judgments-pdf/collector-1435-v10-p261-32472596.pdf,moj-judgments-1435-volume-10.pdf,7d6e7ede15d5b51adf7afab9d7547c85cc365670951cccab92bab1fc55013077,261,265,5,3fd12c5acf1768ed5b74d8f1cf3ab2fe3ade3d6c83141d7b3da3aa3ddce27e53,489537,أرش جناية -حادث سري -وفاة املتسبب -تقرير املرور -إدانته بكامل املسؤولية -إقامة الدعوى عىل ورثته -إقرار -تقرير طبي -تقدير األرش -إلزام بدفعه من تركة املورث.,,,32472596,,,عليه بقرار الدائرة رقم ( ،)34253042وتاريخ 1434/6/27ه ،وباالطالع عىل ما,92d60e69b6ad744c9b58154e135ae22c54724b7b073bc1600c2d8c82edce2e23,metadata_incomplete_pending_review
collector-1435-v10-p266-34238909,extracted/collector-judgments-pdf/collector-1435-v10-p266-34238909.pdf,moj-judgments-1435-volume-10.pdf,7d6e7ede15d5b51adf7afab9d7547c85cc365670951cccab92bab1fc55013077,266,269,4,529d60627aeaffbecd6d5c651c2c632db31538059aa4804e6eff56b556adf720,485465,أرش جناية -حادث دهس -تقرير املرور -إدانة بكامل املسؤولية -اعرتاض عىل نسبة اإلدانة -تقدير الشجاج -املبارش ضامن -إلزام بدفع األرش.,,,34238909,,,نحن قضاة الدائرة احلقوقية األوىل يف حمكمة االستئناف باملنطقة الرشقية عىل املعاملة,c4354466047c233a9d38983be8587a8b1245b502881be7fd825f992411cfeabb,metadata_incomplete_pending_review
collector-1435-v10-p270-35151910,extracted/collector-judgments-pdf/collector-1435-v10-p270-35151910.pdf,moj-judgments-1435-volume-10.pdf,7d6e7ede15d5b51adf7afab9d7547c85cc365670951cccab92bab1fc55013077,270,275,6,be3f66accde97f4afa468efdad7f4c2debcb25de0a9be8d8c540651b80919f4b,854407,أرش جناية -جراح بسبب آلة حادة -دفع بالصيالة -عدم إثباته -تقرير طبي -تقدير الشجاج - يمني املدعي -حكم حضوري -إلزام بدفع األرش.,,,35151910,,,احلمد هلل وحده وبعد ،فقد اطلعنا نحن قضاة الدائرة اجلزائية الثانية يف حمكمة االستئناف,e0b5cd7885d9ebf57359747468223c5d56e44b44f666643a41118db59339c48d,metadata_incomplete_pending_review
collector-1435-v10-p276-34302657,extracted/collector-judgments-pdf/collector-1435-v10-p276-34302657.pdf,moj-judgments-1435-volume-10.pdf,7d6e7ede15d5b51adf7afab9d7547c85cc365670951cccab92bab1fc55013077,276,288,13,02bcb1976e85b72ae2b91a008acd1fa9fbb5353653a659f488b3bf02cebadada,517809,اعتداء -حق خاص -رشوع يف قتل -واقعتان منفصلتان -إنكار -شهادات عىل الواقعتني -عدم اكتامل نصاهبا -وجود هتمة يف الشهادات -عدم ثبوت الدعوى -رصف,,,34302657,,,احلمد هلل وحده وبعد ،فقد اطلعنا نحن قضاة الدائرة اجلزائية الثانية يف حمكمة,2261954ce7ac588efaeff654d97786a138b87b9f8b8a4151180b78fb2260ad1f,metadata_incomplete_pending_review
collector-1435-v10-p289-34511748,extracted/collector-judgments-pdf/collector-1435-v10-p289-34511748.pdf,moj-judgments-1435-volume-10.pdf,7d6e7ede15d5b51adf7afab9d7547c85cc365670951cccab92bab1fc55013077,289,293,5,afc92cf33bfeb1c2efed883c3365ec9dbe059c17a2622f3fe5b592ca1748dc1a,511171,اعتداء -حق عام -إطالق نار -رشوع يف قتل -إقرار -إدانة -تعزير بالسجن واجللد. - 1قوله تعاىل.Zlkjihgfed] : - 2قول النبي صىل اهلل عليه وسلم“ :ال حيل دم امرئ مسلم إال بإحدى ثالث :النفس بالنفس والثيب الزاين”.,,,34511748,,بمحكمة االستئناف بمنطقة عسري عىل املعاملة الواردة من فضيلة القائم بعمل رئيس,احلمد هلل وحده وبعد ،فقد اطلعنا نحن قضاة الدائرة األوىل لتدقيق القضايا اجلزائية,a93875a59509997e5c63b1317a786a1aba5cd4c91f21e1e714f833de4e0207f8,metadata_incomplete_pending_review
collector-1435-v10-p294-3562162,extracted/collector-judgments-pdf/collector-1435-v10-p294-3562162.pdf,moj-judgments-1435-volume-10.pdf,7d6e7ede15d5b51adf7afab9d7547c85cc365670951cccab92bab1fc55013077,294,298,5,fe248b7fc755d19e035c0766ccd50cb3e83573ec69353aaea36955086b940d95,494313,اعتداء -حق عام -إطالق نار -قصد التهديد -إصابة سيارة -دفع بقصد الدفاع عن النفس -عدم البينة عليه -انتهاء احلق اخلاص بالتنازل -تعزير بالسجن واجللد.,,,3562162,,بمحكمة االستئناف بمنطقة عسري عىل املعاملة الواردة من فضيلة رئيس املحكمة اجلزائية,احلمد هلل وحده وبعد ،فقد اطلعنا نحن قضاة الدائرة الرابعة لتدقيق القضايا اجلزائية,f0cc6d31ea143eb2a9bd201435f67d8dab4cb17252668847d239b50980cc6665,metadata_incomplete_pending_review
collector-1435-v10-p299-34485187,extracted/collector-judgments-pdf/collector-1435-v10-p299-34485187.pdf,moj-judgments-1435-volume-10.pdf,7d6e7ede15d5b51adf7afab9d7547c85cc365670951cccab92bab1fc55013077,299,302,4,3515ea299aca85c52f37e2c0bbef7361686d29ab33e1966d56f814dbe51baf4b,491501,اعتداء -إشهار سالح عىل رجال األمن -هروب منهم - هتديد بالقتل -تلفظ -تسرت - إنكار التهديد والتلفظ -شهادة لدى جهة التحقيق -إدانة -تعزير بالسجن واجللد.,,,34485187,1434/11/02,السادسة بمحكمة االستئناف بمكة املكرمة ،جرى منا االطالع عىل املعاملة الواردة إىل هذه,احلمد هلل وحده والصالة والسالم عىل من ال نبي بعده وبعد ،فنحن قضاة الدائرة اجلزائية,3a79bba248523128f4eb6d5d436cde1ac94784d51de2d83236cb52e110d8aafd,metadata_incomplete_pending_review
collector-1435-v10-p303-3410012,extracted/collector-judgments-pdf/collector-1435-v10-p303-3410012.pdf,moj-judgments-1435-volume-10.pdf,7d6e7ede15d5b51adf7afab9d7547c85cc365670951cccab92bab1fc55013077,303,305,3,260fb79c22d405d6a3f839eaf6ccb8672f6d02131e48209331b99fa261524bd4,483037,اعتداء -حق عام -طعن وتسبب يف إصابة -رشب مسكر- تعدد السوابق -تقرير طبي -إقرار -إدانة -احلكم بحد املسكر - تعزير بالسجن.,,,3410012,,,احلمد هلل وحده والصالة والسالم عىل رسول اهلل وبعد ،فقد جرى منا نحن قضاة الدائرة,2865c9e28a708c7e3b53d8563e2d624df000095a0b9b6962ff835b8b1cb6187c,metadata_incomplete_pending_review
collector-1435-v10-p306-35137796,extracted/collector-judgments-pdf/collector-1435-v10-p306-35137796.pdf,moj-judgments-1435-volume-10.pdf,7d6e7ede15d5b51adf7afab9d7547c85cc365670951cccab92bab1fc55013077,306,308,3,ce0e8f5b7bca4b143767dca32ca4bbddecd683ae129faa1c3e7e53aa4afd33c7,482128,اعتداء -حق خاص -رضب وطعن بسكني -تسبب يف إصابة -تقرير طبي -صدور حكم يف احلق العام -إقرار -إدانة يف احلق اخلاص -تعزير بالسجن واجللد.,,,35137796,,اجلزائية السادسة بمحكمة االستئناف بمكة املكرمة جرى منا االطالع عىل املعاملة,احلمد هلل وحده والصالة والسالم عىل من ال نبي بعده وبعد ،نحن قضاة الدائرة,e34d658a87b0d8cc22d8f3cf03772a8d79b3d7872a69db16af1803ffac835731,metadata_incomplete_pending_review
collector-1435-v10-p309-3413679,extracted/collector-judgments-pdf/collector-1435-v10-p309-3413679.pdf,moj-judgments-1435-volume-10.pdf,7d6e7ede15d5b51adf7afab9d7547c85cc365670951cccab92bab1fc55013077,309,312,4,66de3e18267ff5cb3b2eace88bf017d98c5edcda0a60940cdd3c482a59cd25ee,487223,اعتداء -حق عام -دهس وتسبب يف إصابة -عمد وعدوان -وقوعه من رجل أمن - تقرير طبي -إقرار -تنازل عن احلق اخلاص -تعزير بالسجن واجللد وأخذ التعهد.,,,3413679,,,احلمد هلل وحده وبعد ،فقد اطلعنا نحن قضاة الدائرة اجلزائية الثانية يف حمكمة,44deb5810a3b321d7dfe22d1a8ae2927ae1c54dacf72af967ea4dceb57697a46,metadata_incomplete_pending_review
collector-1435-v10-p313-34570042,extracted/collector-judgments-pdf/collector-1435-v10-p313-34570042.pdf,moj-judgments-1435-volume-10.pdf,7d6e7ede15d5b51adf7afab9d7547c85cc365670951cccab92bab1fc55013077,313,316,4,4325ff268b045f8a7e497506cd6d1870232d95f0ccc5db30e3a771e121f5eb96,485201,اعتداء -حق عام -كرس باب الشقة -حماولة الرسقة -سوابق مماثلة -إنكار -حمرض الشهادة -عدم ثبوت اإلدانة -توجه التهمة -تعزير بالسجن واجللد.,,,34570042,,,1435/3/29ه ،فقد جرى منا نحن قضاة الدائرة اجلزائية األوىل االطالع عىل القرار,f4a9183699627affacd675e6df131d9ff1ab09fe2921f49bfbd664c07e674112,metadata_incomplete_pending_review
collector-1435-v10-p317-355965,extracted/collector-judgments-pdf/collector-1435-v10-p317-355965.pdf,moj-judgments-1435-volume-10.pdf,7d6e7ede15d5b51adf7afab9d7547c85cc365670951cccab92bab1fc55013077,317,322,6,b30b478cbd8dfcafe917cb04eb2b6c1c9c0ede4765e6d6c10181123b44b8a6fb,493639,اعتداء -حق عام -حرابة -انتهاك حرمة منزل -سلب أموال -رضب وتسبب يف إصابة -تقرير طبي -إنكار -حمرض تعرف -كشف مكاملات -بينة غري موصلة -رد طلبات املدعي العام -توجه التهمة للقرائن -تعزير بالسجن واجللد.,,,355965,,,احلمد هلل وحده وبعد ،فقد اطلعنا نحن قضاة الدائرة اجلزائية اخلامسية األوىل يف حمكمة,39e89a5802b10f15909ef0f0f86cf86de452c5856341e110c681163856fd4c23,metadata_incomplete_pending_review
collector-1435-v10-p323-3529443,extracted/collector-judgments-pdf/collector-1435-v10-p323-3529443.pdf,moj-judgments-1435-volume-10.pdf,7d6e7ede15d5b51adf7afab9d7547c85cc365670951cccab92bab1fc55013077,323,325,3,396c25eadc4c6b1e52786d236238ee3971fa828086a871a302d040f6432e16b5,485883,اعتداء -حق عام -رمي بحجر - تسبب يف إصابة -تقرير طبي -إقرار -إدانة -تعزير بالسجن واجللد.,,,3529443,1435/01/14,اجلزائية السابعة بمحكمة االستئناف يف منطقة مكة املكرمة االطالع عىل املعاملة الواردة,احلمد هلل والصالة والسالم عىل من ال نبي بعده وبعد ،فقد جرى منا نحن قضاة الدائرة,c81e96820b6de64c00e5e1c6ed0c867ecbd02c7463a263473653cc2e78f6f777,metadata_incomplete_pending_review
collector-1435-v10-p326-3499862,extracted/collector-judgments-pdf/collector-1435-v10-p326-3499862.pdf,moj-judgments-1435-volume-10.pdf,7d6e7ede15d5b51adf7afab9d7547c85cc365670951cccab92bab1fc55013077,326,330,5,2b2ffae3919b13396e079c802e712b42d2df3b343a750cb7e24d22b67c8ef034,488903,اعتداء -حق عام -حرابة -رضب وسلب أموال -إنكار -حمرض تعرف ومواجهة - رد طلب إقامة حد احلرابة -توجه سوابق مماثلة -بينة غري موصلة -عدم ثبوت اإلدانة - التهمة للقرائن -تعزير بالسجن واجللد.,,,3499862,,,احلمد هلل وحده وبعد ،فقد اطلعنا نحن قضاة الدائرة اجلزائية اخلامسية األوىل يف,371c14b73dd704337cdcdb8de06abd831b52a91cd0e3e69d0763f963101546fa,metadata_incomplete_pending_review
collector-1435-v10-p331-3542683,extracted/collector-judgments-pdf/collector-1435-v10-p331-3542683.pdf,moj-judgments-1435-volume-10.pdf,7d6e7ede15d5b51adf7afab9d7547c85cc365670951cccab92bab1fc55013077,331,334,4,7f06d68bc06e0a077d32fdebb2631679c46775c99d02e44833d37ca2f74e5930,485128,اعتداء -حق عام وخاص -رضب وتسبب يف إصابة -تقرير طبي -إنكار -إقرار بمجرد الدفع -مطالبة بالتعزير للحق اخلاص -سبق اإلقرار حتقيقا -الدفع من درجات الرضب -إدانة يف احلقني -تعزير بالسجن واجللد.,,,3542683,,الدائرة اجلزائية الثالثة بمحكمة االستئناف يف منطقة مكة املكرمة االطالع عىل املعاملة,الدائرة اجلزائية الثالثة بمحكمة االستئناف يف منطقة مكة املكرمة االطالع عىل املعاملة,841fdc4bca50bd48109844894921f8fce150d10717b13b846b3c4ce08d6c0889,metadata_incomplete_pending_review
collector-1435-v10-p335-35368713,extracted/collector-judgments-pdf/collector-1435-v10-p335-35368713.pdf,moj-judgments-1435-volume-10.pdf,7d6e7ede15d5b51adf7afab9d7547c85cc365670951cccab92bab1fc55013077,335,337,3,1811290c3b6e6b9245c0c87903477f724551f91823c8dc87eea034a8264ce9c2,494074,اعتداء -حق عام -رضب وتسبب يف إصابة -تقرير طبي -إقرار ببعض اإلصابات - سبق إقرار حتقيقا -تعزير بالسجن وأخذ التعهد.,,,35368713,,,الدائرة اجلزائية الثانية يف حمكمة االستئناف بمنطقة مكة املكرمة االطالع عىل املعاملة,562092ac9848beb6440e9c8a7418e8e6d1e2df7e36ec8e5183349077f486c7c2,metadata_incomplete_pending_review
collector-1435-v10-p338-35145547,extracted/collector-judgments-pdf/collector-1435-v10-p338-35145547.pdf,moj-judgments-1435-volume-10.pdf,7d6e7ede15d5b51adf7afab9d7547c85cc365670951cccab92bab1fc55013077,338,338,1,11c5e9cdee41ef45c530df382455f3ee8717da3d834692fbcd4352f0638da1d4,384564,اعتداء -رضب وتسبب يف إصابة -سب وشتم - تقرير طبي -إقرار -إدانة -تعزير,,,35145547,1435/03/08,,,08bc404a5240cb4d674013281aff76e5fdc2391469debd5d0b349a9fa66ee242,metadata_incomplete_pending_review
collector-1435-v10-p343-35175574,extracted/collector-judgments-pdf/collector-1435-v10-p343-35175574.pdf,moj-judgments-1435-volume-10.pdf,7d6e7ede15d5b51adf7afab9d7547c85cc365670951cccab92bab1fc55013077,343,346,4,8411ed78429d95cc1cb92dcd014f357fe9e9bcef2b01a35a560cf0bedba4db17,487972,اعتداء -حق عام -رضب وتلفظ -تسبب يف إصابة -تقرير طبي -إنكار -عدم البينة -عدم ثبوت اإلدانة -رد الدعوى.,,,35175574,,بمحكمة االستئناف بمنطقة حائل عىل املعاملة الواردة من فضيلة رئيس املحكمة العامة,احلمد هلل وحده وبعد ،فقد اطلعنا نحن قضاة الدائرة الثانية لتدقيق القضايا اجلزائية,9dc7e20cce5ee2a20c5028f34dc02004f3216c1e0d1e2cdf36baa70be98ee854,metadata_incomplete_pending_review
collector-1435-v10-p347-35221397,extracted/collector-judgments-pdf/collector-1435-v10-p347-35221397.pdf,moj-judgments-1435-volume-10.pdf,7d6e7ede15d5b51adf7afab9d7547c85cc365670951cccab92bab1fc55013077,347,351,5,9dc65e1a6abda35a472907f5651d59fa529db97e7b44c775ab1925cbad929fd8,491800,اعتداء -حق عام -دعوى ضد أحداث -رضب ورمي بحجر - تسبب يف إصابة - تقرير طبي -إقرار بالرضب -إنكار رمي احلجر - تعزير بالسجن واجللد وأخذ التعهد - تنازل عن احلق اخلاص.,,,35221397,,بمحكمة االستئناف بمنطقة عسري عىل املعاملة الواردة من فضيلة رئيس املحكمة العامة,احلمد هلل وحده وبعد ،فقد اطلعنا نحن قضاة الدائرة الثانية لتدقيق القضايا اجلزائية,e0d2f474455d7b50ad03c7d9dbac34d6e908a872d17b1010741078721bb041c5,metadata_incomplete_pending_review
collector-1435-v10-p352-35455,extracted/collector-judgments-pdf/collector-1435-v10-p352-35455.pdf,moj-judgments-1435-volume-10.pdf,7d6e7ede15d5b51adf7afab9d7547c85cc365670951cccab92bab1fc55013077,352,354,3,aa53915cee626eb09229779a6c1056d3eb4899179b1f206b396a8c72a92c4fd7,483671,اعتداء -حق عام -رضب امرأة -ملسها وسبها -إنكار الرضب واللمس -عدم البينة - رد طلب التعزير عليهام -إقرار بالسب -إدانة به -تعزير باجللد.,,,35455,,,احلمد هلل وحده وبعد ،فقد اطلعنا نحن قضاة الدائرة اجلزائية الثانية يف حمكمة,7a76db1109747adb5b38ed0f4499dabe8575ea84b5a21b69e4a1c1a9147cad2f,metadata_incomplete_pending_review
collector-1435-v10-p355-33609158,extracted/collector-judgments-pdf/collector-1435-v10-p355-33609158.pdf,moj-judgments-1435-volume-10.pdf,7d6e7ede15d5b51adf7afab9d7547c85cc365670951cccab92bab1fc55013077,355,357,3,9dc8aac8ee91457474a98fb06db33945ba302e9728f2fd3e213a05722400212c,483094,اعتداء -حق عام -رضب رجل أمن ومقاومته -إنكار -حضور رجل األمن -نفيه وقوع االعتداء -رد الدعوى.,,,33609158,,,احلمد هلل والصالة والسالم عىل رسول اهلل وبعد ،نحن رئيس وقضاة الدائرة اجلزائية,7276f18374c0fafe7be6b23c5d1dccae1c3716a278856f850a79827c5ed5f7c2,metadata_incomplete_pending_review
collector-1435-v10-p358-3456945,extracted/collector-judgments-pdf/collector-1435-v10-p358-3456945.pdf,moj-judgments-1435-volume-10.pdf,7d6e7ede15d5b51adf7afab9d7547c85cc365670951cccab92bab1fc55013077,358,362,5,6e8b1cec51fa0e5476255dae47997d3a4bc8444a05c5aa3875d3b8298513726a,487688,اعتداء -حق عام -مضاربة -تسبب يف إصابة -تقرير طبي -إقرار -إدانة -تعزير باجللد وأخذ التعهد.,,,3456945,1434/02/04,الدائرة اجلزائية الثالثة بمحكمة االستئناف يف منطقة مكة املكرمة ،االطالع عىل املعاملة,املكرمة برقم 35857998يف 1435/5/23ه وبرفقها قرار الدائرة اجلزائية الثالثة رقم,01b0956caaff8545ca933f2f90769656113b73653a2b3f0defdd4286cb1f7263,metadata_incomplete_pending_review
collector-1435-v10-p363-34243356,extracted/collector-judgments-pdf/collector-1435-v10-p363-34243356.pdf,moj-judgments-1435-volume-10.pdf,7d6e7ede15d5b51adf7afab9d7547c85cc365670951cccab92bab1fc55013077,363,365,3,84b1bf2422241940c4b4e6525d5dc1fb709ffb043cff7d97ea19c5f378b92d47,482568,اعتداء -حق خاص -صفع عىل الوجه -إقرار -دفع برد االعتداء -عدم إثباته -يمني املدعي -إدانة -تعزير بالسجن واجللد وأخذ التعهد.,,,34243356,,,1435/3/1ه ،فقد جرى منا نحن قضاة الدائرة اجلزائية األوىل االطالع عىل القرار,65ce0b751201e5bdd6861639bd38b44fcba0b89ad3d318395a014f44e0c2895a,metadata_incomplete_pending_review
collector-1435-v10-p366-3460750,extracted/collector-judgments-pdf/collector-1435-v10-p366-3460750.pdf,moj-judgments-1435-volume-10.pdf,7d6e7ede15d5b51adf7afab9d7547c85cc365670951cccab92bab1fc55013077,366,369,4,bbd5c1a884ffefaca5e2189d4c48aa03a968672fb0c08de3cf2b295b92bc5d1c,485545,اعتداء -حق خاص -إمساك من احللق -إقرار -دفع بمحاولة استيفاء دين -حق الدائن يف مالزمة املدين -جتاوز ذلك احلق -إدانة -تعزير بأخذ التعهد.,,,3460750,,,احلمد هلل والصالة والسالم عىل رسول اهلل وبعد ،نحن رئيس وقضاة الدائرة اجلزائية,a315adea2c418065883783fa87580f5dac2cb699301f996c9032e8ba3c6e2657,metadata_incomplete_pending_review
collector-1435-v10-p370-3491677,extracted/collector-judgments-pdf/collector-1435-v10-p370-3491677.pdf,moj-judgments-1435-volume-10.pdf,7d6e7ede15d5b51adf7afab9d7547c85cc365670951cccab92bab1fc55013077,370,372,3,425c8f316f3419b55a10113c2964ee56b4a380fcef678792ed89c1d124437b00,481987,اعتداء -حق خاص -رضب وإمساك من احللق -إنكار -عدم البينة -نكول عن يمني النفي -إدانة -تعزير باجللد.,,,3491677,1434/02/25,,فقد جرى منا نحن رئيس وأعضاء الدائرة اجلزائية الثانية يف حمكمة االستئناف بمنطقة املدينة,cf5fbd1b3158c12927caf34ec68a7ed25b102c5280d2d0ddfae96fbf26493084,metadata_incomplete_pending_review
collector-1435-v10-p373-3583939,extracted/collector-judgments-pdf/collector-1435-v10-p373-3583939.pdf,moj-judgments-1435-volume-10.pdf,7d6e7ede15d5b51adf7afab9d7547c85cc365670951cccab92bab1fc55013077,373,376,4,c29295a5787f5db0a110e1fc7a2cda5e7466ad6f67477c74c6706326007f04de,484248,اعتداء -حق خاص -دعوى ضد معلمة -رضب طالبة -إنكار -عدم البينة -تأديب جائز رشعا -رد الدعوى -عدم التحليف مع انتفاء القرينة.,,,3583939,1435/02/08,الدائرة اجلزائية اخلامسة بمحكمة االستئناف يف منطقة مكة املكرمة االطالع عىل املعاملة,الساعة ( ،)08 :30حيث عادت املعاملة من حمكمة االستئناف مالحظا عليها بقرار الدائرة,5e01ebdea30a4a1bd63a5661473b864c43f16a92b695ec1091a60f6684f34444,metadata_incomplete_pending_review
collector-1435-v10-p377-34165490,extracted/collector-judgments-pdf/collector-1435-v10-p377-34165490.pdf,moj-judgments-1435-volume-10.pdf,7d6e7ede15d5b51adf7afab9d7547c85cc365670951cccab92bab1fc55013077,377,380,4,090daffc928a294fadf10c7650eccb8c07ae1e92693170cf0bc82d4f07881a84,484464,اعتداء -حق خاص -رضب وشتم - إنكار -شهادة غري موصلة -يمني النفي -,,,34165490,1434/04/10,الدائرة اجلزائية اخلامسة بمحكمة االستئناف يف منطقة مكة املكرمة االطالع عىل املعاملة,الدائرة اجلزائية اخلامسة بمحكمة االستئناف يف منطقة مكة املكرمة االطالع عىل املعاملة,9be53b6fe1e1384ba079016277dc0409194aa620bb3a80275de06d8a98b064f3,metadata_incomplete_pending_review
collector-1435-v10-p381-352696,extracted/collector-judgments-pdf/collector-1435-v10-p381-352696.pdf,moj-judgments-1435-volume-10.pdf,7d6e7ede15d5b51adf7afab9d7547c85cc365670951cccab92bab1fc55013077,381,384,4,366573778b00f13a1e75da7db3ecd12169b7f40cff50c43dcd72166954a7af1d,485844,اعتداء -حق عام -مضاربة -تسبب يف إصابات -تقرير طبي -إقرار -تنازل الطرفني عن احلق اخلاص -ثبوت التنازل -إدانة للحق العام -تعزير بأخذ التعهد.,,,352696,,,1435/03/26ه ،فقد جرى منا نحن قضاة الدائرة اجلزائية األوىل االطالع عىل احلكم,992956cb9177c7c5a8733be196c43ce6437d25ae6aba3bd015e3ecaecad0fcb4,metadata_incomplete_pending_review
collector-1435-v10-p385-3597696,extracted/collector-judgments-pdf/collector-1435-v10-p385-3597696.pdf,moj-judgments-1435-volume-10.pdf,7d6e7ede15d5b51adf7afab9d7547c85cc365670951cccab92bab1fc55013077,385,390,6,488f5c7c4cc1cf32c4f5752550a01c9420c6c02584e43da203361e3b1ee4a533,496976,اعتداء -حق عام -مضاربة -إطالق نار -تكسري سيارة -تسبب يف إصابات -تقرير طبي -إنكار -إدانة باالشرتاك يف مضاربة -توجه الشبهة يف باقي التهم - تعزير بالسجن وأخذ التعهد -إرجاء حماكمة الغائب.,,,3597696,,,الدائرة اجلزائية السابعة يف حمكمة االستئناف بمنطقة مكة املكرمة االطالع عىل املعاملة,e9b8b274f7fa6a2fdf541aa12ffb7f622c4b5f52eadf49ae9ddb1d0fc1991851,metadata_incomplete_pending_review
collector-1435-v10-p391-3493979,extracted/collector-judgments-pdf/collector-1435-v10-p391-3493979.pdf,moj-judgments-1435-volume-10.pdf,7d6e7ede15d5b51adf7afab9d7547c85cc365670951cccab92bab1fc55013077,391,396,6,6baa668c068f95262621b6b5fea15cc70182d473dc3acc9bbaad62728ecabb8b,567132,اعتداء -حق عام -رضب زوجة وتلفظ عليها -دخول أجانب غرفة نومها -إقرار بالرضب -إنكار ما عداه -إدانة بالرضب -تعزير بالسجن واجللد وأخذ التعهد -انتفاء القصد اجلرمي يف الدخول -اكتفاء بأخذ التعهد.,,,3493979,,الدائرة اجلزائية اخلامسة بمحكمة االستئناف يف منطقة مكة املكرمة االطالع عىل املعاملة,الدائرة اجلزائية اخلامسة بمحكمة االستئناف يف منطقة مكة املكرمة االطالع عىل املعاملة,0725946ed2a404d0b41f2d695d761f063e18ad734e0738c2e1a1910024c5254f,metadata_incomplete_pending_review
collector-1435-v10-p397-3498438,extracted/collector-judgments-pdf/collector-1435-v10-p397-3498438.pdf,moj-judgments-1435-volume-10.pdf,7d6e7ede15d5b51adf7afab9d7547c85cc365670951cccab92bab1fc55013077,397,400,4,c92ed7e3d20b76e909f8b1f0af074c5dc2480d29fc2eb69eb8ba4985f7d0db37,506997,اعتداء -حق عام وخاص -رضب زوجة -تسبب يف إصابتها -تلفظ -تقرير طبي - إقرار -تقدم املدعية باحلق اخلاص -مطالبتها بأرش اإلصابة -تقديره -إدانة يف احلقني - تعزير بالسجن -إلزام بدفع األرش.,,,3498438,,الدائرة اجلزائية اخلامسة بمحكمة االستئناف يف منطقة مكة املكرمة االطالع عىل املعاملة,الدائرة اجلزائية اخلامسة بمحكمة االستئناف يف منطقة مكة املكرمة االطالع عىل املعاملة,a55bf1cd88fd1628a8489095c9d3a50d6d41e0b3d42b57ad0b368eebdf141c4c,metadata_incomplete_pending_review
collector-1435-v10-p401-34350027,extracted/collector-judgments-pdf/collector-1435-v10-p401-34350027.pdf,moj-judgments-1435-volume-10.pdf,7d6e7ede15d5b51adf7afab9d7547c85cc365670951cccab92bab1fc55013077,401,408,8,9fe5570a02d80b74c6882456740654e1d2e6322256883ec4372bb3b20c8e9cf6,501031,اعتداء -حق عام وخاص -رضب زوجة -تسبب يف إصابتها -تقرير طبي -إنكار مطالبة بالتعزير للحق اخلاص -شهادة غري موصلة -سبق اإلقرار حتقيقا -عدم دفعه بدفع مقبول -تعلقه باحلقني -عدم قبول الرجوع عنه -إدانة يف احلقني -تعزير باجللد.,,,34350027,,,احلمد هلل وحده وبعد ،فقد اطلعنا نحن قضاة الدائرة اجلزائية الثانية يف حمكمة,6796875cd61039bac4d656b68486a89be60903ca2fe15ee37457cf662d46ae14,metadata_incomplete_pending_review
collector-1435-v10-p409-3568414,extracted/collector-judgments-pdf/collector-1435-v10-p409-3568414.pdf,moj-judgments-1435-volume-10.pdf,7d6e7ede15d5b51adf7afab9d7547c85cc365670951cccab92bab1fc55013077,409,412,4,98ee64b08b1addfdafc529c9d66ba9e34a371aea1ae7415fba2b68afb590130a,501795,اعتداء -حق عام وخاص -رضب زوجة -تقرير طبي -إقرار -دفع باملرض النفيس - مطالبة بالتعزير للحق اخلاص -إدانة يف احلقني -تعزير بالسجن واجللد وأخذ التعهد.,,,3568414,,,احلمد هلل وحده وبعد ،فقد اطلعنا نحن قضاة الدائرة اجلزائية األوىل بمحكمة,1f282134c47dd60d8cc3ec5685f98dbb6188fbb9d79745bcaa67f463e85cb8b0,metadata_incomplete_pending_review
collector-1435-v10-p413-35239582,extracted/collector-judgments-pdf/collector-1435-v10-p413-35239582.pdf,moj-judgments-1435-volume-10.pdf,7d6e7ede15d5b51adf7afab9d7547c85cc365670951cccab92bab1fc55013077,413,417,5,9aae6c649af07444a7130ccbf870944eaddc3653d3d9ab6e2c1261bd50331362,858748,اعتداء -حق عام -رمي باحلجارة -تسبب يف إصابة -تكسري زجاج سيارة -تقرير طبي -إقرار -ظهور أعراض مرض نفيس -تقرير طبي نفيس -إعفاء من املسؤولية اجلنائية -إدانة -رصف النظر عن التعزير- إيداع يف مصحة نفسية.,,,35239582,,,الدائرة اجلزائية الثانية يف حمكمة االستئناف بمنطقة مكة املكرمة االطالع عىل املعاملة,092953584065414550a2549c5e60813811409939cc3c0e4e7ee108f06f63d3e4,metadata_incomplete_pending_review
collector-1435-v10-p418-3581021,extracted/collector-judgments-pdf/collector-1435-v10-p418-3581021.pdf,moj-judgments-1435-volume-10.pdf,7d6e7ede15d5b51adf7afab9d7547c85cc365670951cccab92bab1fc55013077,418,422,5,4fe58a06a6d8df71ccdfc4930e7bbacb3922d938d6b23e0d7191e830dd8f01ac,514144,زنا -امرأة غري حمصنة -تغيبها عن أهلها -إقامة عالقة حمرمة -تقرير طبي -إقرار - تكراره أربع مرات -محل سفاح -إدانة -احلكم بحد زنا البكر - تعزير بالسجن واجللد.,,,3581021,,,احلمد هلل وحده وبعد ،فقد اطلعنا نحن قضاة الدائرة اجلزائية الثانية يف حمكمة,5b7ac653608653690bdaace849fa3add21b1b806cdf0bebcfa1187617b2b89ac,metadata_incomplete_pending_review
collector-1435-v10-p423-3455676,extracted/collector-judgments-pdf/collector-1435-v10-p423-3455676.pdf,moj-judgments-1435-volume-10.pdf,7d6e7ede15d5b51adf7afab9d7547c85cc365670951cccab92bab1fc55013077,423,426,4,7092314ccb88b67c51787b768943fcfd5bbeb29094df858f00d6f5ec58ccc339,498584,زنا -رجل وامرأة غري حمصنني -تغييب فتاة وإيواؤها -تغيبها عن منزل أهلها -إقرار - -احلكم بحد زنا البكر - تعزير بالسجن واجللد .,,,3455676,,الدائرة اجلزائية اخلامسة بمحكمة االستئناف يف منطقة مكة املكرمة االطالع عىل املعاملة,الدائرة اجلزائية اخلامسة بمحكمة االستئناف يف منطقة مكة املكرمة االطالع عىل املعاملة,2cfc57197a58d4bda2f1c7b56dab054b1a477d6f42f8074f9b6dd88914b81613,metadata_incomplete_pending_review
collector-1435-v10-p427-3345480,extracted/collector-judgments-pdf/collector-1435-v10-p427-3345480.pdf,moj-judgments-1435-volume-10.pdf,7d6e7ede15d5b51adf7afab9d7547c85cc365670951cccab92bab1fc55013077,427,430,4,f0c2137d4488d1b01218e1995f9e844f0b9feec9e9e2fa0f221a680745ab7d01,488051,زنا -رجل غري حمصن -إنكار -سبق اإلقرار حتقيق ا -دفع باإلكراه -درء حد الزنا - توجه التهمة -تعزير باجللد.,,,3345480,,,اطلعنا نحن قضاة الدائرة اجلزائية األوىل بمحكمة احلمد هلل وحده وبعد ..فقد,75c5fc10152b9e3e89dea107091aac42fbf925f47594650f813464f171d5b4e3,metadata_incomplete_pending_review
collector-1435-v10-p431-353671,extracted/collector-judgments-pdf/collector-1435-v10-p431-353671.pdf,moj-judgments-1435-volume-10.pdf,7d6e7ede15d5b51adf7afab9d7547c85cc365670951cccab92bab1fc55013077,431,437,7,dabaee42b241c8d874806c6c10d3da3cecb68812f81841fe8b19003b1da07482,500416,زنا -رجل وامرأة غري حمصنني -خلوة حمرمة -إنكار -سبق اإلقرار حتقيق ا -دفع باإلكراه عليه -إدانة باخللوة -درء حد الزنا -تعزير بالسجن واجللد -إيصاء باإلبعاد.,,,353671,,الدائرة اجلزائية اخلامسة بمحكمة االستئناف يف منطقة مكة املكرمة االطالع عىل املعاملة,قضاة الدائرة اجلزائية اخلامسة واملتضمن بعد املقدمة ما نصه “ وبدراسة القرار وصورة,41cee333c416cbfa0c08e80f54892959b086f89ad882aa2bee0bb8efd64fef5d,metadata_incomplete_pending_review
collector-1435-v10-p438-3524981,extracted/collector-judgments-pdf/collector-1435-v10-p438-3524981.pdf,moj-judgments-1435-volume-10.pdf,7d6e7ede15d5b51adf7afab9d7547c85cc365670951cccab92bab1fc55013077,438,441,4,ac91fb0d16cd89ce8e4cfbfb1b00024d1b33a5699df12edbd94606f3d12df9ef,490369,زنا -امرأة حمصنة -تغيبها عن أهلها -محل سفاح -تقرير طبي -إقرار -دفع باإلكراه حد الزاين املحصن -تعزير بالسجن عىل الزنا -سبق اإلقرار حتقيق ا -رجوع عنه -درء,,,3524981,,,احلمد هلل وحده وبعد ..فقد اطلعنا نحن قضاة الدائرة اجلزائية اخلامسية األوىل يف حمكمة,2879c22a5d4f8b648e52cebecd5798bb4921a069636394a28e18b5dee92d5136,metadata_incomplete_pending_review
collector-1435-v10-p442-33673643,extracted/collector-judgments-pdf/collector-1435-v10-p442-33673643.pdf,moj-judgments-1435-volume-10.pdf,7d6e7ede15d5b51adf7afab9d7547c85cc365670951cccab92bab1fc55013077,442,446,5,97071f1c4c1c7b42de17d2aac47aa1fbe173f1a99cdf5ca504643c4cf14264c0,494252,زنا -امرأة حمصنة -إنكار حصول اإليالج -دفع باإلكراه عىل الزنا -عدم البينة عليه - سبق اإلقرار حتقيق ا -رجوع عنه -درء حد الزنا -تعزير بالسجن واجللد -إيصاء باإلبعاد.,,,33673643,,,1435/5/15ه وبرفقها قرار أصحاب الفضيلة قضاة الدائرة اجلزائية اخلامسية األوىل,e873cd8ee00b6eb0d1ec3e22286abfc09e4658426eb22038b04795254755cfd6,metadata_incomplete_pending_review
collector-1435-v10-p447-34281543,extracted/collector-judgments-pdf/collector-1435-v10-p447-34281543.pdf,moj-judgments-1435-volume-10.pdf,7d6e7ede15d5b51adf7afab9d7547c85cc365670951cccab92bab1fc55013077,447,451,5,f718a8a5e7691bc3d50b917c5298302a6063f4b28c7bf2f20dcb3ea666298715,493091,زنا -امرأة حمصنة -محل سفاح -متكني من انتهاك حرمة منزل -إقرار -تكراره أربع مرات -دفع باإلكراه عىل الزنا -عدم البينة عليه -إدانة -درء حد زنا املحصن -تعزير بالسجن واجللد.,,,34281543,,,يف 1434/10/12ه من الدائرة اجلزائية الثانية بالقرار ذي الرقم ( )34320051يف,b50aba7621bbc0551f92baa7e9348bef047f63530f462ffae096f6c6b59ce800,metadata_incomplete_pending_review
collector-1435-v10-p452-3548883,extracted/collector-judgments-pdf/collector-1435-v10-p452-3548883.pdf,moj-judgments-1435-volume-10.pdf,7d6e7ede15d5b51adf7afab9d7547c85cc365670951cccab92bab1fc55013077,452,457,6,f44a726c5f87e18fe0247c46246e52b3a08503629d2774c2e87b2d2f7f1395f1,491781,زنا -امرأة حمصنة -رجل غري حمصن -إنكار -سبق اإلقرار حتقيق ا -رجوع عنه -دفع باإلكراه عليه -درء حد الزنا -تعزير بالسجن واجللد.,,,3548883,,الدائرة اجلزائية اخلامسية األوىل بمحكمة االستئناف بمنطقة مكة املكرمة االطالع عىل املعاملة,نبي بعده وبعد ،فقد جرى منا نحن قضاة الدائرة اجلزائية اخلامسية األوىل,48567d50d3d8ef9a72c7fbeb84d7af48c757beaa69aa73d2c58d511ec5bf2b86,metadata_incomplete_pending_review
collector-1435-v10-p458-3351493,extracted/collector-judgments-pdf/collector-1435-v10-p458-3351493.pdf,moj-judgments-1435-volume-10.pdf,7d6e7ede15d5b51adf7afab9d7547c85cc365670951cccab92bab1fc55013077,458,465,8,c7d66ecc42ecd4b952fe32099f3f5748d41e3ad85cacf70bd4918c4f7dd41152,500670,زنا -رجال ونساء حمصنون -إيواء نساء لغرض يسء -خلوة حمرمة -إقرار -دفع بالزواج -عدم البينة عليه -رجوع عن اإلقرار -رصف النظر عن إقامة احلد -تعزير بالسجن واجللد -وقف الدعوى بحق الغائبني.,,,3351493,,الدائرة اجلزائية اخلامسية الثالثة بمحكمة االستئناف بمنطقة مكة املكرمة االطالع عىل,الدائرة اجلزائية اخلامسية الثالثة بمحكمة االستئناف بمنطقة مكة املكرمة االطالع عىل,89e5c298c664320863cb70f3d5e7617f7baa8ea81315a987a018f6d984288e05,metadata_incomplete_pending_review
collector-1435-v10-p466-3511621,extracted/collector-judgments-pdf/collector-1435-v10-p466-3511621.pdf,moj-judgments-1435-volume-10.pdf,7d6e7ede15d5b51adf7afab9d7547c85cc365670951cccab92bab1fc55013077,466,470,5,c77a47cd4fd718b69c85db744f3c0d53b4830f5ed79bd65a858567965e9cc67a,488815,زنا -رجل غري حمصن وامرأة حمصنة -متكني من دخول منزل -إنكار فعل الفاحشة - سبق اإلقرار حتقيق ا -رجوع عنه -درء حد الزاين املحصن -تعزير بالسجن واجللد -إيصاء,,,3511621,,وتاريخ 1435/01/04ه املبني عىل قرار الدائرة اجلزائية الثالثة بمحكمة االستئناف بمكة,وتاريخ 1435/01/04ه املبني عىل قرار الدائرة اجلزائية الثالثة بمحكمة االستئناف بمكة,357952380941871af4d185d76dd2d5742032818f9aa27cd2d6d742c7a2e4ebdb,metadata_incomplete_pending_review
collector-1435-v10-p471-3540045,extracted/collector-judgments-pdf/collector-1435-v10-p471-3540045.pdf,moj-judgments-1435-volume-10.pdf,7d6e7ede15d5b51adf7afab9d7547c85cc365670951cccab92bab1fc55013077,471,481,11,f62dbd098401a684a5a619df8e983ae70cbbdc7c67402c4eb509bf48d15246fc,1229279,زنا -رجل وامرأة غري مسلمني -انتهاك حرمة منزل -إقرار باخللوة -إنكار الزنا - سبق اإلقرار حتقيق ا -رجوع عنه -إدانة باخللوة -توجه التهمة بالزنا -عدم إقامة احلد عىل املستأمن -تعزير بالسجن واجللد -إيصاء باإلبعاد .,,,3540045,,بمحكمة االستئناف بمنطقة حائل عىل املعاملة الواردة من فضيلة رئيس املحكمة العامة,احلمد هلل وحده وبعد فقد اطلعنا نحن قضاة الدائرة املختصة بتدقيق القضايا اخلامسية,82e79efe770f8fded470ff7057ce993df52f57b87898a1b32ef5259fff5930ad,metadata_incomplete_pending_review
collector-1435-v10-p482-3354123,extracted/collector-judgments-pdf/collector-1435-v10-p482-3354123.pdf,moj-judgments-1435-volume-10.pdf,7d6e7ede15d5b51adf7afab9d7547c85cc365670951cccab92bab1fc55013077,482,490,9,f3ae3296907e17af3582d5490cc95e0a4fdde4367e907d96b7c47f5def89a2d1,509666,دعارة -إعداد منزل لذلك -اجتار باألشخاص -إيواء امرأة -قوادة عليها -إقرار - إدانة -تعزير بالسجن واجللد -إبعاد -مصادرة املضبوطات -إرجاء حماكمة الغائبني.,,,3354123,,قضاة الدائرة اجلزائية اخلامسية الثالثة بمحكمة االستئناف بمنطقة مكة املكرمة االطالع,فلدي أنا ( )...القايض بالدائرة ( )...التنفيذية بدوائر احلجز,9fb5c32564a92ef9abd1034dd51c8b86c9fd8556f581564d143741d0dc383605,metadata_incomplete_pending_review
collector-1435-v10-p491-33446740,extracted/collector-judgments-pdf/collector-1435-v10-p491-33446740.pdf,moj-judgments-1435-volume-10.pdf,7d6e7ede15d5b51adf7afab9d7547c85cc365670951cccab92bab1fc55013077,491,495,5,d7e871a76497353149e93d6646d80a247a9e1eff065ea039bd6b2fdcccbae3ed,490264,دعارة -قوادة -امتهان البغاء -إنكار -حمرض قبض -بينة غري موصلة -عدم ثبوت اإلدانة -توجه الشبهة -تعزير بالسجن واجللد -إيصاء باإلبعاد.,,,33446740,,احلمد هلل وحده وبعد ،فقد اطلعنا نحن قضاة الدائرة اجلزائية الثالثة بمحكمة االستئناف,احلمد هلل وحده وبعد ،فقد اطلعنا نحن قضاة الدائرة اجلزائية الثالثة بمحكمة االستئناف,4afb052159c0a5ac1aad9173d0106e6651b9edee7b06501c5085fc1e0c9e0913,metadata_incomplete_pending_review
collector-1435-v10-p496-33473990,extracted/collector-judgments-pdf/collector-1435-v10-p496-33473990.pdf,moj-judgments-1435-volume-10.pdf,7d6e7ede15d5b51adf7afab9d7547c85cc365670951cccab92bab1fc55013077,496,501,6,abe3e7ea44fc12f1564cde8a84e30be6f172279975d952fc0a9dea74eb1eaf9e,526078,دعارة -اجتار باألشخاص -قوادة عىل نساء -إقامة عالقة حمرمة -حيازة أوراق ميرس - امتهان البغاء -إنكار -شهادة الفرقة القابضة -إدانة -تعزير بالسجن واجللد والغرامة - مصادرة املضبوطات -إيصاء باإلبعاد.,,,33473990,,,الدائرة اجلزائية الثانية يف حمكمة االستئناف بمنطقة مكة املكرمة االطالع عىل املعاملة,04c9643f92fc37d6203a43ddc1ed11ea8a405e1753d433764326678094162ab8,metadata_incomplete_pending_review
collector-1435-v10-p502-34558257,extracted/collector-judgments-pdf/collector-1435-v10-p502-34558257.pdf,moj-judgments-1435-volume-10.pdf,7d6e7ede15d5b51adf7afab9d7547c85cc365670951cccab92bab1fc55013077,502,505,4,56ba72ea729d1cf8ff50949514cad4df4671fb901f6b7752f677f499bc771764,486048,دعارة -إعداد مكان لذلك -قوادة عىل نساء -إنكار -حمارض قبض وحتقيق -بينة غري موصلة -توجه الشبهة -تعزير بالسجن واجللد.,,,34558257,,,احلمد هلل والصالة والسالم عىل رسول اهلل وبعد ،فنحن رئيس وقضاة الدائرة اجلزائية,da8e0d516a39e74876dc1f9670e7cb15a332bea425e084ed7d66c282306022eb,metadata_incomplete_pending_review
collector-1435-v10-p506-34569485,extracted/collector-judgments-pdf/collector-1435-v10-p506-34569485.pdf,moj-judgments-1435-volume-10.pdf,7d6e7ede15d5b51adf7afab9d7547c85cc365670951cccab92bab1fc55013077,506,509,4,dc84843769562f6d2cc53e560866bebaf6c3b7f227d11838b4f0507d0e751d03,504668,دعارة -إعداد مكان لذلك -ممارسة أعامل دعارة -قوادة عىل نساء -إقرار -إدانة - تعزير بالسجن واجللد -مصادرة اجلوال.,,,34569485,,,الدائرة اجلزائية الثانية يف حمكمة االستئناف بمنطقة مكة املكرمة االطالع عىل املعاملة,a75d0f54e9449803577d7514e434bdc69a5918f5700f0a1eff9e2a6e75bfafcf,metadata_incomplete_pending_review
collector-1435-v10-p510-3516506,extracted/collector-judgments-pdf/collector-1435-v10-p510-3516506.pdf,moj-judgments-1435-volume-10.pdf,7d6e7ede15d5b51adf7afab9d7547c85cc365670951cccab92bab1fc55013077,510,516,7,72f9b146f35b3a2b39422a666bd5484e2fdc885c33e757cc447c57012d7e4751,496439,دعارة -قوادة عىل نساء -ممارسة أعامل دعارة -إنكار القوادة -شهادة الفرقة القابضة - إدانة -تعزير بالسجن واجللد -مصادرة اجلوال -إيصاء باإلبعاد.,,,3516506,,منا نحن رئيس وأعضاء الدائرة اجلزائية الثانية بمحكمة االستئناف بمنطقة املدينة املنورة,منا نحن رئيس وأعضاء الدائرة اجلزائية الثانية بمحكمة االستئناف بمنطقة املدينة املنورة,70d3e0fce2385f95720b07afce4aac9589f727668c32a06158ad59f568288352,metadata_incomplete_pending_review
collector-1435-v10-p517-3566663,extracted/collector-judgments-pdf/collector-1435-v10-p517-3566663.pdf,moj-judgments-1435-volume-10.pdf,7d6e7ede15d5b51adf7afab9d7547c85cc365670951cccab92bab1fc55013077,517,526,10,85064c3a091f94d06cc6a9ed3b61d8b3717d90b71a3f03a636542b52217869af,504936,دعارة -إعداد مكان لذلك -اجتار باألشخاص -قوادة عىل نساء -حضور بقصد ممارسة الفاحشة -خلوة حمرمة -إنكار -حمارض قبض واستجواب ومواجهة -بينة غري موصلة -عدم ثبوت اإلدانة -توجه التهمة للقرائن -تعزير بالسجن واجللد -إيصاء,,,3566663,,,احلمد هلل وحده وبعد ،فقد اطلعنا نحن قضاة الدائرة اجلزائية الثانية يف حمكمة,5f8e0f4062c9f95c744341c038c6a589cd3a29a485d37537fa0cf72a86fdf144,metadata_incomplete_pending_review
collector-1435-v10-p527-3577993,extracted/collector-judgments-pdf/collector-1435-v10-p527-3577993.pdf,moj-judgments-1435-volume-10.pdf,7d6e7ede15d5b51adf7afab9d7547c85cc365670951cccab92bab1fc55013077,527,531,5,b2a3d5db22a9cea67d101166826f16355f055ebbf0bda5aed27ca0a1f1dd0c77,488644,دعارة -امتهان البغاء -قوادة عىل نساء -إنكار -سبق اإلقرار حتقيق ا -رجوع عنه -بينة غري موصلة -سابقة مماثلة -عدم ثبوت اإلدانة -توجه التهمة للقرائن -تعزير بالسجن,,,3577993,,,الدائرة اجلزائية الثانية يف حمكمة االستئناف بمنطقة مكة املكرمة االطالع عىل املعاملة الواردة,bc62d6b8848df331aa8eb2af390262fd60edaecfd8afbdc983e187c339838b23,metadata_incomplete_pending_review
collector-1435-v10-p532-34246325,extracted/collector-judgments-pdf/collector-1435-v10-p532-34246325.pdf,moj-judgments-1435-volume-10.pdf,7d6e7ede15d5b51adf7afab9d7547c85cc365670951cccab92bab1fc55013077,532,535,4,05c9be09d0b3c98483cbe3088fb701037a0ad639e2366aa1c6790946b014ba65,485521,دعارة -إعداد منزل لذلك -قوادة عىل امرأة -امتهان البغاء -مقاومة الفرقة القابضة - سوابق مماثلة -إنكار -حمرض قبض -بينة غري موصلة -عدم ثبوت اإلدانة -توجه الشبهة للقرائن -تعزير بالسجن واجللد -إبعاد.,,,34246325,,,الدائرة اجلزائية السابعة يف حمكمة االستئناف بمنطقة مكة املكرمة االطالع عىل املعاملة,7edf9e0d9f3a89f61e635b634f3b9e66e74efc95c69588fba9d0fa1a56359b73,metadata_incomplete_pending_review
collector-1435-v10-p536-34510177,extracted/collector-judgments-pdf/collector-1435-v10-p536-34510177.pdf,moj-judgments-1435-volume-10.pdf,7d6e7ede15d5b51adf7afab9d7547c85cc365670951cccab92bab1fc55013077,536,541,6,276ce806af1840759524f60c1ee90ddd97e07f7293ebc3fa57751bf39c3d1e79,508857,دعارة -امتهان البغاء -إنكار -حمارض قبض وحتقيق -بينة غري موصلة -عدم ثبوت اإلدانة -توجه الشبهة -تعزير بالسجن واجللد -رد طلب املصادرة -إيصاء باإلبعاد.,,,34510177,,,الدائرة اجلزائية الثانية يف حمكمة االستئناف بمنطقة مكة املكرمة االطالع عىل املعاملة,bc573d0e004b0612d617fc19e3bb38b7e5c4fe370f13a2c8bdf4b22138738463,metadata_incomplete_pending_review
collector-1435-v10-p542-3461491,extracted/collector-judgments-pdf/collector-1435-v10-p542-3461491.pdf,moj-judgments-1435-volume-10.pdf,7d6e7ede15d5b51adf7afab9d7547c85cc365670951cccab92bab1fc55013077,542,549,8,95348e4f4d257dc6572fe0e7da2f9f95d667a56a9212db268d673b77e013006f,539133,دعارة -إعداد منزل لذلك -فعل الفاحشة -امتهان البغاء -دياثة وتسرت -استنشاق غراء -إنكار -سبق اإلقرار حتقيق ا ببعض التهم - دفع باإلكراه عليه -شهادة الفرقة القابضة -إدانة -توجه الشبهة بفعل الفاحشة -تعزير بالسجن واجللد والغرامة -مصادرة,,,3461491,,,واملرفق به قرار الدائرة اجلزائية األوىل رقم 35104407يف1435/1/3ه ،هذا نصه بعد,c890ae2b2a2a31ff50a2704bf012300d174499f0ecdbbda41909ffe31e64f79c,metadata_incomplete_pending_review
collector-1435-v10-p550-34449541,extracted/collector-judgments-pdf/collector-1435-v10-p550-34449541.pdf,moj-judgments-1435-volume-10.pdf,7d6e7ede15d5b51adf7afab9d7547c85cc365670951cccab92bab1fc55013077,550,553,4,02648060f1357d664ac102fec34514d00f6d9e317cbb33277dda4dbdd07f200f,485939,قوادة -رشوع يف ذلك -مقاومة الفرقة القابضة -إنكار -شهادة شهود -عدم ثبوت اإلدانة -توجه الشبهة -تعزير بالسجن واجللد.,,,34449541,,,الدائرة اجلزائية األوىل يف حمكمة االستئناف بمنطقة مكة املكرمة االطالع عىل املعاملة,113211c682d45b2dfdadce6eb3efdfccc601dd2762bb29ed781077fd30300d19,metadata_incomplete_pending_review
collector-1435-v10-p554-34433087,extracted/collector-judgments-pdf/collector-1435-v10-p554-34433087.pdf,moj-judgments-1435-volume-10.pdf,7d6e7ede15d5b51adf7afab9d7547c85cc365670951cccab92bab1fc55013077,554,576,23,1330ed1de93df8a6c388d4424d5629bb35a88b18b8017ac08aa0a8f563468358,2025728,قوادة عىل زوجة -حيازة مواد إباحية -إنكار -إقرار حتقيق ا بقصد االحتيال -شهادة الفرقة القابضة -عدم ثبوت القوادة -إدانة بابتزاز الغري -تعزير بالسجن واجللد -مصادرة,,,34433087,,,فنحن رئيس وأعضاء الدائرة اجلزائية الثانية يف حمكمة االستئناف بمنطقة املدينة املنورة جرى,f8f896de588bb23ad58f4c1bba8b4dd9a1c3078ad210fa06bb836dbfd7ec8e31,metadata_incomplete_pending_review
collector-1435-v11-p6-35153214,extracted/collector-judgments-pdf/collector-1435-v11-p6-35153214.pdf,moj-judgments-1435-volume-11.pdf,d278d4cdffc2b84137db2ca7ff26765bd0d3beb2650f52cd28edad89080bd3c4,6,9,4,e659ae3f4e12e87b6bb937041d6051ee68b8b1eaac3a41b5f1f80b785a8e535c,499842,شذوذ جنيس -اتفاق عىل فعل الفاحشة -رشوع يف ذلك -إقرار -إدانة -تعزير بالسجن واجللد -إيصاء باإلبعاد.,,,35153214,1435/03/12,الدائرة اجلزائية الثالثة بمحكمة االستئناف يف منطقة مكة املكرمة االطالع عىل املعاملة,الدائرة اجلزائية الثالثة بمحكمة االستئناف يف منطقة مكة املكرمة االطالع عىل املعاملة,3369946e16316e1a367ea95cf2f63bdc721aecf1947104ccbf8a9adb7e689b69,metadata_incomplete_pending_review
collector-1435-v11-p10-35316717,extracted/collector-judgments-pdf/collector-1435-v11-p10-35316717.pdf,moj-judgments-1435-volume-11.pdf,d278d4cdffc2b84137db2ca7ff26765bd0d3beb2650f52cd28edad89080bd3c4,10,14,5,b16fa5200f4600923b766a6f9e3cbf5347580298189257250cac08e3b64d9343,527820,لواط -فعل مقدمات الفاحشة -حيازة مواد إباحية -إنكار -إقرار لدى جهة القبض - دفع باإلكراه -عدم البينة عليه -إدانة -تعزير بالسجن واجللد -مصادرة اجلوال.,,,35316717,,بمحكمة االستئناف بمنطقة عسري عىل املعاملة الواردة من فضيلة رئيس املحكمة اجلزائية,احلمد هلل وحده وبعد فقد اطلعنا نحن قضاة الدائرة الرابعة لتدقيق القضايا اجلزائية,dd3c0d30e7fbff834d7a2c1bd65ee45498502283ad5f6ea26070a74ed03e4927,metadata_incomplete_pending_review
collector-1435-v11-p15-3591235,extracted/collector-judgments-pdf/collector-1435-v11-p15-3591235.pdf,moj-judgments-1435-volume-11.pdf,d278d4cdffc2b84137db2ca7ff26765bd0d3beb2650f52cd28edad89080bd3c4,15,19,5,59b8e979094ae25db029cf5428d8002274f4d3b935a22cf45c4308d4d9306b40,494481,لواط -حق خاص -استدراج حدث -فعل فاحشة اللواط به -إنكار -سوابق مماثلة - صدور حكم للحق العام -إقرار مصدق رشعا -عدم قبول الرجوع عنه -إدانة -تعزير بالسجن واجللد -.تعزير حلق خاص يف قضية أخالقية,,,3591235,,بمحكمة االستئناف بمنطقة القصيم عىل املعاملة الواردة من فضيلة رئيس املحكمة العامة,اطلعنا نحن قضاة الدائرة الثانية لتدقيق القضايا اجلزائية احلمد هلل وحده وبعد ،فقد,124b8cb9bdc9283aa614500b168caced9f28026650efe212432cf8c53a4a79a9,metadata_incomplete_pending_review
collector-1435-v11-p20-3447625,extracted/collector-judgments-pdf/collector-1435-v11-p20-3447625.pdf,moj-judgments-1435-volume-11.pdf,d278d4cdffc2b84137db2ca7ff26765bd0d3beb2650f52cd28edad89080bd3c4,20,25,6,6bd70c05cfd3733daeca5688a7479aff710c04d1b55d8db3d47ac30ec09a7b87,498701,شذوذ جنيس -حماولة التمكني من فعل الفاحشة -حيازة مواد إباحية -إنكار الشذوذ - شهادة غري موصلة -رد طلب اإلدانة بالشذوذ -إدانة بتخزين مواد إباحية -تعزير بالسجن واجللد -إيصاء باإلبعاد.,,,3447625,,بمحكمة االستئناف بمنطقة القصيم عىل املعاملة الواردة من فضيلة رئيس املحكمة العامة,اطلعنا نحن قضاة الدائرة الثانية لتدقيق القضايا اجلزائية احلمد هلل وحده وبعد ،فقد,d32263f0f60c43f236e66c7fff46827094f31ef5cebca2dd31df31037e976008,metadata_incomplete_pending_review
collector-1435-v11-p26-34237338,extracted/collector-judgments-pdf/collector-1435-v11-p26-34237338.pdf,moj-judgments-1435-volume-11.pdf,d278d4cdffc2b84137db2ca7ff26765bd0d3beb2650f52cd28edad89080bd3c4,26,32,7,a1ca616cf8b877f9f300bdc3623a184d161fa7906491eb5cace569121dd38425,514697,شذوذ جنيس -عرض النفس لفعل الفاحشة -اتفاق مع الغري عىل ذلك -إنكار -شهادة الفرقة القابضة -إدانة -تعزير بالسجن واجللد -مصادرة املضبوطات -إبعاد.,,,34237338,,االستئناف بالدائرة اجلزائية السادسة بمحكمة االستئناف بمنطقة مكة املكرمة جرى م نا,االستئناف بالدائرة اجلزائية السادسة بمحكمة االستئناف بمنطقة مكة املكرمة جرى م نا,176e5d5d2c05cac68d2e085450057f782a8e9ef9ee4806ebadaa04252cb517b8,metadata_incomplete_pending_review
collector-1435-v11-p33-351066,extracted/collector-judgments-pdf/collector-1435-v11-p33-351066.pdf,moj-judgments-1435-volume-11.pdf,d278d4cdffc2b84137db2ca7ff26765bd0d3beb2650f52cd28edad89080bd3c4,33,40,8,ea3463e1d0bcd63e12f9f7662222aaa469dae9d8cea4b58f6e99d2fc7282f784,534579,شذوذ جنيس -جريمة معلوماتية -إنشاء حساب إلكرتوين - نرش الفاحشة وطلب فعلها -ختزين وتبادل مواد إباحية -صدم مركبة رسمية -إنكار -شهادة الفرقة القابضة - إدانة -تعزير بالسجن واجللد والغرامة -مصادرة اجلوال.,,,351066,,,اطلعنا نحن قضاة الدائرة اجلزائية األوىل بمحكمة احلمد هلل وحده وبعد ،فقد,62fed24f18387577ac92582bcf37831b90716afe69f9b6a02fe8b68bda3d5e12,metadata_incomplete_pending_review
collector-1435-v11-p41-34271516,extracted/collector-judgments-pdf/collector-1435-v11-p41-34271516.pdf,moj-judgments-1435-volume-11.pdf,d278d4cdffc2b84137db2ca7ff26765bd0d3beb2650f52cd28edad89080bd3c4,41,44,4,3f64734929a7e64cea494e6c33bc0b0a33ad25634b9c342bc3d57e05506c04ee,489340,شذوذ جنيس -جريمة معلوماتية -عرض النفس لفعل الفاحشة -استخدام مواقع الكرتونية -إقرار -إدانة -تعزير بالسجن واجللد -مصادرة اجلوال.,,,34271516,,اجلزائية السادسة بمحكمة االستئناف بمكة املكرمة جرى منا االطالع عىل املعاملة الواردة,نبي بعده ،وبعد :نحن قضاة الدائرة احلمد هلل وحده والصالة والسالم عىل من ال,d71f59ad9729d3629b4a780be0ed00344745fec3ef80bd0225a8bf5731f08c29,metadata_incomplete_pending_review
collector-1435-v11-p45-34520219,extracted/collector-judgments-pdf/collector-1435-v11-p45-34520219.pdf,moj-judgments-1435-volume-11.pdf,d278d4cdffc2b84137db2ca7ff26765bd0d3beb2650f52cd28edad89080bd3c4,45,48,4,dc1f06b7f3721cd591dab87460e41174a68ca91a9b31460b84c256cad907e878,488452,شذوذ جنيس -عرض النفس لفعل الفاحشة -إنكار -شهادة الفرقة القابضة -إدانة - تعزير بالسجن واجللد.,,,34520219,,اجلزائية السابعة بمحكمة االستئناف يف منطقة مكة املكرمة االطالع عىل املعاملة الواردة من,نبي بعده ،وبعد ،فقد جرى منا نحن قضاة الدائرة احلمد هلل والصالة والسالم عىل من ال,b99d06a200c18ae0851228e584777fc843d8ecd457d8c9fe87e386fbe1ca70aa,metadata_incomplete_pending_review
collector-1435-v11-p49-34553214,extracted/collector-judgments-pdf/collector-1435-v11-p49-34553214.pdf,moj-judgments-1435-volume-11.pdf,d278d4cdffc2b84137db2ca7ff26765bd0d3beb2650f52cd28edad89080bd3c4,49,52,4,9533c261ac8cf861a7bf92f1ed5c7f35c99e63d86f27e3650aac56f6cd5ce837,489521,شذوذ جنيس -جريمة معلوماتية -تشبه بالنساء -ممارسة مقدمات الفاحشة -إنشاء وحيازة مواد إباحية -حماولة اهلرب من الفرقة القابضة -إقرار -إدانة -تعزير بالسجن واجللد والغرامة -مصادرة اجلوال.,,,34553214,,اجلزائية السابعة بمحكمة االستئناف يف منطقة مكة املكرمة االطالع عىل املعاملة الواردة من,نبي بعده وبعد ،فقد جرى م نا نحن قضاة الدائرةاحلمد هلل والصالة والسالم عىل من ال,3607104ed3a0e41d9d5b0b099fdb60a7775ba7c73887e6e8b804a36725727188,metadata_incomplete_pending_review
collector-1435-v11-p53-34183226,extracted/collector-judgments-pdf/collector-1435-v11-p53-34183226.pdf,moj-judgments-1435-volume-11.pdf,d278d4cdffc2b84137db2ca7ff26765bd0d3beb2650f52cd28edad89080bd3c4,53,57,5,4a32baf42e68573718fec5f1c141945ed0aace912a2895c9a2073baa52f2e9f8,493609,لواط -فعل الفاحشة -متكني منها -تطابق البصمة الوراثية -طلب احلكم بالقتل - دفع باإلجبار من املتهم اآلخر - إنكاره -سبق إقراره حتقيق ا -دفع باإلكراه عليه -شهادة شاهد -رد طلب القتل -توجه التهمة -تعزير بالسجن واجللد.,,,34183226,,الدائرة اجلزائية اخلامسية الثالثة بمحكمة االستئناف بمنطقة مكة املكرمة االطالع عىل املعاملة,الدائرة اجلزائية اخلامسية الثالثة بمحكمة االستئناف بمنطقة مكة املكرمة االطالع عىل املعاملة,c73ecc6d56925786dee5cfd8af5dbcfa804c1f307a23a7a121af67bfb4f5ae7b,metadata_incomplete_pending_review
collector-1435-v11-p58-34333270,extracted/collector-judgments-pdf/collector-1435-v11-p58-34333270.pdf,moj-judgments-1435-volume-11.pdf,d278d4cdffc2b84137db2ca7ff26765bd0d3beb2650f52cd28edad89080bd3c4,58,62,5,9fe8c4c28a5f0bdf6151546da6169de071e641c41c95ccc0a469b425addb5f4b,492862,لواط -دعوى ضد حدث -إكراه الغري عىل فعل الفاحشة به -تصويرها بغرض االبتزاز -إنكار -عدم البينة املوصلة -توجه التهمة للقرائن -ظروف خمففة -تعزير بالسجن واجللد.,,,34333270,,,احلمد هلل وحده وبعد ..فقد اطلعنا نحن قضاة الدائرة اجلزائية األوىل بمحكمة,92d9d6db7d37cfce9715f4d5f280081c4062188d37885ad48421b4f192ebd0b1,metadata_incomplete_pending_review
collector-1435-v11-p63-35247746,extracted/collector-judgments-pdf/collector-1435-v11-p63-35247746.pdf,moj-judgments-1435-volume-11.pdf,d278d4cdffc2b84137db2ca7ff26765bd0d3beb2650f52cd28edad89080bd3c4,63,69,7,d32e9d7478a2cf8a03fa194be979eb79577e731e33b181853b227df4b1941d22,1190377,لواط -فعل مقدمات الفاحشة -إنكار -سبق اإلقرار حتقيقا -شهادة الفرقة القابضة - وقوع اجلريمة يف مكان عام -إدانة -تعزير بالسجن واجللد وأخذ التعهد.,,,35247746,,,احلمد هلل والصالة والسالم عىل رسول اهلل وبعد ،فنحن رئيس وقضاة الدائرة اجلزائية,75a8abeb18c3d66ab42c9783ce949e521cb864dacecc1c99c205f2729c8fd3ac,metadata_incomplete_pending_review
collector-1435-v11-p70-3367267,extracted/collector-judgments-pdf/collector-1435-v11-p70-3367267.pdf,moj-judgments-1435-volume-11.pdf,d278d4cdffc2b84137db2ca7ff26765bd0d3beb2650f52cd28edad89080bd3c4,70,74,5,8a888ee2ee23420f68321c01297b1fa256ca86827229e7bdc219396aeef27233,550455,حترش -حق عام وخاص -مغازلة امرأة متزوجة -رسائل جوال -ختبيب -إقرار - دفع بظن انتفاء الزوجية -إدانة -تعزير بالسجن واجللد.,,,3367267,,,الدائرة اجلزائية األوىل يف حمكمة االستئناف بمنطقة مكة املكرمة االطالع عىل املعاملة الواردة,9b9582fd82d635440514b27c7072c73f5b68cefe7a95500bc5cab21f7dfe0439,metadata_incomplete_pending_review
collector-1435-v11-p75-34180642,extracted/collector-judgments-pdf/collector-1435-v11-p75-34180642.pdf,moj-judgments-1435-volume-11.pdf,d278d4cdffc2b84137db2ca7ff26765bd0d3beb2650f52cd28edad89080bd3c4,75,80,6,34126f1b901dbd1deaff6699d359abf58e8b96e8565267b34973e43ec7e787d0,495354,حترش -ذات حمرم -حماولة فعل الفاحشة هبا -رضهبا -تعاطي خمدرات -تعدد السوابق -إنكار التحرش -عدم ثبوته -إدانة بالتعاطي -تعزير بالسجن واجللد وأخذ التعهد -منع من السفر.,,,34180642,,قضاة االستئناف بالدائرة اجلزائية السادسة بمحكمة االستئناف بمنطقة مكة املكرمة,قضاة االستئناف بالدائرة اجلزائية السادسة بمحكمة االستئناف بمنطقة مكة املكرمة,726ecd974dcd94b91d1778aedb5a564cad60513716130b01064c62e19af9a586,metadata_incomplete_pending_review
collector-1435-v11-p81-356817,extracted/collector-judgments-pdf/collector-1435-v11-p81-356817.pdf,moj-judgments-1435-volume-11.pdf,d278d4cdffc2b84137db2ca7ff26765bd0d3beb2650f52cd28edad89080bd3c4,81,85,5,192e5c3ba42a10475ac514b8f571ccfe86f0d329e780caefd8ec12286d8732c2,492663,حترش -ذات حمرم -حماولة فعل الفاحشة -تعاطي خمدرات -تعدد السوابق -إقرار بالتعاطي -إنكار التحرش -حمارض رسمية -إدانة بالتعاطي -توجه التهمة بالتحرش - احلكم بحد املسكر - تعزير بالسجن واجللد.,,,356817,,بمحكمة االستئناف بمنطقة القصيم على المعاملة ال��واردة من فضيلة رئيس,احلمد هلل وحده وبعد ،فقد اطلعنا نحن قضاة الدائرة األوىل لتدقيق القضايا اجلزائية,929bb822fcd3e7d8fe311351fee9ca9dd2be4dbeac45329cdc825f171bd3ab5b,metadata_incomplete_pending_review
collector-1435-v11-p86-3511585,extracted/collector-judgments-pdf/collector-1435-v11-p86-3511585.pdf,moj-judgments-1435-volume-11.pdf,d278d4cdffc2b84137db2ca7ff26765bd0d3beb2650f52cd28edad89080bd3c4,86,91,6,d776a536db6c192932ecd1d068a0ce72e2ce88855d2cca2bb21a22268c4502c3,500034,حترش -ذات حمرم -مراودهتا عن نفسها -رضهبا -حمادثات إلكرتونية -تقرير طبي - إقرار بالرضب -إنكار التحرش -تناقض اجلواب -حمرض تفريغ املحادثات -إدانة بالرضب -توجه التهمة بالتحرش -تعزير بالسجن واجللد .,,,3511585,,اجلزائية بمحكمة االستئناف بمنطقة حائل عىل املعاملة الواردة من فضيلة رئيس املحكمة,أجاب به فضيلته عىل قرار الدائرة رقم ( )35121502يف تاريخ 1435/01/21ه لوحظ,9ec5cfa6fac614bdb9afdb8253a266e4c2c0cdf277fff34ab1c5d2bc3f73b011,metadata_incomplete_pending_review
collector-1435-v11-p92-358940,extracted/collector-judgments-pdf/collector-1435-v11-p92-358940.pdf,moj-judgments-1435-volume-11.pdf,d278d4cdffc2b84137db2ca7ff26765bd0d3beb2650f52cd28edad89080bd3c4,92,94,3,3e72a7cd243affe1b494bec5379ad4ffd351a6f724406f64d7ee375241657baa,487242,حترش -ملس فتاة -تسجيل مرئي -إقرار -عدم اإلحصان -إدانة -تعزير بالسجن واجللد وأخذ التعهد.,,,358940,1435/2/14,السادسة بمحكمة االستئناف بمكة املكرمة جرى منا االطالع عىل املعاملة الواردة إىل هذه,احلمد هلل وحده والصالة والسالم عىل من ال نبي بعده وبعد ،فنحن قضاة الدائرة اجلزائية,f41750cb61f316ddc1a2f583a5f9c2b41055ddf3e7dc0090c9675f82ab5ae2f8,metadata_incomplete_pending_review
collector-1435-v11-p95-3521563,extracted/collector-judgments-pdf/collector-1435-v11-p95-3521563.pdf,moj-judgments-1435-volume-11.pdf,d278d4cdffc2b84137db2ca7ff26765bd0d3beb2650f52cd28edad89080bd3c4,95,99,5,2bcd7d75a34fff6046aa795944130c4e0bbab9609b40ff091f98cff64a5753a9,854247,حترش -طفل -ملس عورته -إقرار بالفعل -دفع بانتفاء القصد -مؤاخذة بظاهر الفعل -إدانة -تعزير بالسجن واجللد وأخذ التعهد -إيصاء باإلبعاد.,,,3521563,,,1435/01/23ه ،فقد جرى منا نحن قضاة الدائرة اجلزائية األوىل االطالع عىل القرار,c3ce2edd7d2fe6b0a30f17ae7f0d5d876e45d56175d5f1e717078fb4e95397c8,metadata_incomplete_pending_review
collector-1435-v11-p100-33690355,extracted/collector-judgments-pdf/collector-1435-v11-p100-33690355.pdf,moj-judgments-1435-volume-11.pdf,d278d4cdffc2b84137db2ca7ff26765bd0d3beb2650f52cd28edad89080bd3c4,100,105,6,0d7a9253515b9832e0fd038bb34c4b179321dda291f77d7b578526bb8f9eab7f,504304,ابتزاز -إرسال رسائل جوال -هتديد بنرش صور -تلفظ -ختويف وإزعاج -إنكار - حمارض ضبط وتفريغ رسائل -تقصري جهة الضبط -عدم حتققها من مصدر الرسائل -,,,33690355,,قضاة االستئناف بالدائرة اجلزائية السادسة بمحكمة االستئناف بمنطقة مكة املكرمة,قضاة االستئناف بالدائرة اجلزائية السادسة بمحكمة االستئناف بمنطقة مكة املكرمة,e53aa1da2afe73ff60ff6f3553a47572c022249590a617eabd67662aa4d0114e,metadata_incomplete_pending_review
collector-1435-v11-p106-3492328,extracted/collector-judgments-pdf/collector-1435-v11-p106-3492328.pdf,moj-judgments-1435-volume-11.pdf,d278d4cdffc2b84137db2ca7ff26765bd0d3beb2650f52cd28edad89080bd3c4,106,110,5,a6bb5f9a22bed70490b4104d8753e40b7c59c263f10078d04c70622e02a3c0b3,491075,ابتزاز -جريمة معلوماتية -نرش صور فتاة -تشهري هبا -هتديد -استخدام مواقع التواصل -سابقة مماثلة -إقرار -إدانة -ظروف مشددة -تعزير بالسجن واجللد والغرامة -إيصاء باإلبعاد.,,,3492328,,,االستئناف الدائرة اجلزائية الرابعة برقم 34338008,a630fb220cab718c61c613dd9e9b75d86a1a58550e774f65d3da772d4e7c7c05,metadata_incomplete_pending_review
collector-1435-v11-p111-34320247,extracted/collector-judgments-pdf/collector-1435-v11-p111-34320247.pdf,moj-judgments-1435-volume-11.pdf,d278d4cdffc2b84137db2ca7ff26765bd0d3beb2650f52cd28edad89080bd3c4,111,126,16,5579d7ed3da449e928ceabcb437db1e6b14a3dd504cd9df89d0bafc18bd95b0a,530551,ابتزاز -ألفاظ كفرية -هتديد فتيات -إقامة عالقات حمرمة -فعل مقدمات الفاحشة - حيازة وإرسال مواد إباحية -طلب حد الردة -إنكار -شهادة الفرقة القابضة -سبق اإلقرار حتقيق ا -رجوع عنه -رد طلب حد الردة -إدانة بالعالقة املحرمة -توجه الشبهة بباقي التهم - تعزير بالسجن واجللد -إيصاء باإلبعاد -مصادرة اجلوال.,,,34320247,,بمحكمة االستئناف بمنطقة حائل عىل املعاملة ال��واردة من فضيلة رئيس املحكمة,املعاملة وبرفقها قرار الدائرة اخلامسية يف حمكمة االستئناف بحائل رقم 35263905,df5704d4038b5b0b89c6b57c0910a75c487d7710138e983ccbf89ce3491fb49f,metadata_incomplete_pending_review
collector-1435-v11-p127-3578587,extracted/collector-judgments-pdf/collector-1435-v11-p127-3578587.pdf,moj-judgments-1435-volume-11.pdf,d278d4cdffc2b84137db2ca7ff26765bd0d3beb2650f52cd28edad89080bd3c4,127,132,6,368cfeced51cebe431ddcb318829731f0fa33d7d178433642d41449775561200,495412,ابتزاز -جريمة معلوماتية -هتديد فتاة بنرش صورها -إقامة عالقة حمرمة -حيازة مواد إباحية -إنكار االبتزاز -إقرار بباقي التهم - إدانة با مل قر به -توجه التهمة باالبتزاز -تعزير بالسجن واجللد -مصادرة املضبوطات.,,,3578587,,,احلمد هلل وحده وبعد ،فقد اطلعنا نحن قضاة الدائرة اجلزائية األوىل بمحكمة,f0c2a7d8bc5790af32ab431daa03e0ac9d8518184105e4a4b7fe953156603cb9,metadata_incomplete_pending_review
collector-1435-v11-p133-3590716,extracted/collector-judgments-pdf/collector-1435-v11-p133-3590716.pdf,moj-judgments-1435-volume-11.pdf,d278d4cdffc2b84137db2ca7ff26765bd0d3beb2650f52cd28edad89080bd3c4,133,143,11,74a909dbab8d102b02a2f548555bcb90551c2e61eae91a03b0c083c0562f0723,1193881,ابتزاز -خلوة بامرأة أجنبية -فعل الفاحشة فيها -تصويرها وهتديدها -استيالء عىل أمواهلا -امتهان االبتزاز -إنكار -سبق اإلقرار حتقيق ا -إدانة باخللوة -توجه التهمة بباقي التهم - ظروف مشددة -تعزير بالسجن واجللد والغرامة.,,,3590716,,بمحكمة االستئناف بمنطقة القصيم عىل املعاملة الواردة من فضيلة رئيس املحكمة اجلزائية,احلمد هلل وحده وبعد ،فقد اطلعنا نحن قضاة الدائرة الثانية لتدقيق القضايا اجلزائية,063934a2dc166a1cd6dd0e657a93299391fa01dc555ec334829d6fe9c72534e3,metadata_incomplete_pending_review
collector-1435-v11-p144-34447032,extracted/collector-judgments-pdf/collector-1435-v11-p144-34447032.pdf,moj-judgments-1435-volume-11.pdf,d278d4cdffc2b84137db2ca7ff26765bd0d3beb2650f52cd28edad89080bd3c4,144,147,4,1b854b44ff2f8502808453a86d97f6f5a921e2957f73881d6d80b3737639e7d8,488268,تغييب فتاة عن أهلها -إيواؤها -خلوة حمرمة هبا -إقرار -إدانة -تعزير بالسجن,,,34447032,1434/10/12,أصحاب الفضيلة قضاة الدائرة األوىل لتدقيق القضايا اجلزائية بمحكمة االستئناف بمنطقة,أصحاب الفضيلة قضاة الدائرة األوىل لتدقيق القضايا اجلزائية بمحكمة االستئناف بمنطقة,9cd2de3461969721b59944e53196826abbc190223947d1290b38d8f000e92a7b,metadata_incomplete_pending_review
collector-1435-v11-p148-352720,extracted/collector-judgments-pdf/collector-1435-v11-p148-352720.pdf,moj-judgments-1435-volume-11.pdf,d278d4cdffc2b84137db2ca7ff26765bd0d3beb2650f52cd28edad89080bd3c4,148,150,3,08bda1be09c891e4071477ba8278fa85dfb74bfaafb98f93df2e0e9e65773612,488290,تغييب فتاة عن أهلها -سفر هبا -مبارشهتا دون إيالج -إحصان -إقرار -إدانة - تعزير بالسجن واجللد وأخذ التعهد.,,,352720,1435/01/01,,1435/7/20ه ،فقد جرى منا نحن قضاة الدائرة اجلزائية األوىل االطالع عىل احلكم,cd15d89539756f630a9d7469679ac7aa69eb3f640ecf3e502ef307dd8677310a,metadata_incomplete_pending_review
collector-1435-v11-p151-3566689,extracted/collector-judgments-pdf/collector-1435-v11-p151-3566689.pdf,moj-judgments-1435-volume-11.pdf,d278d4cdffc2b84137db2ca7ff26765bd0d3beb2650f52cd28edad89080bd3c4,151,157,7,8dd6d002fc503d840e85ce89737d910fa4539b7df11b658c41541e47ebe7269d,1190185,تغييب فتاة عن أهلها -إيواؤها بقصد سوء االستغالل -فعل مقدمات الفاحشة هبا - إقرار -دفع بقصد الزواج -عدم ثبوت قصد االستغالل -إدانة -تعزير السجن واجللد.,,,3566689,,,احلمد هلل وحده وبعد ،فقد اطلعنا نحن قضاة الدائرة اجلزائية األوىل بمحكمة,7fad1fa0a6de32165465c0a07593e2079f4e6014b10df099dc51c3919d136c86,metadata_incomplete_pending_review
collector-1435-v11-p158-345407,extracted/collector-judgments-pdf/collector-1435-v11-p158-345407.pdf,moj-judgments-1435-volume-11.pdf,d278d4cdffc2b84137db2ca7ff26765bd0d3beb2650f52cd28edad89080bd3c4,158,162,5,7463a16a05c5c37e92bfefd7eb832f90e797c9cbbab2fc6fcc407c3e267957ff,500115,خطف -وقوعه عىل قارص -رضبه -حماولة فعل الفاحشة بالقوة -طلب إقامة حد احلرابة -إنكار -إقرار حتقيق ا -رجوع عنه -تقارير طبية -عدم ثبوت اإلدانة -توجه رد طلب احلد -ظروف خمففة -تعزير بالسجن واجللد. التهمة -,,,345407,,بمحكمة االستئناف بمنطقة القصيم عىل املعاملة الواردة من فضيلة رئيس املحكمة العامة,احلمد هلل وحده وبعد ،فلدينا نحن قضاة املحكمة العامة بربيدة أعضاء الدائرة املشرتكة,e28e198f6fe16b2b4e348a1673d9d9af655b10fe4e7f3ba2586432a774cbcb9c,metadata_incomplete_pending_review
collector-1435-v11-p163-35186463,extracted/collector-judgments-pdf/collector-1435-v11-p163-35186463.pdf,moj-judgments-1435-volume-11.pdf,d278d4cdffc2b84137db2ca7ff26765bd0d3beb2650f52cd28edad89080bd3c4,163,166,4,73e3596bc3fa321cc916c03fad37ec67cb1111881885a772bbaf2811af6d3a4f,487778,استدراج حدث -حماولة الفاحشة به -إقرار -إدانة -ظروف خمففة -تعزير السجن,,,35186463,1435/03/28,الدائرة اجلزائية اخلامسة بمحكمة االستئناف يف منطقة مكة املكرمة االطالع عىل املعاملة,الدائرة اجلزائية اخلامسة بمحكمة االستئناف يف منطقة مكة املكرمة االطالع عىل املعاملة,328b42cb97ab6cb5fac705a09da2dedf97afe7998dd7fc1cca11cdb3f64f60ed,metadata_incomplete_pending_review
collector-1435-v11-p167-3453459,extracted/collector-judgments-pdf/collector-1435-v11-p167-3453459.pdf,moj-judgments-1435-volume-11.pdf,d278d4cdffc2b84137db2ca7ff26765bd0d3beb2650f52cd28edad89080bd3c4,167,172,6,ccdc4a7ebc3ed320b3a8525d2615b636e5d1edbcfb0f499217060e67e2006581,499626,خطف -وقوعه عىل قارص -حماولة فعل الفاحشة بالقوة -إهيام بتصويره -قصد االبتزاز -سوابق مماثلة -طلب إقامة حد احلرابة -إنكار -سبق اإلقرار حتقيقا -دفع باإلكراه -درء احلد -توجه التهمة -تعزير بالسجن واجللد.,,,3453459,,,املدعى عليه وتداول احلكم بني أعضاء الدائرة .ويف يوم األربعاء 1434/10/28ه,92574755446693e1c85eb246cce4e68fd8a90790931c24b020cb7476d9541bc6,metadata_incomplete_pending_review
collector-1435-v11-p173-3533076,extracted/collector-judgments-pdf/collector-1435-v11-p173-3533076.pdf,moj-judgments-1435-volume-11.pdf,d278d4cdffc2b84137db2ca7ff26765bd0d3beb2650f52cd28edad89080bd3c4,173,178,6,94df59bad7b855ef00d515180c55ff378c0e5f0e7b5b1b737fbf0f1c5cf2b83f,499463,استدراج حدث -حيازة مواد إباحية -عرضها عىل احلدث -قصد فعل الفاحشة - إنكار -سبق اإلقرار حتقيق ا -إدانة -تعزير بالسجن والغرامة واجللد وأخذ التعهد - مصادرة اجلوال.,,,3533076,,,احلمد هلل وحده وبعد ،فقد اطلعنا نحن قضاة الدائرة اجلزائية األوىل بمحكمة,2825312a78e3756e789772c93ff1a1d6ea5af7992431e3b5ff34db1eff777f2e,metadata_incomplete_pending_review
collector-1435-v11-p179-35111031,extracted/collector-judgments-pdf/collector-1435-v11-p179-35111031.pdf,moj-judgments-1435-volume-11.pdf,d278d4cdffc2b84137db2ca7ff26765bd0d3beb2650f52cd28edad89080bd3c4,179,182,4,6490693440bdd71f4d62f4ce5e47691e37b6f0ce4a0b06767af97a222968fba8,489077,خطف -تغرير بفتاة قارص -تغييبها عن أهلها -إقامة عالقة حمرمة -فعل مقدمات,,,35111031,,,احلمد هلل وحده وبعد ،فقد اطلعنا نحن قضاة الدائرة اجلزائية اخلامسية األوىل يف,0f808cc2ee12436ad1950cbcb140d424cdbcfdc28d099eff6e1507d0a5103558,metadata_incomplete_pending_review
collector-1435-v11-p183-34347792,extracted/collector-judgments-pdf/collector-1435-v11-p183-34347792.pdf,moj-judgments-1435-volume-11.pdf,d278d4cdffc2b84137db2ca7ff26765bd0d3beb2650f52cd28edad89080bd3c4,183,187,5,b9c38d4fbdd97896938d7b0475ed3fea3a91230256924b436aee18bb2b0689c3,490992,خطف -وقوعه عىل قارص -فعل مقدمات الفاحشة بالقوة -طلب إقامة حد احلرابة - إنكار -سبق اإلقرار حتقيقا -قبول الرجوع عنه -درء احلد -توجه التهمة -تعزير بالسجن,,,34347792,,,احلمد هلل وحده وبعد ،فقد اطلعنا نحن قضاة الدائرة اجلزائية اخلامسية األوىل,f7c6498aa147e7ef3d230662b2e9150e36ddcf790aed8544c1e15e01efb10cd7,metadata_incomplete_pending_review
collector-1435-v11-p188-34379135,extracted/collector-judgments-pdf/collector-1435-v11-p188-34379135.pdf,moj-judgments-1435-volume-11.pdf,d278d4cdffc2b84137db2ca7ff26765bd0d3beb2650f52cd28edad89080bd3c4,188,191,4,df5fd309d26f8c8ead26edfcb3d459f4851e73dd092958e7b027f0c266a35cb1,489581,خطف -وقوعه عىل قارص -فعل مقدمات الفاحشة بالقوة -طلب إقامة حد احلرابة - إنكار -سبق اإلقرار حتقيقا -قبول الرجوع عنه -درء احلد -توجه التهمة -تعزير بالسجن,,,34379135,,,احلمد هلل وحده وبعد ،فقد اطلعنا نحن قضاة الدائرة اجلزائية اخلامسية األوىل يف,e07fe1e5ede701e99213d3dc2b769627be44ef02fc93f1b06a7e62a91e94cd15,metadata_incomplete_pending_review
collector-1435-v11-p192-34349633,extracted/collector-judgments-pdf/collector-1435-v11-p192-34349633.pdf,moj-judgments-1435-volume-11.pdf,d278d4cdffc2b84137db2ca7ff26765bd0d3beb2650f52cd28edad89080bd3c4,192,196,5,9c455ff8cef307d20c7e6e95d4e5a8e063186b5734ef9834982139629eac74d3,492587,خطف -وقوعه عىل قارص -فعل مقدمات الفاحشة بالقوة -طلب إقامة حد احلرابة - رد طلب احلد -توجه التهمة للقرائن - إنكار -حمارض تعرف ومواجهة -سوابق مماثلة - تعزير بالسجن واجللد.,,,34349633,,,احلمد هلل وحده وبعد ،فقد اطلعنا نحن قضاة الدائرة اجلزائية اخلامسية األوىل يف,7d8b84aad96d2b1f3f9db64288d48676d7e17e4354d1f9421ceb611089e19cc1,metadata_incomplete_pending_review
collector-1435-v11-p197-34520509,extracted/collector-judgments-pdf/collector-1435-v11-p197-34520509.pdf,moj-judgments-1435-volume-11.pdf,d278d4cdffc2b84137db2ca7ff26765bd0d3beb2650f52cd28edad89080bd3c4,197,205,9,4f51bb1dacbffa881492a20e38d5bbea5e6d0568b7d0762dd2b0836bcbd5a250,888054,خطف -وقوعه عىل قارص -فعل مقدمات الفاحشة بالقوة -تقرير طبي -طلب إقامة رد طلبحد احلرابة -إنكار -تطابق األنامط الوراثية -تقرير طبي -سبق اإلقرار حتقيقا - احلد -توجه التهمة -تعزير بالسجن واجللد وأخذ التعهد.,,,34520509,,بمحكمة االستئناف بمنطقة القصيم عىل املعاملة الواردة من فضيلة رئيس املحكمة العامة,احلمد هلل وحده وبعد ،فلدينا نحن قضاة الدائرة اجلنائية ( )...يف املحكمة العامة بربيدة,e4866b7375aa3cd3cc8fe9102020ad345e7f3b0427156b8ac8725b0517a7ef7e,metadata_incomplete_pending_review
collector-1435-v11-p206-3499793,extracted/collector-judgments-pdf/collector-1435-v11-p206-3499793.pdf,moj-judgments-1435-volume-11.pdf,d278d4cdffc2b84137db2ca7ff26765bd0d3beb2650f52cd28edad89080bd3c4,206,209,4,ca9fe3c080567e18b29da1608a62282d98361696aa457fa05d018ac02c782bf7,503434,تلفظ -قذف -طلب إقامة حد القذف -إنكار -عجز عن إقامة البينة -طلب يمني املدعى عليه -عدم توجهها يف القذف -رد الدعوى.,,,3499793,,,الفضيلة الدائرة اجلزائية الرابعة قرارهم رقم 34345158يف 1434/10/29املتضمن,87404ff6daa32246985a32502752ec862f6517b0adeaf3d36abeb321626beaf0,metadata_incomplete_pending_review
collector-1435-v11-p210-3288361,extracted/collector-judgments-pdf/collector-1435-v11-p210-3288361.pdf,moj-judgments-1435-volume-11.pdf,d278d4cdffc2b84137db2ca7ff26765bd0d3beb2650f52cd28edad89080bd3c4,210,216,7,67daa0c3dc1b0a1c393e0118fd7d851a876662389056515090cb080a4a6fb09c,498056,تلفظ -قذف وسب -رضب -إقرار بالرضب -إنكار القذف والسب -عدم البينة املوصلة عليه -رفض يمني النفي -عدم ثبوت القذف والسب -إدانة بالرضب -تعزير,,,3288361,,,احلمد هلل وحده وبعد ،فقد اطلعنا نحن قضاة الدائرة اجلزائية الثانية يف حمكمة,01a24f2be892f3469a74cc3e9e220b8bf9d3699a74b43b89126e5808a2dae2d7,metadata_incomplete_pending_review
collector-1435-v11-p217-34158782,extracted/collector-judgments-pdf/collector-1435-v11-p217-34158782.pdf,moj-judgments-1435-volume-11.pdf,d278d4cdffc2b84137db2ca7ff26765bd0d3beb2650f52cd28edad89080bd3c4,217,220,4,53e69cccfbf3c9d9338f976ea15ff2a357144ab00ed18be7fa752ac56b1fb2a7,488053,تلفظ -كناية بقذف األم -إرسال رسائل جوال آلخرين -إنكار -شهادة شهود - تعزير باجللد وأخذ التعهد.,,,34158782,1434/8/8,الدائرة اجلزائية اخلامسة بمحكمة االستئناف يف منطقة مكة املكرمة االطالع عىل املعاملة,الدائرة اجلزائية اخلامسة بمحكمة االستئناف يف منطقة مكة املكرمة االطالع عىل املعاملة,8a55d59735c2688031dfb5f4d0d6371cbf47fa6fdd7804918e4eb37bec418348,metadata_incomplete_pending_review
collector-1435-v11-p221-35112433,extracted/collector-judgments-pdf/collector-1435-v11-p221-35112433.pdf,moj-judgments-1435-volume-11.pdf,d278d4cdffc2b84137db2ca7ff26765bd0d3beb2650f52cd28edad89080bd3c4,221,225,5,2982abe031a50d88035edda537f925739613205d9d688505fdd0f6272340809c,495657,تلفظ -حق عام وخاص -قذف وسب -رسالة جوال -طلب حد القذف -إبالغ املدعي العام -إنكار -دفع بالكيدية -عدم البينة املوصلة -يمني النفي -رد الدعوى - عدم ثبوت كيديتها.,,,35112433,,بمحكمة االستئناف بمنطقة عسري عىل املعاملة ال��واردة من فضيلة رئيس املحكمة,احلمد هلل وحده وبعد ،فقد اطلعنا نحن قضاة الدائرة الرابعة لتدقيق القضايا اجلزائية,f6a1a60d324b71969f3ee58d1d587a59da06e1cc89dbf2ffcaa2ab672da5ac82,metadata_incomplete_pending_review
collector-1435-v11-p226-34458489,extracted/collector-judgments-pdf/collector-1435-v11-p226-34458489.pdf,moj-judgments-1435-volume-11.pdf,d278d4cdffc2b84137db2ca7ff26765bd0d3beb2650f52cd28edad89080bd3c4,226,230,5,fcc1bc61f412021173c2e87dc261a31a7dded98bc3a2266d77f79002c7353d3a,500094,تلفظ -حق عام -قذف -هتديد -طلب إقامة حد القذف -عدم صفة املدعي العام يف طلبه -رصف النظر.,,,34458489,1411/2/7,الساعة 02:00وقد عادت املعاملة وبرفقها قرار الدائرة اجلزائية الثانية بمحكمة االستئناف,الساعة 02:00وقد عادت املعاملة وبرفقها قرار الدائرة اجلزائية الثانية بمحكمة االستئناف,d12ef87ca7af809d4162037611e2da191f947ccc9a0d1197fb85c0c850390bbd,metadata_incomplete_pending_review
collector-1435-v11-p231-34305072,extracted/collector-judgments-pdf/collector-1435-v11-p231-34305072.pdf,moj-judgments-1435-volume-11.pdf,d278d4cdffc2b84137db2ca7ff26765bd0d3beb2650f52cd28edad89080bd3c4,231,234,4,1202dd3431808f6c83603a3b2c4da8493eb8271c7abcb7aadc1f4cac8ff2c5b3,490768,تلفظ -حق عام وخاص -كناية قذف -رضب زوجة وإصابتها -طلب حد القذف - إقرار -إنكار قصد القذف -إدانة -رد طلب حد القذف -تعزير باجللد للحقني.,,,34305072,,,احلمد هلل وحده وبعد ،فقد اطلعنا نحن قضاة الدائرة اجلزائية الثانية يف حمكمة,0306b4d89b4fe1868b79a74fd3a6c66e9e47a3bac46fd26b74230b9fd8093be1,metadata_incomplete_pending_review
collector-1435-v11-p235-3544511,extracted/collector-judgments-pdf/collector-1435-v11-p235-3544511.pdf,moj-judgments-1435-volume-11.pdf,d278d4cdffc2b84137db2ca7ff26765bd0d3beb2650f52cd28edad89080bd3c4,235,237,3,e596d8dc59bdbfeef357b7ea1ec8b6e0306123dfe70797afb8dfc03081234089,485880,تلفظ -تعريض بالقذف -إقرار -دفع بعدم قصد القذف -إدانة -تعزير باجللد. احتامل اللفظ القذف وغريه.,,,3544511,1435/01/21,قضاة االستئناف بالدائرة اجلزائية السادسة بمحكمة االستئناف بمنطقة مكة املكرمة,قضاة االستئناف بالدائرة اجلزائية السادسة بمحكمة االستئناف بمنطقة مكة املكرمة,82810e16ae2e0882d19be4e684524806af326d431691ca8d4cb932619540d18e,metadata_incomplete_pending_review
collector-1435-v11-p238-358230,extracted/collector-judgments-pdf/collector-1435-v11-p238-358230.pdf,moj-judgments-1435-volume-11.pdf,d278d4cdffc2b84137db2ca7ff26765bd0d3beb2650f52cd28edad89080bd3c4,238,242,5,a1b93a71e4dd4e37efb973631e09bd5c5c8e0b8706fe4aeb5f69cb81be70eeeb,492288,تلفظ -حق عام وخاص -قذف -طلب إقامة حد القذف -إنكار -تسجيالت هاتفية -عدم البينة املوصلة -يمني النفي -عدم ثبوت اإلدانة -رصف النظر.,,,358230,,,احلمد هلل وحده وبعد ،فقد اطلعنا نحن قضاة الدائرة اجلزائية األوىل بمحكمة,c89ab2224272435396920d0f6e7de7040f97c5e130a1214015a1cad6560b6221,metadata_incomplete_pending_review
collector-1435-v11-p243-35243182,extracted/collector-judgments-pdf/collector-1435-v11-p243-35243182.pdf,moj-judgments-1435-volume-11.pdf,d278d4cdffc2b84137db2ca7ff26765bd0d3beb2650f52cd28edad89080bd3c4,243,245,3,dc045d052df49edc6cdbd9af6738a69dc5602e79e886f45f227614455e1f18b2,485154,تلفظ -كناية قذف -اتصال هاتفي -إنكار -عدم البينة -يمني النفي -رصف النظر. عدم ثبوت التهمة.,,,35243182,1435/04/25,اجلزائية بمحكمة االستئناف بمنطقة القصيم عىل املعاملة الواردة من فضيلة,اطلعنا نحن قضاة الدائرة الثانية لتدقيق القضايا,1040a260804070e299077f7bd74f2d747faa88b77428da79e2810419d1b6b4d6,metadata_incomplete_pending_review
collector-1435-v11-p246-35378647,extracted/collector-judgments-pdf/collector-1435-v11-p246-35378647.pdf,moj-judgments-1435-volume-11.pdf,d278d4cdffc2b84137db2ca7ff26765bd0d3beb2650f52cd28edad89080bd3c4,246,249,4,285e38f360ebd5ff5b1f7ba9f39fc5d76dde0faeb4432bafc6f0a1010e26d256,489900,تلفظ -حق عام -كناية قذف -نرش رقم يف برامج التواصل -تشهري -جريمة معلوماتية -طلب حد القذف -إقرار -عدم مطالبة املقذوف باحلد -إدانة -رد طلب إقامة حد القذف -تعزير بالسجن وأخذ التعهد -مصادرة اجلوال.,,,35378647,,,احلمد هلل وحده وبعد ..فقد اطلعنا نحن قضاة الدائرة اجلزائية األوىل بمحكمة,4b2b97358bb68e1c2bf25e097da898eace3a0bf7fa271c4cfcbad8116c6695f4,metadata_incomplete_pending_review
collector-1435-v11-p250-34367849,extracted/collector-judgments-pdf/collector-1435-v11-p250-34367849.pdf,moj-judgments-1435-volume-11.pdf,d278d4cdffc2b84137db2ca7ff26765bd0d3beb2650f52cd28edad89080bd3c4,250,252,3,cf3c1b1be94d55e036f5f201f9b0b9eec6a266e42b9ffab7218fec0e6f9df596,489734,تلفظ -كناية قذف -إنكار -إقرار بالسب والشتم - تعزير باجللد. قول البهويت يف “كشاف القناع” (“ :)87/14ويعزر بقوله يا كافر يا منافق ..يا ديوث ونحوها من كل ما فيه إيذاء وليس برصيح يف الزنى ،فيعزر به الرتكابه معصية وكف ا له عن أذى املعصومني”.,,,34367849,1434/08/07,,احلمد هلل وحده وبعد ،فقد اطلعنا نحن قضاة الدائرة اجلزائية الثانية يف حمكمة,b158287ad826ab09af5f1a55e2de1cde23f3f961344bd4c25438505db36b147b,metadata_incomplete_pending_review
collector-1435-v11-p253-34282571,extracted/collector-judgments-pdf/collector-1435-v11-p253-34282571.pdf,moj-judgments-1435-volume-11.pdf,d278d4cdffc2b84137db2ca7ff26765bd0d3beb2650f52cd28edad89080bd3c4,253,256,4,0f2af76c7ccd1465bc5fae46a1adc49f9b7694ccaf0baa0f57dde44153c27065,488024,تلفظ -اهتام بسوء اخللق -إنكار -عدم البينة -ظهور كيدية الدعوى -رصف النظر- أخذ التعهد عىل املدعية.,,,34282571,,الدائرة اجلزائية اخلامسة بمحكمة االستئناف يف منطقة مكة املكرمة االطالع عىل املعاملة,الدائرة اجلزائية اخلامسة بمحكمة االستئناف يف منطقة مكة املكرمة االطالع عىل املعاملة,af8558beffb25054de700ba0cee5427cf6ada4fc1cb50093e1c2e6e2bf60ea46,metadata_incomplete_pending_review
collector-1435-v11-p257-34387749,extracted/collector-judgments-pdf/collector-1435-v11-p257-34387749.pdf,moj-judgments-1435-volume-11.pdf,d278d4cdffc2b84137db2ca7ff26765bd0d3beb2650f52cd28edad89080bd3c4,257,263,7,fbcd7f35cef1a3308bd610a97733375acbd39e72af0f12ce0a4cd209c58b7b5d,506508,تلفظ -حق عام -سب صحايب -إنكار -شهادة لدى جهة القبض -بينة غري موصلة - عدم ثبوت اإلدانة -توجه الشبهة -تعزير بالسجن وأخذ التعهد.,,,34387749,,,35449189يف 1435/3/26ه ،وبرفقها قرار الدائرة اجلزائية الثالثية الثانية -ج2/,e197dbc3ec34e148251de7e853453fa253c86fb060f66a7bdade84aa427524c7,metadata_incomplete_pending_review
collector-1435-v11-p264-34558271,extracted/collector-judgments-pdf/collector-1435-v11-p264-34558271.pdf,moj-judgments-1435-volume-11.pdf,d278d4cdffc2b84137db2ca7ff26765bd0d3beb2650f52cd28edad89080bd3c4,264,266,3,1356e5ba4e5c37b4962df9c659d738feaec55caf8f69fc24973d444e2e811085,490112,تلفظ -سب وشتم - إنكار -عجز عن إقامة البينة -عدم قبول اليمني يف التعزيرات -,,,34558271,1434/12/19,بمحكمة االستئناف بمنطقة عسري عىل املعاملة الواردة من فضيلة رئيس املحكمة اجلزائية,احلمد هلل وحده وبعد ،فقد اطلعنا نحن قضاة الدائرة األوىل لتدقيق القضايا اجلزائية,26795421c99693f413411d19ac332091aacc7ccc4b5473d865707764c3e50c22,metadata_incomplete_pending_review
collector-1435-v11-p267-3517439,extracted/collector-judgments-pdf/collector-1435-v11-p267-3517439.pdf,moj-judgments-1435-volume-11.pdf,d278d4cdffc2b84137db2ca7ff26765bd0d3beb2650f52cd28edad89080bd3c4,267,270,4,7b40c305e5ef99b2bd2b789246c16f5c9300892575100972c2e2c6e9430df14e,494707,تلفظ -حق عام -سب وشتم رجل أمن -إنكار -ختلف الشاهد عن الشهادة -وجوب أدائها يف جملس القضاء -عدم ثبوت اإلدانة -رصف النظر.,,,3517439,,,احلمد هلل وحده وبعد ،فقد اطلعنا نحن قضاة الدائرة اجلزائية الثانية يف حمكمة,ea1415b01438a5e195219eb4faed2bf100cdbb6967e59fbc5f47424e76a70e8f,metadata_incomplete_pending_review
collector-1435-v11-p271-34367502,extracted/collector-judgments-pdf/collector-1435-v11-p271-34367502.pdf,moj-judgments-1435-volume-11.pdf,d278d4cdffc2b84137db2ca7ff26765bd0d3beb2650f52cd28edad89080bd3c4,271,274,4,08f77d5a67ea4bad0bd8c749043c87b9750b0c07b22b1756924653748060994c,502638,تلفظ -حق عام وخاص -سب وشتم - هتجم واهتام بالكذب -إنكار -تنازل مرشوط عن احلق اخلاص -ثبوت الصلح -عجز عن إثبات الدعوى -عدم ثبوت اإلدانة -رد دعوى احلق العام.,,,34367502,,احلمد هلل وحده وبعد ،فقد اطلعنا نحن قضاة الدائرة اجلزائية بمحكمة االستئناف بمنطقة,احلمد هلل وحده وبعد ،فقد اطلعنا نحن قضاة الدائرة اجلزائية بمحكمة االستئناف بمنطقة,4d03397f8938aa3fcb553d21b54883449793eb8b1562e15cf2fb952b7fd25f87,metadata_incomplete_pending_review
collector-1435-v11-p275-33689398,extracted/collector-judgments-pdf/collector-1435-v11-p275-33689398.pdf,moj-judgments-1435-volume-11.pdf,d278d4cdffc2b84137db2ca7ff26765bd0d3beb2650f52cd28edad89080bd3c4,275,277,3,317080cd7a2ceeae05bc20ebcc8ef99a7bb52ab0112416361cc7c53d9f10d63e,487347,تلفظ -سب وحتقري -إقرار -تعزير بالسجن واجللد. القاعدة الفقهية“ :املرء مؤاخذ بإقراره”.,,,33689398,1433/12/19,,الفضيلة قضاة الدائرة اجلزائية الرابعة ،واملتضمن بعد املقدمة ما نصه( :وبدراسة القرار,0276607fc8d31fa1e50061608e9d8cbeb45c2da7e4cb7204ec7ab7efcca9a3b8,metadata_incomplete_pending_review
collector-1435-v11-p278-3575729,extracted/collector-judgments-pdf/collector-1435-v11-p278-3575729.pdf,moj-judgments-1435-volume-11.pdf,d278d4cdffc2b84137db2ca7ff26765bd0d3beb2650f52cd28edad89080bd3c4,278,280,3,4eee21706e10e03dc39e845f9c2083945626f8d61505e16fbf35e56379d3d33e,489483,تلفظ -سب وشتم - إنكار -عدم البينة -نكول عن يمني النفي -إدانة -تعزير باجللد. قول النبي صىل اهلل عليه وسلم“ :البينة عىل املدعي واليمني عىل من أنكر”.,,,3575729,1435/02/05,القضايا اجلزائية بمحكمة االستئناف بمنطقة حائل عىل املعاملة الواردة من فضيلة رئيس,احلمد هلل وحده وبعد ،فقد اطلعنا نحن قضاة الدائرة اجلزائية األوىل املختصة بتدقيق,91fd611fea951e21590ce41166b8c328c4742e961fad287c84cfe59fcfe67220,metadata_incomplete_pending_review
collector-1435-v11-p281-33381412,extracted/collector-judgments-pdf/collector-1435-v11-p281-33381412.pdf,moj-judgments-1435-volume-11.pdf,d278d4cdffc2b84137db2ca7ff26765bd0d3beb2650f52cd28edad89080bd3c4,281,284,4,fab931de75bad2e71092987975c849ca97524361182b0f91bb015761cd0de2f9,490582,تلفظ -سب ولعن -كناية قذف -إنكار -عدم البينة -نكول عن يمني النفي -إدانة -,,,33381412,,,برقم 341813980يف 1434/7/23ه ومرفق هبا قرار أصحاب الفضيلة قضاة الدائرة,65d8aa1de64ac2f90898ff6cd840d6f748ed8ad9f50c102e430fd05db788dc63,metadata_incomplete_pending_review
collector-1435-v11-p285-34272963,extracted/collector-judgments-pdf/collector-1435-v11-p285-34272963.pdf,moj-judgments-1435-volume-11.pdf,d278d4cdffc2b84137db2ca7ff26765bd0d3beb2650f52cd28edad89080bd3c4,285,290,6,9995aebbc2db303bcb5d4a1298c9c5e1ea2791ad6f63276eb7fff88aea6b058d,499803,تلفظ -حق عام -إرسال رسائل جوال -كناية قذف -سب وشتم - هتديد -إقرار - إدانة -تعزير باجللد وأخذ التعهد.,,,34272963,,بمحكمة االستئناف بمنطقة القصيم عىل املعاملة الواردة من فضيلة رئيس املحكمة العامة,اطلعنا نحن قضاة الدائرة الثانية لتدقيق القضايا اجلزائية,6550ca5c1157e6246a135be476bba0dfb2a58dd0f7a784e26f54f88bdb16cd6a,metadata_incomplete_pending_review
collector-1435-v11-p291-34371132,extracted/collector-judgments-pdf/collector-1435-v11-p291-34371132.pdf,moj-judgments-1435-volume-11.pdf,d278d4cdffc2b84137db2ca7ff26765bd0d3beb2650f52cd28edad89080bd3c4,291,294,4,2f7a40e401ca030d9bb153b7490eb05c6ae3bb8a98205fac031c1105d242170b,491921,تلفظ -حق خاص -إرسال رسائل جوال -سب وشتم وهتديد -إقرار -إبالغ املدعي العام -مطالبته بالتعزير للحق العام -إدانة -تعزير بأخذ التعهد للحقني.,,,34371132,,بمحكمة االستئناف بمنطقة القصيم عىل املعاملة الواردة من فضيلة رئيس املحكمة,اطلعنا نحن قضاة الدائرة الثانية لتدقيق القضايا اجلزائيةاحلمد هلل وحده وبعد ،فقد,2b1076a24cced6add455cb8f62b1c78f1d693728279ea82bd857382a1315d886,metadata_incomplete_pending_review
collector-1435-v11-p295-35104790,extracted/collector-judgments-pdf/collector-1435-v11-p295-35104790.pdf,moj-judgments-1435-volume-11.pdf,d278d4cdffc2b84137db2ca7ff26765bd0d3beb2650f52cd28edad89080bd3c4,295,297,3,e06b0f4a37e9becd61f5015bf281632ee82e49ff31237ef789ce1f303fa975f7,485216,تلفظ -لعن -إنكار -عدم البينة -رفض يمني املدعى عليها -رد الدعوى -حق طلب,,,35104790,1435/3/25,بمحكمة االستئناف بمنطقة القصيم عىل املعاملة الواردة من فضيلة رئيس املحكمة,احلمد هلل وحده وبعد ،فقد اطلعنا نحن قضاة الدائرة األوىل لتدقيق القضايا اجلزائية,cc501e00d4e3b6bc015e52a911f7195909c15ccb9e72e4c23252f99b6125eac3,metadata_incomplete_pending_review
collector-1435-v11-p298-33668267,extracted/collector-judgments-pdf/collector-1435-v11-p298-33668267.pdf,moj-judgments-1435-volume-11.pdf,d278d4cdffc2b84137db2ca7ff26765bd0d3beb2650f52cd28edad89080bd3c4,298,301,4,f6d0c03d1cfc36842b5dc5bbdba6112dbc75bea9f471c53722c264820a584dc7,490560,تلفظ -حق عام -تلفظ عىل رجل أمن -رفض إبراز اهلوية -إنكار -عدم البينة -رد,,,33668267,,,الدائرة اجلزائية الثانية يف حمكمة االستئناف بمنطقة مكة املكرمة االطالع عىل املعاملة,a4decc5ba66731eca916c8c7f737dbb326858ff21bdafae0d764199bbbec6d36,metadata_incomplete_pending_review
collector-1435-v11-p302-34135081,extracted/collector-judgments-pdf/collector-1435-v11-p302-34135081.pdf,moj-judgments-1435-volume-11.pdf,d278d4cdffc2b84137db2ca7ff26765bd0d3beb2650f52cd28edad89080bd3c4,302,306,5,70942d7a4a62171f8956150501e8994d4ab1b397ba8a4c44e0b0b6a76e6938ea,493139,تلفظ -حق عام -تلفظ عىل رجل أمن -سحب اهلوية منه -متزيق خمالفة -إنكار - حمرض القبض -عدم إحضار شهوده -عدم ثبوت اإلدانة -رد الدعوى .,,,34135081,,بمحكمة االستئناف بمنطقة القصيم عىل املعاملة الواردة من فضيلة رئيس املحكمة العامة,اطلعنا نحن قضاة الدائرة الثانية لتدقيق القضايا اجلزائية,9456e1e51153a7e0578eceef941cb8e4032264f59c2a6064b8c1e4196b5c22c7,metadata_incomplete_pending_review
collector-1435-v11-p307-33307272,extracted/collector-judgments-pdf/collector-1435-v11-p307-33307272.pdf,moj-judgments-1435-volume-11.pdf,d278d4cdffc2b84137db2ca7ff26765bd0d3beb2650f52cd28edad89080bd3c4,307,309,3,8fd8ccf3400edf39d39cdf01af900059f69cdebd4208d4fb898c114dc593e8f9,490424,تلفظ -سب ولعن -إنكار -عجز عن إثبات الدعوى -نكول عن يمني النفي -إدانة - ظروف خمففة -تعزير باجللد.,,,33307272,,اجلزائية السابعة بمحكمة االستئناف يف منطقة مكة املكرمة االطالع عىل املعاملة الواردة من,احلمد هلل والصالة والسالم عىل من ال نبي بعده وبعد ،فقد جرى منا نحن قضاة الدائرة,1b38d7da565ad27a7a2bd9e3f9ccc035642999dbc436db29d462ed775478ed96,metadata_incomplete_pending_review
collector-1435-v11-p310-34302626,extracted/collector-judgments-pdf/collector-1435-v11-p310-34302626.pdf,moj-judgments-1435-volume-11.pdf,d278d4cdffc2b84137db2ca7ff26765bd0d3beb2650f52cd28edad89080bd3c4,310,313,4,84d3aa58215cdc38e99d14f8c5b49f6fd5710d0b19270fae4bc94b67b8049fcf,493760,تلفظ -سب وهتديد -إنكار -تسجيل صويت -نكول عن يمني النفي -رد اليمني عىل املدعي -حلفه اليمني املردودة -إدانة -تعزير باجللد.,,,34302626,,,احلمد هلل وحده وبعد ،فقد اطلعنا نحن قضاة الدائرة اجلزائية األوىل بمحكمة,d53334a00b0ec0e46b2029d137d1670bf684e62ca7693b571637115a70e4814a,metadata_incomplete_pending_review
collector-1435-v11-p314-35176808,extracted/collector-judgments-pdf/collector-1435-v11-p314-35176808.pdf,moj-judgments-1435-volume-11.pdf,d278d4cdffc2b84137db2ca7ff26765bd0d3beb2650f52cd28edad89080bd3c4,314,316,3,bf6d157c57c75d8c8f7c8fc21ffd49d4ca3be3b25c99a06f78e8d0d7719ac7ac,485287,تلفظ -عبارة غري مسيئة -انتفاء قصد اإلساءة أو التهديد -عدم وجود حق يطالب به -رد الدعوى.,,,35176808,1435/3/25,بمحكمة االستئناف بمنطقة القصيم عىل املعاملة الواردة من فضيلة رئيس املحكمة,احلمد هلل وحده وبعد ،فقد اطلعنا نحن قضاة الدائرة األوىل لتدقيق القضايا اجلزائية,90d5a3c17fa3757b4200d7abcd26f74950fcd9234fc3c9bbe107d8a799f2889b,metadata_incomplete_pending_review
collector-1435-v11-p317-34393793,extracted/collector-judgments-pdf/collector-1435-v11-p317-34393793.pdf,moj-judgments-1435-volume-11.pdf,d278d4cdffc2b84137db2ca7ff26765bd0d3beb2650f52cd28edad89080bd3c4,317,319,3,8f03472d55be57a3e51010ff62f03d7e44d737af904652d7c9b49daf68ff9586,485070,تلفظ -رشوع يف رضب -شهادة شاهد -إدانة -تعزير بالسجن واجللد وأخذ التعهد.,,,34393793,1434/08/22,,احلمد هلل وحده وبعد ،فقد اطلعنا نحن قضاة الدائرة اجلزائية الثانية يف حمكمة,e568fa27986eadab3b57942242cb052a85004db360acb31f8c472062ff71040f,metadata_incomplete_pending_review
collector-1435-v11-p320-34483883,extracted/collector-judgments-pdf/collector-1435-v11-p320-34483883.pdf,moj-judgments-1435-volume-11.pdf,d278d4cdffc2b84137db2ca7ff26765bd0d3beb2650f52cd28edad89080bd3c4,320,324,5,73f95a72440a4e615b525e5e0764712799386fb05f178a5344a7f4723c4067e6,497764,تلفظ -سب وشتم - إقرار -دفع بمقابلة السب -عدم البينة عليه -يمني عىل نفيه - إدانة -تعزير باجللد.,,,34483883,,اجلزائية السادسة بمحكمة االستئناف بمكة املكرمة جرى منا االطالع عىل املعاملة الواردة,احلمد هلل وحده والصالة والسالم عىل من ال نبي بعده وبعد ،فنحن قضاة الدائرة,2d10e17a07c89dc138c75b37955833780862bd579da803128b98d72a382e4bfa,metadata_incomplete_pending_review
collector-1435-v11-p325-34212631,extracted/collector-judgments-pdf/collector-1435-v11-p325-34212631.pdf,moj-judgments-1435-volume-11.pdf,d278d4cdffc2b84137db2ca7ff26765bd0d3beb2650f52cd28edad89080bd3c4,325,335,11,ad86235690081bbbc21e8f7f99d202d7b8b988fb9768e1795ba63f8bb7ea3495,545499,تلفظ -سب واهتام يف مذكرة دفاع -تقديمها إىل املحكمة -وجود خصومة قائمة - إقرار -دفع بصحة االهتام -قبول ذلك يف معرض الشكوى -رد الدعوى.,,,34212631,,اجلزائية بمحكمة االستئناف بالرياض ،عىل املعاملة الواردة من فضيلة رئيس املحكمة,احلمد هلل وحده وبعد ،فقد اطلعنا نحن قضاة الدائرة اجلزائية الثالثة لتمييز القضايا,15a7cd166b38c880fb874ab242c543335eab9bb0d96f70ddf95c446c70d20412,metadata_incomplete_pending_review
collector-1435-v11-p336-34487390,extracted/collector-judgments-pdf/collector-1435-v11-p336-34487390.pdf,moj-judgments-1435-volume-11.pdf,d278d4cdffc2b84137db2ca7ff26765bd0d3beb2650f52cd28edad89080bd3c4,336,340,5,8c26093d4ab527d460d3efab33d8b443592b8d544073530ad8b58a5e2d8e59bf,497673,تلفظ -سب وهتديد -إقرار -دفع بسبق التعزيرعليه -وقوع التلفظ يف جملس القضاء - عدم املؤاخذة عليه -عدم التعزير فيه -رد الدعوى.,,,34487390,,,احلمد هلل وحده وبعد ،فقد اطلعنا نحن قضاة الدائرة اجلزائية الثانية يف حمكمة,bc7ca1b39e8745188abd7759dfc3f5021a61a1f596bfb731f4b980c35727676c,metadata_incomplete_pending_review
collector-1435-v11-p341-35437773,extracted/collector-judgments-pdf/collector-1435-v11-p341-35437773.pdf,moj-judgments-1435-volume-11.pdf,d278d4cdffc2b84137db2ca7ff26765bd0d3beb2650f52cd28edad89080bd3c4,341,345,5,8c4b9c18272438322ed8392205245c4dccd6b65cbd1fb152e97da6b2765f2d41,1179364,تلفظ -سب وشتم - إنكار -وقوع التلفظ يف جملس خصومة -عدم تشويه السمعة -رد,,,35437773,,,احلمد اهلل وحده وبعد ،فقد اطلعنا نحن قضاة الدائرة اجلزائية الثانية يف حمكمة االستئناف,2b04bed422c605d4c5b945ac39649e4850be0cf120a51e92be290db7da3c5214,metadata_incomplete_pending_review
collector-1435-v11-p346-3577449,extracted/collector-judgments-pdf/collector-1435-v11-p346-3577449.pdf,moj-judgments-1435-volume-11.pdf,d278d4cdffc2b84137db2ca7ff26765bd0d3beb2650f52cd28edad89080bd3c4,346,349,4,3fe2fe0f7a107e5d09b652cb483eb8ce2753c2cea52a50bfb1a95043dfe1ac8c,487866,تصنيع مسكر - اشرتاك يف الرتويج -ترويج -خلوة حمرمة -تقرير خمربي -إقرار - إدانة -تعزير بالسجن واجللد -مصادرة -إبعاد.,,,3577449,,قضاة االستئناف بالدائرة اجلزائية السادسة بمحكمة االستئناف بمنطقة مكة املكرمة,قضاة االستئناف بالدائرة اجلزائية السادسة بمحكمة االستئناف بمنطقة مكة املكرمة,51e681e94193b1ba663685d402581f7c1edb0afff7f8e665b7625ad50b5d8b69,metadata_incomplete_pending_review
collector-1435-v11-p350-3374388,extracted/collector-judgments-pdf/collector-1435-v11-p350-3374388.pdf,moj-judgments-1435-volume-11.pdf,d278d4cdffc2b84137db2ca7ff26765bd0d3beb2650f52cd28edad89080bd3c4,350,352,3,fbe2efe184c1830c34f7cc8d5b3936941654ccc8f838efba5a0347b243693b07,486316,رشب مسكر - حمرض استشامم -تعدد السوابق -إقرار -إدانة -احلكم بحد املسكر- تعزير للسوابق بالسجن واجللد.,,,3374388,1435/05/04,,احلمد هلل وحده وبعد ،فقد اطلعنا نحن قضاة الدائرة اجلزائية األوىل بمحكمة,9f065ed2e5672b86c1bf66c306d81b160781973f40bb5c28ffa10cde8d1bb192,metadata_incomplete_pending_review
collector-1435-v11-p353-354841,extracted/collector-judgments-pdf/collector-1435-v11-p353-354841.pdf,moj-judgments-1435-volume-11.pdf,d278d4cdffc2b84137db2ca7ff26765bd0d3beb2650f52cd28edad89080bd3c4,353,355,3,1c7df3b35fa9bfbb25b2837c6b169c7dbac73b19dc63270acb59367a0f19d1d0,485442,رشب مسكر - حمرض استشامم -سوابق مماثلة -إقرار -احلكم بحد املسكر - تعزير للسوابق بالسجن واجللد -إيصاء باإلبعاد.,,,354841,,بمحكمة االستئناف بمنطقة عسري عىل املعاملة الواردة من فضيلة رئيس املحكمة اجلزائية,احلمد هلل وحده وبعد ،فقد اطلعنا نحن قضاة الدائرة الثانية لتدقيق القضايا اجلزائية,c221d11794e32bc5009d468a62f4e8aedb4ccd14f0d1f4a3b604d3baca5e93cf,metadata_incomplete_pending_review
collector-1435-v11-p356-34507692,extracted/collector-judgments-pdf/collector-1435-v11-p356-34507692.pdf,moj-judgments-1435-volume-11.pdf,d278d4cdffc2b84137db2ca7ff26765bd0d3beb2650f52cd28edad89080bd3c4,356,358,3,a22d11314b09cebf52cbf03ad2b218d88e91bffbf0f827a0968aa41751ddfcde,485245,حيازة مسكر - قصد الرشب -رشب مسكر - تقرير خمربي -تعدد السوابق -إقرار - إدانة -ظروف مشددة -احلكم بحد املسكر - تعزير للسوابق بالسجن واجللد.,,,34507692,,,جرى منا نحن رئيس وأعضاء الدائرة اجلزائية الثانية يف حمكمة االستئناف بمنطقة املدينة,c65acf7a02939bf05489f6374ba9e5db5b98727eb7bfe41c1b241fb54404eb1f,metadata_incomplete_pending_review
collector-1435-v11-p359-3499067,extracted/collector-judgments-pdf/collector-1435-v11-p359-3499067.pdf,moj-judgments-1435-volume-11.pdf,d278d4cdffc2b84137db2ca7ff26765bd0d3beb2650f52cd28edad89080bd3c4,359,362,4,1954ca82b163d5e9780d920d85276a0907c0919133e2c4b97e934cc6aafa7e4c,488441,حيازة مسكر - قصد الرشب -رشب مسكر - تقرير خمربي -إنكار احليازة -عدم ثبوهتا -إدانة برشب املسكر - احلكم بحد املسكر - إرجاء حماكمة باقي املتهمني.,,,3499067,,,احلمد هلل وحده وبعد ،فقد اطلعنا نحن قضاة الدائرة اجلزائية الثانية يف حمكمة,7c52df1be40e1118b4d11cc7caff06a0117c0b0e5d65c498497e142d0e539e08,metadata_incomplete_pending_review
collector-1435-v11-p363-355681,extracted/collector-judgments-pdf/collector-1435-v11-p363-355681.pdf,moj-judgments-1435-volume-11.pdf,d278d4cdffc2b84137db2ca7ff26765bd0d3beb2650f52cd28edad89080bd3c4,363,365,3,b0362cb7052c6abc7d6245e260f5ecb66f6e911ab4f08362155cc366059a9b15,485827,رشب مسكر - هتديد األهل بالرضب -حمرض استشامم -إقرار بالرشب -إنكار التهديد -عدم ثبوته -إدانة برشب املسكر - احلكم بحد املسكر - تعزير للتهمة بالسجن.,,,355681,,بمحكمة االستئناف بمنطقة اجلوف عىل املعاملة الواردة من فضيلة رئيس املحكمة,احلمد هلل وحده وبعد ،فقد اطلعنا نحن قضاة الدائرة الثانية لتمييز القضايا اجلزائية,3a8ca4b3e9d5001406736fd35faf526a8fe1901bacbd9301f59a927c9ad2e0d5,metadata_incomplete_pending_review
collector-1435-v11-p366-35105887,extracted/collector-judgments-pdf/collector-1435-v11-p366-35105887.pdf,moj-judgments-1435-volume-11.pdf,d278d4cdffc2b84137db2ca7ff26765bd0d3beb2650f52cd28edad89080bd3c4,366,370,5,caced1b35fcd65b0c0cf8ff1a2b886b30078036eb9a0ac189f30dfb043a1bbb3,512594,حيازة مسكر - قصد الرشب -رشب مسكر - قيادة السيارة حتت تأثريه -جتاوز نقطة تفتيش -هروب من رجال األمن -صدم مركبة أمنية -إقرار -إدانة -احلكم بحد املسكر - تعزير بالسجن واجللد -عقوبة القيادة للجهة املختصة.,,,35105887,,الدائرة اجلزائية اخلامسة بمحكمة االستئناف يف منطقة مكة املكرمة االطالع عىل املعاملة,الدائرة اجلزائية اخلامسة بمحكمة االستئناف يف منطقة مكة املكرمة االطالع عىل املعاملة,76f28fa1d9333c028b1bd3da9156a7210e28298be56eb7ea69960bef0694d312,metadata_incomplete_pending_review
collector-1435-v11-p371-352775,extracted/collector-judgments-pdf/collector-1435-v11-p371-352775.pdf,moj-judgments-1435-volume-11.pdf,d278d4cdffc2b84137db2ca7ff26765bd0d3beb2650f52cd28edad89080bd3c4,371,374,4,ad6ea8c1fde62a2204e91f36a3ccda749c22dc7a0b673552dd2c0f6fabc337af,488595,حيازة مسكر - قصد الرشب -رشب مسكر - استنشاق غراء -قيادة السيارة حتت تأثريه -تقرير خمربي -تعدد السوابق -إقرار -إدانة -احلكم بحد املسكر - تعزير للسوابق بالسجن واجللد -عقوبة القيادة للجهة املختصة.,,,352775,,,الدائرة اجلزائية األوىل يف حمكمة االستئناف بمنطقة املدينة املنورة االطالع عىل املعاملة,14f172af7c7195a4c34d215d3829a22eb4e711c418fd556c8af5d8351703e10f,metadata_incomplete_pending_review
collector-1435-v11-p375-34307964,extracted/collector-judgments-pdf/collector-1435-v11-p375-34307964.pdf,moj-judgments-1435-volume-11.pdf,d278d4cdffc2b84137db2ca7ff26765bd0d3beb2650f52cd28edad89080bd3c4,375,378,4,c794aff8bbd11d2863a8cc532fa083ec2d4445174e83dfafe7f0b1d1f9a36074,490105,حيازة مسكر - قصد الرشب -رشب مسكر - قيادة السيارة حتت تأثريه -تعدد السوابق -تقرير خمربي -إنكار حيازة املسكر - إجيابية العينة -إدانة -ظروف مشددة - احلكم بحد املسكر - تعزير بالسجن واجللد عقوبة القيادة للجهة املختصة.,,,34307964,,,احلمد هلل وحده وبعد ،فقد اطلعنا نحن قضاة الدائرة اجلزائية األوىل بمحكمة,41029be3026df2ebec87b6c92055beba4918f554c74fba1b36f6dc01c6bc0256,metadata_incomplete_pending_review
collector-1435-v11-p379-34417083,extracted/collector-judgments-pdf/collector-1435-v11-p379-34417083.pdf,moj-judgments-1435-volume-11.pdf,d278d4cdffc2b84137db2ca7ff26765bd0d3beb2650f52cd28edad89080bd3c4,379,382,4,b2c819195d5f581a2291413ad6c15ae5a464c8db644bfc37e1446bd55a5d3d97,492551,حيازة مسكر - قصد الرشب -رشب مسكر - قيادة السيارة حتت تأثريه -تسرت -تقرير خمربي -إقرار -إنكار التسرت -عدم ثبوته -إدانة بالرشب واحليازة -احلكم بحد املسكر- تعزير باجللد -رد طلب التعزير للتسرت -عقوبة القيادة للجهة املختصة.,,,34417083,,,احلمد هلل وحده وبعد ،فقد اطلعنا نحن قضاة الدائرة اجلزائية الثانية يف حمكمة,1b8a2695d852d771c7c2c06f1110adafe634d9842f7d5bbf0212de1d8b7f6b60,metadata_incomplete_pending_review
collector-1435-v11-p383-354148,extracted/collector-judgments-pdf/collector-1435-v11-p383-354148.pdf,moj-judgments-1435-volume-11.pdf,d278d4cdffc2b84137db2ca7ff26765bd0d3beb2650f52cd28edad89080bd3c4,383,385,3,ee6d5ae76abbd0c41cbf06c80a26bb493e6635e62569e989e5617c4d1316e601,485445,رشب مسكر- قيادة السيارة حتت تأثريه -إقرار برشب املسكر - إنكار القيادة حتت تأثريه -عدم البينة عليه -إدانة برشب املسكر - احلكم بحد املسكر - رد طلب اإلدانة بالقيادة حتت تأثريه.,,,354148,,,احلمد هلل وحده وبعد ،فقد اطلعنا نحن قضاة الدائرة اجلزائية األوىل بمحكمة,0f98ef4c036f4e1975a3404091c8205112c093cb794d0fec1fee1d73ceae838c,metadata_incomplete_pending_review
collector-1435-v11-p386-35147420,extracted/collector-judgments-pdf/collector-1435-v11-p386-35147420.pdf,moj-judgments-1435-volume-11.pdf,d278d4cdffc2b84137db2ca7ff26765bd0d3beb2650f52cd28edad89080bd3c4,386,388,3,a6205786871c5c53835f21b0b58c3ededd181022734fd70ad884d1ceedef856e,505805,استنشاق غراء -حمرض استشامم -إقرار -إدانة -احلكم بحد املسكر. قوله تعالى ] :ٱ ٻ ٻ ٻ ٻ پ پ پ پ ڀ ڀ ڀ ڀ,,,35147420,1435/3/11,,احلمد هلل وحده وبعد ،فقد اطلعنا نحن قضاة الدائرة اجلزائية األوىل بمحكمة,24e37aa5fde5d22d6605cdc6a0ea07106075325ed0380952206fd2e649625d43,metadata_incomplete_pending_review
collector-1435-v11-p389-34522870,extracted/collector-judgments-pdf/collector-1435-v11-p389-34522870.pdf,moj-judgments-1435-volume-11.pdf,d278d4cdffc2b84137db2ca7ff26765bd0d3beb2650f52cd28edad89080bd3c4,389,393,5,3d34da88a88cdb53154f16505a322bd427fba79698e96e417601a653d3b107c6,491581,حيازة مسكر - قصد الرشب -رشب مسكر - تقرير خمربي -إنكار -شهادة شهود عدول -إدانة باحليازة -إجيابية العينة -درء حد املسكر - تعزير للشبهة باجللد -إرجاء حماكمة الغائب.,,,34522870,,بمحكمة االستئناف بمنطقة اجلوف عىل املعاملة الواردة من فضيلة رئيس املحكمة اجلزائية,احلمد هلل وحده وبعد ،فقد اطلعنا نحن قضاة الدائرة األوىل لتمييز القضايا اجلزائية,3a5cb00c78250f9ac723b1fd9f1a12593719b111b724c8f009b9b48d4dab0818,metadata_incomplete_pending_review
collector-1435-v11-p394-358706,extracted/collector-judgments-pdf/collector-1435-v11-p394-358706.pdf,moj-judgments-1435-volume-11.pdf,d278d4cdffc2b84137db2ca7ff26765bd0d3beb2650f52cd28edad89080bd3c4,394,397,4,f17d5812dca74649190eb61fe4bcbb1094cdce36498dfa0c3d084321f136026e,488336,حيازة مسكر - قصد ال�شرب -رشب مسكر - تقرير خمربي -دفع بعدم العلم باملضبوط -عدم ثبوت اإلدانة -توجه التهمة -تعزير بالسجن واجللد.,,,358706,,,احلمد هلل وحده وبعد ،فقد اطلعنا نحن قضاة الدائرة اجلزائية الثانية يف حمكمة,4f339a4a182a010cc555835640b5c489e1ef04852b2fb59839e0125dfeb544a3,metadata_incomplete_pending_review
collector-1435-v11-p398-3565822,extracted/collector-judgments-pdf/collector-1435-v11-p398-3565822.pdf,moj-judgments-1435-volume-11.pdf,d278d4cdffc2b84137db2ca7ff26765bd0d3beb2650f52cd28edad89080bd3c4,398,401,4,9fbb4cac347942334ce7f31f9970674081af83b6320fda3b7630f217081012a3,491998,ترويج مسكر - بيع -تقرير خمربي -إقرار -تعديل الوصف اجلرمي -حيازة مسكر بقصد البيع -إدانة -تعزير بالسجن واجللد.,,,3565822,,,احلمد هلل وحده وبعد ،فقد اطلعنا نحن قضاة الدائرة الثانية لتدقيق القضايا اجلزائية بمحكمة,20a81d7151e4ef2f5594f722023204eea5a42967c2ba17f417a9823afd8343c9,metadata_incomplete_pending_review
collector-1435-v11-p402-34500926,extracted/collector-judgments-pdf/collector-1435-v11-p402-34500926.pdf,moj-judgments-1435-volume-11.pdf,d278d4cdffc2b84137db2ca7ff26765bd0d3beb2650f52cd28edad89080bd3c4,402,405,4,30b97c2f0201b4998c12cf57b903042748dbceea9d86318092ee44fa799c68b6,489474,حيازة مسكر - قصد الرتويج -تقرير خمربي -إنكار القصد -عدم البينة -بطالن اإلقرار التحقيقي -إقرار باحليازة للتوسط يف الرتويج -إدانة به -تعزير بالسجن واجللد -إيصاء,,,34500926,,,احلمد هلل وحده وبعد ،فقد اطلعنا نحن قضاة الدائرة اجلزائية األوىل بمحكمة,68c2e96376ed263e822929e21d050096210e02c3979b0ae7e35f3ecfee651152,metadata_incomplete_pending_review
collector-1435-v11-p406-3555885,extracted/collector-judgments-pdf/collector-1435-v11-p406-3555885.pdf,moj-judgments-1435-volume-11.pdf,d278d4cdffc2b84137db2ca7ff26765bd0d3beb2650f52cd28edad89080bd3c4,406,409,4,5dada21398eb7499af4666a788b169be8fff1ce529175559e3281650691435c9,489372,حيازة مسكر - قصد الرتويج -تقرير خمربي -إنكار -عدم البينة املوصلة -قرائن - عدم ثبوت اإلدانة -توجه التهمة -تعزير بالسجن.,,,3555885,,بمحكمة االستئناف بمنطقة عسري عىل املعاملة الواردة من فضيلة رئيس املحكمة اجلزائية,احلمد هلل وحده وبعد ،فقد اطلعنا نحن قضاة الدائرة األوىل لتدقيق القضايا اجلزائية,a56800a0ea96c46e1286ba047e3ae037514863aa53443d93c34805241401e1d3,metadata_incomplete_pending_review
collector-1435-v11-p410-34466833,extracted/collector-judgments-pdf/collector-1435-v11-p410-34466833.pdf,moj-judgments-1435-volume-11.pdf,d278d4cdffc2b84137db2ca7ff26765bd0d3beb2650f52cd28edad89080bd3c4,410,412,3,7f4eb67109fa724e9cfe62a708224bb5f7df89f642f60569ddfd8892550d435c,498330,حيازة مسكر - قصد الرشب -تقرير خمربي -إقرار باحليازة -دفع بعدم العلم باملضبوط -إجيابية العينة -إدانة -تعزير باجللد وأخذ التعهد.,,,34466833,1434/10/21,بمحكمة االستئناف بمنطقة اجلوف عىل املعاملة الواردة من املحكمة العامة بدومة اجلندل,احلمد هلل وحده وبعد ،فقد اطلعنا نحن قضاة الدائرة الثانية للتمييز والقضايا اجلزائية,bcfb7c2c304eb3e4355d4fcbf568046c5c3547dec2b2e119ddedcbf3ed287134,metadata_incomplete_pending_review
collector-1435-v11-p413-355889,extracted/collector-judgments-pdf/collector-1435-v11-p413-355889.pdf,moj-judgments-1435-volume-11.pdf,d278d4cdffc2b84137db2ca7ff26765bd0d3beb2650f52cd28edad89080bd3c4,413,415,3,1e2b9e9b6dbece349fcf94f308eef52457e6253d87e5486f81160f43bae0f154,488163,هتريب مسكر - قصد االجتار والرتويج -تقرير خمربي -إقرار -إدانة -تعزير بالسجن واجللد -إبعاد.,,,355889,,,احلمد هلل وحده وبعد ،فقد اطلعنا نحن قضاة الدائرة اجلزائية األوىل بمحكمة,2a476109b952584510cf5d3f08ab064a8c933a4653de219d25669161d4ce3935,metadata_incomplete_pending_review
collector-1435-v11-p416-3594787,extracted/collector-judgments-pdf/collector-1435-v11-p416-3594787.pdf,moj-judgments-1435-volume-11.pdf,d278d4cdffc2b84137db2ca7ff26765bd0d3beb2650f52cd28edad89080bd3c4,416,420,5,f822c150e59eacee2334f2d374c2247ec5b2aa7840b046e798a6ea36a7777e43,492451,هتريب مسكر - قصد الرتويج -تقرير خمربي -إقرار -إدانة -تعزير بالسجن واجللد - إبعاد -إتالف املضبوطات -عدم مالية اخلمر - رد طلب الغرامة اجلمركية.,,,3594787,,,احلمد هلل وحده وبعد ،فقد اطلعنا نحن قضاة الدائرة اجلزائية األوىل بمحكمة,184c28139ef6637d702caf660b50453f15fe14ce49973714cff57bfb7b16a882,metadata_incomplete_pending_review
collector-1435-v11-p421-34413740,extracted/collector-judgments-pdf/collector-1435-v11-p421-34413740.pdf,moj-judgments-1435-volume-11.pdf,d278d4cdffc2b84137db2ca7ff26765bd0d3beb2650f52cd28edad89080bd3c4,421,424,4,0a645445d4003d34788b44c21ce40c13f0a113850ef95e47f5da04fbf161df8a,489568,حيازة مسكر - بقصد الرتويج -تسرت -تقرير خمربي -إنكار -عدم البينة املوصلة - قرائن تقوي الرباءة -عدم التحليف يف احلقوق العامة -رد الدعوى.,,,34413740,,,احلمد هلل وحده وبعد ،فقد اطلعنا نحن قضاة الدائرة اجلزائية األوىل بمحكمة,e5d1375e59899136ba91aa3215053b6a18afe18b9f68546deec1343a38715d2c,metadata_incomplete_pending_review
collector-1435-v11-p425-3565907,extracted/collector-judgments-pdf/collector-1435-v11-p425-3565907.pdf,moj-judgments-1435-volume-11.pdf,d278d4cdffc2b84137db2ca7ff26765bd0d3beb2650f52cd28edad89080bd3c4,425,428,4,b7a226351542427299f1250e924aa40672f87edf48f543258b5fd1647ad131cd,503707,ترويج مسكر - بيع -خلوة حمرمة -تقرير خمربي -تعدد السوابق -إقرار -إدانة - ظروف مشددة -تعزير بالسجن واجللد -مصادرة -إيصاء باإلبعاد -إرجاء حماكمة باقي,,,3565907,,,الدائرة اجلزائية األوىل يف حمكمة االستئناف بمنطقة مكة املكرمة االطالع عىل املعاملة الواردة,aa278472a9181724d4b0908b56918bdf17bbd13ff9b79a1a22c1240d49dcf041,metadata_incomplete_pending_review
collector-1435-v11-p429-3569715,extracted/collector-judgments-pdf/collector-1435-v11-p429-3569715.pdf,moj-judgments-1435-volume-11.pdf,d278d4cdffc2b84137db2ca7ff26765bd0d3beb2650f52cd28edad89080bd3c4,429,434,6,b065074eb1f1e2563005b52c342048f05825d05ff8d4ed7c141c955e4eba7353,494481,أحد املتهمني -إنكار ترويج مسكر - بيع -اشرتاك يف حيازته بقصد الرتويج -إقرار اآلخر - شهادة شاهد ضده -ثبوت إدانة املقر - رد الدعوى جتاه اآلخر - توجه التهمة ضده -احلكم بحد املسكر - تعزير بالسجن واجللد.,,,3569715,,,احلمد هلل وحده وبعد ،فقد اطلعنا نحن قضاة الدائرة اجلزائية األوىل بمحكمة,7eb2ba05401930114d89ff87ea187314fd133d0be7b2062d625e366d504d7567,metadata_incomplete_pending_review
collector-1435-v11-p435-356023,extracted/collector-judgments-pdf/collector-1435-v11-p435-356023.pdf,moj-judgments-1435-volume-11.pdf,d278d4cdffc2b84137db2ca7ff26765bd0d3beb2650f52cd28edad89080bd3c4,435,441,7,3f4eac10aaa4d464077dbd6110ad344139f433a9742b60360bfab4abd66fd804,1211367,ترويج مسكر - بيع -حيازة بقصد الرتويج واالستعامل -تعاطي املسكر - تقرير خمربي -إقرار -إدانة -احلكم بحد املسكر - تعزير بالسجن واجللد وأخذ التعهد -إبعاد.,,,356023,,,احلمد هلل وحده وبعد ،فقد اطلعنا نحن قضاة الدائرة اجلزائية الثانية يف حمكمة,b9f3e79d2cef1209b357c7a88047a2ddab8492c931088d717bf6368eefed2780,metadata_incomplete_pending_review
collector-1435-v11-p442-3467992,extracted/collector-judgments-pdf/collector-1435-v11-p442-3467992.pdf,moj-judgments-1435-volume-11.pdf,d278d4cdffc2b84137db2ca7ff26765bd0d3beb2650f52cd28edad89080bd3c4,442,446,5,3e131577c0e6a894bd2324a2c6e79c734caf6b3adf5391b6ec0545f870264dbf,502016,هتريب خمدرات -حشيش -قصد التعاطي -تعاطيه سابقا -تقرير خمربي -دفع بانعدام القصد -إنكار التعاطي -رجوعه عن إقراره به -مسؤولية املتهم عام بحوزته -إدانة بالتهريب -هتمة قوية بالتعاطي -درء احلد -تعزير بالسجن واجللد -إبعاد.,,,3467992,,الدائرة اجلزائية الثالثة بمحكمة االستئناف يف منطقة مكة املكرمة االطالع عىل املعاملة,الدائرة اجلزائية الثالثة بمحكمة االستئناف يف منطقة مكة املكرمة االطالع عىل املعاملة,1968fc1be7bac218a0a158a2fc3765ab639dcb82d6bf17efc0208d4e56252035,metadata_incomplete_pending_review
collector-1435-v11-p447-3415289,extracted/collector-judgments-pdf/collector-1435-v11-p447-3415289.pdf,moj-judgments-1435-volume-11.pdf,d278d4cdffc2b84137db2ca7ff26765bd0d3beb2650f52cd28edad89080bd3c4,447,450,4,47374e124702b0969c31391e47e905311b8867ddd508aade22ded35946e4c1d6,488513,هتريب خمدرات -حشيش -قصد الكسب املادي -تقرير خمربي -إقرار -دفع باإلكراه عىل التهريب -جهل باملادة املهربة -عدم إثبات الدفع -إدانة -تعزير بالسجن واجللد والغرامة -إبعاد.,,,3415289,,بمحكمة االستئناف بمنطقة عسري عىل املعاملة الواردة من املحكمة العامة بجازان برقم,احلمد هلل وحده وبعد فقد اطلعنا نحن قضاة الدائرة األوىل لتدقيق القضايا اخلامسية,64a01234a912c3a209ceb72a7ddeac5e712ef55c47dba26f41bbf8391d3a8a15,metadata_incomplete_pending_review
collector-1435-v11-p451-3467642,extracted/collector-judgments-pdf/collector-1435-v11-p451-3467642.pdf,moj-judgments-1435-volume-11.pdf,d278d4cdffc2b84137db2ca7ff26765bd0d3beb2650f52cd28edad89080bd3c4,451,455,5,06ba6ebddf654bb80293ccf28b296ba4cc2e23cba162ea170aecaa7a12f8391d,493289,هتريب خمدرات -حشيش -تقرير خمربي -إقرار -إدانة -تعزير بالسجن واجللد والغرامة -إبعاد.,,,3467642,,بمحكمة االستئناف بمنطقة عسري عىل املعاملة الواردة من فضيلة رئيس املحكمة العامة,احلمد هلل وحده وبعد فقد اطلعنا نحن قضاة الدائرة الثانية لتدقيق القضايا اخلامسية,d20e3b2c2f665efbf02cb7a2b2bf5f99770f2a186c84f349782c8e149a9388db,metadata_incomplete_pending_review
collector-1435-v11-p456-3467692,extracted/collector-judgments-pdf/collector-1435-v11-p456-3467692.pdf,moj-judgments-1435-volume-11.pdf,d278d4cdffc2b84137db2ca7ff26765bd0d3beb2650f52cd28edad89080bd3c4,456,461,6,6cbe5a30b50755d0433ea5d62a74e5769d5a8cbabf8577998fec99e6cc8a5051,496485,هتريب خمدرات -حشيش -تقرير خمربي -حمارض تفتيش ومعاينة -إنكار التهريب - إقرار مصدق رشعا -دفع باإلكراه عليه -عدم ثبوت اإلدانة -تعزير للتهمة القوية -تعزير بالسجن واجللد -إبعاد.,,,3467692,,بمحكمة االستئناف بمنطقة عسري عىل املعاملة الواردة من فضيلة رئيس املحكمة العامة,واملرفق به القرار رقم 34272551يف 1434/07/18ه املتضمن قررت الدائرة أنه ما,244e5405179ed809baf12a131f2fb22be8c1a16636332fefb1626a6cc4ce44b8,metadata_incomplete_pending_review
collector-1435-v11-p462-3480290,extracted/collector-judgments-pdf/collector-1435-v11-p462-3480290.pdf,moj-judgments-1435-volume-11.pdf,d278d4cdffc2b84137db2ca7ff26765bd0d3beb2650f52cd28edad89080bd3c4,462,467,6,099b54212134be02a9d2dfb6d296f439818a29d76b8b7f48d61a0f17bde6a8c9,495914,هتريب خمدرات -حشيش -تقرير خمربي -حمرض قبض -إنكار الدعوى -عدم ثبوت اإلدانة -توجه الشبهة -تعزير بالسجن واجللد.,,,3480290,,بمحكمة االستئناف بمنطقة عسري عىل املعاملة الواردة من فضيلة رئيس املحكمة العامة,احلمد هلل وحده ،وبعد :فقد اطلعنا نحن قضاة الدائرة الثانية لتدقيق القضايا اخلامسية,93015aebe07967cdd0d212dd689d20130c7c6430399eab4bb6e48b05d8c71b1f,metadata_incomplete_pending_review
collector-1435-v11-p468-34279113,extracted/collector-judgments-pdf/collector-1435-v11-p468-34279113.pdf,moj-judgments-1435-volume-11.pdf,d278d4cdffc2b84137db2ca7ff26765bd0d3beb2650f52cd28edad89080bd3c4,468,473,6,c313bca6133cbd0b2da3949358ae63d435332ba146c869f4b84a5592b199bd01,511866,هتريب خمدرات -حشيش -تقرير خمربي -إقرار بالتهريب -إدانة -نزول عن القتل - تعزير بالسجن واجللد والغرامة -مصادرة -إبعاد.,,,34279113,,بمحكمة االستئناف بمنطقة عسري عىل املعاملة الواردة إلينا من فضيلة رئيس املحكمة العامة,احلمد هلل وحده وبعد فقد اطلعنا نحن قضاة الدائرة األوىل لتدقيق القضايا اخلامسية,6aae01ab192a146fce687546fb0fd0b2c056594dda131d9ac977bb522937655c,metadata_incomplete_pending_review
collector-1435-v11-p474-34157062,extracted/collector-judgments-pdf/collector-1435-v11-p474-34157062.pdf,moj-judgments-1435-volume-11.pdf,d278d4cdffc2b84137db2ca7ff26765bd0d3beb2650f52cd28edad89080bd3c4,474,482,9,47f6b9f4fc17f8af0d746ee9de446c3417eea05d66a1db518618ec5101a50b90,504302,هتريب خمدرات -هريوين -إدخاله يف األحشاء -قصد الكسب املادي -تقرير خمربي - إقرار بالتهريب -دفع باإلكراه عليه -تقرير طبي -رفض الدفع -إدانة -احلكم بالقتل تعزيرا - مصادرة املضبوطات.,,,34157062,,قضاة الدائرة اجلزائية اخلامسية األوىل بمحكمة االستئناف بمنطقة مكة املكرمة االطالع,رئيس املحكمة برقم 34633095وتاريخ 1435/05/26ه ،وبرفقها قرار الدائرة,59e59cca16e3b6d4d706567cdf4e30c5bc74b9e9240c6b32ca88d3d6a7d47d21,metadata_incomplete_pending_review
collector-1435-v11-p483-353790,extracted/collector-judgments-pdf/collector-1435-v11-p483-353790.pdf,moj-judgments-1435-volume-11.pdf,d278d4cdffc2b84137db2ca7ff26765bd0d3beb2650f52cd28edad89080bd3c4,483,487,5,2747aec2122981ad52be64034f8db40e998b352a8c8f7db86e9c39dd02abf4af,491786,هتريب خمدرات -قات -قصد اإلجتار -استخدام واسطة بحرية -واقعة هتريب سابقة - تقرير خمربي -إقرار -إدانة -تعزير بالسجن واجللد والغرامة -مصادرة الواسطة -إبعاد.,,,353790,1432/12/9,بمحكمة االستئناف بمنطقة عسري عىل املعاملة الواردة من فضيلة رئيس املحكمة اجلزائية,احلمد هلل وحده وبعد فقد اطلعنا نحن قضاة الدائرة الثانية لتدقيق القضايا اجلزائية,bf837a65a54de94f27f958f6df851318753749bf451161509d1dd9e7be9f8840,metadata_incomplete_pending_review
collector-1435-v11-p488-354058,extracted/collector-judgments-pdf/collector-1435-v11-p488-354058.pdf,moj-judgments-1435-volume-11.pdf,d278d4cdffc2b84137db2ca7ff26765bd0d3beb2650f52cd28edad89080bd3c4,488,492,5,0dd80713ba3949aeab7b7c9ae70d01c39df760d0b1b47f00f52b7f3de0280105,493605,هتريب خمدرات -قات -قصد الكسب املادي -واقعة هتريب سابقة -تقرير خمربي - إقرار -إدانة -تعزير بالسجن والغرامة -إبعاد.,,,354058,1374/2/1,بمحكمة االستئناف بمنطقة عسري عىل املعاملة الواردة من فضيلة رئيس املحكمة اجلزائية,احلمد هلل وحده ،وبعد :فقد اطلعنا نحن قضاة الدائرة األوىل لتدقيق القضايا اجلزائية,a2287f1f0bc59f16e3abaf27a408d1adbe83b59adee7eb4c198e3aa1b685bbd2,metadata_incomplete_pending_review
collector-1435-v11-p493-34177474,extracted/collector-judgments-pdf/collector-1435-v11-p493-34177474.pdf,moj-judgments-1435-volume-11.pdf,d278d4cdffc2b84137db2ca7ff26765bd0d3beb2650f52cd28edad89080bd3c4,493,495,3,d776ea0396ae513ef393ba0708b135ef8b1d5e6fc373a024c75e1761a537ffe1,482369,تلقي خمدرات -كوكايني -قصد الرتويج -حيازة حشيش ومسكر - تعاطيهام -تقرير خمربي -إنكار التلقي -سبق اإلقرار هبا حتقيقا -إقرار باحليازة والتعاطي -إدانة -احلكم بحد املسكر - تعزير بالسجن -منع من السفر - رد طلب املصادرة.,,,34177474,,,,54fe1d246a42fd190652dbbde174fa49b513d405bc9709ea24a651003ac0eb32,metadata_incomplete_pending_review
collector-1435-v11-p500-3396077,extracted/collector-judgments-pdf/collector-1435-v11-p500-3396077.pdf,moj-judgments-1435-volume-11.pdf,d278d4cdffc2b84137db2ca7ff26765bd0d3beb2650f52cd28edad89080bd3c4,500,509,10,de3881b74cb4890e996ba844ce245e92382daf457845bf08b275845865f36cfc,519568,ترويج خمدرات -حشيش وحبوب حمظورة -بيع -إهداء -تعاطي -قيادة حتت تأثريه -سابقة ترويج -تقرير خمربي -إقرار بالتعاطي -إنكار البيع واإلهداء -إقرار مصدق رشعا -شهادة شهود عدول -إدانة -تعزير بالسجن واجللد والغرامة -منع من السفر - عقوبة القيادة للجهة املختصة.,,,3396077,,,العامة باألحساء رقم 342639890يف 1435/1/10ه مرفقا هبا قرار الدائرة اجلزائية,cf55df22ca03cd6da9735a0a8f0929edb664ae2186d89872bcf7602e6458ba5e,metadata_incomplete_pending_review
collector-1435-v11-p510-3512900,extracted/collector-judgments-pdf/collector-1435-v11-p510-3512900.pdf,moj-judgments-1435-volume-11.pdf,d278d4cdffc2b84137db2ca7ff26765bd0d3beb2650f52cd28edad89080bd3c4,510,514,5,ec8fdb963047d0436dd4674c34b11620fc82995ae95f50cfe14781f494b1aa00,499110,ترويج خمدرات -قات -بيع -تسرت -مقاومة رجال األمن -تقرير خمربي -إنكار - سبق اإلقرار حتقيقا -عدم قبول الرجوع عنه -إدانة -ظروف مشددة -تداخل تعزيرات - تعزير بالسجن والغرامة -إبعاد -رد طلب املصادرة.,,,3512900,1432/12/9,بمحكمة االستئناف بمنطقة عسري عىل املعاملة الواردة من فضيلة رئيس املحكمة اجلزائية,احلمد هلل وحده ،وبعد :فقد اطلعنا نحن قضاة الدائرة الرابعة لتدقيق القضايا اجلزائية,0a1ae95a77013c72a91df2005e4cf19a08599c7f7a4192e8e9296fe3fd7fec20,metadata_incomplete_pending_review
collector-1435-v11-p515-3480280,extracted/collector-judgments-pdf/collector-1435-v11-p515-3480280.pdf,moj-judgments-1435-volume-11.pdf,d278d4cdffc2b84137db2ca7ff26765bd0d3beb2650f52cd28edad89080bd3c4,515,520,6,91cbefb9e406da7c826517410c852e584d493330879a990c61a51a736a4eaf87,508421,ترويج خم��درات -حبوب حمظورة -بيع -سابقة ترويج -تقرير خمربي -إقرار بالرشوع يف البيع -إدانة به -تعزير بالسجن واجللد والغرامة -منع من السفر - مصادرة املضبوطات -إتالف املخدرات.,,,3480280,,بمحكمة االستئناف بمنطقة عسري عىل املعاملة الواردة من فضيلة رئيس املحكمة العامة,احلمد هلل وحده ،وبعد :فقد اطلعنا نحن قضاة الدائرة الثانية لتدقيق القضايا اخلامسية,86a83165ca225bc2ef19feb9879d43f31eadb03709c83d00c1c76ce7a7d74ff2,metadata_incomplete_pending_review
collector-1435-v11-p521-33691438,extracted/collector-judgments-pdf/collector-1435-v11-p521-33691438.pdf,moj-judgments-1435-volume-11.pdf,d278d4cdffc2b84137db2ca7ff26765bd0d3beb2650f52cd28edad89080bd3c4,521,527,7,a5026049ed1ed56f3d743a5c89f6d116539638aee268672a866393b670d5565a,500915,ترويج خمدرات -حشيش -بيع -إهداء -تسرت -تقرير خمربي -إنكار الدعوى - إقرار بالتعاطي -شهادة شهود عدول -إدانة بالبيع -توجه التهمة باإلهداء -احلكم بحد املسكر - تعزير بالسجن واجللد والغرامة -مصادرة -إبعاد.,,,33691438,,,قرار الدائرة اجلزائية األوىل رقم 34308444يف 1434/08/29ه املتضمن (وبدراسة,77cdcd0a6f122d99921deb161027aeec1eb02a89c241c1e9b099ddd94297952e,metadata_incomplete_pending_review
collector-1435-v11-p528-3415079,extracted/collector-judgments-pdf/collector-1435-v11-p528-3415079.pdf,moj-judgments-1435-volume-11.pdf,d278d4cdffc2b84137db2ca7ff26765bd0d3beb2650f52cd28edad89080bd3c4,528,535,8,1c28cf93dc358c63117fc16a18b25c0ad3e2885bb22297cad46cfa35c08217bc,502890,ترويج خمدرات -حشيش وحبوب حمظورة -بيع -حيازة -قصد الرتويج -هروب من رجال األمن -إنكار التهم - إقرار باحليازة لقصد التعاطي -شهادة شهود عدول -إقرار حتقيقا -إدانة -تعزير بالسجن واجللد والغرامة -مصادرة -منع من السفر.,,,3415079,,,الدائرة اجلزائية السابعة برقم 34311209يف 1434/9/2ه املتضمن (وبدراسة القرار,455aa18dfda0c03a07fb4d3b8555d15897cf9130c7693a2444e091132a709239,metadata_incomplete_pending_review
collector-1435-v11-p536-356639,extracted/collector-judgments-pdf/collector-1435-v11-p536-356639.pdf,moj-judgments-1435-volume-11.pdf,d278d4cdffc2b84137db2ca7ff26765bd0d3beb2650f52cd28edad89080bd3c4,536,543,8,2a48b9e35274be42500e3a9279bc1be7741119f6c29a19b18dc25f1f87530e94,864187,ترويج خمدرات -حبوب حمظورة -بيع -رشوع يف الرتويج -هروب من رجال األمن -إتالف ممتلكات -تقرير خمربي -إقرار بالدعوى -إدانة -تعزير بالسجن واجللد والغرامة -مصادرة -منع من السفر - إلزام بقيمة املتلف.,,,356639,,بمحكمة االستئناف بمنطقة القصيم عىل املعاملة الواردة من فضيلة رئيس املحكمة اجلزائية,اطلعنا نحن قضاة الدائرة الثانية لتدقيق القضايا اجلزائية,242a56bd3a56e5ebc4893c033d09eb2a16f5585ab171839d193d0cc64784c5bf,metadata_incomplete_pending_review
collector-1435-v11-p544-34248869,extracted/collector-judgments-pdf/collector-1435-v11-p544-34248869.pdf,moj-judgments-1435-volume-11.pdf,d278d4cdffc2b84137db2ca7ff26765bd0d3beb2650f52cd28edad89080bd3c4,544,555,12,c9dff1e0636be011a9c369bcddf13b5ddb3dd58fa38b95b274720c56cda126e1,889497,تصنيع خم��درات -حبوب حمظورة -حيازهتا وحيازة احلشيش -قصد الرتويج والتعاطي -إنكار التصنيع -إقرار باحليازة والتعاطي -كرب الكمية -قرينة عىل القصد - عدم ثبوت التصنيع -إدانة باحليازة والتعاطي -احلكم بحد املسكر - تعزير بالسجن واجللد -مصادرة.,,,34248869,,قضاة الدائرة اجلزائية اخلامسية الثالثة بمحكمة االستئناف بمنطقة مكة املكرمة االطالع عىل,من الدائرة اجلزائية اخلامسية الثالثة وصدر بشأنه القرار املرفق ذو الرقم 35107798,479c1ac8d4786cc4c18747e145b86bcad719da95ea373d0904322207ee05ab9b,metadata_incomplete_pending_review
collector-1435-v11-p556-3328847,extracted/collector-judgments-pdf/collector-1435-v11-p556-3328847.pdf,moj-judgments-1435-volume-11.pdf,d278d4cdffc2b84137db2ca7ff26765bd0d3beb2650f52cd28edad89080bd3c4,556,558,3,f980c2e7e357e3a567a4295674b7a8536a8125a427a36cc05f6df1eadd69058f,496690,تعاطي خمدرات -مورفني -حبوب حمظورة -حتليل خمربي -إقرار -إدانة -تعزير باجللد وأخذ التعهد -منع من السفر - رد طلب السجن.,,,3328847,,,الدائرة اجلزائية السابعة يف حمكمة االستئناف بمنطقة مكة املكرمة االطالع عىل املعاملة,44910ddcecb4f3c7b3e60284f4571773bf1137e1b5ebe95ebc9d57964c7d3cce,metadata_incomplete_pending_review
collector-1435-v11-p559-355564,extracted/collector-judgments-pdf/collector-1435-v11-p559-355564.pdf,moj-judgments-1435-volume-11.pdf,d278d4cdffc2b84137db2ca7ff26765bd0d3beb2650f52cd28edad89080bd3c4,559,562,4,e7cf82b1981860b8ca0fa3d677b378288b882fbf830dc6a41a18f4d87d9462e1,489926,تعاطي خمدرات -حبوب حمظورة -حتليل خمربي -إنكار -عدم ثبوت اإلدانة -توجه الشبهة -تعزير باجللد -رد طلب السجن.,,,355564,,بمحكمة االستئناف بمنطقة القصيم عىل املعاملة الواردة من فضيلة رئيس املحكمة,احلمد هلل وحده ،وبعد ..فقد اطلعنا نحن قضاة الدائرة األوىل لتدقيق القضايا اجلزائية,1f6b47cf67f88056a699d81f74236685f993b67a864fbbeaca4ac1903d0c44f1,metadata_incomplete_pending_review
collector-1435-v11-p563-3510664,extracted/collector-judgments-pdf/collector-1435-v11-p563-3510664.pdf,moj-judgments-1435-volume-11.pdf,d278d4cdffc2b84137db2ca7ff26765bd0d3beb2650f52cd28edad89080bd3c4,563,565,3,5fbee9bc5aec1b16d4a54d86e4bbe12bee21d65e8524cdcdaf32cac552d09fe2,483937,تعاطي خمدرات -حشيش -حتليل خمربي -إنكار -عدم ثبوت اإلدانة -توجه الشبهة - تعزير باجللد -رد طلب السجن.,,,3510664,,بمحكمة االستئناف بمنطقة اجلوف عىل املعاملة الواردة من فضيلة رئيس املحكمة,احلمد هلل وحده وبعد ..فقد اطلعنا نحن قضاة الدائرة الثانية لتمييز القضايا اجلزائية,498710ab276944ac217fc2b6eeec09d7f436972eb19e9ef1650f77fce58b66e9,metadata_incomplete_pending_review
collector-1435-v11-p566-3543210,extracted/collector-judgments-pdf/collector-1435-v11-p566-3543210.pdf,moj-judgments-1435-volume-11.pdf,d278d4cdffc2b84137db2ca7ff26765bd0d3beb2650f52cd28edad89080bd3c4,566,590,25,90bf75830fce8be64242c406abaa995e5d3abac642141ccbb05a28207d26435a,2200795,تعاطي خمدرات -حشيش -حتليل خمربي -إنكار التعاطي -ظروف مشددة -عدم ثبوت اإلدانة -توجه التهمة -تعزير للسوابق -احلكم بالسجن واجللد -منع من السفر.,,,3543210,1429/6/17,,احلمد هلل وحده ،وبعد ..فقد اطلعنا نحن قضاة الدائرة اجلزائية الثانية يف حمكمة,c597125db0860234e3afea96f23f2027bc656234819b1b1259efca707564f700,metadata_incomplete_pending_review
collector-1435-v12-p6-356041,extracted/collector-judgments-pdf/collector-1435-v12-p6-356041.pdf,moj-judgments-1435-volume-12.pdf,1818d073ee2db499a73dbfa814ffd2d7ac809490a1a41e91cd01dd7b0b095edb,6,10,5,cccc65ef13450cdf7c9fb96119c93630d9f1f7749d681a1fd167414f6a6d0797,500509,حيازة خمدرات -حبوب حمظورة -قصد الرتويج -تعاطي -تسرت -تقرير خمربي - إقرار -إنكار قصد الرتويج -عدم البينة عليه -ثبوت احليازة بقصد التعاطي -شبهة الرتويج -تعزير بالسجن واجللد -منع من السفر.,,,356041,,الدائرة اجلزائية الثالثة بمحكمة االستئناف يف منطقة مكة املكرمة االطالع عىل املعاملة,الدائرة اجلزائية الثالثة بمحكمة االستئناف يف منطقة مكة املكرمة االطالع عىل املعاملة,1594beac7f38012f93abb65673319a3a5f29a9ca4502e81fa0eae92277e4ffa3,metadata_incomplete_pending_review
collector-1435-v12-p11-359372,extracted/collector-judgments-pdf/collector-1435-v12-p11-359372.pdf,moj-judgments-1435-volume-12.pdf,1818d073ee2db499a73dbfa814ffd2d7ac809490a1a41e91cd01dd7b0b095edb,11,16,6,20247c948a060fb24af5a1f00dfd7a69a63ca144d57f5559081c8676a850da3e,495357,حيازة خمدرات -حبوب حمظورة -قصد الرتويج -تعاطي -تقرير خمربي -إقرار - إنكار قصد الرتويج -عدم البينة عليه -ثبوت احليازة بقصد التعاطي -تعزير بالسجن واجللد -إبعاد.,,,359372,,,الدائرة اجلزائية األوىل يف حمكمة االستئناف بمنطقة مكة املكرمة االطالع عىل املعاملة الواردة,ffc6671b6dd6f7534a2699dc2b024523fbf7d9c6dbee5109a95549f7647751e2,metadata_incomplete_pending_review
collector-1435-v12-p17-3518880,extracted/collector-judgments-pdf/collector-1435-v12-p17-3518880.pdf,moj-judgments-1435-volume-12.pdf,1818d073ee2db499a73dbfa814ffd2d7ac809490a1a41e91cd01dd7b0b095edb,17,20,4,b6ea2a1977db5cf6c8fadbf566e7c34e65c3956060827a862155ac4ef6ffc884,488284,حيازة خمدرات -حبوب حمظورة -قصد التعاطي -تعاطي -تقرير خمربي -إقرار - ظروف خمففة -إدانة -تعزير بالسجن واجللد وأخذ التعهد -منع من السفر.,,,3518880,,بمحكمة االستئناف بمنطقة اجلوف عىل املعاملة الواردة من فضيلة رئيس املحكمة العامة,احلمد هلل وحده ،وبعد :فقد اطلعنا نحن قضاة الدائرة األوىل لتمييز القضايا اجلزائية,5234c1a0290ba0407fbeaa3bec5d18f0e6a78046ef458c4b176dd87b27edda67,metadata_incomplete_pending_review
collector-1435-v12-p21-3510220,extracted/collector-judgments-pdf/collector-1435-v12-p21-3510220.pdf,moj-judgments-1435-volume-12.pdf,1818d073ee2db499a73dbfa814ffd2d7ac809490a1a41e91cd01dd7b0b095edb,21,23,3,aae9dbd8457c358d9f5458619b7b222bf064f499c9f17b91316531c164768013,485849,حيازة خمدرات -حبوب حمظورة -قصد التعاطي -تقرير خمربي -إقرار -ظروف خمففة -إدانة -تعزير بالسجن -منع من السفر.,,,3510220,,السادسة بمحكمة االستئناف بمكة املكرمة جرى منا االطالع عىل املعاملة الواردة إىل هذه,احلمد هلل وحده ،والصالة والسالم عىل من ال نبي بعده ،وبعد :نحن قضاة الدائرة اجلزائية,40b8bc0965b767a2d33485e771d3eed14a127db160f7e7614a22b979e2a21234,metadata_incomplete_pending_review
collector-1435-v12-p24-359696,extracted/collector-judgments-pdf/collector-1435-v12-p24-359696.pdf,moj-judgments-1435-volume-12.pdf,1818d073ee2db499a73dbfa814ffd2d7ac809490a1a41e91cd01dd7b0b095edb,24,27,4,513d7062384dbc31d598fa8e86b527f67dd21f577601ff2d9e187f5d32d475d1,487582,حيازة خمدرات -حبوب حمظورة -قصد التعاطي -تقرير خمربي -إقرار -ظروف خمففة -إدانة -تعزير بالسجن -منع من السفر.,,,359696,,,فقد جرى م نا نحن رئيس وأعضاء الدائرة اجلزائية الثانية يف حمكمة االستئناف بمنطقة املدينة,9e471d2ab8b28db5d9b1eb2b5faf319e3573336b2afda0d2c5ed8ef94f05bbe4,metadata_incomplete_pending_review
collector-1435-v12-p28-3520965,extracted/collector-judgments-pdf/collector-1435-v12-p28-3520965.pdf,moj-judgments-1435-volume-12.pdf,1818d073ee2db499a73dbfa814ffd2d7ac809490a1a41e91cd01dd7b0b095edb,28,31,4,af5199cbd87234286b7340122ac6a9b22d86695b1f46295e74724d76571bba7f,487993,حيازة خمدرات -حبوب حمظورة -قصد التعاطي -تعاطي -تقرير خمربي -إقرار - إدانة -تعزير بالسجن واجللد -منع من السفر.,,,3520965,1435/2/6,,احلمد هلل وحده وبعد ..فقد اطلعنا نحن قضاة الدائرة اجلزائية الثانية يف حمكمة,b4b3767e9bd63288021fb4d354757967786cefd6d722534339651c31c30b6949,metadata_incomplete_pending_review
collector-1435-v12-p32-3498128,extracted/collector-judgments-pdf/collector-1435-v12-p32-3498128.pdf,moj-judgments-1435-volume-12.pdf,1818d073ee2db499a73dbfa814ffd2d7ac809490a1a41e91cd01dd7b0b095edb,32,34,3,903e76bf2db9cd85169ce11994f783d7a54caa9f7305dcfae1b7c5c5ac29e33c,488558,حيازة خمدرات -حبوب حمظورة -قصد التعاطي -تعاطي -تقرير خمربي -ظروف خمففة -إقرار -إدانة -تعزير بالسجن واجللد -منع من السفر.,,,3498128,,,احلمد هلل وحده وبعد ..فقد اطلعنا نحن قضاة الدائرة اجلزائية األوىل بمحكمة,eefb87416148bca26c71ee58a8eae4d3f92399dea4d45b5c67c43d3600b9a076,metadata_incomplete_pending_review
collector-1435-v12-p35-352383,extracted/collector-judgments-pdf/collector-1435-v12-p35-352383.pdf,moj-judgments-1435-volume-12.pdf,1818d073ee2db499a73dbfa814ffd2d7ac809490a1a41e91cd01dd7b0b095edb,35,38,4,41b4b44a3b7911983b089776ac10328115c26852cb4dee6e6e45c24c5609aa44,526554,حيازة خمدرات -حبوب حمظورة -قصد التعاطي -تعاطي -قيادة السيارة حتت تأثريه - تقرير خمربي -إقرار -ظروف خمففة -إدانة -تداخل التعزيرات -تعزير بالسجن -منع من السفر - عقوبة القيادة للجهة املختصة.,,,352383,1428/10/24,,احلمد هلل وحده ،وبعد ..فقد اطلعنا نحن قضاة الدائرة اجلزائية الثانية يف حمكمة,710343f6defcd4c917beeb3ad748977e1d491e4eee9d8e7c7eadcb33924e83da,metadata_incomplete_pending_review
collector-1435-v12-p39-3358812,extracted/collector-judgments-pdf/collector-1435-v12-p39-3358812.pdf,moj-judgments-1435-volume-12.pdf,1818d073ee2db499a73dbfa814ffd2d7ac809490a1a41e91cd01dd7b0b095edb,39,43,5,1cd537abe2f6602f71c448382155e3e5d1d506c5b3b01956d44e325b4cd4d70b,494712,حيازة خمدرات -حشيش وحبوب حمظورة -قصد التعاطي -تعاطي -تقرير خمربي - إنكار -إقرار حتقيقا -رجوع عنه -ظروف خمففة -درء احلد -إدانة -تعزير بالسجن واجللد -منع من السفر.,,,3358812,,,ختمه وتوقيعه ورئيس الدائرة ( )...ختمه وتوقيعه ا.ه عليه وبناء عىل ما جاء يف التنبيهات,eb2287c9727bd3fd8588e93dbb125ecc691b2dfe909a1aa2c34f8bd1892b2909,metadata_incomplete_pending_review
collector-1435-v12-p44-33682941,extracted/collector-judgments-pdf/collector-1435-v12-p44-33682941.pdf,moj-judgments-1435-volume-12.pdf,1818d073ee2db499a73dbfa814ffd2d7ac809490a1a41e91cd01dd7b0b095edb,44,46,3,94c2c3c55471873ff96922e8d9cb854fa00e0b2963c5b0f1118d7a6f0b67e675,487350,حيازة خم��درات -حشيش وحبوب حمظورة -قصد التعاطي -تعاطي -تقرير خمربي -إقرار -ظروف خمففة -إدانة -احلكم بحد املسكر - تعزير بالسجن -منع من السفر- تداخل العقوبات - 1القاعدة الفقهية “ :اإلقرار حجة عىل املقر ”.,,,33682941,,,احلمد هلل ،والصالة والسالم عىل رسول اهلل ،وبعد ..نحن رئيس وقضاة الدائرة اجلزائية,5957e78109d04ca18a10ce7dd095aeeed2be2cd38fcb7518e51e2d63077abe77,metadata_incomplete_pending_review
collector-1435-v12-p47-35195,extracted/collector-judgments-pdf/collector-1435-v12-p47-35195.pdf,moj-judgments-1435-volume-12.pdf,1818d073ee2db499a73dbfa814ffd2d7ac809490a1a41e91cd01dd7b0b095edb,47,50,4,f88751e83a320248c7011b9a7ad1beac7a10fb39b03e53b2cdcd631061d684fa,485661,حيازة خمدرات -حشيش وحبوب حمظورة -قصد التعاطي -تقرير خمربي -إقرار - ظروف خمففة -إدانة -تعزير بالسجن -منع من السفر.,,,35195,,,1435ه فقد جرى منا نحن قضاة الدائرة اجلزائية األوىل االطالع عىل احلكم,dcc382dd461160395b8c86c9ebc9f9fd7a8dc44047783c9ad90292ae09a49228,metadata_incomplete_pending_review
collector-1435-v12-p51-3549461,extracted/collector-judgments-pdf/collector-1435-v12-p51-3549461.pdf,moj-judgments-1435-volume-12.pdf,1818d073ee2db499a73dbfa814ffd2d7ac809490a1a41e91cd01dd7b0b095edb,51,54,4,4ac85c270da5fbe60b059de523bee1424af3d46b092571e83d894d9657c235b7,488461,حيازة خمدرات -حشيش وحبوب حمظورة -قصد التعاطي -تعاطي -تقرير خمربي - إقرار -ظروف خمففة -إدانة -احلكم بحد املسكر - تعزير بالسجن -منع من السفر.,,,3549461,,بمحكمة االستئناف بمنطقة عسري عىل املعاملة الواردة من فضيلة القائم بعمل رئيس املحكمة,احلمد هلل وحده ،وبعد :فقد اطلعنا نحن قضاة الدائرة الرابعة لتدقيق القضايا اجلزائية,3f31de7296847112ffa1039bf0f0f4c95b8ea7b55dd7d8a66a2a6f20498b2422,metadata_incomplete_pending_review
collector-1435-v12-p55-3583083,extracted/collector-judgments-pdf/collector-1435-v12-p55-3583083.pdf,moj-judgments-1435-volume-12.pdf,1818d073ee2db499a73dbfa814ffd2d7ac809490a1a41e91cd01dd7b0b095edb,55,58,4,d688310e94f8b1a87d0ff431fd01be17529777bc2ff18b233694c2bd417d4064,514740,حيازة خمدرات -حشيش -قصد التعاطي -تعاطي -تسرت -تقرير خمربي -إقرار - إنكار التسرت -إدانة -شبهة التسرت -احلكم بحد املسكر - تعزير بالسجن واجللد -منع,,,3583083,,,الدائرة اجلزائية الثانية يف حمكمة االستئناف بمنطقة مكة املكرمة االطالع عىل املعاملة الواردة,386766849eda3e447be46d7bd2bed31a35f468cf1fe51d5872e0c97a86fe3944,metadata_incomplete_pending_review
collector-1435-v12-p59-3246966,extracted/collector-judgments-pdf/collector-1435-v12-p59-3246966.pdf,moj-judgments-1435-volume-12.pdf,1818d073ee2db499a73dbfa814ffd2d7ac809490a1a41e91cd01dd7b0b095edb,59,62,4,aa6973865926c7a88656245b284217b1b8ce41667f3170804d305a8504e72bc4,492505,حيازة خمدرات -حشيش -قصد التعاطي -تعاطي -إقرار باحليازة -إنكار التعاطي - إقرار به حتقيقا -رجوع عنه -ظروف خمففة -إدانة باحليازة -شبهة التعاطي -تعزير بالسجن واجللد -منع من السفر.,,,3246966,,,احلمد هلل وحده ،وبعد :فقد اطلعنا نحن قضاة الدائرة اجلزائية األوىل يف حمكمة,0f3aa51912e125ad34294eda38fad5bcd161f28bcdff6be67712ce3e4c6b830c,metadata_incomplete_pending_review
collector-1435-v12-p63-3317763,extracted/collector-judgments-pdf/collector-1435-v12-p63-3317763.pdf,moj-judgments-1435-volume-12.pdf,1818d073ee2db499a73dbfa814ffd2d7ac809490a1a41e91cd01dd7b0b095edb,63,66,4,3858e3a387f272a2d9a6171cb05e27b7f458e14dd5d85a3955009892d9b3c889,488830,حيازة خمدرات -حشيش -قصد التعاطي -تعاطي -تقرير خمربي -إقرار -ظروف خمففة -إدانة -احلكم بحد املسكر - تعزير بالسجن -منع من السفر.,,,3317763,,,احلمد هلل وحده ،وبعد ..فقد اطلعنا نحن قضاة الدائرة اجلزائية األوىل بمحكمة,94798a4a6aec01b990d1c0dbfab3eae027e521edb7892cc5bfa3c7c6e0f18e2b,metadata_incomplete_pending_review
collector-1435-v12-p67-3361535,extracted/collector-judgments-pdf/collector-1435-v12-p67-3361535.pdf,moj-judgments-1435-volume-12.pdf,1818d073ee2db499a73dbfa814ffd2d7ac809490a1a41e91cd01dd7b0b095edb,67,71,5,e9f5f97a42077cf3e0c2aab0d1ec3633cef92256625393e70c028a5b8aaf4074,491542,حيازة خمدرات -حشيش -قصد التعاطي -تعاطي -تقرير خمربي -إقرار قضائي - إدانة -احلكم بحد املسكر - تعزير بالسجن -منع من السفر - طلب إعادة نظر - رجوع عن اإلقرار بالتعاطي -درأ احلد -شبهة التعاطي -تعزير باجللد.,,,3361535,,بمحكمة االستئناف بمنطقة اجلوف عىل املعاملة الواردة من فضيلة رئيس املحكمة العامة,احلمد هلل وحده ،وبعد ..فقد اطلعنا نحن قضاة الدائرة الثانية لتمييز القضايا اجلزائية,8d56520f00bfd766ea4933b6b9b87e4304179e3c0659ab93f84caae707878789,metadata_incomplete_pending_review
collector-1435-v12-p72-3447848,extracted/collector-judgments-pdf/collector-1435-v12-p72-3447848.pdf,moj-judgments-1435-volume-12.pdf,1818d073ee2db499a73dbfa814ffd2d7ac809490a1a41e91cd01dd7b0b095edb,72,75,4,9d3d38ba3f0955bdde150cf479b430d5f5e5acda081a31251a43537a685c9d01,492467,حيازة خمدرات -حشيش -قصد التعاطي -تعاطي -تقرير خمربي -ظروف خمففة - إقرار -إدانة -احلكم بحد املسكر - تعزير بالسجن -منع من السفر.,,,3447848,,بمحكمة االستئناف باجلوف عىل املعاملة الواردة من فضيلة رئيس املحكمة العامة بعرعر,وتاريخ 1435/2/5ه ومرفقها قرار الدائرة اجلزائية الثانية رقم 35130101وتاريخ,ab208ea838bf7c76990d88688d2a3e94162d4919671cdf87a51d60ef7f81a2bd,metadata_incomplete_pending_review
collector-1435-v12-p76-359944,extracted/collector-judgments-pdf/collector-1435-v12-p76-359944.pdf,moj-judgments-1435-volume-12.pdf,1818d073ee2db499a73dbfa814ffd2d7ac809490a1a41e91cd01dd7b0b095edb,76,79,4,973c0f225b48cbcbc7cf9576f92cf7573ad0ae664bb085a5f31759fa088defc9,490137,حيازة خمدرات -حشيش -قصد التعاطي -تقرير خمربي -إقرار باحليازة والتعاطي - ظروف خمففة -إدانة -احلكم بحد املسكر - تعزير بالسجن -منع من السفر.,,,359944,,,احلمد هلل وحده وبعد :فقد اطلعنا نحن قضاة الدائرة اجلزائية األوىل يف حمكمة,ddb2ada53269121ed95d1a142835082c2d852d6b6509d4dc4756c86f5817f66c,metadata_incomplete_pending_review
collector-1435-v12-p80-3511788,extracted/collector-judgments-pdf/collector-1435-v12-p80-3511788.pdf,moj-judgments-1435-volume-12.pdf,1818d073ee2db499a73dbfa814ffd2d7ac809490a1a41e91cd01dd7b0b095edb,80,83,4,7204fbabaf71a4255aed46aeaa6e862a2c9503df1eed24d3f4100347cfcb6144,492150,حيازة خمدرات -حشيش -قصد التعاطي -تعاطي -تقرير خمربي -ظروف خمففة - إقرار -إدانة -احلكم بحد املسكر - تعزير بالسجن -منع من السفر.,,,3511788,,بمحكمة االستئناف بمنطقة حائل عىل املعاملة الواردة من فضيلة رئيس املحكمة اجلزائية,احلمد هلل وحده ،وبعد ..فقد اطلعنا نحن قضاة الدائرة الثانية لتدقيق القضايا اجلزائية,2b285ed1f450d62c8693aa624d69a03b466a9f00cd172f8ce1d77f238d3d0839,metadata_incomplete_pending_review
collector-1435-v12-p84-3517897,extracted/collector-judgments-pdf/collector-1435-v12-p84-3517897.pdf,moj-judgments-1435-volume-12.pdf,1818d073ee2db499a73dbfa814ffd2d7ac809490a1a41e91cd01dd7b0b095edb,84,87,4,97040201b5d507fe10b88f4c65c8df0cf2d63f5cc2dd2157fe26217d53a51616,488288,حيازة خمدرات -حشيش -قصد التعاطي -تعاطي -تقرير خمربي -إقرار -ظروف خمففة -إدانة -احلكم بحد املسكر - تعزير بالسجن -منع من السفر.,,,3517897,,,احلمد هلل وحده ،وبعد ..فقد اطلعنا نحن قضاة الدائرة اجلزائية الثانية يف حمكمة,d00af8245db4887c35057050f0a29c885415c90dd98ecda85fd994b3c5cc1210,metadata_incomplete_pending_review
collector-1435-v12-p88-3524303,extracted/collector-judgments-pdf/collector-1435-v12-p88-3524303.pdf,moj-judgments-1435-volume-12.pdf,1818d073ee2db499a73dbfa814ffd2d7ac809490a1a41e91cd01dd7b0b095edb,88,91,4,26532a2b1e5049a6129d6331c7ca5bda1ffff8cac9be50d2a702f1f8352ce8db,488629,حيازة خمدرات -حشيش -قصد التعاطي -تقرير خمربي -إقرار -ظروف خمففة - إدانة -تعزير بالسجن -منع من السفر.,,,3524303,,بمحكمة االستئناف بمنطقة القصيم عىل املعاملة الواردة من فضيلة رئيس املحكمة,احلمد هلل وحده ،وبعد ...فقد اطلعنا نحن قضاة الدائرة األوىل لتدقيق القضايا اجلزائية,54760695c8952c2e527617d560a8fe91a0b7f254e9ce774ce11188de4e3142c7,metadata_incomplete_pending_review
collector-1435-v12-p92-3519256,extracted/collector-judgments-pdf/collector-1435-v12-p92-3519256.pdf,moj-judgments-1435-volume-12.pdf,1818d073ee2db499a73dbfa814ffd2d7ac809490a1a41e91cd01dd7b0b095edb,92,96,5,e0c7c4a08e17ad08845e24b0ba3cb9ae5cf17378c2217627a353f928ff57222a,491250,حيازة خمدرات -حشيش وحبوب حمظورة -مسكر - قصد التعاطي -تعاطي ورشب املسكر - تقرير خمربي -إقرار -ظروف خمففة -إدانة -احلكم بحد املسكر - تعزير بالسجن -منع من السفر.,,,3519256,,بمحكمة االستئناف بمنطقة القصيم عىل املعاملة الواردة من فضيلة رئيس املحكمة اجلزائية,اطلعنا نحن قضاة الدائرة الثانية لتدقيق القضايا اجلزائية,cd5ab85744d27dd42e7343183e9b05eb0daf7fe3fd25fd1220b94b187d58e7b7,metadata_incomplete_pending_review
collector-1435-v12-p97-353740,extracted/collector-judgments-pdf/collector-1435-v12-p97-353740.pdf,moj-judgments-1435-volume-12.pdf,1818d073ee2db499a73dbfa814ffd2d7ac809490a1a41e91cd01dd7b0b095edb,97,101,5,1c5090215030d2043225cd569cfab943897fb524f7401f5e71715cc10436d31d,488216,حيازة خمدرات -قات -قصد الرتويج والتعاطي -تسرت -تقرير خمربي -إنكار قصد الرتويج -كرب الكمية -ثبوت قصد التعاطي -شبهة قصد الرتويج -تعزير بالسجن واجللد -رد طلب املصادرة .حيازة بقصد الرتويج - 1األمر السامي رقم ( )59633يف 1432/12/9ه.,,,353740,1432/12/9,بمحكمة االستئناف بمنطقة عسري عىل املعاملة الواردة من فضيلة رئيس املحكمة اجلزائية,احلمد هلل وحده ،وبعد :فقد اطلعنا نحن قضاة الدائرة الثالثة لتدقيق القضايا اجلزائية,ed51bb76dba50f42eadb527ed1a84f0a1bc100661eda19b53ade4fd9f1a9adf4,metadata_incomplete_pending_review
collector-1435-v12-p102-353609,extracted/collector-judgments-pdf/collector-1435-v12-p102-353609.pdf,moj-judgments-1435-volume-12.pdf,1818d073ee2db499a73dbfa814ffd2d7ac809490a1a41e91cd01dd7b0b095edb,102,105,4,970ffe849a71ada637473c7f4121cce30186987e3286a0627ef5504d0248ab93,488390,حيازة خمدرات -قات -قصد التعاطي -تقرير خمربي -إقرار -إدانة -ظروف خمففة - تعزير بالسجن واجللد.,,,353609,1432/12/9,بمحكمة االستئناف بمنطقة عسري عىل املعاملة الواردة من فضيلة رئيس املحكمة اجلزائية,احلمد هلل وحده ،وبعد :فقد اطلعنا نحن قضاة الدائرة الرابعة لتدقيق القضايا اجلزائية,cd3f51976df20adb32241047cbca076bc8ffdec5feeca720ce87fb88742d84d3,metadata_incomplete_pending_review
collector-1435-v12-p106-3513107,extracted/collector-judgments-pdf/collector-1435-v12-p106-3513107.pdf,moj-judgments-1435-volume-12.pdf,1818d073ee2db499a73dbfa814ffd2d7ac809490a1a41e91cd01dd7b0b095edb,106,109,4,bdb5c3c6a662ed495310033af6c4bb79a8477987d105aa2fca76824c6a56df99,489804,حيازة خمدرات -قات -قصد التعاطي -تعاطي -تسرت -تقرير خمربي -سوابق مماثلة -إقرار -إنكار التسرت -عدم ثبوته -إدانة باحليازة -ظروف مشددة -تعزير بالسجن واجللد -إبعاد.,,,3513107,1374/2/1,,احلمد هلل وحده ،وبعد :فقد اطلعنا نحن قضاة الدائرة الثانية لتدقيق القضايا اجلزائية بمحكمة,e75e0db8b8284dab59bf7976728dbf836501eb2a2dce6239779ef43e474a827d,metadata_incomplete_pending_review
collector-1435-v12-p110-3532981,extracted/collector-judgments-pdf/collector-1435-v12-p110-3532981.pdf,moj-judgments-1435-volume-12.pdf,1818d073ee2db499a73dbfa814ffd2d7ac809490a1a41e91cd01dd7b0b095edb,110,115,6,1539001f263972d728f6dd4cba63f23cccffd3705317719523f99445985ad668,1188313,حيازة خمدرات -قات -قصد التعاطي -هروب من رجال األمن -صدم مركبة أمنية - تقرير خمربي -إقرار -إدانة -ظروف خمففة -تعزير بالسجن واجللد.,,,3532981,1432/12/9,بمحكمة االستئناف بمنطقة عسري عىل املعاملة الواردة من فضيلة رئيس املحكمة اجلزائية,احلمد هلل وحده ،وبعد فقد اطلعنا نحن قضاة الدائرة األوىل لتدقيق القضايا اجلزائية,bbe37c7a31e4e3e0784848a2b014f1166f93e53721a0b8bfb834cb3b6d6a05f6,metadata_incomplete_pending_review
collector-1435-v12-p116-354759,extracted/collector-judgments-pdf/collector-1435-v12-p116-354759.pdf,moj-judgments-1435-volume-12.pdf,1818d073ee2db499a73dbfa814ffd2d7ac809490a1a41e91cd01dd7b0b095edb,116,119,4,7e32841d7c0d0fda3ffb659e0b69c2e5d8bc7903ebc50b35f0f0e090c7ed552a,497282,نقل خمدرات -قات -قصد االجتار -حماولة اهلرب من رجال األمن -صدم مركبة أمنية -تقرير خمربي -إقرار -إدانة -تعزير بالسجن واجللد والغرامة -إبعاد.,,,354759,1432/12/9,بمحكمة االستئناف بمنطقة عسري عىل املعاملة الواردة من فضيلة رئيس املحكمة اجلزائية,احلمد هلل وحده ،وبعد :فقد اطلعنا نحن قضاة الدائرة الرابعة لتدقيق القضايا اجلزائية,a08917155e47aa0facdbc7b3627a848e62ec00b830ddad614095261b046dc29c,metadata_incomplete_pending_review
collector-1435-v12-p120-3530839,extracted/collector-judgments-pdf/collector-1435-v12-p120-3530839.pdf,moj-judgments-1435-volume-12.pdf,1818d073ee2db499a73dbfa814ffd2d7ac809490a1a41e91cd01dd7b0b095edb,120,124,5,ad25bc976fdb97a88917975fc13d7fe97bf515476e4c154c0eda52eabfef9c75,492711,نقل خمدرات -قات -قصد الرتويج -تسرت -حماولة اهلرب من رجال األمن -تقرير خمربي -دفع بقصد االستعامل -ثبوته -كرب الكمية -شبهة قصد الرتويج -تعزير بالسجن واجللد -رد طلب التعزير للتسرت.,,,3530839,1432/12/9,بمحكمة االستئناف بمنطقة عسري عىل املعاملة الواردة من فضيلة رئيس املحكمة اجلزائية,احلمد هلل وحده ،وبعد :فقد اطلعنا نحن قضاة الدائرة الرابعة لتدقيق القضايا اجلزائية,3a5a262a8cb7254abfb5dce38daa12e1a60e5ca5608330cf1abb47ad84c054d9,metadata_incomplete_pending_review
collector-1435-v12-p125-3534617,extracted/collector-judgments-pdf/collector-1435-v12-p125-3534617.pdf,moj-judgments-1435-volume-12.pdf,1818d073ee2db499a73dbfa814ffd2d7ac809490a1a41e91cd01dd7b0b095edb,125,128,4,20e58d59e0318d81c738cedeea94ca6e381dd999ebb35268839ca2f13674030c,491719,نقل خمدرات -قات -قصد الرتويج -تسرت -تقرير خمربي -سوابق مماثلة -دفع بقصد االستعامل -ثبوته -كرب الكمية -شبهة قصد الرتويج -تعزير بالسجن واجللد -إبعاد.,,,3534617,1432/12/9,,احلمد هلل وحده ،وبعد :فقد اطلعنا نحن قضاة الدائرة الثانية لتدقيق القضايا اجلزائية بمحكمة,d021fb9ae112f220afa0329ea3b3ffffb4559a995b6c5cadfb6c8c0c338e7240,metadata_incomplete_pending_review
collector-1435-v12-p129-35107780,extracted/collector-judgments-pdf/collector-1435-v12-p129-35107780.pdf,moj-judgments-1435-volume-12.pdf,1818d073ee2db499a73dbfa814ffd2d7ac809490a1a41e91cd01dd7b0b095edb,129,133,5,7c53325ad0c6776b849681a0ebdd208657134ad742b40f96659a05f4593e01bd,493843,نقل خمدرات -حبوب حمظورة -قصد االجتار -تقرير خمربي -دفع بقصد التعاطي - قرينة كرب الكمية -ثبوت قصد التعاطي -هتمة االجتار -تعزير بالسجن واجللد -إبعاد - سيارة مملوكة للغري -رد طلب مصادرهتا.,,,35107780,,,احلمد هلل وحده ،وبعد ..فقد اطلعنا نحن قضاة الدائرة اجلزائية األوىل بمحكمة,a5c4bc9d72a6b3dea83e4ba16905618e13591434a03daf03ca202248ee4eba04,metadata_incomplete_pending_review
collector-1435-v12-p134-35186123,extracted/collector-judgments-pdf/collector-1435-v12-p134-35186123.pdf,moj-judgments-1435-volume-12.pdf,1818d073ee2db499a73dbfa814ffd2d7ac809490a1a41e91cd01dd7b0b095edb,134,141,8,1e2f2d9740c338adfd04c9b93bf41b80cf5b03eca6e3b2645aa858ac1c5c7866,887759,نقل خمدرات -حبوب حمظورة -قصد اإلجتار -تقرير خمربي -إنكار القصد -عدم البينة عليه -ثبوت النقل جمردا عن القصد -تعزير بالسجن واجللد والغرامة -منع من السفر - سيارة مملوكة للغري -رد طلب مصادرهتا.,,,35186123,,,الدائرة اجلزائية األوىل يف حمكمة االستئناف بمنطقة مكة املكرمة االطالع عىل املعاملة الواردة,ceee8a59122aef226f6276918e24de7392752e72a84211b51125b6261f273209,metadata_incomplete_pending_review
collector-1435-v12-p142-32351986,extracted/collector-judgments-pdf/collector-1435-v12-p142-32351986.pdf,moj-judgments-1435-volume-12.pdf,1818d073ee2db499a73dbfa814ffd2d7ac809490a1a41e91cd01dd7b0b095edb,142,149,8,d8c0ee317c1f6c2486b8481b8129a64eab59d3142885f1693b96e3bb523c8393,511916,رسقة -كرس باب منزل -رسقة حمتوياته -إنكار -مطالبة باحلق اخلاص -شهادة شهود -بينة غري موصلة -يمني النفي -عدم ثبوت اإلدانة -توجه التهمة للقرائن -تعزير بالسجن واجللد -رد دعوى احلق اخلاص.,,,32351986,,بمحكمة االستئناف بمنطقة اجلوف عىل املعاملة الواردة من فضيلة رئيس املحكمة,احلمد هلل وحده وبعد ..فقد اطلعنا ،نحن قضاة الدائرة الثانية لتمييز القضايا اجلزائية,1f63bc4767f7bbd0a11374139f26d8576c830b624cb64d8788e978ef433110b8,metadata_incomplete_pending_review
collector-1435-v12-p150-34558311,extracted/collector-judgments-pdf/collector-1435-v12-p150-34558311.pdf,moj-judgments-1435-volume-12.pdf,1818d073ee2db499a73dbfa814ffd2d7ac809490a1a41e91cd01dd7b0b095edb,150,153,4,445f9c885e093076598965c1b7a4732f5dea2f815fc1d79bf3630cb089af9b1e,485289,رسقة -ذهب وطلقات رشاش -إنكار -عدم البينة املوصلة -سابقة مماثلة -عدم ثبوت اإلدانة -توجه التهمة للقرائن -تعزير بالسجن واجللد.,,,34558311,,بمحكمة االستئناف بمنطقة اجلوف عىل املعاملة الواردة من فضيلة رئيس املحكمة اجلزائية,احلمد هلل وحده ،وبعد :فقد اطلعنا نحن قضاة الدائرة األوىل لتمييز القضايا اجلزائية,f8cf21a1fea7231a5b294d280fd79489da371f2725c1191f6610cc0dbe508c43,metadata_incomplete_pending_review
collector-1435-v12-p154-3511262,extracted/collector-judgments-pdf/collector-1435-v12-p154-3511262.pdf,moj-judgments-1435-volume-12.pdf,1818d073ee2db499a73dbfa814ffd2d7ac809490a1a41e91cd01dd7b0b095edb,154,160,7,47453a36e36dd66740a3153eeaa6f4e566dea94c7c67f07619e690b1d5ed9feb,499275,رسقة -دخول منزل -فتح بابه بالقوة -رسقة أجهزة منه -إقرار بالرسقة -دفع بالدخول عن طريق السطح -عدم ثبوت موجب احلد -رسقة من غري حرز -درء حد الرسقة -تعزير بالسجن واجللد -إيصاء باإلبعاد.,,,3511262,,الدائرة اجلزائية اخلامسية الثالثة بمحكمة االستئناف بمنطقة مكة املكرمة االطالع عىل,ظهر ا وقد عادت املعاملة من حمكمة االستئناف وبرفقها قرار الدائرة اجلزائية اخلامسية الثالثة,9a01f7ab1fc3c5b6c601bb3a54fffc7a89cca701ea00e0dab61502eec1043829,metadata_incomplete_pending_review
collector-1435-v12-p161-35111383,extracted/collector-judgments-pdf/collector-1435-v12-p161-35111383.pdf,moj-judgments-1435-volume-12.pdf,1818d073ee2db499a73dbfa814ffd2d7ac809490a1a41e91cd01dd7b0b095edb,161,168,8,6f769b7659c9b7b98f484cf7c4af9e920dba9c0a955af11ecc56cdf64e587c87,502833,رسقة -دخول منزل -رسقة مبلغ مايل منه -هروب من السلطة -سابقة مماثلة -إنكار - تطابق البصامت -عدم ثبوت اإلدانة -رد طلب إقامة حد الرسقة -توجه الشبهة - تعزير بالسجن واجللد.,,,35111383,,الدائرة اجلزائية اخلامسية الثانية بمحكمة االستئناف بمنطقة مكة املكرمة االطالع عىل,الدائرة اجلزائية اخلامسية الثانية بمحكمة االستئناف بمنطقة مكة املكرمة االطالع عىل,c6db37be9077b5c595a9f4ab8cd36da91cc3c7a30e7c2b5505c77660cabd104e,metadata_incomplete_pending_review
collector-1435-v12-p169-33691489,extracted/collector-judgments-pdf/collector-1435-v12-p169-33691489.pdf,moj-judgments-1435-volume-12.pdf,1818d073ee2db499a73dbfa814ffd2d7ac809490a1a41e91cd01dd7b0b095edb,169,174,6,a2667ba3ff7e1af0a62e84fb0b2a2656f47fb7d4d7d07a47b351e1e17958179b,490996,رسقة -أنبوبة غاز -اشرتاك يف رسقتها -إنكار -عدم البينة -عدم ثبوت اإلدانة -توجه التهمة للقرائن -تعزير بالسجن واجللد -إرجاء احلكم عىل الغائب.,,,33691489,,,الدائرة اجلزائية الثانية يف حمكمة االستئناف بمنطقة مكة املكرمة االطالع عىل املعاملة الواردة,c0607e1e9006ca65eb4ba9781bf6830c9f9a99b83f9661b44f1fb91db3bf93a2,metadata_incomplete_pending_review
collector-1435-v12-p175-3559764,extracted/collector-judgments-pdf/collector-1435-v12-p175-3559764.pdf,moj-judgments-1435-volume-12.pdf,1818d073ee2db499a73dbfa814ffd2d7ac809490a1a41e91cd01dd7b0b095edb,175,180,6,ba9a4ecb7d8cd754376f46d5386ddd6f6cb6a6fb1bf7311f4abf4b2f150ad006,492513,رسقة -وقائع متعددة -إنكار -سبق اإلقرار حتقيقا -دفع باإلكراه عليه -عدم قبول الرجوع -إدانة -عدم توافر رشوط الرسقة -تعزير بالسجن واجللد.,,,3559764,,قضاة الدائرة اجلزائية اخلامسة بمحكمة االستئناف يف منطقة مكة املكرمة االطالع عىل,قضاة الدائرة اجلزائية اخلامسة بمحكمة االستئناف يف منطقة مكة املكرمة االطالع عىل,eca52f93511431cfa57c3be6e0e41dcf88b2d4a2eb9e642fcae93595f123c6b2,metadata_incomplete_pending_review
collector-1435-v12-p181-34570327,extracted/collector-judgments-pdf/collector-1435-v12-p181-34570327.pdf,moj-judgments-1435-volume-12.pdf,1818d073ee2db499a73dbfa814ffd2d7ac809490a1a41e91cd01dd7b0b095edb,181,185,5,f3a64f70ce5dda6a2f041e94550cf773f939b23af912ddb49476b4aee8e9eb38,488523,رسقة -حاسب آيل وجواالت -انتحال صفة الغري -إنكار -حمرض تعرف -تصوير كامريا مراقبة -سوابق مماثلة -عدم ثبوت اإلدانة -توجه التهمة -تعزير بالسجن واجللد.,,,34570327,,بمحكمة االستئناف بمنطقة اجلوف عىل املعاملة الواردة من فضيلة رئيس املحكمة العامة,احلمد هلل وحده وبعد ..فقد اطلعنا نحن قضاة الدائرة األوىل لتمييز القضايا اجلزائية,2b1eef14a683b106386d6dd84eefd3e07aae1af64b18204dab987d86bc8a1242,metadata_incomplete_pending_review
collector-1435-v12-p186-352232,extracted/collector-judgments-pdf/collector-1435-v12-p186-352232.pdf,moj-judgments-1435-volume-12.pdf,1818d073ee2db499a73dbfa814ffd2d7ac809490a1a41e91cd01dd7b0b095edb,186,188,3,e3896b1c11d788d97c84205d7b1dfa22f0aa611fb61e33d79db90b64b2cc742b,483385,رسقة -أجهزة كهربائية -إقرار -إدانة -تعزير بالسجن واجللد -إيصاء باإلبعاد. إقرار املدعى عليه.,,,352232,1435/01/01,,فقد جرى منا نحن قضاة الدائرة اجلزائية األوىل االطالع عىل القرار الرشعي رقم,d264037c64ec014197bb0c9e99744b6f1de508200c45058d590af8290fd87538,metadata_incomplete_pending_review
collector-1435-v12-p189-3519517,extracted/collector-judgments-pdf/collector-1435-v12-p189-3519517.pdf,moj-judgments-1435-volume-12.pdf,1818d073ee2db499a73dbfa814ffd2d7ac809490a1a41e91cd01dd7b0b095edb,189,195,7,320a93e030add776873abd24407148592e2a3387f107708cafa5a2749a3ba4d0,495227,رسقة -كابالت نحاسية -حيازة أدوات رسقة -سوابق مماثلة -إقرار بأخذ املرسوقات - دفع بكوهنا مرمية -سبق اإلقرار حتقيقا -دفع باإلكراه عليه -عدم ثبوت اإلدانة -توجه التهمة -تعزير بالسجن واجللد .,,,3519517,,بمحكمة االستئناف بمنطقة اجلوف عىل املعاملة الواردة من فضيلة رئيس املحكمة العامة,35273169يف 1435/02/16ه ومرفق هبا قرار الدائرة األوىل لتمييز القضايا اجلزائية,bdeb62394bde236ec145668e4816e1281b9a3321aeb798f2bc06a56e4d117b17,metadata_incomplete_pending_review
collector-1435-v12-p196-358407,extracted/collector-judgments-pdf/collector-1435-v12-p196-358407.pdf,moj-judgments-1435-volume-12.pdf,1818d073ee2db499a73dbfa814ffd2d7ac809490a1a41e91cd01dd7b0b095edb,196,198,3,1412b76a77a6cd95d50bbe44b8d9de6125bdd449dc6ef1ccd4fed36e734e1d87,482389,رسقة -دخول اسرتاحة -رسقة حمتوياهتا -تطابق البصامت -إقرار -إدانة -عدم توافر رشوط حد الرسقة -تعزير بالسجن واجللد وأخذ التعهد.,,,358407,1435/01/03,,1435/1/24ه فقد جرى منا نحن قضاة الدائرة اجلزائية األوىل االطالع عىل القرار,a3487a15e816458de7942309aada9e37ca801c92a125bf8e8e074d30bca3741e,metadata_incomplete_pending_review
collector-1435-v12-p199-3515506,extracted/collector-judgments-pdf/collector-1435-v12-p199-3515506.pdf,moj-judgments-1435-volume-12.pdf,1818d073ee2db499a73dbfa814ffd2d7ac809490a1a41e91cd01dd7b0b095edb,199,204,6,fa55241f7002d9f87f68f2889eef446dca26aca8a8f2d8a8b3f95da6683b53fc,495553,رسقة -حمل جتاري -هتك حرزه والرسقة منه -إقرار -رجوع عنه -وجود إقرار مصدق رشعا -سوابق مماثلة -ثبوت اإلدانة -درء حد الرسقة -تعزير بالسجن واجللد.,,,3515506,,,الدائرة اجلزائية اخلامسية األوىل يف حمكمة,3513b057d2f53215c9f45915c5f36580d824ca960b53364450435b21ac1ee5e0,metadata_incomplete_pending_review
collector-1435-v12-p205-34299030,extracted/collector-judgments-pdf/collector-1435-v12-p205-34299030.pdf,moj-judgments-1435-volume-12.pdf,1818d073ee2db499a73dbfa814ffd2d7ac809490a1a41e91cd01dd7b0b095edb,205,210,6,7a08c45c6d2a0ab3d6ed188044e6475c2ee60458a9593090aacf387438ad1c75,497460,رسقة -حمل جتاري -هتك احلرز -إقرار بالرسقة -إنكار مقدار املرسوقات -سابقة مماثلة -إدانة -تعزير بالسجن واجللد -رجوع عن اإلقرار -رجوع عن احلكم - عدم ثبوت اإلدانة -توجه الشبهة -ظروف مشددة -تعزير بالسجن واجللد.,,,34299030,,بمحكمة االستئناف بمنطقة اجلوف عىل املعاملة الواردة من فضيلة رئيس املحكمة العامة,وصحبه وسلم) قايض استئناف ( )...قايض استئناف ( )...رئيس الدائرة ( )...ا.ه وإجابة,0e0f282dafc56265ea4a5d19064e3cda7aa83a07fee17ffd46119c70b195f4f5,metadata_incomplete_pending_review
collector-1435-v12-p211-34260972,extracted/collector-judgments-pdf/collector-1435-v12-p211-34260972.pdf,moj-judgments-1435-volume-12.pdf,1818d073ee2db499a73dbfa814ffd2d7ac809490a1a41e91cd01dd7b0b095edb,211,216,6,b0a8bda79afa08c1574ec8dda540b486a76ea588c10d6eba3f306aaa9f522c15,492254,رسقة -رشوع -تكسري زجاج حمل -إقرار بكرس الزجاج -إنكار قصد الرسقة -سبق اإلقرار أمام جهة القبض -حيازة أدوات رسقة -عدم ثبوت الرشوع -توجه التهمة به - ثبوت اإلدانة بكرس الزجاج -تعزير بالسجن واجللد.,,,34260972,,بمحكمة االستئناف بمنطقة اجلوف عىل املعاملة الواردة من فضيلة رئيس املحكمة اجلزائية,احلمد هلل وحده وبعد فقد اطلعنا نحن قضاة الدائرة األوىل لتمييز القضايا اجلزائية,ae0c9df2956c1f8072b13382794f6062ec32ff915ec074616e219b0f811dcaf5,metadata_incomplete_pending_review
collector-1435-v12-p217-35273,extracted/collector-judgments-pdf/collector-1435-v12-p217-35273.pdf,moj-judgments-1435-volume-12.pdf,1818d073ee2db499a73dbfa814ffd2d7ac809490a1a41e91cd01dd7b0b095edb,217,221,5,7083cad1fb670b70cfce364dbb944a8db3fe8d54fab80303271021fbfc5a195a,509820,رسقة -سيارة -إنكار قصد الرسقة -إقرار بقيادهتا -دفع بمظنة أهنا عائدة لصديق - قصد ممازحته -سبق اإلقرار حتقيقا -رجوع عنه -ثبوت اإلدانة -ظروف خمففة -تعزير بالسجن واجللد وأخذ التعهد.,,,35273,,,احلمد هلل وحده وبعد ..فقد اطلعنا نحن قضاة الدائرة اجلزائية الثانية يف حمكمة,3f76c66b7227d5b91314793b91c2e677b542e1217ebb76c40848983f61adac54,metadata_incomplete_pending_review
collector-1435-v12-p222-3513468,extracted/collector-judgments-pdf/collector-1435-v12-p222-3513468.pdf,moj-judgments-1435-volume-12.pdf,1818d073ee2db499a73dbfa814ffd2d7ac809490a1a41e91cd01dd7b0b095edb,222,225,4,6d16d3d9ca71b2099dcdebb2e50ac3e6c83909ecf0579b2461452a0fe67819f1,485612,رسقة -سيارة -هروب من رجال االمن -صدم سيارات -إقرار -رسقة من غري حرز -إدانة -تعزير بالسجن واجللد.,,,3513468,,,احلمد هلل وحده ،وبعد ..فقد اطلعنا نحن قضاة الدائرة اجلزائية الثانية يف حمكمة,e7e4fb767f1991d4fd124bb9db7b301625b11c387091a17844302c55a5aad561,metadata_incomplete_pending_review
collector-1435-v12-p226-3561738,extracted/collector-judgments-pdf/collector-1435-v12-p226-3561738.pdf,moj-judgments-1435-volume-12.pdf,1818d073ee2db499a73dbfa814ffd2d7ac809490a1a41e91cd01dd7b0b095edb,226,229,4,97891879fac79eaa44b6625f3701a91d26f42b25fbc6c248249d86ed5e61ed50,489746,رسقة -حماولة رسقة سيارة -إقرار -رسقة غري حدية -عدم إحراز املرسوق -إدانة - تعزير بالسجن واجللد.,,,3561738,1396/10/30,بمحكمة االستئناف بمنطقة عسري عىل املعاملة الواردة من فضيلة رئيس املحكمة العامة,احلمد هلل وحده وبعد فقد اطلعنا نحن قضاة الدائرة الرابعة لتدقيق القضايا اجلزائية,0e7d9dbd64b8f291bb2a76e6a51b7259247dd62284b2fd560c412ef8fce7cb34,metadata_incomplete_pending_review
collector-1435-v12-p230-2029,extracted/collector-judgments-pdf/collector-1435-v12-p230-2029.pdf,moj-judgments-1435-volume-12.pdf,1818d073ee2db499a73dbfa814ffd2d7ac809490a1a41e91cd01dd7b0b095edb,230,233,4,c771aca53a2fe31126f56053fe5960c16264e1f0e727b40998b288b6a49a0925,488808,رسقة -قطع سيارات -إقرار بحيازهتا -إنكار الرسقة -تعدد السوابق -عدم ثبوت اإلدانة -قرائن -توجه التهمة -تعزير بالسجن واجللد.,,,2029,,,احلمد هلل وحده وبعد ..فقد اطلعنا نحن قضاة الدائرة اجلزائية الثانية يف حمكمة,728a6790a49117ac2050887cdb8d24dd113902385cb7fc54f1c4f0f5821b61ff,metadata_incomplete_pending_review
collector-1435-v12-p234-34338266,extracted/collector-judgments-pdf/collector-1435-v12-p234-34338266.pdf,moj-judgments-1435-volume-12.pdf,1818d073ee2db499a73dbfa814ffd2d7ac809490a1a41e91cd01dd7b0b095edb,234,237,4,976e091d1e82a56b5cd898c9a18d62d1abaee265b1b60df56a99625cba0675b6,489651,رسقة -أجزاء من سيارة -إقرار -إدانة -تعزير بالسجن واجللد. إقرار املدعى عليه.,,,34338266,1434/07/22,,,1748be5b614db056153e282d70606783e76b0cc02bdf82354801543f3db2e2b2,metadata_incomplete_pending_review
collector-1435-v12-p240-35110571,extracted/collector-judgments-pdf/collector-1435-v12-p240-35110571.pdf,moj-judgments-1435-volume-12.pdf,1818d073ee2db499a73dbfa814ffd2d7ac809490a1a41e91cd01dd7b0b095edb,240,246,7,9e8f532b2f3482957ee48fe37f8988b54547f6bbdbfca240895ace6438fa6846,497682,رسقة -بطارية شاحنة -اشرتاك يف رسقتها -رشوع يف رسقة أخرى -إنكار -سبق أحد املتهمني حتقيقا -عدم قبول رجوعه عنه -إدانة املقر - تعزيره بالسجن واجللد,,,35110571,,,1435/07/01ه فقد جرى منا نحن رئيس وأعضاء الدائرة اجلزائية الثانية يف حمكمة,f80d63c96e45c2987b523267044c2fdf6e4f62b26c842d1b962e19aa1b27df92,metadata_incomplete_pending_review
collector-1435-v12-p247-34258339,extracted/collector-judgments-pdf/collector-1435-v12-p247-34258339.pdf,moj-judgments-1435-volume-12.pdf,1818d073ee2db499a73dbfa814ffd2d7ac809490a1a41e91cd01dd7b0b095edb,247,250,4,f623fba04e73899e0991882e437e72f1226577200f4e5d340f7da3e53c448352,489295,رسقة -إتالف ممتلكات -كرس زجاج سيارة -رسقة حمتوياهتا -تطابق األنامط الوراثية - سابقة مماثلة -إنكار الرسقة -إقرار بأخذ بعض املرسوقات -إدانة بذلك -توجه التهمة يف الباقي -تعزير بالسجن واجللد.,,,34258339,,بمحكمة االستئناف بمنطقة اجلوف عىل املعاملة الواردة من فضيلة رئيس املحكمة اجلزائية,احلمد هلل وحده وبعد ..فقد اطلعنا نحن قضاة الدائرة األوىل لتمييز القضايا اجلزائية,d5a2580d309b4e11d6ed4e59d0a8bbfea9f7027865906357cc32967fc970bc22,metadata_incomplete_pending_review
collector-1435-v12-p251-35366002,extracted/collector-judgments-pdf/collector-1435-v12-p251-35366002.pdf,moj-judgments-1435-volume-12.pdf,1818d073ee2db499a73dbfa814ffd2d7ac809490a1a41e91cd01dd7b0b095edb,251,254,4,9b1e6bb849fa8df033c7eaa125c4fa8b45f91449d98d9f5b958f3a89f621a20b,489422,رسقة -مولد كهربائي -كابالت نحاسية -إنكار -دفع بالعثور عليها يف الطريق -عدم البينة املوصلة -عدم ثبوت اإلدانة -توجه التهمة للقرائن -تعزير بالسجن.,,,35366002,,,الدائرة اجلزائية الثالثية الثانية برقم 35237279يف 1435/05/09ه ففي يوم األربعاء,d153b6beb492d68082c144ead1871f70abab2091d1fc4aa7a8da6dd4a5618ce7,metadata_incomplete_pending_review
collector-1435-v12-p255-34184547,extracted/collector-judgments-pdf/collector-1435-v12-p255-34184547.pdf,moj-judgments-1435-volume-12.pdf,1818d073ee2db499a73dbfa814ffd2d7ac809490a1a41e91cd01dd7b0b095edb,255,260,6,4c5f01d41a9eb1a0122f950545d176c0e621d17e05e8283a568acf3fadfb5104,493373,رسقة -حمول كهربائي -إنكار -تطابق األنامط الوراثية -تعدد السوابق -بينة غري موصلة -ظروف خمففة -عدم ثبوت اإلدانة -توجه الشبهة للقرائن -تعزير بالسجن,,,34184547,,بمحكمة االستئناف بمنطقة القصيم عىل املعاملة الواردة من فضيلة رئيس,اطلعنا نحن قضاة الدائرة الثانية لتدقيق القضايا اجلزائية,62a548f2e9a3fa5886b3783ffb0c38214929532db158d3e60498fd8a68b9c076,metadata_incomplete_pending_review
collector-1435-v12-p261-34171550,extracted/collector-judgments-pdf/collector-1435-v12-p261-34171550.pdf,moj-judgments-1435-volume-12.pdf,1818d073ee2db499a73dbfa814ffd2d7ac809490a1a41e91cd01dd7b0b095edb,261,267,7,5d17b5081b57c1b74e274ecdbbdf3f4be24602b50e9c79bed28834901fb8b701,494654,رسقة أغنام من حظرية مواطن -إنكار -استخالف يف سامع شهادة -تعذر إحضار الشهود -حمرض تعرف -سابقة مماثلة -عدم ثبوت اإلدانة -توجه التهمة للقرائن -تعزير بالسجن واجللد.,,,34171550,,بمحكمة االستئناف بمنطقة اجلوف عىل املعاملة الواردة من فضيلة رئيس املحكمة اجلزائية,احلمد هلل وحده وبعد ..فقد اطلعنا نحن قضاة الدائرة األوىل لتمييز القضايا اجلزائية,e006fa6b791bb1cfeda288e8c7657c28539ae6a0fb68a29e93764fb3f0b4ed7d,metadata_incomplete_pending_review
collector-1435-v12-p268-34311102,extracted/collector-judgments-pdf/collector-1435-v12-p268-34311102.pdf,moj-judgments-1435-volume-12.pdf,1818d073ee2db499a73dbfa814ffd2d7ac809490a1a41e91cd01dd7b0b095edb,268,272,5,a2edcbed5c8bd00b731f705b7050f197cf4c94a11c7c2506d885055fd1b396fb,489146,رسقة -أجهزة الكرتونية -رشب املسكر - قيادة سيارة حتت تأثريه -إنكار املدعى عليه -شهادة شاهد -سوابق -عدم ثبوت اإلدانة -توجه التهمة -تعزير بالسجن واجللد,,,34311102,,بمحكمة االستئناف بمنطقة القصيم عىل املعاملة الواردة من فضيلة رئيس املحكمة اجلزائية,ويمثله يف هذه املحكمة املدعي العام بنفس الدائرة ( )...بدعوى ضد ( )...سعودي اجلنسية,6de2541e2f52921743ffb50ffa52a0bace8859658b292ad98c1186f3a751463e,metadata_incomplete_pending_review
collector-1435-v12-p273-34552050,extracted/collector-judgments-pdf/collector-1435-v12-p273-34552050.pdf,moj-judgments-1435-volume-12.pdf,1818d073ee2db499a73dbfa814ffd2d7ac809490a1a41e91cd01dd7b0b095edb,273,275,3,fa1c3785c32aa32980e9e4a88d57cb443409d7f65e930e090aea5d5670bc4f8c,485409,رسقة -شنطة هبا نقود وأجهزة -داخل احلرم املكي -إقرار -إدانة -ظروف مشددة - تعزير بالسجن واجللد وأخذ التعهد.,,,34552050,,قضاة االستئناف بالدائرة اجلزائية السادسة بمحكمة االستئناف بمنطقة مكة املكرمة,قضاة االستئناف بالدائرة اجلزائية السادسة بمحكمة االستئناف بمنطقة مكة املكرمة,93cb659258113a055a17a0eb0ff9f972fdca1256133c56842af725199e27405e,metadata_incomplete_pending_review
collector-1435-v12-p276-3510636,extracted/collector-judgments-pdf/collector-1435-v12-p276-3510636.pdf,moj-judgments-1435-volume-12.pdf,1818d073ee2db499a73dbfa814ffd2d7ac809490a1a41e91cd01dd7b0b095edb,276,282,7,ed4ebed9753839c49f127d75e7bf5c3abaa5bfbeedc86a717fbc138c47df82ed,499298,رسقة -نشل مبلغ مايل -داخل احلرم النبوي -إنكار -شهادة غري موصلة -درء حد الرسقة للشبهة -تعزير بالسجن واجللد -إيصاء باإلبعاد -مصادرة املبلغ املضبوط.,,,3510636,,الدائرة اخلامسية األوىل بمحكمة االستئناف بمنطقة املدينة املنورة عىل املعاملة الواردة من,1435/05/03ه وبرفقها قرار الدائرة اخلامسية األوىل رق��م 35230327وتاريخ,51f78bf03cae1aebddf1867fe946267e1d7124cdcab7c0b677a937683d54d59a,metadata_incomplete_pending_review
collector-1435-v12-p283-3519468,extracted/collector-judgments-pdf/collector-1435-v12-p283-3519468.pdf,moj-judgments-1435-volume-12.pdf,1818d073ee2db499a73dbfa814ffd2d7ac809490a1a41e91cd01dd7b0b095edb,283,289,7,bec25fb1b323e79d224dd2843906b02ce3948a0090cc8ef8a1dd0180cd3cc6d3,494321,رسقة -نشل جواالت وحمفظة -إقرار بأخذ جوال -إنكار باقي الرسقات -سبق اإلقرار حتقيقا -شهادة شهود -عدم إحراز املرسوق -درء حد الرسقة -تعزير بالسجن واجللد.,,,3519468,,الدائرة اجلزائية اخلامسية األوىل بمحكمة االستئناف بمنطقة مكة املكرمة االطالع عىل,الدائرة اجلزائية اخلامسية األوىل بمحكمة االستئناف بمنطقة مكة املكرمة االطالع عىل,b2584b6638b29ac8454716ed5a77370e7016a39798ce91cab4d48b9e88382539,metadata_incomplete_pending_review
collector-1435-v12-p290-3511219,extracted/collector-judgments-pdf/collector-1435-v12-p290-3511219.pdf,moj-judgments-1435-volume-12.pdf,1818d073ee2db499a73dbfa814ffd2d7ac809490a1a41e91cd01dd7b0b095edb,290,293,4,61bf08810a6e530bc4b1a992eaafff60cf40162500d6c2e795a4fb1dddc4fc81,486917,رسقة -نشل هاتف جوال من شنطة -داخل احلرم املكي -إقرار بأخذ اجلوال -دفع بكونه خارج الشنطة -شهادات غري موصلة -سبق اإلقرار حتقيقا -رجوع عنه -عدم ثبوت موجب احلد -تعزير بالسجن واجللد.,,,3511219,,الدائرة اجلزائية اخلامسية الرابعة بمحكمة االستئناف بمنطقة مكة املكرمة االطالع عىل,الدائرة اجلزائية اخلامسية الرابعة بمحكمة االستئناف بمنطقة مكة املكرمة االطالع عىل,2b534bc9d1fdc4ed2bfb1b61044fb5a83013f99ccbada3fa3863efd003719614,metadata_incomplete_pending_review
collector-1435-v12-p294-3514881,extracted/collector-judgments-pdf/collector-1435-v12-p294-3514881.pdf,moj-judgments-1435-volume-12.pdf,1818d073ee2db499a73dbfa814ffd2d7ac809490a1a41e91cd01dd7b0b095edb,294,298,5,82fd60e77dcabf8f24d9e0fa26e482babc745a6ea43e8e1a5790bdce1b663e09,489336,رسقة -نشل هاتف جوال -إدخال اليد يف اجليب -إقرار -شهادة غري موصلة -رجوع عن اإلقرار -دفع بكون اجلوال خارج باجليب -رسقة من غري حرز -درء احلد الرسقة - توجه التهمة -تعزير بالسجن واجللد.,,,3514881,,الدائرة اجلزائية اخلامسية األوىل بمحكمة االستئناف بمنطقة مكة املكرمة االطالع عىل,الدائرة اجلزائية اخلامسية األوىل بمحكمة االستئناف بمنطقة مكة املكرمة االطالع عىل,710f25409ef52505062ff8b9409ec315a1f0c26f68c9231743d2d8b5b881ad1f,metadata_incomplete_pending_review
collector-1435-v12-p299-35104448,extracted/collector-judgments-pdf/collector-1435-v12-p299-35104448.pdf,moj-judgments-1435-volume-12.pdf,1818d073ee2db499a73dbfa814ffd2d7ac809490a1a41e91cd01dd7b0b095edb,299,305,7,dff7c07ac3c215a26ec035ba4a63f6f88bf5b1f79bfdacd91ada6ae3d42a94ee,499400,رسقة -مال عام -جهة تعليمية -معمل حاسب آيل -اشرتاك يف رسقته -إقرار أحد املتهمني -إنكار اآلخر - سبق إقراره حتقيقا -عدم قبول الرجوع عنه -إدانة -تعزير بالسجن واجللد.,,,35104448,,,جرى منا نحن قضاة الدائرة اجلزائية األوىل االطالع عىل القرار الرشعي رقم 35236245,5201fd3a77e62be84e83a70caa00795e328d05dd2423ceb376e5bd0866aea971,metadata_incomplete_pending_review
collector-1435-v12-p306-35168246,extracted/collector-judgments-pdf/collector-1435-v12-p306-35168246.pdf,moj-judgments-1435-volume-12.pdf,1818d073ee2db499a73dbfa814ffd2d7ac809490a1a41e91cd01dd7b0b095edb,306,310,5,6e448622a792076e9db75f12a50f7b69f3a2007a01f7c651cd65691f2355cb7f,491560,رسقة -أجهزة جوال -عدم دفع قيمة وجبة -إقرار -إدانة -تعزير بالسجن واجللد. إقرار املدعى عليه.,,,35168246,1435/03/18,,الدائرة اجلزائية الثانية يف حمكمة االستئناف بمنطقة مكة املكرمة االطالع عىل املعاملة,feb856793688468b4529a1dd609ed939a7c481c62705c6a856d2d86ff917a9a5,metadata_incomplete_pending_review
collector-1435-v12-p311-35213755,extracted/collector-judgments-pdf/collector-1435-v12-p311-35213755.pdf,moj-judgments-1435-volume-12.pdf,1818d073ee2db499a73dbfa814ffd2d7ac809490a1a41e91cd01dd7b0b095edb,311,315,5,670032265ac82b48c3270de4491eef0d24eddcea9641dbf2083366cd8762786c,850756,رسقة -اشرتاك يف رسقة طيور -إقرار -إدانة -تعزير بالسجن واجللد. إقرار املدعى عليه.,,,35213755,1435/04/11,,احلمد هلل وحده وبعد ..فقد اطلعنا نحن قضاة الدائرة اجلزائية الثانية يف حمكمة,22284ddfe8ced5d4eab102c2e72e3d81f6ee88b4229eb68be452cfba364a3e32,metadata_incomplete_pending_review
collector-1435-v12-p316-3314615,extracted/collector-judgments-pdf/collector-1435-v12-p316-3314615.pdf,moj-judgments-1435-volume-12.pdf,1818d073ee2db499a73dbfa814ffd2d7ac809490a1a41e91cd01dd7b0b095edb,316,319,4,b4675b71b0d974ca2978a51db2b77e0bb06fe150df27fa49eff059ee82cde20b,487644,سحر - حيازة أوراق سحر وشعوذة -إقرار باحليازة -إنكار عائدية الورقة -عدم البينة املوصلة -عدم ثبوت اإلدانة -توجه الشبهة للقرائن -تعزير بالسجن واجللد.,,,3314615,,القضايا اجلزائية بمحكمة االستئناف بمنطقة عسري بقرارهم رقم 34366127وتاريخ,احلمد هلل وحده وبعد فبنا ء عىل مالحظة أصحاب الفضيلة قضاة الدائرة الرابعة لتدقيق,4feba74a232225d732c30f10619710ae582957858917eb15cb27ed8c3a3308ef,metadata_incomplete_pending_review
collector-1435-v12-p320-355495,extracted/collector-judgments-pdf/collector-1435-v12-p320-355495.pdf,moj-judgments-1435-volume-12.pdf,1818d073ee2db499a73dbfa814ffd2d7ac809490a1a41e91cd01dd7b0b095edb,320,323,4,a51fa0def205265285eb076c2f75bc6ff07b7173b91b5ed2bab8b05dca0a4134,494367,سحر - حيازة طالسم - إقرار -دفع باجلهل بحرمتها -ظروف خمففة -إدانة -تعزير,,,355495,,,احلمد هلل وحده وبعد ..فقد اطلعنا نحن قضاة الدائرة اجلزائية األوىل بمحكمة,f48f7075140beb6f2857a0af42258963d9538519940b2a1cdfc380bebf4cfadf,metadata_incomplete_pending_review
collector-1435-v12-p324-33606880,extracted/collector-judgments-pdf/collector-1435-v12-p324-33606880.pdf,moj-judgments-1435-volume-12.pdf,1818d073ee2db499a73dbfa814ffd2d7ac809490a1a41e91cd01dd7b0b095edb,324,331,8,ffff400bd9df3621b1c4a92e05c1b2ac7a31368a0e5d8d67b7cb695166d2928e,513856,سحر - خلوة حمرمة -إنكار عمل السحر - إقرار باخللوة -ثبوت اإلدانة هبا -إقرار حتقيقا بالسحر - رجوع عنه -درء حد السحر - توجه التهمة -تعزير بالسجن واجللد - إيصاء باإلبعاد.,,,33606880,,قضاة الدائرة املختصة بتدقيق القضايا اخلامسية بمحكمة االستئناف بمنطقة حائل رقم,قضاة الدائرة املختصة بتدقيق القضايا اخلامسية بمحكمة االستئناف بمنطقة حائل رقم,a33f80aae0c29d0a56b5d2858330317e548e351af0b222d9b5b02bb6ecde39a9,metadata_incomplete_pending_review
collector-1435-v12-p332-34325751,extracted/collector-judgments-pdf/collector-1435-v12-p332-34325751.pdf,moj-judgments-1435-volume-12.pdf,1818d073ee2db499a73dbfa814ffd2d7ac809490a1a41e91cd01dd7b0b095edb,332,337,6,3a208c18cd30c9caa91857d5702e0f16890ec122c6ff0cc4c9481ab62e9c73cd,497782,سحر - وضع عمل سحري بمنزل -قصد اإلرضار واملرض -تسرت عىل املصدر - إنكار -شهادة الفرقة القابضة -بينة غري موصلة -عدم ثبوت اإلدانة -توجه التهمة للقرائن -تعزير بالسجن واجللد.,,,34325751,,,اطلعنا نحن قضاة الدائرة اجلزائية األوىل بمحكمة احلمد هلل وحده وبعد ..فقد,6db96e46c5c0a4b7e02ca4d66d60ea3baca8fefe91ea02454d6bd18a940cef22,metadata_incomplete_pending_review
collector-1435-v12-p338-34354389,extracted/collector-judgments-pdf/collector-1435-v12-p338-34354389.pdf,moj-judgments-1435-volume-12.pdf,1818d073ee2db499a73dbfa814ffd2d7ac809490a1a41e91cd01dd7b0b095edb,338,347,10,5a302ec012bafe0c2126ed49485e6cc27b04e3bb5a447184757d6048b52dd883,511618,سحر - اشرتاك يف عمله -رسقة -إرضار بالغري -إنكار السحر - إقرار بالرسقة -حمرض قبض -شهادة الفرقة القابضة -بينة غري موصلة -عدم ثبوت اإلدانة -توجه التهمة للقرائن -تعزير بالسجن واجللد -إيصاء باإلبعاد.,,,34354389,,,الدائرة اجلزائية الثالثية الثانية رقم ( )35120547وتاريخ 1435/01/18ه,7f3bb1e78a92276f32ab094999c196a2f7c11842c19e1034a1efc5d3bf14bf87,metadata_incomplete_pending_review
collector-1435-v12-p348-34427596,extracted/collector-judgments-pdf/collector-1435-v12-p348-34427596.pdf,moj-judgments-1435-volume-12.pdf,1818d073ee2db499a73dbfa814ffd2d7ac809490a1a41e91cd01dd7b0b095edb,348,354,7,47383ed93718387e3dd7ad69642fdaaccc1cb259fb98a48560f1d9e8bbaae979,498572,سحر - ممارسة أعامل السحر - طلب إقامة حد الردة -إنكار -حمرض قبض -إقرار مصدق رشعا -رجوع عنه -درء احلد بالشبهة -عدم ثبوت اإلدانة -توجه التهمة -تعزير بالسجن واجللد -إيصاء باإلبعاد.,,,34427596,,الدائرة اجلزائية اخلامسية الثالثة بمحكمة االستئناف بمنطقة مكة املكرمة االطالع عىل املعاملة,الدائرة اجلزائية اخلامسية الثالثة بمحكمة االستئناف بمنطقة مكة املكرمة االطالع عىل املعاملة,03359b8d4121519ab3303c32af764286a6067c8977f995c3b1e9345fafddf11a,metadata_incomplete_pending_review
collector-1435-v12-p355-34206419,extracted/collector-judgments-pdf/collector-1435-v12-p355-34206419.pdf,moj-judgments-1435-volume-12.pdf,1818d073ee2db499a73dbfa814ffd2d7ac809490a1a41e91cd01dd7b0b095edb,355,357,3,f4ac3b5c2d9e329eb235d74e2ee3a314c616b226ead9230c2a7d5f179c9c1231,477838,سحر - أعامل شعوذة ودجل -مقاومة الفرقة القابضة -إنكار -حمارض قبض -عدم البينة املوصلة -توجه التهمة -تعزير بالسجن واجللد -إيصاء باإلبعاد.,,,34206419,,,,125f0896194bbba0b4dc78f525657664a981285022fc16c5b2f780ff396a8bc0,metadata_incomplete_pending_review
collector-1435-v12-p358-358,extracted/collector-judgments-pdf/collector-1435-v12-p358-358.pdf,moj-judgments-1435-volume-12.pdf,1818d073ee2db499a73dbfa814ffd2d7ac809490a1a41e91cd01dd7b0b095edb,358,363,6,79bc75fce553ef7850095972cad616e7db7c37124712f3ea9e8c24263d62c68a,422209,2 ما جاء يف حمرض القبض املرفق لفة رقم (.)5- 4- 3 - 3ما جاء يف حمرض املقاومة املرفق لفة رقم (.)1 ال حمرم ا ومعاقب ا عليه رشعا ،لذا أطلب إثبات ما يعد فع وبام أن ما أقدم عليه املذكوران ن س ب إليهام واحلكم عليهام بعقوبة تعزيرية جراء ذلك ،كام أطلب مصادرة أجهزة اجلوال,,,358,1434/4/21,,نص احلاجة منه “ الدائرة اجلزائية السابعة برقم ( )35266236يف 1435/6/6ه,c0f4a01b849635589eb2844943f83dba800adce99c76c9148b36631cd92e022c,metadata_incomplete_pending_review
collector-1435-v12-p364-34239274,extracted/collector-judgments-pdf/collector-1435-v12-p364-34239274.pdf,moj-judgments-1435-volume-12.pdf,1818d073ee2db499a73dbfa814ffd2d7ac809490a1a41e91cd01dd7b0b095edb,364,371,8,14bfdfc654cbb6e004c5694fa3fd72a75e683b149fb0b1343be3065d0427498a,504111,سحر - أعامل سحر وشعوذة -حيازة طالسم وأدوات شعوذة -إنكار -سبق اإلقرار حد السحر لعدم ثبوت موجبه -توجه التهمة -تعزير بالسجن حتقيقا -رجوع عنه -درء,,,34239274,,اجلزائية اخلامسية األوىل بمحكمة االستئناف بمنطقة مكة املكرمة االطالع عىل املعاملة,تدقيق احلكم من الدائرة اجلزائية اخلامسية األوىل وصدر بشأنه القرار ذو الرقم 35125692,c9658fb6f19de7a4f91d3b066e2150e1bf6b8a9e84daf17b9143104e585a8cde,metadata_incomplete_pending_review
collector-1435-v12-p372-34281411,extracted/collector-judgments-pdf/collector-1435-v12-p372-34281411.pdf,moj-judgments-1435-volume-12.pdf,1818d073ee2db499a73dbfa814ffd2d7ac809490a1a41e91cd01dd7b0b095edb,372,379,8,5abd701370af526df1249138066a9a89c2540bca547284b706295f1136f54e87,1198800,سحر - ممارسة أعامل شعوذة -حيازة طالسم - إنكار -سبق اإلقرار حتقيقا -شهادة الفرقة القابضة -إدانة -تعزير بالسجن -إيصاء باإلبعاد.,,,34281411,,نحن قضاة الدائرة اجلزائية الثالثة بمحكمة االستئناف يف منطقة مكة املكرمة,نحن قضاة الدائرة اجلزائية الثالثة بمحكمة االستئناف يف منطقة مكة املكرمة,4fea37cb4eb8ddd09160acc4a01c4d46bc82983b20b705a5e435b0783b5f9c81,metadata_incomplete_pending_review
collector-1435-v12-p380-33713181,extracted/collector-judgments-pdf/collector-1435-v12-p380-33713181.pdf,moj-judgments-1435-volume-12.pdf,1818d073ee2db499a73dbfa814ffd2d7ac809490a1a41e91cd01dd7b0b095edb,380,387,8,e23f49145f432be8547dd73f9289a22f9ecf7d3efd56abd049b3299e72b27dd9,508799,تلفظ -حق عام -إرسال رسائل جوال -سب الذات اإلهلية -أقوال كفرية -قذف - هتديد -طلب إقامة حد الر دة -إنكار -إمكان إرساهلا من غريه -درء احلد بالشبهة - رصف النظر - توجه الشبهة للقرائن -تعزير بالسجن واجللد .,,,33713181,,الدائرة اجلزائية اخلامسية الثانية بمحكمة االستئناف بمنطقة مكة املكرمة االطالع عىل,الدائرة اجلزائية اخلامسية الثانية بمحكمة االستئناف بمنطقة مكة املكرمة االطالع عىل,2d2939bc0365cafdfee67a3c47a844a5eb16a7a7571ec47af92a5e173db2a175,metadata_incomplete_pending_review
collector-1435-v12-p388-34511371,extracted/collector-judgments-pdf/collector-1435-v12-p388-34511371.pdf,moj-judgments-1435-volume-12.pdf,1818d073ee2db499a73dbfa814ffd2d7ac809490a1a41e91cd01dd7b0b095edb,388,393,6,aeee5ee68e27f1e354178c6c4ba89d86daab5cdf14bb3584258d82d3e443063d,876099,تلفظ -حق عام -سب الدين -طلب إقامة حد الردة -إنكار -شهود لدى جهة التحقيق -عدم البينة املوصلة -عدم ثبوت اإلدانة -رصف النظر- توجه التهمة للقرائن - تعزير بالسجن واجللد.,,,34511371,,بمحكمة االستئناف بمنطقة عسري عىل املعاملة الواردة من املحكمة العامة بجازان برقم,احلمد هلل وحده وبعد ،فقد اطلعنا نحن قضاة الدائرة األوىل لتدقيق القضايا اخلامسية,305cad2241d474cafd440686387a786a3185f89980e534d9ef27428477ed75f6,metadata_incomplete_pending_review
collector-1435-v12-p394-33402463,extracted/collector-judgments-pdf/collector-1435-v12-p394-33402463.pdf,moj-judgments-1435-volume-12.pdf,1818d073ee2db499a73dbfa814ffd2d7ac809490a1a41e91cd01dd7b0b095edb,394,398,5,957861dbf623906383354d87aa914d9ce2a4e1b4408941d0fd3ea8e8e2ba280a,498235,إتالف ممتلكات -مال عام -دعوى ضد حدث -إحراق مستودع دار األحداث - حدوث تلفيات وأرضار -إقرار -إدانة -تعزير بالسجن واجللد.,,,33402463,1433/06/15,بمحكمة االستئناف بمنطقة حائل عىل املعاملة ال��واردة من فضيلة رئيس املحكمة,( ،)...وقد عادت من حمكمة االستئناف وهبا قرار الدائرة اجلزائية الثانية رقم 35226168,bd8f08b390c27dad029964eee8308ceb3f31f6038104476c57b4745186c030c6,metadata_incomplete_pending_review
collector-1435-v12-p399-34293285,extracted/collector-judgments-pdf/collector-1435-v12-p399-34293285.pdf,moj-judgments-1435-volume-12.pdf,1818d073ee2db499a73dbfa814ffd2d7ac809490a1a41e91cd01dd7b0b095edb,399,400,2,74455d749858a4830d13c43f9d4c707413ab51d8c4b13d63db4fe542c34257b4,483164,إتالف ممتلكات -إحراق سيارة عمدا - إنكار -إقرار حتقيقا بالتسبب دون العمدية - حمرض املعاينة -تقرير فني -عدم ثبوت اإلدانة -توجه التهمة للقرائن -تعزير بالسجن,,,34293285,,,,9ea3a23476a5f61324d5a4a2de8d8cce65c16b45297e4043557bafb030a01e8d,metadata_incomplete_pending_review
collector-1435-v12-p401-401,extracted/collector-judgments-pdf/collector-1435-v12-p401-401.pdf,moj-judgments-1435-volume-12.pdf,1818d073ee2db499a73dbfa814ffd2d7ac809490a1a41e91cd01dd7b0b095edb,401,402,2,30b9407198092ea74cd2c1a65e1bc2d7e55ea7ff468ed0933c610fc4c40b207f,413370,من بيعها ألحد اصدقائه ،وذلك لألدلة والقرائن التالية - 1 :ما جاء باعرتافه املدون عىل ص 16من ملف التحقيق لفة (- 2 .)1ما جاء بمحرض املعاينة املتضمن مالحظة وجود أخشاب بجوار املركبة وآثار طلق ناري عىل الباب األيرس؛ مما يدل عىل أن احلادث مرتكب بفعل فاعل وقد حيدث نتيجة إحراق اخلشب - 3 .ما جاء بالتقرير الفني الصادر من قبل األدلة اجلنائية بأن سبب االحرتاق مصدر حراري صناعي خارجي ذو هلب - 4 .ما جاء يف كتاب إدارة التحريات والبحث اجلنائي رقم 2326يف 1434/3/11ه بأن املذكور هو من أحرق السيارة لوجود خالف مع والده حول منعه من بيع السيارة ألحد أصدقائه،,,,401,1434/3/11,,1435/08/20ه ،فقد جرى منا نحن قضاة الدائرة اجلزائية األوىل االطالع عىل احلكم,3cd3d1b5346346d49ab207ff275d0994375778194c14de616e4e78f7260b1273,metadata_incomplete_pending_review
collector-1435-v12-p403-33474393,extracted/collector-judgments-pdf/collector-1435-v12-p403-33474393.pdf,moj-judgments-1435-volume-12.pdf,1818d073ee2db499a73dbfa814ffd2d7ac809490a1a41e91cd01dd7b0b095edb,403,407,5,a3b1ea6e26ade7dfb9f990f3e593dc0f24792cf30b68b2aba41b2c233dc60244,496897,إتالف ممتلكات -إحراق سيارة عمدا - ترضر سيارة أخرى -إحداث فوىض داخل التوقيف -إقرار -إدانة -تعزير بالسجن واجللد.,,,33474393,,,قرار أصحاب الفضيلة قضاة الدائرة اجلزائية الثانية رقم 34349311يف 1434/11/4ه,8159d3035133b2e28b572b527140907ea7d28f5bda80c39ef5cd520631bb3958,metadata_incomplete_pending_review
collector-1435-v12-p408-34312188,extracted/collector-judgments-pdf/collector-1435-v12-p408-34312188.pdf,moj-judgments-1435-volume-12.pdf,1818d073ee2db499a73dbfa814ffd2d7ac809490a1a41e91cd01dd7b0b095edb,408,413,6,4ec3f6b07c9ce00b977921913655695e330bcdaeef987a804623361d7aac10a0,501320,إتالف ممتلكات -حق عام وخاص -إحراق سيارة -رشب املسكر - تعدد السوابق - إقرار -تنازل املدعي باحلق اخلاص -مطالبته بقيمة املتلف -إدانة -ظروف مشددة - احلكم بحد املسكر - تعزير بالسجن واجللد.,,,34312188,,,الدائرة اجلزائية األوىل يف حمكمة االستئناف بمنطقة املدينة املنورة االطالع عىل املعاملة,eaeeef2ebb7efab8c226ffb71d8e84823fcb77de5db0fb97b6f7ccae0020a52e,metadata_incomplete_pending_review
collector-1435-v12-p414-34406965,extracted/collector-judgments-pdf/collector-1435-v12-p414-34406965.pdf,moj-judgments-1435-volume-12.pdf,1818d073ee2db499a73dbfa814ffd2d7ac809490a1a41e91cd01dd7b0b095edb,414,417,4,6db17c23e4d5efa50228c7e69cb4792cabcfc63d571851f60586f422a15e8d37,496087,إتالف ممتلكات -إحراق سيارة مستأجرة -إنكار -دفع برسقة السيارة -تقرير طبي - اضطراب نفيس -عدم ثبوت اإلدانة -توجه التهمة للقرائن -تعزير بالسجن واجللد.,,,34406965,,,احلمد هلل وحده وبعد ،فقد اطلعنا نحن قضاة الدائرة اجلزائية األوىل بمحكمة,7754f16d0dfa2773479757249725af56b7cf8f5595672787b91cc88cb7286f71,metadata_incomplete_pending_review
collector-1435-v12-p418-34176267,extracted/collector-judgments-pdf/collector-1435-v12-p418-34176267.pdf,moj-judgments-1435-volume-12.pdf,1818d073ee2db499a73dbfa814ffd2d7ac809490a1a41e91cd01dd7b0b095edb,418,421,4,71df68df8a1ad91c85ce32f036ae5705a19655fe45f07c4c1a24200b83a85191,493967,إتالف ممتلكات -إحلاق رضر بسيارة -تعدد السوابق -إنكار -تطابق البصامت -عدم ثبوت اإلدانة -توجه التهمة -ظروف مشددة -تعزير بالسجن واجللد.,,,34176267,,اجلزائية السابعة بمحكمة االستئناف يف منطقة مكة املكرمة االطالع عىل املعاملة الواردة من,احلمد هلل والصالة والسالم عىل من ال نبي بعده وبعد ،فقد جرى منا نحن قضاة الدائرة,23eb216634056467cc911654f3a04dc8a44049c0a7412b75b7d37be9f99b150d,metadata_incomplete_pending_review
collector-1435-v12-p422-34115626,extracted/collector-judgments-pdf/collector-1435-v12-p422-34115626.pdf,moj-judgments-1435-volume-12.pdf,1818d073ee2db499a73dbfa814ffd2d7ac809490a1a41e91cd01dd7b0b095edb,422,423,2,8e66cdd6073dd56ed0acdcc71252fb84f52524db5f344511238f5e4774d2e3f5,482974,إتالف ممتلكات -إطار سيارة -تعمد إتالفه -إنكار -شهادة لدى جهة التحقيق -بينة غري موصلة -عدم ثبوت اإلدانة -توجه التهمة -تعزير بالسجن واجللد.,,,34115626,,,,c26104b34c4d79aec218799a0cdce2c4ca10b988bbe633fb9a9162f9a56e976a,metadata_incomplete_pending_review
collector-1435-v12-p424-424,extracted/collector-judgments-pdf/collector-1435-v12-p424-424.pdf,moj-judgments-1435-volume-12.pdf,1818d073ee2db499a73dbfa814ffd2d7ac809490a1a41e91cd01dd7b0b095edb,424,425,2,8930cd6286affff46e86059b9752cdb62c6321454d484e563900da160f662434,413740,لفة ( - 3 .)1حمرض االنتقال واملعاينة املدون يف دفرت إجراءات االستدالل األولية عىل,,,424,1434/3/3,بمحكمة االستئناف باجلوف عىل املعاملة الواردة من فضيلة رئيس املحكمة اجلزائية بسكاكا,احلمد هلل وحده وبعد ،فقد اطلعنا نحن قضاة الدائرة الثانية لتمييز القضايا اجلزائية,eb41a046e5e56433e2fe9a96409722e91be777abdc6db864eb92e4ede1f3d712,metadata_incomplete_pending_review
collector-1435-v12-p426-34402483,extracted/collector-judgments-pdf/collector-1435-v12-p426-34402483.pdf,moj-judgments-1435-volume-12.pdf,1818d073ee2db499a73dbfa814ffd2d7ac809490a1a41e91cd01dd7b0b095edb,426,430,5,75b59aa8ddd6d88ef6db7305751680210b913a694bd78d454683b21d2bd6f658,499128,إتالف ممتلكات -اشرتاك يف إحراق سيارة -تسبب يف إتالفها -إنكار -شهادة شهود - بينة غري موصلة -عدم ثبوت اإلدانة -توجه التهمة للقرائن -تعزير بالسجن واجللد.,,,34402483,,القضايا اجلزائية بمحكمة االستئناف بمنطقة حائل عىل املعاملة الواردة من فضيلة رئيس,احلمد هلل وحده وبعد ،فقد اطلعنا نحن قضاة الدائرة اجلزائية األوىل املختصة بتدقيق,56f23254710cad8da0e8498a5647fae2381c533eed89835c20dbbf8099549df5,metadata_incomplete_pending_review
collector-1435-v12-p431-34342009,extracted/collector-judgments-pdf/collector-1435-v12-p431-34342009.pdf,moj-judgments-1435-volume-12.pdf,1818d073ee2db499a73dbfa814ffd2d7ac809490a1a41e91cd01dd7b0b095edb,431,435,5,41398688c37811f1877804edbe0fe51e9b3c36c628575fde984109cc716b894a,498230,إتالف ممتلكات -مال عام -سجني -إحراق غرفة يف السجن -تعدد السوابق -إقرار بالتسبب -ثبوت اإلدانة -ظروف مشددة -تعزير بالسجن واجللد.,,,34342009,,بمحكمة االستئناف بمنطقة اجلوف عىل املعاملة الواردة من فضيلة رئيس املحكمة,احلمد هلل وحده وبعد ،فقد اطلعنا نحن قضاة الدائرة الثانية لتمييز القضايا اجلزائية,e45a33eb3052787befdf6b9f15acf9965f339a4fa95dea5c6458019841f6934d,metadata_incomplete_pending_review
collector-1435-v12-p436-34143449,extracted/collector-judgments-pdf/collector-1435-v12-p436-34143449.pdf,moj-judgments-1435-volume-12.pdf,1818d073ee2db499a73dbfa814ffd2d7ac809490a1a41e91cd01dd7b0b095edb,436,440,5,47a23c275653c0e08911580c9a21e210fe552c7f655027c16fd543d1fe710a6b,497453,إتالف ممتلكات -مال عام -صدم مركبة أمنية عمدا - إنكار -شهادة شهود -بينة غري موصلة -عدم ثبوت اإلدانة -توجه التهمة -تعزير بالسجن واجللد.,,,34143449,,بمحكمة االستئناف باجلوف عىل املعاملة الواردة من فضيلة رئيس املحكمة اجلزائية,احلمد هلل وحده وبعد ..فقد اطلعنا نحن قضاة الدائرة الثانية لتمييز القضايا اجلزائية,c6dd2d1a75bf8472f3fb9145f64944be6828c908ee83c7173021dc1408737d65,metadata_incomplete_pending_review
collector-1435-v12-p441-34411653,extracted/collector-judgments-pdf/collector-1435-v12-p441-34411653.pdf,moj-judgments-1435-volume-12.pdf,1818d073ee2db499a73dbfa814ffd2d7ac809490a1a41e91cd01dd7b0b095edb,441,445,5,a734c80db08e5c32d029501facb54968326bfac55f9cafe5439cc67e5b9af198,502107,إتالف ممتلكات -مال عام -صدم مركبة أمنية -هروب من رجال األمن -تعاطي خمدرات -إقرار -إنكار التعاطي -عدم ثبوته -حتليل خمربي -توجه التهمة بالتعاطي - إدانة بالصدم واهلروب -تعزير بالسجن واجللد.,,,34411653,,,احلمد هلل والصالة والسالم عىل رسول اهلل وبعد ،نحن رئيس وقضاة الدائرة اجلزائية الرابعة,b0e1226126ce7cdb83aa395e1ff840cda7ec9eba97e13db7a3ecbd3f2050e5a9,metadata_incomplete_pending_review
collector-1435-v12-p446-3524219,extracted/collector-judgments-pdf/collector-1435-v12-p446-3524219.pdf,moj-judgments-1435-volume-12.pdf,1818d073ee2db499a73dbfa814ffd2d7ac809490a1a41e91cd01dd7b0b095edb,446,449,4,67810c1bca220afd8925804279a4de8efd7c8ba532f85524123f277136fd7de1,493884,إتالف ممتلكات -مال عام -صدم مركبة أمنية -إقرار -ثبوت اإلدانة -تعزير بالسجن. إقرار املدعى عليه.,,,3524219,1435/01/10,اجلزائية بمحكمة االستئناف بمنطقة القصيم عىل املعاملة الواردة من فضيلة رئيس,احلمد هلل وحده وبعد ،فقد اطلعنا نحن قضاة الدائرة الثانية لتدقيق القضايا,5664a0fb694a0cb6eebca73a443da696181c2b721e9c83219bd599727b6a7c11,metadata_incomplete_pending_review
collector-1435-v12-p450-3535430,extracted/collector-judgments-pdf/collector-1435-v12-p450-3535430.pdf,moj-judgments-1435-volume-12.pdf,1818d073ee2db499a73dbfa814ffd2d7ac809490a1a41e91cd01dd7b0b095edb,450,455,6,187f60cfbb3a0fea07d08a3e41ff415532752844274ddbe598f8c74987437e9e,1245158,إتالف ممتلكات -مال عام -كرس زجاج مركبة أمنية -تعطيلها عن أداء عملها -إنكار - سبق اإلقرار حتقيقا -دفع باإلكراه عليه -شاهد معدل رشعا -عدم ثبوت اإلدانة -توجه التهمة للقرائن -تعزير بالسجن واجللد وأخذ التعهد.,,,3535430,,اجلزائية السادسة بمحكمة االستئناف بمكة املكرمة جرى منا االطالع عىل املعاملة,احلمد هلل وحده والصالة والسالم عىل من ال نبي بعده وبعد ،نحن قضاة الدائرة,4a41306485050f9ba5d87263534843181cd44b7ed4facd55df635026aa348c50,metadata_incomplete_pending_review
collector-1435-v12-p456-33222901,extracted/collector-judgments-pdf/collector-1435-v12-p456-33222901.pdf,moj-judgments-1435-volume-12.pdf,1818d073ee2db499a73dbfa814ffd2d7ac809490a1a41e91cd01dd7b0b095edb,456,459,4,2a6e289c9ab5445247093235a383c1b5ed942e183c26c03edcc6b235a0f031ab,512402,خيانة األمانة -حق عام -اختالس مبلغ من جهة العمل -إقرار -إدانة -ظروف خمففة -تعزير بالسجن واجللد وأخذ التعهد.,,,33222901,,,احلمد هلل وحده وبعد ،فقد اطلعنا نحن قضاة الدائرة اجلزائية الثانية يف حمكمة,2fa37230e264d304b8c1f788d86553e172610d2bb7a2f4b1de2a431dee21ddf5,metadata_incomplete_pending_review
collector-1435-v12-p460-34187170,extracted/collector-judgments-pdf/collector-1435-v12-p460-34187170.pdf,moj-judgments-1435-volume-12.pdf,1818d073ee2db499a73dbfa814ffd2d7ac809490a1a41e91cd01dd7b0b095edb,460,462,3,102e2f05fa27474a932909c87af5627bfabc10c10a77f18fda0c0a09495a5014,483440,خيانة األمانة -حق عام -اختالس مبلغ من جهة العمل -إقرار -إدانة -تعزير بالسجن,,,34187170,1434/04/23,,احلمد هلل وحده وبعد ،فقد اطلعنا نحن قضاة الدائرة الثانية لتمييز القضايا اجلزائية بمحكمة,0a4bfa77fdf3a96c2af7e038ac2a933b1e23e9436ac0af6d40a1a0d08dc7bc41,metadata_incomplete_pending_review
collector-1435-v12-p463-34261968,extracted/collector-judgments-pdf/collector-1435-v12-p463-34261968.pdf,moj-judgments-1435-volume-12.pdf,1818d073ee2db499a73dbfa814ffd2d7ac809490a1a41e91cd01dd7b0b095edb,463,466,4,8476135dbfcbf45da004aa0ed45ac4f9a4c64ceebb354f8e4cae412147a179d6,487887,خيانة األمانة -حق عام -عجز يف عهدة عامل -عدم توريد مبلغ -إنكار خيانة األمانة - إقرار بالتسبب يف ضياع املبلغ -إدانة بذلك -توجه التهمة بخيانة األمانة -تعزير بالسجن.,,,34261968,1434/10/7,,الدائرة اجلزائية الرابعة برقم ( )34374754يف 1434/12/01ه، من,d1720de1914b34bb2ac495beae816396ee11778aae421cdb00ad8d2032e4981b,metadata_incomplete_pending_review
collector-1435-v12-p467-355910,extracted/collector-judgments-pdf/collector-1435-v12-p467-355910.pdf,moj-judgments-1435-volume-12.pdf,1818d073ee2db499a73dbfa814ffd2d7ac809490a1a41e91cd01dd7b0b095edb,467,469,3,26ac5f56effd79d32c7a732c0915b24de2d8cf6615e69181404e6a5aece5a310,498581,خيانة األمانة -حق عام -اختالس مبلغ من جهة العمل -إقرار -إدانة -تعزير بالسجن,,,355910,,,احلمد هلل وحده وبعد ،فقد اطلعنا نحن قضاة الدائرة اجلزائية األوىل بمحكمة,4a75c02a9a32b18ae6b7a76670d7d938bceb83cac9abb5eccd6a68e8b001fb2e,metadata_incomplete_pending_review
collector-1435-v12-p470-3525021,extracted/collector-judgments-pdf/collector-1435-v12-p470-3525021.pdf,moj-judgments-1435-volume-12.pdf,1818d073ee2db499a73dbfa814ffd2d7ac809490a1a41e91cd01dd7b0b095edb,470,473,4,deab0c7b5ca31dae94a50d272c5afebc6e14f288431f6f2e267c41ad4aafae01,484670,خيانة األمانة -حق عام -مندوب مبيعات -اختالس أموال من جهة العمل -إقرار - إدانة -تعزير بالسجن واجللد.,,,3525021,1435/2/1,,احلمد هلل وحده وبعد ،فقد اطلعنا نحن قضاة الدائرة اجلزائية األوىل بمحكمة,205c5bbb516a0ee59611cbd7c96b0cc5691052097ad17c57e775ef23d5c202a8,metadata_incomplete_pending_review
collector-1435-v12-p474-3547798,extracted/collector-judgments-pdf/collector-1435-v12-p474-3547798.pdf,moj-judgments-1435-volume-12.pdf,1818d073ee2db499a73dbfa814ffd2d7ac809490a1a41e91cd01dd7b0b095edb,474,475,2,cec64067c6d7965ff736f008115bcde959e6baea5da64074df01d627806687ec,485517,خيانة األمانة -حق عام -اختالس مبلغ مايل -إيرادات صيدلية -إقرار -إدانة -تعزير بالسجن واجللد.,,,3547798,1435/01/22,,احلمد هلل والصالة والسالم عىل رسول اهلل وبعد ،فنحن رئيس وقضاة الدائرة اجلزائية الرابعة,84c3c6d28036d75d0c7d3f97bde551cb92e742048df341477040f3dda86e2bee,metadata_incomplete_pending_review
collector-1435-v12-p476-3516283,extracted/collector-judgments-pdf/collector-1435-v12-p476-3516283.pdf,moj-judgments-1435-volume-12.pdf,1818d073ee2db499a73dbfa814ffd2d7ac809490a1a41e91cd01dd7b0b095edb,476,480,5,cb9210682cabdfc48d88927bc60778af88762497556e8c9b0b83e5ec3af0d8c3,511128,خيانة األمانة -حق عام -اختالس إيرادات -بالغ كاذب برسقتها -إنكار -سبق اإلقرار حتقيقا -إنكار صدوره -عدم ثبوت اإلدانة -توجه التهمة للقرائن -تعزير بالسجن واجللد وأخذ التعهد.,,,3516283,,,ذي الرقم 35/212497وتاريخ 1435/03/11ه ،وبرفقها قرار الدائرة اجلزائية الثانية,51527b1247945184d7f6ee50abf461871cd6a4cb4a83a33435d08e7c656db813,metadata_incomplete_pending_review
collector-1435-v12-p481-3520593,extracted/collector-judgments-pdf/collector-1435-v12-p481-3520593.pdf,moj-judgments-1435-volume-12.pdf,1818d073ee2db499a73dbfa814ffd2d7ac809490a1a41e91cd01dd7b0b095edb,481,484,4,239ebe350ea8e27ef708921f806e97fc881babb84152618fb0c4a63dc4c6e79b,486021,خيانة األمانة -حق عام -اختالس مبلغ مايل -بالغ كاذب برسقته -إنكار -سبق اإلقرار حتقيقا -رجوع عنه -دفع باإلكراه عليه -إدانة -تعزير بالسجن واجللد.,,,3520593,,بمحكمة االستئناف بمنطقة اجلوف عىل املعاملة الواردة من فضيلة رئيس املحكمة اجلزائية,احلمد هلل وحده وبعد ،فقد اطلعنا نحن قضاة الدائرة األوىل لتمييز القضايا اجلزائية,a75883aeef261cf9af7b1cb90402c23ef50390015e1dfe3274ed1b14337a15ed,metadata_incomplete_pending_review
collector-1435-v12-p485-3573757,extracted/collector-judgments-pdf/collector-1435-v12-p485-3573757.pdf,moj-judgments-1435-volume-12.pdf,1818d073ee2db499a73dbfa814ffd2d7ac809490a1a41e91cd01dd7b0b095edb,485,492,8,2af49a20f66beb55e7d57bb60d23cfd03404f3fdd46296fe5b522e34c98a192c,510771,خيانة األمانة -حق عام -اختالس أموال وبضائع -إقرار -إدانة -تعزير بالسجن واجللد -إيصاء باإلبعاد -مطالبة باحلق اخلاص -إنكار بعضه -يمني النفي -إلزام برد,,,3573757,,بمحكمة االستئناف بمنطقة عسري عىل املعاملة الواردة من فضيلة رئيس املحكمة العامة,عىل نبينا حممد وآله وصحبه)ا.ه .واملوقع من أصحاب الفضيلة قضاة االستئناف بالدائرة,2a46e1d867ee5464689bd7d3ff4d46084fb64bb688339cb8e4e6440877d29ae1,metadata_incomplete_pending_review
collector-1435-v12-p493-3542361,extracted/collector-judgments-pdf/collector-1435-v12-p493-3542361.pdf,moj-judgments-1435-volume-12.pdf,1818d073ee2db499a73dbfa814ffd2d7ac809490a1a41e91cd01dd7b0b095edb,493,497,5,8bb7768aa8e9a2e4d4ba205973bc065e7055a20b963298d7ccb69abc395ccea4,490010,خيانة األمانة -حق عام -اختالس مبلغ من جهة العمل -إنكار -دفع برسقة املبلغ - سبق اإلقرار حتقيقا -دفع باإلكراه عليه -عدم البينة عىل الدفوع -إدانة -تعزير بالسجن واجللد -منع من السفر.,,,3542361,,,احلمد هلل وحده وبعد ،فقد اطلعنا نحن قضاة الدائرة اجلزائية األوىل بمحكمة,3b7943628b6e252b8b3a06ef82bea9737092ff4e8290fead3d7e8924e3ff0987,metadata_incomplete_pending_review
collector-1435-v12-p498-3546527,extracted/collector-judgments-pdf/collector-1435-v12-p498-3546527.pdf,moj-judgments-1435-volume-12.pdf,1818d073ee2db499a73dbfa814ffd2d7ac809490a1a41e91cd01dd7b0b095edb,498,502,5,61a5eca50c8b93be7eca043afafbd7cf86608f25b60ac6352a0d787353f56088,491972,خيانة األمانة -حق عام -مندوب مبيعات -اختالس بضاعة -نقلها خارج البالد - بيعها والترصف يف ثمنها -إنكار -دفع باالتفاق مع رب العمل -عدم إثباته -إدانة - تعزير بالسجن واجللد -إيصاء باإلبعاد.,,,3546527,,بمحكمة االستئناف بمنطقة القصيم عىل املعاملة الواردة من فضيلة رئيس املحكمة,احلمد هلل وحده وبعد ،فقد اطلعنا نحن قضاة الدائرة األوىل لتدقيق القضايا اجلزائية,1db8f13ef30bc9bc7fe2b0ffe3ec6f2e52c70cbdc695d4085be8a3704d5749d7,metadata_incomplete_pending_review
collector-1435-v12-p503-3564921,extracted/collector-judgments-pdf/collector-1435-v12-p503-3564921.pdf,moj-judgments-1435-volume-12.pdf,1818d073ee2db499a73dbfa814ffd2d7ac809490a1a41e91cd01dd7b0b095edb,503,506,4,b26b7d792150b36556332f838e0acfb8eeb12fc78cb71ec5511e7047b20292df,489909,خيانة األمانة -حق عام -نقل أموال -اختالس مبلغ منها -إقرار -إدانة -تعزير بالسجن واجللد.,,,3564921,1435/1/30,,1435/3/5ه ،فقد جرى منا نحن قضاة الدائرة اجلزائية األوىل االطالع عىل القرار,472cdf56a68bc6b93c885cacbe2d85122a822409ee47fd69dec9d84a2aaff5f4,metadata_incomplete_pending_review
collector-1435-v12-p507-35382862,extracted/collector-judgments-pdf/collector-1435-v12-p507-35382862.pdf,moj-judgments-1435-volume-12.pdf,1818d073ee2db499a73dbfa814ffd2d7ac809490a1a41e91cd01dd7b0b095edb,507,513,7,cc8ec5896b42c0880b192f00bdae02960772f723c82e99c5a8f18b9c5a7001fd,1192571,خيانة األمانة -حق عام -نقل أموال -اختالس مبلغ منها -إنكار -عدم كفاية األدلة - عدم ثبوت اإلدانة -رد الدعوى.,,,35382862,,,احلمد هلل وحده وبعد ،فقد اطلعنا نحن قضاة الدائرة اجلزائية الثانية يف حمكمة,6d3142db20afa758f0fc741c9e96a5534278a50dc060d0ce78d64b4e26049f72,metadata_incomplete_pending_review
collector-1435-v12-p514-34160354,extracted/collector-judgments-pdf/collector-1435-v12-p514-34160354.pdf,moj-judgments-1435-volume-12.pdf,1818d073ee2db499a73dbfa814ffd2d7ac809490a1a41e91cd01dd7b0b095edb,514,519,6,7989e87d16e18e43459702e88bfa9f83f3c6f8182ea9cc49e0abb1e4bb34f77e,855870,غسل أموال -اكتساب مبالغ بطريقة غري نظامية -عدم اإلفصاح عن محلها -إقرار - إدانة -عدم ثبوت موجب املصادرة -تعزير بالسجن -رد املضبوطات.,,,34160354,,الجزائية بمحكمة االستئناف بمنطقة عسير عىل املعاملة الواردة من املحكمة,احلمد هلل وحده وبعد فقد اطلعنا نحن قضاة الدائرة الثانية لتدقيق القضايا,233896074a3e2ac752e43780acbb1e9f8049b83e78389ff6356bf7bf87c3bb5b,metadata_incomplete_pending_review
collector-1435-v12-p520-18547,extracted/collector-judgments-pdf/collector-1435-v12-p520-18547.pdf,moj-judgments-1435-volume-12.pdf,1818d073ee2db499a73dbfa814ffd2d7ac809490a1a41e91cd01dd7b0b095edb,520,524,5,b5a2dd6c5aab0fa885591e37f044af17fe0fb5eede878186baa6289748e65a7c,504067,نصب واحتيال -حق عام -صدور حكم أجنبي باإلدانة -طلب تسليم املتهم - أمر سام بمحاكمته داخل البالد -إنكار -عدم البينة املوصلة -رد الدعوى.,,,18547,,,احلمد هلل وحده وبعد فقد اطلعنا نحن قضاة الدائرة اجلزائية الرابعة بمحكمة,a32540a01651f50e8664e54f78800f4c55d24a61b237a351563393fe3f32bdd2,metadata_incomplete_pending_review
collector-1435-v12-p525-35271846,extracted/collector-judgments-pdf/collector-1435-v12-p525-35271846.pdf,moj-judgments-1435-volume-12.pdf,1818d073ee2db499a73dbfa814ffd2d7ac809490a1a41e91cd01dd7b0b095edb,525,531,7,c70280187093d00c82b9047752afe4186bdb6199bf2858cac5ecc6ca6b6ab663,871230,نصب واحتيال -حق عام -اشرتاك يف تلقي أموال خمتلسة -إيداعات مرصفية -سحبها والترصف فيها -تعدد السوابق -دفع بعدم معرفة مصدر اإليداع -عدم ثبوت اإلدانة - توجه التهمة للقرائن -تعزير بالسجن واجللد .,,,35271846,,,احلمد هلل وحده ،وبعد ..فقد اطلعنا نحن قضاة الدائرة اجلزائية الثانية يف حمكمة,d239e10f09a35f61e60db87189328d5d7963e0e410939799faa0858141b7bbca,metadata_incomplete_pending_review
collector-1435-v12-p532-34260507,extracted/collector-judgments-pdf/collector-1435-v12-p532-34260507.pdf,moj-judgments-1435-volume-12.pdf,1818d073ee2db499a73dbfa814ffd2d7ac809490a1a41e91cd01dd7b0b095edb,532,541,10,875dd48a27384522a2fac8e0f7647d9f93317d3a96d2999c6ad66c68a5b98a70,531474,شهادة زور -حكم سابق -قصد اإلرضار -تسبب يف رضر -طلب التعزير والتعويض - إنكار شهادة الزور -عدم استناد احلكم عليها -انتفاء الرضر -عدم ثبوت كذهبا -رد,,,34260507,,,قضاة الدائرة اجلزائية الثانية ذو الرقم ( )34353059يف 1434/11/06ه الذي اشتمل,ae51d00eff9b5537a045b270d75f5dbf3bedff20d30270ff6cf014a89070322a,metadata_incomplete_pending_review
collector-1435-v12-p542-34341951,extracted/collector-judgments-pdf/collector-1435-v12-p542-34341951.pdf,moj-judgments-1435-volume-12.pdf,1818d073ee2db499a73dbfa814ffd2d7ac809490a1a41e91cd01dd7b0b095edb,542,545,4,131b1262fa7ab7e9aace1dbeb94751d779f25a3d11ca9d4cd49ca535a64c9dd7,860682,شهادة زور -إدالء هبا أثناء نظر دعوى -طلب التعزير - إنكار شهادة الزور -تعلقها بتلك الدعوى -حمض طعن يف شهادة -وجوب إبدائه يف الدعوى -صدور حكم هنائي - عدم جواز إثارة النزاع فيه -رصف النظر.,,,34341951,1435/3/11,,احلمد هلل وحده وبعد ،فقد اطلعنا نحن قضاة الدائرة اجلزائية الثانية يف حمكمة,06a26c503451be297e5783012eb1c14dcd143b5d1440dbb93ebe64afa965256a,metadata_incomplete_pending_review
collector-1435-v12-p546-3580901,extracted/collector-judgments-pdf/collector-1435-v12-p546-3580901.pdf,moj-judgments-1435-volume-12.pdf,1818d073ee2db499a73dbfa814ffd2d7ac809490a1a41e91cd01dd7b0b095edb,546,550,5,d08b8666a010ceeb93a36d5d8d2932dd3fa4eb65265c02d700f3c19313ccf9c6,502587,حق عا م -رضب األم -تسبب يف إصابتها -تقرير طبي -سابقة مماثلة - عقوق - إنكار -بينة غري موصلة -عدم ثبوت اإلدانة -توجه الشبهة للقرائن -تعزير بالسجن واجللد -رد الدعوى.,,,3580901,,بمحكمة االستئناف بمنطقة عسري عىل املعاملة الواردة من فضيلة رئيس املحكمة اجلزائية,احلمد هلل وحده وبعد فقد اطلعنا نحن قضاة الدائرة الثانية لتدقيق القضايا اجلزائية,1f69e29d9229c84ffc19917bfd1c4c345e39135e0788401b6c9bb556b416769f,metadata_incomplete_pending_review
collector-1435-v12-p551-35118857,extracted/collector-judgments-pdf/collector-1435-v12-p551-35118857.pdf,moj-judgments-1435-volume-12.pdf,1818d073ee2db499a73dbfa814ffd2d7ac809490a1a41e91cd01dd7b0b095edb,551,554,4,ca9b7558ecbc8a536e1786399a9a68408fea14cf6b149e0a5112fc83a11bc375,523263,عقوق -حق خاص -رضب األم -تسبب يف إصابتها -إبالغ املدعي العام -إنكار - شهادة شاهد معدل رشعا -سبق اإلقرار حتقيقا -تعدد السوابق -إدانة -تعزير بالسجن,,,35118857,,بمحكمة االستئناف بمنطقة عسري عىل املعاملة الواردة من فضيلة رئيس املحكمة اجلزائية,احلمد هلل وحده ،وبعد فقد اطلعنا نحن قضاة الدائرة الثانية لتدقيق القضايا اجلزائية,4ec9e1321d97aa17237d4c23c622e96538a4d2e88e10c5cdec4131513db93a57,metadata_incomplete_pending_review
collector-1435-v12-p555-35120631,extracted/collector-judgments-pdf/collector-1435-v12-p555-35120631.pdf,moj-judgments-1435-volume-12.pdf,1818d073ee2db499a73dbfa814ffd2d7ac809490a1a41e91cd01dd7b0b095edb,555,559,5,57b8b3584a9fd86e141edc01387414c4e76d5f9eb9b3b29ddc570ad2a5c7af4f,856630,عقوق -حق عام -هتديد األم -تقرير طبي -مرض الفصام العقيل - تنازل عن احلق اخلاص -إنكار -رجوع األم عن شكواها -عدم ثبوت اإلدانة -رصف النظر.,,,35120631,,,الدائرة اجلزائية السابعة يف حمكمة االستئناف بمنطقة مكة املكرمة االطالع عىل املعاملة,043af196da6539d22eef114c7756605783d58461ae93b294a2fb79ede51e5290,metadata_incomplete_pending_review
collector-1435-v12-p560-35821,extracted/collector-judgments-pdf/collector-1435-v12-p560-35821.pdf,moj-judgments-1435-volume-12.pdf,1818d073ee2db499a73dbfa814ffd2d7ac809490a1a41e91cd01dd7b0b095edb,560,563,4,f1e5b0fd1199ca44ee63b11f099d124a7a2c4fe9a1bb668944589ad80c46279e,487326,تكرر املخالفة -إنكار صاحب املحل -دفع عمل وقت الصالة -عدم إغالق املحل - توجه الدعوى ضدهم - رد الدعوى.,,,35821,,,احلمد هلل وحده وبعد ،فقد اطلعنا نحن قضاة الدائرة اجلزائية األوىل بمحكمة,97ef30f7222040a0e0acdfef2379a91f61a214fd1bf3fbf7b2331e18d45e1d2d,metadata_incomplete_pending_review
collector-1435-v12-p564-3520058,extracted/collector-judgments-pdf/collector-1435-v12-p564-3520058.pdf,moj-judgments-1435-volume-12.pdf,1818d073ee2db499a73dbfa814ffd2d7ac809490a1a41e91cd01dd7b0b095edb,564,567,4,b82c6f792c1225096f0d13e24375188645c73301b8b22219b6098bee43435e7c,859533,عمل وقت الصالة -عدم إغالق املحل -تكرر املخالفة -إنكار -سبق أخذ التعهد - شهادة الفرقة القابضة -إدانة -تعزير بالسجن واجللد.,,,3520058,,بمحكمة االستئناف بمنطقة عسري عىل املعاملة الواردة من فضيلة رئيس املحكمة العامة,اطلعنا نحن قضاة الدائرة الثالثة لتدقيق القضايا اجلزائية احلمد هلل وحده وبعد ،فقد,4fea7a3bda88974f30420e29136c69cd4262e086698d2bbba346e151c84694eb,metadata_incomplete_pending_review
collector-1435-v12-p568-34511131,extracted/collector-judgments-pdf/collector-1435-v12-p568-34511131.pdf,moj-judgments-1435-volume-12.pdf,1818d073ee2db499a73dbfa814ffd2d7ac809490a1a41e91cd01dd7b0b095edb,568,571,4,1180e57a46973fa1e73938cd2a18641d05d275e1f9393dd294c5235dc8e8a950,486012,إفطار يف هنار رمضان -جماهرة بذلك -عدم العذر الرشعي -إنكار -عدم البينة -عدم ثبوت اإلدانة -رد الدعوى.,,,34511131,,,احلمد هلل وحده وبعد ..فقد اطلعنا نحن قضاة الدائرة اجلزائية الثانية يف حمكمة,de8dee5634c7c8b2498e7b17e40ca16c19b40e2f3fa02cbdb0e0d88bcbae1f40,metadata_incomplete_pending_review
collector-1435-v12-p572-34511495,extracted/collector-judgments-pdf/collector-1435-v12-p572-34511495.pdf,moj-judgments-1435-volume-12.pdf,1818d073ee2db499a73dbfa814ffd2d7ac809490a1a41e91cd01dd7b0b095edb,572,594,23,7b65c123461eccdfb13d5308dfad39ad97c1b62d78e49a1127a9133a73e79195,2109003,إفطار يف هنار رمضان -جماهرة بذلك -عدم العذر الرشعي -إقرار -إدانة -تعزير باجللد وأخذ التعهد.,,,34511495,1434/9/6,,احلمد هلل وحده وبعد فقد اطلعنا نحن قضاة الدائرة اجلزائية األوىل بمحكمة,c1e9bbe1bc7fe55de7ddef9627328488074cc0167b998c1d1eccc99fbea2c6c9,metadata_incomplete_pending_review
collector-1435-v13-p6-34512900,extracted/collector-judgments-pdf/collector-1435-v13-p6-34512900.pdf,moj-judgments-1435-volume-13.pdf,7ca16fb42e311f8a31c49df44df80cd019b4b243e8b20a4bae75fca334298c20,6,12,7,26d700fa3c6903d3753ce666d2bc3e63f1c19fb8ed02d83cd2241c5d85569e71,549654,مظاهرات -اشرتاك يف مسرية -إثارة الرأي العام -هتافات معادية للبالد -إنكار -دفع بتشييع جنائز -سبق اإلقرار حتقيق ا -تسجيل مرئي -إدانة -تعزير بالسجن -منع من,,,34512900,,,احلمد هلل وحده ،وبعد ..فقد اطلعنا نحن قضاة الدائرة اجلزائية الثانية يف حمكمة,71ac7a34b2624600b926ec8f8cee95ee70fde6722bbb32c0d6b77f32ec1826c5,metadata_incomplete_pending_review
collector-1435-v13-p13-35152374,extracted/collector-judgments-pdf/collector-1435-v13-p13-35152374.pdf,moj-judgments-1435-volume-13.pdf,7ca16fb42e311f8a31c49df44df80cd019b4b243e8b20a4bae75fca334298c20,13,18,6,f18b392b6c86ed30c2abd8c8f9e09010dbf0d724793f2a7074866b2e29f275a8,558417,مظاهرات -اشرتاك يف مسريات -ترديد هتافات مناوئة الدولة -قصد اإلخالل باألمن -إقرار باملشاركة -إنكار القصد -دفع بعدم ترديد اهلتافات -سبق اإلقرار حتقيق ا -إدانة -تعزير بالسجن -منع من السفر.,,,35152374,,,احلمد هلل وحده وبعد ..فقد اطلعنا نحن قضاة الدائرة اجلزائية الثانية يف حمكمة,e7e7394b2b673d751ce69b6e0187f3845a1fe24bf844617e7ae854053d099a89,metadata_incomplete_pending_review
collector-1435-v13-p19-35157854,extracted/collector-judgments-pdf/collector-1435-v13-p19-35157854.pdf,moj-judgments-1435-volume-13.pdf,7ca16fb42e311f8a31c49df44df80cd019b4b243e8b20a4bae75fca334298c20,19,24,6,b05630c5e6f1f8b051bd4902a2071fd5bcc2cd27838e6cadcf8974ea86d3ef9f,534524,مظاهرات -اشرتاك يف مسريات والتنسيق هلا -ترديد هتافات مناوئة الدولة -قصد اإلخالل باألمن -إقرار -إدانة -تعزير بالسجن واجللد.,,,35157854,,,االستئناف بالدائرة اجلزائية األوىل برقم 35233187وتاريخ 1435/5/5ه واملتضمن,f0df77afce720d3cf8e671eeebe7f2e0a6dd22315bb1b901a33afcdbff408c78,metadata_incomplete_pending_review
collector-1435-v13-p25-34550256,extracted/collector-judgments-pdf/collector-1435-v13-p25-34550256.pdf,moj-judgments-1435-volume-13.pdf,7ca16fb42e311f8a31c49df44df80cd019b4b243e8b20a4bae75fca334298c20,25,28,4,fb545208f87c22204298668efad187d125d1a9a88050ac6c76b23bd6945cd1b0,494554,مظاهرات -دعوى ضد حدث -مشاركة يف التجمهر - قصد تأليب الرأي العام -تلفظ عىل رجال األمن -إقرار -إدانة -تعزير بالسجن وأخذ التعهد -وقف تنفيذ العقوبة.,,,34550256,,بمحكمة االستئناف بمنطقة القصيم عىل املعاملة الواردة من فضيلة رئيس املحكمة اجلزائية,احلمد هلل وحده ،وبعد ..فقد اطلعنا نحن قضاة الدائرة األوىل لتدقيق القضايا اجلزائية,046e1a9e061c46073f1543e1083864a92d8c9ae544eb2f1369f2b2a30aa91f8c,metadata_incomplete_pending_review
collector-1435-v13-p29-34557868,extracted/collector-judgments-pdf/collector-1435-v13-p29-34557868.pdf,moj-judgments-1435-volume-13.pdf,7ca16fb42e311f8a31c49df44df80cd019b4b243e8b20a4bae75fca334298c20,29,36,8,cae1748867a822c97221f8fb6939269c41a7306b2d05c19982adc87cf21ee96e,506429,مظاهرات -تكرر املشاركة يف التجمهر - قصد تأليب الرأي العام -مقاومة رجال األمن -اهلروب منهم - استجابة لدعوات مغرضة -إقرار -دفع بمراجعة جهة حكومية - إدانة -تعزير بالسجن وأخذ التعهد.,,,34557868,,بمحكمة االستئناف بمنطقة القصيم عىل املعاملة الواردة من فضيلة رئيس املحكمة,احلمد هلل وحده ،وبعد ..فقد اطلعنا نحن قضاة الدائرة األوىل لتدقيق القضايا اجلزائية,3c18f3542ec9f8c90ba9493a776b632f872be54024712aa01ea4d01af9db08b4,metadata_incomplete_pending_review
collector-1435-v13-p37-35149736,extracted/collector-judgments-pdf/collector-1435-v13-p37-35149736.pdf,moj-judgments-1435-volume-13.pdf,7ca16fb42e311f8a31c49df44df80cd019b4b243e8b20a4bae75fca334298c20,37,41,5,8c59fb7a17e5a5dd989c41dc8f80e070eb4d960b2f1ec6f08af1d10bb6571871,861424,مظاهرات -دعوى ضد حدث -اشرتاك يف كتابة الفتة -رفعها عىل زجاج سيارة - قصد تأليب الرأي العام -إقرار -إدانة -تعزير بالسجن -وقف التنفيذ املرشوط.,,,35149736,,بمحكمة االستئناف بمنطقة القصيم عىل املعاملة الواردة من فضيلة رئيس املحكمة اجلزائية,اطلعنا نحن قضاة الدائرة الثانية لتدقيق القضايا اجلزائيةاحلمد هلل وحده ،وبعد ..فقد,1677eb32a006c006c7f0bc6ce1d1e89161888a3cff3db762bdd7bdc4885cd2c4,metadata_incomplete_pending_review
collector-1435-v13-p42-34159840,extracted/collector-judgments-pdf/collector-1435-v13-p42-34159840.pdf,moj-judgments-1435-volume-13.pdf,7ca16fb42e311f8a31c49df44df80cd019b4b243e8b20a4bae75fca334298c20,42,45,4,03793ed2e2583918bc9a860ef252d6db6ad7f777b92d0f91183b681a5802eb53,490821,اجتار بالبرش -استغالل الزوجة واألوالد -امتهان التسول -إنكار -عدم ثبوت اإلدانة - توجه التهمة للقرائن -تعزير بالسجن.,,,34159840,,بمحكمة االستئناف باجلوف عىل املعاملة الواردة من فضيلة رئيس املحكمة اجلزائية بسكاكا,احلمد هلل وحده وبعد ،فقد اطلعنا نحن قضاة الدائرة الثانية لتمييز القضايا اجلزائية,e327bcfe501b18512eb8571f66638cbcd0fdbb9773a7eedc169909792a586050,metadata_incomplete_pending_review
collector-1435-v13-p46-34296922,extracted/collector-judgments-pdf/collector-1435-v13-p46-34296922.pdf,moj-judgments-1435-volume-13.pdf,7ca16fb42e311f8a31c49df44df80cd019b4b243e8b20a4bae75fca334298c20,46,49,4,78430af431301e2398234de831ef3eae161902e92a4f61939e8982b4934d4195,496305,اجتار بالبرش -إيواء امرأة -قصد االستغالل اجلنيس -إقامة عالقة حمرمة -إقرار بالعالقة املحرمة -إنكار قصد االستغالل -عدم ثبوته -توجه التهمة به -إدانة بإقامة عالقة حمرمة -تعزير بالسجن واجللد.,,,34296922,,,احلمد هلل وحده وبعد ،فقد اطلعنا نحن قضاة الدائرة اجلزائية الثانية يف حمكمة,93ef577bcf93446ada507759d3aa423728bdfb18ee00393f58606d080f29dbda,metadata_incomplete_pending_review
collector-1435-v13-p50-34437444,extracted/collector-judgments-pdf/collector-1435-v13-p50-34437444.pdf,moj-judgments-1435-volume-13.pdf,7ca16fb42e311f8a31c49df44df80cd019b4b243e8b20a4bae75fca334298c20,50,59,10,c11187b5189993d65a12db6372ec944383ee4f0c7ad5db1966befd6da6ee3bf8,944215,اجتار بالبرش -إيواء بعض النساء - استغالهلن للعمل خادمات -إنكار -عدم البينة املوصلة -األصل براءة الذمة -رد الدعوى.,,,34437444,1434/10/14,بمحكمة االستئناف بمنطقة عسري عىل املعاملة الواردة من فضيلة رئيس املحكمة اجلزائية,احلمد هلل وحده وبعد ،فقد اطلعنا نحن قضاة الدائرة الثالثة لتدقيق القضايا اجلزائية,97b7eaf6684ce4f6fedcf29a732f78ea074bea9f4f0fe0ff1d0553b52f8f59da,metadata_incomplete_pending_review
collector-1435-v13-p60-35165173,extracted/collector-judgments-pdf/collector-1435-v13-p60-35165173.pdf,moj-judgments-1435-volume-13.pdf,7ca16fb42e311f8a31c49df44df80cd019b4b243e8b20a4bae75fca334298c20,60,64,5,4942f3c02d49131ac5a44050f3bdd46c3c491d08ca8ed49a731ade4b9fd62e24,493645,إزعاج السلطات -تقديم بالغ كاذب -تعرض إلطالق نار -دفع بصحة البالغ -قرائن عىل كذبه -عدم ثبوت اإلدانة -توجه التهمة -تعزير باجللد وأخذ التعهد.,,,35165173,,بمحكمة االستئناف بمنطقة عسري عىل املعاملة الواردة من فضيلة القايض القائم بعمل,احلمد هلل وحده وبعد ،فقد اطلعنا نحن قضاة الدائرة الثانية لتدقيق القضايا اجلزائية,747b86e2be89497a3f172420d723d18c912e246ef80825a0dd2e33d8044b477f,metadata_incomplete_pending_review
collector-1435-v13-p65-35178735,extracted/collector-judgments-pdf/collector-1435-v13-p65-35178735.pdf,moj-judgments-1435-volume-13.pdf,7ca16fb42e311f8a31c49df44df80cd019b4b243e8b20a4bae75fca334298c20,65,68,4,5ff648b0c436b73aa337bfe488e53848ea38ecd2448ecaf2a1099bb647670a18,491412,إزعاج السلطات -بالغ كاذب -تعرض للخطف والرسقة -دفع بصحة البالغ -سبق اإلقرار حتقيقا -دفع باإلكراه عليه -عدم ثبوت اإلدانة -توجه التهمة -تعزير بالسجن وأخذ التعهد عليه.,,,35178735,,,احلمد هلل وحده وبعد ،فقد اطلعنا نحن قضاة الدائرة اجلزائية الثانية يف حمكمة,2702b5e02cfbf8fdc36aefba2a20deb3f16f6f178ae25282da11789933d9ca8b,metadata_incomplete_pending_review
collector-1435-v13-p69-3530659,extracted/collector-judgments-pdf/collector-1435-v13-p69-3530659.pdf,moj-judgments-1435-volume-13.pdf,7ca16fb42e311f8a31c49df44df80cd019b4b243e8b20a4bae75fca334298c20,69,75,7,ecbfd2a31bde5c2bb59bf4827d759084df4c74f68855dcad213ce47206831375,1184381,إزعاج السلطات -تقديم شكوى كاذبة -سوابق مماثلة -دفع بصحة الشكوى -خلوها من بينات -ظروف مشددة -إدانة -تعزير بالسجن واجللد.,,,3530659,,بمحكمة االستئناف بمنطقة عسري عىل املعاملة الواردة من فضيلة رئيس املحكمة اجلزائية,احلمد هلل وحده وبعد ،فقد اطلعنا نحن قضاة الدائرة الثانية لتدقيق القضايا اجلزائية,fd74b598c968524c14aeaf664610109ec4d3684d842550cf3b87c17c3432620d,metadata_incomplete_pending_review
collector-1435-v13-p76-3511243,extracted/collector-judgments-pdf/collector-1435-v13-p76-3511243.pdf,moj-judgments-1435-volume-13.pdf,7ca16fb42e311f8a31c49df44df80cd019b4b243e8b20a4bae75fca334298c20,76,79,4,7c550a71581cc8d40dad218521910fb6e3df2adc85d47c6824cd21f6eb17afe5,500758,تسرت عىل الغري -خادمة -رسقتها لكفيلها -تسبب يف هتريبها -إنكار -كشف اتصاالت متبادلة -بينة غري موصلة -عدم ثبوت اإلدانة -توجه الشبهة للقرائن -تعزير بالسجن,,,3511243,,,احلمد هلل وحده وبعد ،فقد اطلعنا نحن قضاة الدائرة اجلزائية األوىل بمحكمة,248a29b857ab41d361368f09c930aacb825bea9e78c8ce763db6247315f8e42b,metadata_incomplete_pending_review
collector-1435-v13-p80-3516847,extracted/collector-judgments-pdf/collector-1435-v13-p80-3516847.pdf,moj-judgments-1435-volume-13.pdf,7ca16fb42e311f8a31c49df44df80cd019b4b243e8b20a4bae75fca334298c20,80,85,6,657db7387b71567d74749f95702972aa37be4fb708bedad7f1a163eb9138e9a5,498075,تسرت عىل الغري -انتحال شخصية اجلاين -تضليل اجلهات األمنية -إنكار -سبق اإلقرار حتقيق ا -حمرض تعرف -توجه التهمة -تعزير بالسجن واجللد.,,,3516847,,بمحكمة االستئناف بمنطقة القصيم عىل املعاملة الواردة من فضيلة رئيس املحكمة العامة,احلمد هلل وحده وبعد ،فقد اطلعنا نحن قضاة الدائرة الثانية لتدقيق القضايا اجلزائية,80de6ce6510f798e6b0dbe23d9d723c0bf7fe02021d66a9d0220d0c4db489b8f,metadata_incomplete_pending_review
collector-1435-v13-p86-3528793,extracted/collector-judgments-pdf/collector-1435-v13-p86-3528793.pdf,moj-judgments-1435-volume-13.pdf,7ca16fb42e311f8a31c49df44df80cd019b4b243e8b20a4bae75fca334298c20,86,88,3,6dc7e5127bf61654e9878c8f3518736ae8dcb295e40865e419e64c55c578a737,487745,تسرت عىل الغري -حق خاص -تعرض إلطالق نار -إنكار التسرت -عدم البينة -يمني النفي -عدم ثبوت اإلدانة -رد الدعوى.,,,3528793,1435/01/14,,احلمد هلل وحده وبعد ،فقد اطلعنا نحن قضاة الدائرة اجلزائية األوىل يف حمكمة,bc986433122099022787863617ec92e5d89c560562245ea8e7b31b189f725205,metadata_incomplete_pending_review
collector-1435-v13-p89-35102126,extracted/collector-judgments-pdf/collector-1435-v13-p89-35102126.pdf,moj-judgments-1435-volume-13.pdf,7ca16fb42e311f8a31c49df44df80cd019b4b243e8b20a4bae75fca334298c20,89,96,8,c7033cc77d1d5182de52369ed7164322ce92f46d899120edc47292f49504f1b8,504469,تسرت عىل الغري -قاتل -عدم التعاون مع اجلهات األمنية -إنكار -تقارير التحري -تتبع اهلاتف اجلوال -بينة غري موصلة -عدم ثبوت اإلدانة -توجه التهمة -ظروف مشددة -,,,35102126,,بمحكمة االستئناف بمنطقة عسري عىل املعاملة الواردة من فضيلة رئيس املحكمة اجلزائية,احلمد هلل وحده وبعد ،فقد اطلعنا نحن قضاة الدائرة الثالثة لتدقيق القضايا اجلزائية,1121c9113bca875a8ca831d1a11c7b2175b4344ba0fb6ddaf30a407603e61417,metadata_incomplete_pending_review
collector-1435-v13-p97-35256149,extracted/collector-judgments-pdf/collector-1435-v13-p97-35256149.pdf,moj-judgments-1435-volume-13.pdf,7ca16fb42e311f8a31c49df44df80cd019b4b243e8b20a4bae75fca334298c20,97,103,7,12654450e1c13c711fa3c70dff825a99730452f3ef23a0d6d4e273c26b0a5b97,1190454,تسرت عىل الغري -إيواء جناة والتسرت عليهم - إقرار -إدانة -تعدد السوابق -تعزير بالسجن واجللد.,,,35256149,,بمحكمة االستئناف بمنطقة عسري عىل املعاملة الواردة من فضيلة رئيس املحكمة اجلزائية,احلمد هلل وحده وبعد ،فقد اطلعنا نحن قضاة الدائرة الثالثة لتدقيق القضايا اجلزائية,6f7b5e2e7cd361c05e49cd5b83973d70b35cbe62e6981ce659aea0497b4aba42,metadata_incomplete_pending_review
collector-1435-v13-p104-355709,extracted/collector-judgments-pdf/collector-1435-v13-p104-355709.pdf,moj-judgments-1435-volume-13.pdf,7ca16fb42e311f8a31c49df44df80cd019b4b243e8b20a4bae75fca334298c20,104,107,4,d2ebdb89c963c1e63c199627a55de44e0ebf3385c88a7f3eb7d462b219308aff,491543,انتحال صفة -رجل أمن -رسقة مبلغ مايل -دعوى ضد حدث -إنكار -شهادة لدى جهة التحقيق -رجوع الشهود عنها -عدم ثبوت اإلدانة -رصف النظر.,,,355709,,بمحكمة االستئناف بمنطقة اجلوف عىل املعاملة الواردة من فضيلة رئيس املحكمة,احلمد هلل وحده وبعد ..فقد اطلعنا نحن قضاة الدائرة الثانية لتمييز القضايا اجلزائية,abcc3782146e12ebabf6f7d19525bd9333cc7def7f294eeea82859f1560f42c9,metadata_incomplete_pending_review
collector-1435-v13-p108-356346,extracted/collector-judgments-pdf/collector-1435-v13-p108-356346.pdf,moj-judgments-1435-volume-13.pdf,7ca16fb42e311f8a31c49df44df80cd019b4b243e8b20a4bae75fca334298c20,108,111,4,6159b4221c0c8d50212ddf5d0a062c06175e78f2e549b843df0d89ed2e068346,867181,انتحال شخصية الغري -موظف عسكري -انتحاله شخصية أخيه -قصد السفر دون إذن مرجعه -إقرار -إدانة -تعزير بالسجن.,,,356346,,,احلمد هلل وحده وبعد ،فقد اطلعنا نحن قضاة الدائرة اجلزائية الثانية يف حمكمة,14a056f0d87edd495be4612bad81031659291efe81265f8075e6b68c393efff4,metadata_incomplete_pending_review
collector-1435-v13-p112-34465574,extracted/collector-judgments-pdf/collector-1435-v13-p112-34465574.pdf,moj-judgments-1435-volume-13.pdf,7ca16fb42e311f8a31c49df44df80cd019b4b243e8b20a4bae75fca334298c20,112,114,3,92fcc0699861b38755edd7240d70df7b2a2392f22f240cd39abef12c2da8ad0c,499014,إيذاء الغري -اهتام بالرسقة -إنكار -عدم البينة -رصف النظر. قول النبي صىل اهلل عليه وسلم“ :البينة عىل املدعي واليمني عىل من أنكر”.,,,34465574,1434/10/21,بمحكمة االستئناف بمنطقة عسري عىل املعاملة الواردة من فضيلة رئيس املحكمة العامة,احلمد هلل وحده وبعد ،فقد اطلعنا نحن قضاة الدائرة األوىل لتدقيق القضايا اجلزائية,79e1e105fdcab22d70f33e16fd3cb7694696edaa4178eb2a1a2c319120346cbc,metadata_incomplete_pending_review
collector-1435-v13-p115-34409758,extracted/collector-judgments-pdf/collector-1435-v13-p115-34409758.pdf,moj-judgments-1435-volume-13.pdf,7ca16fb42e311f8a31c49df44df80cd019b4b243e8b20a4bae75fca334298c20,115,117,3,d7ae4ea9d27b10e561f91aaa7209b5a0e39e5ec25ff318f3a6d29916326f1783,493981,إيذاء الغري -رسالة جوال -اهتام بالرسقة -إقرار -دفع بصحة االهتام -عدم البينة عليه -يمني املدعي عىل نفيه -إدانة -تعزير بالسجن واجللد.,,,34409758,,,يف 1435/03/14ه ،فقد جرى م نا نحن رئيس وأعضاء الدائرة اجلزائية الثانية يف,74c37b712cc77af7b9fb65fe9f39ba9c916a80c2280cb5d120d696a29850797a,metadata_incomplete_pending_review
collector-1435-v13-p118-34340717,extracted/collector-judgments-pdf/collector-1435-v13-p118-34340717.pdf,moj-judgments-1435-volume-13.pdf,7ca16fb42e311f8a31c49df44df80cd019b4b243e8b20a4bae75fca334298c20,118,120,3,7ebbddaf6816a2ab5b1105bba4b4a1796437afb07269fa02838c33173433bce4,493222,إيذاء الغري -اهتام بالتزوير والرشوة -إقرار -عدم البينة عىل االهتام -تعزير باجللد. ما جاء يف كشاف القناع ( “ :)126/14وإذا ظهر كذب املدعي يف دعواه بام يؤذي به املدعى عليه عزر لكذبه وأذاه للمدعى عليه “.,,,34340717,1434/07/23,بمحكمة االستئناف بمنطقة عسري عىل املعاملة الواردة من فضيلة رئيس املحكمة العامة,احلمد هلل وحده وبعد ،فقد اطلعنا نحن قضاة الدائرة األوىل لتدقيق القضايا اجلزائية,b20bb6b89221cbce189e377d5e0b836dd2a4e105c37ad2fde7bca724a8b6c8c3,reference_collision_pending_review
collector-1435-v13-p121-35272540,extracted/collector-judgments-pdf/collector-1435-v13-p121-35272540.pdf,moj-judgments-1435-volume-13.pdf,7ca16fb42e311f8a31c49df44df80cd019b4b243e8b20a4bae75fca334298c20,121,123,3,f7f8864116025419abccf8bd39266e5233950ab1cf349b712226033b54f94a73,492482,إيذاء الغري -اهتام بالتزوير - إنكار -عدم البينة -يمني النفي -رد الدعوى. - 1قول النبي صىل اهلل عليه وسلم“ :لو يعطى الناس بدعواهم الدعى ناس دماء رجال وأمواهلم ،ولكن اليمني عىل املدعى عليه”.,,,35272540,1435/05/09,,احلمد هلل والصالة والسالم عىل رسول اهلل وبعد ،فنحن رئيس وقضاة الدائرة اجلزائية,305713e6aa34c3360c50d78e606b25b05a5e3779fa746b5ac431866ce64645c2,metadata_incomplete_pending_review
collector-1435-v13-p124-34424199,extracted/collector-judgments-pdf/collector-1435-v13-p124-34424199.pdf,moj-judgments-1435-volume-13.pdf,7ca16fb42e311f8a31c49df44df80cd019b4b243e8b20a4bae75fca334298c20,124,128,5,98f63b498651808ee81c0820039f868b14861baf58fd649ac6095539f967eda3,498340,إيذاء الغري -شهادة زور -إقرار بالشهادة -دفع بصحتها -عدم البينة عىل كذهبا -,,,34424199,,,1435/6/20ه ،فقد جرى منا نحن رئيس وأعضاء الدائرة اجلزائية الثانية بمحكمة,45c91fb598a4ca7837aac9bf87fd929d679f99b794a08492fdc00f744356b0ac,metadata_incomplete_pending_review
collector-1435-v13-p129-34521080,extracted/collector-judgments-pdf/collector-1435-v13-p129-34521080.pdf,moj-judgments-1435-volume-13.pdf,7ca16fb42e311f8a31c49df44df80cd019b4b243e8b20a4bae75fca334298c20,129,132,4,dd65fd1780a3485c1c228a30d674a970e0f009109b12b5e03e60416ea24ad035,490645,إيذاء الغري -تشويه سمعة -اهتام بتغييب فتاة -إقرار -دفع بوجود سبب معترب -عدم التشهري -رصف النظر.,,,34521080,1435/01/22,,احلمد هلل وحده وبعد ،فقد اطلعنا نحن قضاة الدائرة اجلزائية الثانية يف حمكمة,d7b0bbc37fd0f7e08ba1ba09e4ad67312c8a939b572de9cf1ed701db38f36c3e,metadata_incomplete_pending_review
collector-1435-v13-p133-3461589,extracted/collector-judgments-pdf/collector-1435-v13-p133-3461589.pdf,moj-judgments-1435-volume-13.pdf,7ca16fb42e311f8a31c49df44df80cd019b4b243e8b20a4bae75fca334298c20,133,142,10,40935905a139e651d43eae9ce3eec7ffb4aa90c070a141b102265ee638a992c5,513095,إيذاء الغري -تشويه سمعة -اهتام بإقامة عالقات حمرمة -إنكار -شهادة شهود -إدانة - تعزير باجللد وأخذ التعهد.,,,3461589,,,الدائرة اجلزائية السابعة يف حمكمة االستئناف بمنطقة مكة املكرمة االطالع عىل املعاملة,ac7c438a6f427b8d0bfc20bb78ade7f563cf91be8cad8fa2865f905a43749113,metadata_incomplete_pending_review
collector-1435-v13-p143-3591884,extracted/collector-judgments-pdf/collector-1435-v13-p143-3591884.pdf,moj-judgments-1435-volume-13.pdf,7ca16fb42e311f8a31c49df44df80cd019b4b243e8b20a4bae75fca334298c20,143,146,4,32ece30968af3a52fb0bae9c68288f7faeea874f102b4b6a0531a481af413c4c,491098,إيذاء الغري -اهتام كاذب -تشهري -إقرار باالهتام -دفع بصدوره يف جملس القضاء - إنكار التشهري -عدم البينة عليه -يمني عىل نفيه -رصف النظر.,,,3591884,,,35316960وتاريخ 1435/05/29ه ،فقد جرى منا نحن رئيس وأعضاء الدائرة,f6570d5c4e2b71202290824d5238bcba162d2e48d9ac4961c86dded5e313b891,metadata_incomplete_pending_review
collector-1435-v13-p147-3531338,extracted/collector-judgments-pdf/collector-1435-v13-p147-3531338.pdf,moj-judgments-1435-volume-13.pdf,7ca16fb42e311f8a31c49df44df80cd019b4b243e8b20a4bae75fca334298c20,147,149,3,8dd7c10e997e103868eaecfc468c913305bbc599a0b91bb0e086f8814844e42e,488268,إيذاء الغري -نسخ مستندات خاصة سبق تقديمها إىل جهة حكومية -إقرار -أخذها بطريق غري مرشوع -املسؤولية يف حفظ املستندات --رصف النظر.,,,3531338,,,1435/7/1ه ،فقد جرى منا نحن قضاة الدائرة اجلزائية األوىل االطالع عىل الصك,0b4e0368d3f84ee98f7f14d61197e18163c761977d7a482d1e047f62591298d2,metadata_incomplete_pending_review
collector-1435-v13-p150-35373673,extracted/collector-judgments-pdf/collector-1435-v13-p150-35373673.pdf,moj-judgments-1435-volume-13.pdf,7ca16fb42e311f8a31c49df44df80cd019b4b243e8b20a4bae75fca334298c20,150,153,4,5f468abf9267df1bc1923636093768c8839943b40b373e22b0ce686c324f73fa,497354,إيذاء الغري -حق عام -إساءة سمعة -هجاء وسب بقصيدة شعرية -نرشها بقصد التشهري -إقرار - إدانة -تعزير بالسجن وأخذ التعهد.,,,35373673,,بمحكمة االستئناف بمنطقة اجلوف عىل املعاملة الواردة من فضيلة رئيس املحكمة العامة,احلمد هلل وحده وبعد ،فقد اطلعنا نحن قضاة الدائرة األوىل لتمييز القضايا اجلزائية,61e3681476eaae4e9c8f9c01c95519e9bf0c53ffd95647f1b65ec5c36ec1ab62,metadata_incomplete_pending_review
collector-1435-v13-p154-3418548,extracted/collector-judgments-pdf/collector-1435-v13-p154-3418548.pdf,moj-judgments-1435-volume-13.pdf,7ca16fb42e311f8a31c49df44df80cd019b4b243e8b20a4bae75fca334298c20,154,160,7,909320015c24f9d877ffa16e10222dcb42e5bd0c6d26df133c1a5b26a7b06ebd,502020,إيذاء الغري -تشهري -إعالن يف صحيفة -رسائل جوال -إنكار قصد التشهري -دفع بقصد إخالء املسؤولية -عدم توافر املسؤولية اجلنائية -إلزام بنرش اعتذار مكتوب.,,,3418548,,,الدائرة اجلزائية الثانية يف حمكمة االستئناف بمنطقة مكة املكرمة االطالع عىل املعاملة,ef4f87eaf7d094c0f66010a0f51aea255f966ecd5a54c13b7436f92b45ddfe76,metadata_incomplete_pending_review
collector-1435-v13-p161-34359951,extracted/collector-judgments-pdf/collector-1435-v13-p161-34359951.pdf,moj-judgments-1435-volume-13.pdf,7ca16fb42e311f8a31c49df44df80cd019b4b243e8b20a4bae75fca334298c20,161,165,5,8f229a1bcea9861167ac5a81bb05d0bdf765de3e80b0fd709cbe445cbbf2d5cf,495715,إيذاء الغري -حق عام -رسائل جوال -هتديد بتشويه سمعة -دفع بإرسال رسائل نصح -شهادة شهود -بينة غري موصلة -عدم ثبوت اإلدانة -توجه التهمة -تعزير بالسجن واجللد.,,,34359951,,,1435/7/13ه ،فقد جرى منا نحن قضاة الدائرة اجلزائية األوىل االطالع عىل القرار,22ef59f784a32e43dfd827985274779e17ef6c74a2516003e05b83792adcf41f,metadata_incomplete_pending_review
collector-1435-v13-p166-34467326,extracted/collector-judgments-pdf/collector-1435-v13-p166-34467326.pdf,moj-judgments-1435-volume-13.pdf,7ca16fb42e311f8a31c49df44df80cd019b4b243e8b20a4bae75fca334298c20,166,168,3,5f161ffd8233f3caa1e774a8b8fca60260949a029f945ae51c901d21c80d264b,491161,إيذاء الغري -تشهري -إساءة سمعة -إنكار -دفع بطبيعة العمل -عدم الترصيح باسم املدعي -رد الدعوى.,,,34467326,1434/10/21,,احلمد هلل وحده وبعد ،فقد اطلعنا نحن قضاة الدائرة اجلزائية الثانية يف حمكمة,1b332b3a7f92ffca5cea49e51ce654aed834b10d5fdbca3eef52946dd7ad2766,metadata_incomplete_pending_review
collector-1435-v13-p169-34135023,extracted/collector-judgments-pdf/collector-1435-v13-p169-34135023.pdf,moj-judgments-1435-volume-13.pdf,7ca16fb42e311f8a31c49df44df80cd019b4b243e8b20a4bae75fca334298c20,169,172,4,ccc818fe4724733e86add6cecc59b8e5e95877a6a065fa188da947be2a00f7fb,495967,إيذاء الغري -حق عام -هتديد -جواب غري مالق -ظهور أعراض مرض عقيل - تقرير طبي -إعفاء من املسؤولية اجلنائية -عدم ثبوت اإلدانة -رد الدعوى .,,,34135023,,قضاة الدائرة اجلزائية اخلامسة بمحكمة االستئناف يف منطقة مكة املكرمة االطالع عىل,قضاة الدائرة اجلزائية اخلامسة بمحكمة االستئناف يف منطقة مكة املكرمة االطالع عىل,9f40b6bb3f0c02382d3335eb71cea62ba7b0364bb1164d435e5a1767d64eed0a,metadata_incomplete_pending_review
collector-1435-v13-p173-34191595,extracted/collector-judgments-pdf/collector-1435-v13-p173-34191595.pdf,moj-judgments-1435-volume-13.pdf,7ca16fb42e311f8a31c49df44df80cd019b4b243e8b20a4bae75fca334298c20,173,176,4,47cc9192d5f84e231f7c8e8943de1e2c3e21a26905e4027041b26f1555b0200c,495031,إيذاء الغري -هتديد بالقتل -إدانة -تعزير بالسجن وأخذ التعهد. قول النبي صىل اهلل عليه وسلم“ :املسلم من سلم املسلمون من لسانه ويده”.,,,34191595,1434/04/27,,الدائرة اجلزائية األوىل يف حمكمة االستئناف بمنطقة مكة املكرمة االطالع عىل املعاملة الواردة,b91212a649dfcf9d7cb764ee42eb9f4b8f9a6a0a0d427ad041fdc44493641616,metadata_incomplete_pending_review
collector-1435-v13-p177-3525820,extracted/collector-judgments-pdf/collector-1435-v13-p177-3525820.pdf,moj-judgments-1435-volume-13.pdf,7ca16fb42e311f8a31c49df44df80cd019b4b243e8b20a4bae75fca334298c20,177,180,4,6c44ff2f30f714032f89fcb756babc444d41c4e8054e2a80f3756703bba108cf,490250,إيذاء الغري -رمي نفايات أمام املنزل -إقرار -دفع بعدم ابتداء اإليذاء -عدم البينة عليه -يمني النفي -عدم ثبوت الدفع -إدانة -تعزير باجللد وأخذ التعهد.,,,3525820,,بمحكمة االستئناف بمنطقة عسري عىل املعاملة الواردة من فضيلة رئيس املحكمة اجلزائية,احلمد هلل وحده وبعد ،فقد اطلعنا نحن قضاة الدائرة األوىل لتدقيق القضايا اجلزائية,452932c07ec4fde461a95a3e35286293df2881f2f31c85a7f3c7f46ab09fd068,metadata_incomplete_pending_review
collector-1435-v13-p181-3595410,extracted/collector-judgments-pdf/collector-1435-v13-p181-3595410.pdf,moj-judgments-1435-volume-13.pdf,7ca16fb42e311f8a31c49df44df80cd019b4b243e8b20a4bae75fca334298c20,181,187,7,bf5235a83bafe039a744d926b4aaa5f0311eeb02e2da06f6221c50e1c5bb6021,503563,إيذاء الغري -تلفظ وهتديد -إنكار -عدم البينة -يمني النفي -إيذاء أشخاص آخرين - عدم الصفة يف املطالبة بحقهم - رد الدعوى -أخذ التعهد.,,,3595410,,بمحكمة االستئناف بمنطقة عسري عىل املعاملة الواردة من فضيلة رئيس املحكمة العامة,رئيسها رقم 35415166يف 1435/6/13ه واملرفق به قرار الدائرة اجلزائية الثالثة رقم,35407b0dda20103536cd787445971967b9ef87882b2c063ae4490d2f0f560c82,metadata_incomplete_pending_review
collector-1435-v13-p188-3435426,extracted/collector-judgments-pdf/collector-1435-v13-p188-3435426.pdf,moj-judgments-1435-volume-13.pdf,7ca16fb42e311f8a31c49df44df80cd019b4b243e8b20a4bae75fca334298c20,188,196,9,9c4368ec2746107e22058f0dac7f19fa2d24879e79b6f6536058c29b53c0ec72,514057,إيذاء الغري -حق عام وخاص -تعرض المرأة أجنبية وترويعها -سبها وقذفها برسائل جوال -تعدد السوابق -إقرار -دفع باملرض النفيس -تقرير طبي -عدم انتفاء املسؤولية - إدانة للحق العام -تعزير بالسجن واجللد وأخذ التعهد -شطب دعوى احلق اخلاص.,,,3435426,,,فقد جرى م نا نحن رئيس وأعضاء الدائرة اجلزائية الثانية يف حمكمة االستئناف بمنطقة املدينة,57563f09a314e8643b07ede30ab85e50d57d5d96fff4922e40ea01db7ff9cb5b,metadata_incomplete_pending_review
collector-1435-v13-p197-3539498,extracted/collector-judgments-pdf/collector-1435-v13-p197-3539498.pdf,moj-judgments-1435-volume-13.pdf,7ca16fb42e311f8a31c49df44df80cd019b4b243e8b20a4bae75fca334298c20,197,199,3,06863ffc5a85ad3acd5a9296f3af96dbf058420b4751e0e44a16cc57db472461,487885,إيذاء الغري -مضايقة جار ورضب أبنائه -إقرار بالرضب -إنكار املضايقة -عدم البينة عليها -يمني النفي -إدانة بالرضب -رصف النظر عام عداه -تعزير باجللد.,,,3539498,,,فقد جرى منا نحن قضاة الدائرة اجلزائية األوىل االطالع عىل احلكم,9268cb6be42b05332673343db8b3113dc1ea131b3ab7063dd7ef13b93bf3fd76,metadata_incomplete_pending_review
collector-1435-v13-p200-34519392,extracted/collector-judgments-pdf/collector-1435-v13-p200-34519392.pdf,moj-judgments-1435-volume-13.pdf,7ca16fb42e311f8a31c49df44df80cd019b4b243e8b20a4bae75fca334298c20,200,200,1,57618e45d1e9dd7213c143d0e3f7c91d7d3d6d414ea86509e9332e7a610b0cbb,390283,إيذاء الغري -حرق سيارة -هتديد -إنكار -عدم البينة -يمني النفي -عدم ثبوت اإلدانة -رد الدعوى.,,,34519392,,,,f44d0aae795203be0b7b23e00b22e07c0d4b6c6d2fbd1759d7339d75fb353e3f,metadata_incomplete_pending_review
collector-1435-v13-p203-35260665,extracted/collector-judgments-pdf/collector-1435-v13-p203-35260665.pdf,moj-judgments-1435-volume-13.pdf,7ca16fb42e311f8a31c49df44df80cd019b4b243e8b20a4bae75fca334298c20,203,205,3,ea6d070d07d14ac498a59ba1759c548c5b82ac0908165dac45a03a207d7084eb,493779,إيذاء الغري -حق عام -إقرار -دفع بقصد املعاتبة -إدانة -تعزير بالغرامة والتعهد . القاعدة الفقهية“ :ال عذر ملن أقر”.,,,35260665,1435/05/03,,احلمد هلل والصالة والسالم عىل رسول اهلل وبعد ،فنحن رئيس وقضاة الدائرة اجلزائية,67fadc435643ea0127d81ae42f2199449b3e29d85b5661419301e5e8e2019fdb,metadata_incomplete_pending_review
collector-1435-v13-p206-34147155,extracted/collector-judgments-pdf/collector-1435-v13-p206-34147155.pdf,moj-judgments-1435-volume-13.pdf,7ca16fb42e311f8a31c49df44df80cd019b4b243e8b20a4bae75fca334298c20,206,209,4,3b0019cc42336589d1ad93dd188de84de7027e75a9e6771acd68afacf42f303e,491357,إيذاء الغري -حتريض عىل اإليذاء واإلزعاج -إنكار -شهادة شاهد -بينة غري موصلة - رفض يمني النفي -رصف النظر.,,,34147155,,,1435/04/13ه وبرفقها قرار الدائرة اجلزائية األوىل برقم 35206129و,26824c079ccce40853ac4a0b2095ffb24adab824421f2e8ff1585598de80ec4a,metadata_incomplete_pending_review
collector-1435-v13-p210-3572428,extracted/collector-judgments-pdf/collector-1435-v13-p210-3572428.pdf,moj-judgments-1435-volume-13.pdf,7ca16fb42e311f8a31c49df44df80cd019b4b243e8b20a4bae75fca334298c20,210,210,1,6af172ae2db885473d63664a48a8160eb99f055ed847a45b138100d8995da9f2,388265,إيذاء الغري -دعوى ضد أحداث -كتابة عىل جدران املنزل -سب ولعن -إنكار -عدم البينة -رصف النظر - حق طلب اليمني بعد البلوغ.,,,3572428,,,,f267c46af6bf7780b1b2f19cb570ac84372c2b79d8215c86a3a685d3e0087c5a,metadata_incomplete_pending_review
collector-1435-v13-p213-35253210,extracted/collector-judgments-pdf/collector-1435-v13-p213-35253210.pdf,moj-judgments-1435-volume-13.pdf,7ca16fb42e311f8a31c49df44df80cd019b4b243e8b20a4bae75fca334298c20,213,217,5,e3bc52f306b9eca53cb42807c95a9a7098b12bdaaef0eac0ad1dd9d46404bdcd,1177622,إيذاء الغري -حتريض عىل السب والشتم - إنكار -عدم البينة -يمني النفي -رد,,,35253210,1435/05/01,,احلمد هلل وحده وبعد ،فقد اطلعنا نحن قضاة الدائرة اجلزائية األوىل بمحكمة,e9ea8e79d8b2d58d1077ac4c5615f2499bbb8aec28cc98e47f8d7fe5917c4caf,metadata_incomplete_pending_review
collector-1435-v13-p218-3511571,extracted/collector-judgments-pdf/collector-1435-v13-p218-3511571.pdf,moj-judgments-1435-volume-13.pdf,7ca16fb42e311f8a31c49df44df80cd019b4b243e8b20a4bae75fca334298c20,218,221,4,b880054ec4185b81ee731296620b1e5f0ce9c8009e49a08cdb0510530643ab18,500381,تفحيط -سابقتان مماثلتان --طلب السجن واملصادرة -إنكار -عجز عن إقامة البينة - رصف النظر - توجه التهمة -تعزير بحجز املركبة.,,,3511571,,بمحكمة االستئناف بمنطقة القصيم عىل املعاملة الواردة من فضيلة رئيس املحكمة,احلمد هلل وحده وبعد ،فقد اطلعنا نحن قضاة الدائرة األوىل لتدقيق القضايا اجلزائية,3b0e98edbf12e15a2c3b479b8bce530292d55c632f102c30fb63fe38785093d9,metadata_incomplete_pending_review
collector-1435-v13-p222-3598762,extracted/collector-judgments-pdf/collector-1435-v13-p222-3598762.pdf,moj-judgments-1435-volume-13.pdf,7ca16fb42e311f8a31c49df44df80cd019b4b243e8b20a4bae75fca334298c20,222,225,4,0856daf861541ebc292cb721f4cc2f497dc7635721494648d176a2ce8dbe1cbd,868273,تفحيط -سابقتان مماثلتان -طلب مصادرة السيارة -إقرار -إدانة -تعزير بمصادرة,,,3598762,1435/3/5,بمحكمة االستئناف بمنطقة عسري عىل املعاملة الواردة من فضيلة رئيس املحكمة اجلزائية,احلمد هلل وحده وبعد ،فقد اطلعنا نحن قضاة الدائرة الرابعة لتدقيق القضايا اجلزائية,7967440802cc6a6fa893d2e711d76b3072f440dea23c68f5b15f3b970f405058,metadata_incomplete_pending_review
collector-1435-v13-p226-3598406,extracted/collector-judgments-pdf/collector-1435-v13-p226-3598406.pdf,moj-judgments-1435-volume-13.pdf,7ca16fb42e311f8a31c49df44df80cd019b4b243e8b20a4bae75fca334298c20,226,229,4,19ca6cc627f93af6dbec33b1c875ac7dd401bd4e4496b2e4f79d1fb7adfbd805,491976,انتهاك حرمة منزل -قصد الرسقة -رشب مسكر - إخفاء الشخصية أثناء التحقيق - إقرار -إدانة -احلكم بحد املسكر - تعزير بالسجن واجللد -إيصاء باإلبعاد.,,,3598406,,مالحظة أصحاب الفضيلة قضاة الدائرة الثالثة لتدقيق القضايا اجلزائية بمحكمة االستئناف,مالحظة أصحاب الفضيلة قضاة الدائرة الثالثة لتدقيق القضايا اجلزائية بمحكمة االستئناف,8e6f86b15ecc930ff34e35a427dfb63ad14faba734c320e0303cda17e6c994a0,metadata_incomplete_pending_review
collector-1435-v13-p230-34424543,extracted/collector-judgments-pdf/collector-1435-v13-p230-34424543.pdf,moj-judgments-1435-volume-13.pdf,7ca16fb42e311f8a31c49df44df80cd019b4b243e8b20a4bae75fca334298c20,230,232,3,c05650f15b82388b581e9730debb34539ab5fc95168a3bda05fd845cc940ff6a,488477,انتهاك حرمة منزل -رشوع يف ذلك -إشهار سكني -هتديد بالقتل -إنكار -حمرض قبض -شهادة لدى جهة التحقيق -سابقة مسجلة -عدم البينة املوصلة -توجه التهمة للقرائن -تعزير بالسجن واجللد.,,,34424543,,,احلمد هلل والصالة والسالم عىل رسول اهلل وبعد ،فنحن رئيس وقضاة الدائرة اجلزائية,b15585184e48bf6f8fb3f92df8ee90bfa4509ee3e9c8b69920daca89e6e1435c,metadata_incomplete_pending_review
collector-1435-v13-p233-34254846,extracted/collector-judgments-pdf/collector-1435-v13-p233-34254846.pdf,moj-judgments-1435-volume-13.pdf,7ca16fb42e311f8a31c49df44df80cd019b4b243e8b20a4bae75fca334298c20,233,236,4,0f272a7af67da7d5031abf5d3f8b8500395a5858c2e2c661d02a6ce97394d6dc,494641,انتهاك حرمة منزل -قصد هتريب خادمة -مساعدهتا عىل اهلرب -إجتار باألشخاص - إنكار -شهادة لدى جهة التحقيق -عدم ثبوت اإلدانة -توجه التهمة للقرائن -تعزير بالسجن واجللد.,,,34254846,,,قرار أصحاب الفضيلة أعضاء الدائرة اجلزائية الثالثية الثانية رقم 34371002وتاريخ,cbafcea4b662cb6e7c25f2d96646aeec69568fc4b06217c017966f8206f158be,metadata_incomplete_pending_review
collector-1435-v13-p237-355541,extracted/collector-judgments-pdf/collector-1435-v13-p237-355541.pdf,moj-judgments-1435-volume-13.pdf,7ca16fb42e311f8a31c49df44df80cd019b4b243e8b20a4bae75fca334298c20,237,239,3,f0eaa074edf818f6c498b9f5a6b8de68c6b3c63073fccc96b04b47a72e828b1f,489130,سيئ -إنكار -سبق اإلقرار حتقيق ا -دفع باإلكراه عليه - انتهاك حرمة منزل -غرض إدانة -حدث دون سن التكليف -تنازل املدعي باحلق اخلاص -ظروف خمففة -تعزير بالسجن واجللد وأخذ التعهد.,,,355541,,,فقد جرى م نا نحن رئيس وأعضاء الدائرة اجلزائية الثانية يف حمكمة االستئناف بمنطقة املدينة,45950039948afc61bbf13ddb9c5f9747ad2198fc7aadc9560c498cf5694af885,metadata_incomplete_pending_review
collector-1435-v13-p240-34432787,extracted/collector-judgments-pdf/collector-1435-v13-p240-34432787.pdf,moj-judgments-1435-volume-13.pdf,7ca16fb42e311f8a31c49df44df80cd019b4b243e8b20a4bae75fca334298c20,240,243,4,c4ba99c4d32e958659bd3ed75226c6dc28176382cba055a9881d2011724a4645,490963,سيئ -عالقة مع خادمة -إقرار -خلوة حمرمة -إدانة - انتهاك حرمة منزل -غرض ظروف مشددة -تعزير بالسجن واجللد.,,,34432787,1434 /9/21,,( )...رئيس الدائرة وفقهم اهلل ،وعليه أجيب أصحاب الفضيلة أنه تم عرض الدعوى سابق ا,abedc69750d71adccc3d5558009ecc95c3f9db744b546ead3f025e4bdb00fb0d,metadata_incomplete_pending_review
collector-1435-v13-p244-3544324,extracted/collector-judgments-pdf/collector-1435-v13-p244-3544324.pdf,moj-judgments-1435-volume-13.pdf,7ca16fb42e311f8a31c49df44df80cd019b4b243e8b20a4bae75fca334298c20,244,246,3,85be8d5ac087c276bb8fbb84b41a16f5b025d8b25b8749a49782e551e9bb29af,489182,سيئ -فعل مقدمات الزنا بخادمة -إقرار -عدم اإلحصان - انتهاك حرمة منزل -غرض إدانة -تعزير بالسجن واجللد وأخذ التعهد -إيصاء باإلبعاد.,,,3544324,1435/01/21,بمحكمة االستئناف بمنطقة حائل عىل املعاملة الواردة من فضيلة رئيس املحكمة اجلزائية,احلمد هلل وحده وبعد ،فقد اطلعنا نحن قضاة الدائرة الثانية لتدقيق القضايا اجلزائية,341df8b92ad522f109349f87a03c2b28b536771db751d171be427bfd03b717eb,metadata_incomplete_pending_review
collector-1435-v13-p247-355680,extracted/collector-judgments-pdf/collector-1435-v13-p247-355680.pdf,moj-judgments-1435-volume-13.pdf,7ca16fb42e311f8a31c49df44df80cd019b4b243e8b20a4bae75fca334298c20,247,251,5,4c127b8f9569df5ee0ba308485375b639e41769b76b25d18f4e2854be59ac495,493762,سيئ -هتديد امرأة بسكني -إنكار -حمرض تعرف -عدم انتهاك حرمة منزل -غرض ثبوت اإلدانة -توجه التهمة للقرائن -تعزير بالسجن واجللد.,,,355680,,,احلمد هلل وحده وبعد ،فقد اطلعنا نحن قضاة الدائرة اجلزائية الثانية يف حمكمة,7e10354db7ff1d30b3d873e82e9968faced7a4aa5ac6ef68ea003568abc1357c,metadata_incomplete_pending_review
collector-1435-v13-p252-3571094,extracted/collector-judgments-pdf/collector-1435-v13-p252-3571094.pdf,moj-judgments-1435-volume-13.pdf,7ca16fb42e311f8a31c49df44df80cd019b4b243e8b20a4bae75fca334298c20,252,256,5,6f14485fcdac1fbaa803152991f6a0c4f9a4574d4b5a0c1e934034450ad95fd7,500135,انتهاك حرمة منزل -قصد االعتداء عىل العرض -إنكار -سبق اإلقرار حتقيق ا -دفع بعدم العلم بمضمونه -تناقض اجلواب -دخول بقصد غري رشعي -إدانة بذلك -تعزير بالسجن واجللد.,,,3571094,,,احلمد هلل وحده وبعد ،فقد اطلعنا نحن قضاة الدائرة اجلزائية األوىل بمحكمة,41b7a6ad5c580de9c4c4efbe551d1b47ba021a8e76224dadc86909bd3372a4a6,metadata_incomplete_pending_review
collector-1435-v13-p257-3570096,extracted/collector-judgments-pdf/collector-1435-v13-p257-3570096.pdf,moj-judgments-1435-volume-13.pdf,7ca16fb42e311f8a31c49df44df80cd019b4b243e8b20a4bae75fca334298c20,257,261,5,38a19fa27326b987bb389c68eb6f2ffaede73939d066b4a163b1553ac975ac53,494969,سيئ -إنكار -شهادة لدى انتهاك حرمة منزل -دخوله بالقوة -محل سكني لغرض جهة التحقيق -حمرض تعرف -توجه التهمة للقرائن -تعزير بالسجن واجللد.,,,3570096,,اجلزائية السادسة بمحكمة االستئناف بمكة املكرمة جرى منا االطالع عىل املعاملة,1قايض استئناف ( .)...و- 2قايض استئناف ( .)...و- 3رئيس الدائرة ( .)...ونص,e5408e19151dea1a336422bd1802707f32b89f1ac0ce42246f0e9e7d9e508251,metadata_incomplete_pending_review
collector-1435-v13-p262-3597420,extracted/collector-judgments-pdf/collector-1435-v13-p262-3597420.pdf,moj-judgments-1435-volume-13.pdf,7ca16fb42e311f8a31c49df44df80cd019b4b243e8b20a4bae75fca334298c20,262,267,6,a1e54f52897de604a16ca7979820aedd95c8a7162a6c6174c6e1f8d3a878c070,1212200,سيئ -إقرار -دفع بقصد إمتام مكاملة -عدم ثبوت سوء انتهاك حرمة منزل -غرض القصد -دخول دون إذن -إدانة بذلك -تعزير بالسجن واجللد وأخذ التعهد.,,,3597420,,,احلمد هلل وحده وبعد ،فقد اطلعنا نحن قضاة الدائرة اجلزائية الثانية يف حمكمة,88197c07f19d52dc94a08a6cf76144948a252e7fb2a5c79871c384bfd082e1eb,metadata_incomplete_pending_review
collector-1435-v13-p268-3521012,extracted/collector-judgments-pdf/collector-1435-v13-p268-3521012.pdf,moj-judgments-1435-volume-13.pdf,7ca16fb42e311f8a31c49df44df80cd019b4b243e8b20a4bae75fca334298c20,268,272,5,bd3c4be835cd98b05f95a2c64af5bd8e91a44844b62742d7f276a23a54690321,521724,جريمة معلوماتية -حق عام وخاص -إرسال رسائل إلكرتونية -قذف -تشهري - طلب إقامة حد القذف -إقرار -إدانة -احلكم بحد القذف للحق اخلاص -تعزير بالسجن والغرامة للحق العام.,,,3521012,,,احلمد هلل وحده وبعد ،فقد اطلعنا نحن قضاة الدائرة اجلزائية الثانية يف حمكمة,bd43f6e449a44ac8f68c838b657fb4c9100262f6533b8aa3481a2e16707222df,metadata_incomplete_pending_review
collector-1435-v13-p273-34213166,extracted/collector-judgments-pdf/collector-1435-v13-p273-34213166.pdf,moj-judgments-1435-volume-13.pdf,7ca16fb42e311f8a31c49df44df80cd019b4b243e8b20a4bae75fca334298c20,273,281,9,910b64dc34c046ed094a634fd4e4d0bc20371d3d8bc3b4226295ce71ac1aead6,510652,جريمة معلوماتية -حق عام -تشهري -نرش خرب يف مواقع التواصل -إنكار التشهري - دفع بصحة اخلرب -وجوب التحقيق يف الوقائع -إسناده حرص ا إىل جهة التحقيق -عدم حتقق ذلك -عيب جوهري -عدم سامع الدعوى.,,,34213166,,,احلمد هلل وحده وبعد ،فقد اطلعنا نحن قضاة الدائرة اجلزائية الثانية يف حمكمة,3274cb5ed4201106a86a3687050feca1f3aa1735011fffcbc1a23f96912ea933,metadata_incomplete_pending_review
collector-1435-v13-p282-34542919,extracted/collector-judgments-pdf/collector-1435-v13-p282-34542919.pdf,moj-judgments-1435-volume-13.pdf,7ca16fb42e311f8a31c49df44df80cd019b4b243e8b20a4bae75fca334298c20,282,285,4,fadef7c4886d3e91fe1dff302a5882389a5fbda50c84e5d668ebb8f41ac2f190,491228,جريمة معلوماتية -ترويج مواد إباحية -بيعها وحيازهتا وختزينها -مساس بالقيم الدينية واآلداب -إقرار -إدانة -تعزير بالسجن واجللد والغرامة وأخذ التعهد -إتالف املضبوطات -إيصاء باإلبعاد.,,,34542919,,بمحكمة االستئناف بمنطقة اجلوف عىل املعاملة الواردة من فضيلة رئيس املحكمة,احلمد هلل وحده وبعد ،فقد اطلعنا نحن قضاة الدائرة الثانية لتمييز القضايا اجلزائية,33c6260cbd876a3c47cd3ec921c7a25ca440261658fe443176d0786f463e23b1,metadata_incomplete_pending_review
collector-1435-v13-p286-34537754,extracted/collector-judgments-pdf/collector-1435-v13-p286-34537754.pdf,moj-judgments-1435-volume-13.pdf,7ca16fb42e311f8a31c49df44df80cd019b4b243e8b20a4bae75fca334298c20,286,289,4,d8a3222c7718daa4fa664f2312772d3193a8f7239fad26fc732073ebff12764c,492465,حيازة مواد خليعة -ختزينها يف جوال -ابتزاز امرأة -إنكار -شهادة شاهد -حمرض قبض وتفتيش -حمرض معاينة -إدانة -تعزير بالسجن واجللد -مصادرة اجلوال.,,,34537754,,بمحكمة االستئناف بمنطقة عسري عىل املعاملة الواردة من فضيلة رئيس املحكمة اجلزائية,احلمد هلل وحده وبعد ،فقد اطلعنا نحن قضاة الدائرة الثانية لتدقيق القضايا اجلزائية,02c36ecfe4cedac3e969cbf94116f5a5a681e0cea4f0bc844f3155c605448a91,metadata_incomplete_pending_review
collector-1435-v13-p290-34556032,extracted/collector-judgments-pdf/collector-1435-v13-p290-34556032.pdf,moj-judgments-1435-volume-13.pdf,7ca16fb42e311f8a31c49df44df80cd019b4b243e8b20a4bae75fca334298c20,290,294,5,514a06c7f6b7d9a1c8f2905260a630784b95c66ee5a51593204464fe77e19e89,493740,حيازة مواد خليعة -ختزينها يف جوال -إنكار -دفع بعدم العلم بمحتواه -حمرض قبض -حمرض اطالع وتفريغ -بينة غري موصلة -عدم ثبوت اإلدان��ة -توجه التهمة للقرائن -تعزير بالسجن واجللد.,,,34556032,,,احلمد هلل وحده وبعد ،فقد اطلعنا نحن قضاة الدائرة اجلزائية األوىل بمحكمة,4a38eebcea8a00efc0c3605efe92f223c315cf332f033e23125a205c513156a7,metadata_incomplete_pending_review
collector-1435-v13-p295-35165932,extracted/collector-judgments-pdf/collector-1435-v13-p295-35165932.pdf,moj-judgments-1435-volume-13.pdf,7ca16fb42e311f8a31c49df44df80cd019b4b243e8b20a4bae75fca334298c20,295,299,5,08e3609e5e63f2d7f6ac4cb56c2b1a532667a428fc8567ea5702412b6a60726f,873045,جريمة معلوماتية -استخدام اجلوال يف تصوير فتاة -نرش صورها -حيازة مواد إباحية -إقرار -إدانة -تعزير بالسجن واجللد والغرامة -مصادرة اجلوال.,,,35165932,,,فقد جرى منا نحن قضاة الدائرة اجلزائية األوىل االطالع عىل احلكم,877e8abae2f80090d56f542b91db37f8ef005c8fde0c3963575e0c5f88cccff8,metadata_incomplete_pending_review
collector-1435-v13-p300-34413171,extracted/collector-judgments-pdf/collector-1435-v13-p300-34413171.pdf,moj-judgments-1435-volume-13.pdf,7ca16fb42e311f8a31c49df44df80cd019b4b243e8b20a4bae75fca334298c20,300,313,14,77678196f0df470e822cb90689e1e718d9de26033d70e6d08a2be350b8498180,942185,استغالل الرقية الرشعية -ممارستها دون ترخيص -ختبيب نساء وتغرير هبن -إقامة عالقة حمرمة معهن -دفع بقصد الزواج -شهادة الفرقة القابضة -توجه التهمة بالتخبيب - إدانة بباقي التهم - تعزير بالسجن واجللد -مصادرة اجلوال وإتالفه.,,,34413171,,,احلمد هلل وحده وبعد ،فقد اطلعنا نحن قضاة الدائرة اجلزائية األوىل بمحكمة,503fe4813138b16f3e580cf876f680984631f7802a10631ba5819e6286e476d1,metadata_incomplete_pending_review
collector-1435-v13-p314-33384793,extracted/collector-judgments-pdf/collector-1435-v13-p314-33384793.pdf,moj-judgments-1435-volume-13.pdf,7ca16fb42e311f8a31c49df44df80cd019b4b243e8b20a4bae75fca334298c20,314,318,5,90d2f9357c17d2d3a7e76b3b3c7e01a9353784186b4b9d9051053c1a6d598ed0,503349,دعوى كيدية -حق عام وخاص -تقديم بالغ -ثبوت كذبه -إقرار -إدانة للحقني العام واخلاص -تعزير بالسجن واجللد وأخذ التعهد.,,,33384793,,بالدائرة اجلزائية السادسة بمحكمة االستئناف بمنطقة مكة املكرمة جرى منا االطالع عىل,وقد وردتنا املعاملة من حمكمة االستئناف وبرفقها قرار الدائرة اجلزائية السادسة رقم,730eb8f6be1a9fbddd6da9b1597745878fcfed0dc2a4b5fccd094ae1bcc38d95,metadata_incomplete_pending_review
collector-1435-v13-p319-3524951,extracted/collector-judgments-pdf/collector-1435-v13-p319-3524951.pdf,moj-judgments-1435-volume-13.pdf,7ca16fb42e311f8a31c49df44df80cd019b4b243e8b20a4bae75fca334298c20,319,322,4,c6d8f807dcfc4d4883961950531926c0cc50adaf71dadcca01d328b1106a103d,502390,دعوى كيدية -حق عام -شكوى ضد رجل أمن -اعتداء بالرضب -عدم ثبوت الشكوى -إنكار -تقرير طبي -صدوره بعد مدة طويلة -عدم ثبوت اإلدانة -رصف,,,3524951,,بمحكمة االستئناف بمنطقة عسري عىل املعاملة الواردة من فضيلة رئيس املحكمة اجلزائية,احلمد هلل وحده وبعد ،فقد اطلعنا نحن قضاة الدائرة الثانية لتدقيق القضايا اجلزائية,919090cd1a7a3828d1de4d5d1b8bfd5fccb8a88baa1584414efb8c65930e10b6,metadata_incomplete_pending_review
collector-1435-v13-p323-34529519,extracted/collector-judgments-pdf/collector-1435-v13-p323-34529519.pdf,moj-judgments-1435-volume-13.pdf,7ca16fb42e311f8a31c49df44df80cd019b4b243e8b20a4bae75fca334298c20,323,328,6,848d7945216325bcc4d88c0e83ed356312b05f3246c8766e4c6efa24e8f8cb47,512782,دعوى كيدية -حق عام -شكوى ضد موظف عام -ثبوت كذهبا -إنكار الكيدية - حمرض رسمي بكيدية الشكوى -شهادة شاهد -عدم ثبوت اإلدانة -توجه التهمة -تعزير,,,34529519,,الدائرة اجلزائية الثالثة بمحكمة االستئناف بمنطقة مكة املكرمة االطالع عىل املعاملة الواردة,الساعة احلادية عرشة ،حيث عادت املعاملة من حمكمة االستئناف مرفقا هبا قرار الدائرة,00f40a8260a42a668f4ebae81584abe8d8131545a67466d30a7e03b8f3054ed1,metadata_incomplete_pending_review
collector-1435-v13-p329-3477150,extracted/collector-judgments-pdf/collector-1435-v13-p329-3477150.pdf,moj-judgments-1435-volume-13.pdf,7ca16fb42e311f8a31c49df44df80cd019b4b243e8b20a4bae75fca334298c20,329,334,6,4a0c2f0b98ba1e0872e7807fd948afef7bc581e9527402b94fe4eef3f03de1e0,497797,دعوى كيدية -حق عام -بالغ كاذب -إنكار كيديته -سبق اإلقرار حتقيقا -شهادة أمام جهة التحقيق -توجه التهمة -تعزير بالسجن واجللد -إيصاء باإلبعاد.,,,3477150,,,احلمد هلل وحده وبعد ،فقد اطلعنا نحن قضاة الدائرة اجلزائية الثانية يف حمكمة,c394818647c1a11ea5a754344039baaf5cd965387d8339633a719d12ec198bb2,metadata_incomplete_pending_review
collector-1435-v13-p335-3411240,extracted/collector-judgments-pdf/collector-1435-v13-p335-3411240.pdf,moj-judgments-1435-volume-13.pdf,7ca16fb42e311f8a31c49df44df80cd019b4b243e8b20a4bae75fca334298c20,335,339,5,26998cc7d8a1426d18ac2a539f0c6dcdc9f775d9b669a85b55fba1f8e0fe1547,497727,دعوى كيدية -حق خاص -بالغ بالتهديد والتلفظ -حفظه لدى جهة التحقيق -إنكار الكيدية -حتقق من فحوى البالغ -اختالف أقوال ا مل ب لغ -إدانة -تعزير بالسجن واجللد.,,,3411240,,,طلبكم عام انتهى إليه التحقيق يف قضية التهديد التي ذكرها املدعي أهنا حمالة لدى الدائرة,93162ac0043306e82db808de6e4f39b6784a65dfb3c9e69c87efbc10eb4852f9,metadata_incomplete_pending_review
collector-1435-v13-p340-35223930,extracted/collector-judgments-pdf/collector-1435-v13-p340-35223930.pdf,moj-judgments-1435-volume-13.pdf,7ca16fb42e311f8a31c49df44df80cd019b4b243e8b20a4bae75fca334298c20,340,343,4,9569da3204f5099b3201afd09484745c26cc9781dbb5ccaec1d937f111d8a1fe,490718,دعوى كيدية -شكوى موكل ضد وكيله -اهتامه بأخذ صك عقار -عدم ثبوته -قصد الكيد واإلرضار -إنكار الكيدية -عدم ثبوهتا -رصف النظر.,,,35223930,,,قضاة الدائرة اجلزائية الثالثية األوىل برقم 35294147يف 1435/6/27ه املتضمن,37fad01bc89705e2897887bf6efb8d65a65e6f1adc202cf78b66a72cba234b20,metadata_incomplete_pending_review
collector-1435-v13-p344-34340717,extracted/collector-judgments-pdf/collector-1435-v13-p344-34340717.pdf,moj-judgments-1435-volume-13.pdf,7ca16fb42e311f8a31c49df44df80cd019b4b243e8b20a4bae75fca334298c20,344,346,3,bfd7afe97b41d52f811613c63a29047d9f3168992387bcf26a5b195156d525f4,492964,دعوى كيدية -اهتام بالتزوير والرشوة -إقرار - عدم البينة عىل االهتام -تعزير باجللد. ما جاء يف كشاف القناع (“ :)126/14وإذا ظهر كذب املدعي يف دعواه بام يؤذي به املدعى عليه عزر لكذبه وأذاه للمدعى عليه”.,,,34340717,1434/07/23,بمحكمة االستئناف بمنطقة عسري عىل املعاملة الواردة من فضيلة رئيس املحكمة العامة,احلمد هلل وحده وبعد ،فقد اطلعنا نحن قضاة الدائرة األوىل لتدقيق القضايا اجلزائية,64ce741618b9c0c9a06c8adda99f030c4cc0d0c3538ee311ceba542d138c3297,reference_collision_pending_review
collector-1435-v13-p347-34344697,extracted/collector-judgments-pdf/collector-1435-v13-p347-34344697.pdf,moj-judgments-1435-volume-13.pdf,7ca16fb42e311f8a31c49df44df80cd019b4b243e8b20a4bae75fca334298c20,347,351,5,a5911575cbf5a5b22940049c42b15b54859fee379c42892dafc6342c164dc95a,495220,دعوى كيدية -حق خاص -سبق إقامتها أمام املحكمة -عدم ثبوهتا -إنكار الكيدية - عدم البينة املوصلة -يمني النفي -رد الدعوى.,,,34344697,,بمحكمة االستئناف بمنطقة عسري عىل املعاملة الواردة من رئيس املحكمة اجلزائية بنجران,املعاملة إلكامل الزمها واهلل املوفق)) واملذيل بتوقيع أصحاب الفضيلة قضاة الدائرة فضيلة,0665b7e34db745c3284ed36164d1f846b938a3518763e603e76e1d26ea7a9f51,metadata_incomplete_pending_review
collector-1435-v13-p352-34361011,extracted/collector-judgments-pdf/collector-1435-v13-p352-34361011.pdf,moj-judgments-1435-volume-13.pdf,7ca16fb42e311f8a31c49df44df80cd019b4b243e8b20a4bae75fca334298c20,352,357,6,241c851feba9707c918ee13edf068f17472c21917861dac6ce54e84df83944f1,496988,دعوى كيدية -حق خاص -شكوى جلهة حكومية -ضد موظف عام -قصد الكيد واألذى -إنكار الكيدية -خطاب من اجلهة احلكومية -عدم صحة الشكوى -تعزير بالسجن وأخذ التعهد.,,,34361011,,بمحكمة االستئناف بمنطقة عسري عىل املعاملة الواردة من فضيلة رئيس املحكمة العامة,احلمد هلل وحده وبعد ،فقد اطلعنا نحن قضاة الدائرة الثانية لتدقيق القضايا اجلزائية,78eb10c4b4a257f2620ab2e67ccd160b164011f996f0820fbfbe4fd246f05dc1,metadata_incomplete_pending_review
collector-1435-v13-p358-34422424,extracted/collector-judgments-pdf/collector-1435-v13-p358-34422424.pdf,moj-judgments-1435-volume-13.pdf,7ca16fb42e311f8a31c49df44df80cd019b4b243e8b20a4bae75fca334298c20,358,361,4,b5be3d4c1a7bbe32875fc225aa134ccb7d81dafc397056a0e5e3c516b8dc273b,496336,دعوى كيدية -شكوى جلهة حكومية -اهتام باالستغالل الوظيفي -إقرار -دفع بصحة الشكوى -نكول عن اجلواب عىل الدفع -عدم ثبوت كذب الشكوى -رد الدعوى.,,,34422424,,,احلمد هلل وحده وبعد ،فقد اطلعنا نحن قضاة الدائرة اجلزائية األوىل بمحكمة,f2b71998453512d7670d47d83d3b67171f98f26b8e16ef1acbe214f804d96716,metadata_incomplete_pending_review
collector-1435-v13-p362-34558730,extracted/collector-judgments-pdf/collector-1435-v13-p362-34558730.pdf,moj-judgments-1435-volume-13.pdf,7ca16fb42e311f8a31c49df44df80cd019b4b243e8b20a4bae75fca334298c20,362,364,3,1851e0a764500f52283771d6dd0a8e2ce11485a5a00d5131193a12fb57d169ea,487920,دعوى كيدية -حق خاص -عدم مواصلة الدعاوى -قصد اإلرضار -طلب منع التعرض -إنكار الكيدية -عدم البينة املوصلة -رفض يمني املدعى عليه -رصف النظر.,,,34558730,,الدائرة اجلزائية الثالثة بمحكمة االستئناف يف منطقة مكة املكرمة االطالع عىل املعاملة الواردة,الدائرة اجلزائية الثالثة بمحكمة االستئناف يف منطقة مكة املكرمة االطالع عىل املعاملة الواردة,ce18203ad0fc4d6ca0a71a10cd32e7f17265b4959651ee88ca93d5f771c19c0b,metadata_incomplete_pending_review
collector-1435-v13-p365-3517062,extracted/collector-judgments-pdf/collector-1435-v13-p365-3517062.pdf,moj-judgments-1435-volume-13.pdf,7ca16fb42e311f8a31c49df44df80cd019b4b243e8b20a4bae75fca334298c20,365,368,4,67dc3c0c6495e737fd7ed056e7df062e891be961b16eb2701b590ef57b4f3c95,493650,دعوى كيدية -حق خاص -إقامة دعوى -صدور حكم بردها -إنكار كيدية الدعوى - دفع بصحتها -عدم البينة -رد الدعوى.,,,3517062,1435/1/30,,احلمد هلل وحده وبعد ،فقد اطلعنا نحن قضاة الدائرة اجلزائية األوىل بمحكمة,4b4b05b73918dff480b8e7e315b4690c2caa25325a930f4a473bc86cb5b769c2,metadata_incomplete_pending_review
collector-1435-v13-p369-35185118,extracted/collector-judgments-pdf/collector-1435-v13-p369-35185118.pdf,moj-judgments-1435-volume-13.pdf,7ca16fb42e311f8a31c49df44df80cd019b4b243e8b20a4bae75fca334298c20,369,371,3,f8a4556dfff3ed7be7197d45e8ff4da101a769a6e87fe79eb643d9d52215b5bb,488785,دعوى كيدية -حق خاص -تكرار رفع الدعاوى -طلب كف األذى والتعويض - إنكار الكيدية -دعاوى خمتلفة املوضوع -عدم ثبوت كيديتها -رد الدعوى.,,,35185118,,الدائرة اجلزائية اخلامسة بمحكمة االستئناف يف منطقة مكة املكرمة االطالع عىل املعاملة,الدائرة اجلزائية اخلامسة بمحكمة االستئناف يف منطقة مكة املكرمة االطالع عىل املعاملة,b3ab4364e2a5a02dcaeef660d23f5b17012bf3d1555dc22a0910040df1a16e71,metadata_incomplete_pending_review
collector-1435-v13-p372-35188386,extracted/collector-judgments-pdf/collector-1435-v13-p372-35188386.pdf,moj-judgments-1435-volume-13.pdf,7ca16fb42e311f8a31c49df44df80cd019b4b243e8b20a4bae75fca334298c20,372,374,3,3643a4b491485b6bebd8b79cad5c6b09061be46cbd2dec1fa02a7ab7e50aaa7f,486751,دعوى كيدية -حق خاص -سبق إقامة دعوى قضائية -رصف النظر عنها -إنكار الكيدية -عدم ثبوهتا -رد الدعوى .,,,35188386,1435/03/29,,احلمد هلل وحده وبعد ،فقد اطلعنا نحن قضاة الدائرة اجلزائية األوىل بمحكمة,7c90cd99538dda3e6d6f04ff4ca0cce32d70a7c751d18e47ce1a37b41a1cf6c7,metadata_incomplete_pending_review
collector-1435-v13-p375-33447568,extracted/collector-judgments-pdf/collector-1435-v13-p375-33447568.pdf,moj-judgments-1435-volume-13.pdf,7ca16fb42e311f8a31c49df44df80cd019b4b243e8b20a4bae75fca334298c20,375,379,5,bbbeff3af26e0d330f110ca641de2a2ffc24024b4c9cdda9de644b39f3d301eb,1177934,دعوى كيدية -حق عام -إقرار -عدم اتزان املدعى عليه -فحص قواه العقلية -تقرير طبي -فصام عقيل مزمن -إعفاء من املسؤولية اجلنائية -رد الدعوى.,,,33447568,,,1435/5/23ه ،فقد جرى منا نحن قضاة الدائرة اجلزائية األوىل االطالع عىل القرار,46178b6f57afbd705cd21a34e2d60234648aff5f257e81cc8fbf29194e7acfb8,metadata_incomplete_pending_review
collector-1435-v13-p380-3314458,extracted/collector-judgments-pdf/collector-1435-v13-p380-3314458.pdf,moj-judgments-1435-volume-13.pdf,7ca16fb42e311f8a31c49df44df80cd019b4b243e8b20a4bae75fca334298c20,380,380,1,8fd712814a8e6be726d2d60902d4eb2031f471e96e468e462d1d98eff904109b,387755,صفة -كف أذى عن والدة املدعي -عدم توكيلها له -دعوى من غري ذي صفة -رصف,,,3314458,1433/01/05,,,fc79bb668fe29020660ca90fa0a2e0cd23b253b8d110d55d30e18fed848ea745,metadata_incomplete_pending_review
collector-1435-v13-p381-3355670,extracted/collector-judgments-pdf/collector-1435-v13-p381-3355670.pdf,moj-judgments-1435-volume-13.pdf,7ca16fb42e311f8a31c49df44df80cd019b4b243e8b20a4bae75fca334298c20,381,384,4,7b09adc6db708252332b3d2320b1d70cc86b1fb5eda530ef6f55b60b879d54ef,417282,حتديد كافة نقاط املعروض واملطلوب تصحيحه ،والرأي األتم لسامحتكم- 1 :تم تصحيح أوضاع الوالدة بعد وفاة الوالد النظامية بموجب توكيل رشعي يل عن طريق املحكمة رقم,,,3355670,1328/10/25,,به قرار الدائرة احلقوقية السادسة برقم 34390049يف 1434/12/26ه ،ونص احلاجة,62d432a7df457c50fad649d42dace5808f7c486a20b83e5fcc3dfd60b526e6f7,metadata_incomplete_pending_review
collector-1435-v13-p385-34204044,extracted/collector-judgments-pdf/collector-1435-v13-p385-34204044.pdf,moj-judgments-1435-volume-13.pdf,7ca16fb42e311f8a31c49df44df80cd019b4b243e8b20a4bae75fca334298c20,385,388,4,039e1fdc84bed60450d451f886981c2acc25d52dee1d851f7fb4836adc0e94c5,490966,صفة -ضم ورعاية أم -طلب إلزام ابنها بذلك -عدم توكيل املدعي -دعوى من غري ذي صفة -رصف النظر .,,,34204044,1434/05/04,الشخصية واألوقاف والوصايا والقصار وبيوت املال بمحكمة االستئناف بمنطقة عسري,الشخصية ،وباالطالع عليه وجدت فيه ما نصه( :وبعد االطالع عىل قرار الدائرة رقم,271e64e36b7c4e5c9c0230a298900107541110c04a77723f3f553d1b02f06478,metadata_incomplete_pending_review
collector-1435-v13-p389-34442057,extracted/collector-judgments-pdf/collector-1435-v13-p389-34442057.pdf,moj-judgments-1435-volume-13.pdf,7ca16fb42e311f8a31c49df44df80cd019b4b243e8b20a4bae75fca334298c20,389,391,3,de9ab181a4d544aacd9e3eb720256049032ab74bed214b693e51f5823f79b9a5,487751,صفة -رد مبلغ -أتعاب تعقيب -عدم إمتام العمل -املبلغ لغري املدعي -دعوى من غري ذي صفة -رد الدعوى.,,,34442057,1434/10/11,,احلمد هلل ،والصالة والسالم عىل رسول اهلل وبعد ،فقد جرى م نا نحن رئيس وأعضاء الدائرة,c776663e854401de29ae993f67d587bbf6a2b6b9134930e2a0b23d67b75e408c,metadata_incomplete_pending_review
collector-1435-v13-p392-3537743,extracted/collector-judgments-pdf/collector-1435-v13-p392-3537743.pdf,moj-judgments-1435-volume-13.pdf,7ca16fb42e311f8a31c49df44df80cd019b4b243e8b20a4bae75fca334298c20,392,394,3,5218f1a87e724c748a790eac14428041453dde66414607ecac235e3b83eb0932,486718,صفة -صداق -نفقة -مطالبة األب هبام البنته -عدم توكيله منها -دعوى من غري ذي صفة -رصف النظر.,,,3537743,1435/01/17,الشخصية واألوقاف والوصايا والقصار وبيوت املال بمحكمة االستئناف بمنطقة عسري,احلمد هلل وحده وبعد ،فقد اطلعنا نحن قضاة الدائرة املختصة بتدقيق قضايا األحوال,51b8a72939aedd75bc06c0501d79da10be452e2d22089211a99a11e5990385f4,metadata_incomplete_pending_review
collector-1435-v13-p395-34496030,extracted/collector-judgments-pdf/collector-1435-v13-p395-34496030.pdf,moj-judgments-1435-volume-13.pdf,7ca16fb42e311f8a31c49df44df80cd019b4b243e8b20a4bae75fca334298c20,395,397,3,7f18f3761d3f66cf25c49546bc57e399648dfae2e4956d1d6cfa315e78ef854a,487677,صفة -إحداث يف أرض حكومية -طلب إزالته -عدم وجود رضر خاص -اختصاص اجلهات احلكومية -دعوى من غري ذي صفة -رصف النظر.,,,34496030,1434/11/05,احلقوقية بمحكمة االستئناف بمنطقة حائل عىل املعاملة الواردة من فضيلة رئيس املحكمة,احلمد هلل وحده وبعد ،فقد اطلعنا نحن قضاة الدائرة احلقوقية األوىل لتدقيق القضايا,6ca3c37c6b533dbb8b77152256f3667f65c16d432f4f6cdef0b94d1f402a917b,metadata_incomplete_pending_review
collector-1435-v13-p398-35194877,extracted/collector-judgments-pdf/collector-1435-v13-p398-35194877.pdf,moj-judgments-1435-volume-13.pdf,7ca16fb42e311f8a31c49df44df80cd019b4b243e8b20a4bae75fca334298c20,398,401,4,e799a139304af335f31d03a153c6493a183c7213132749c32ddeead5d0c268bc,866852,صفة -قسمة تركة -مطالبة األم بنصيب ابنتها -عدم توكيلها منها -دعوى من غري ذي صفة -رد الدعوى.,,,35194877,1435/04/03,لألحوال الشخصية واألوقاف والوصايا والقصار وبيوت املال بمحكمة االستئناف يف,احلمد هلل والصالة والسالم عىل رسول اهلل وبعد ،فقد جرى منا نحن قضاة الدائرة الثانية,914392a9222491e447a2ac738bfa860563cc93ce82bc844a14cca226bb57828c,metadata_incomplete_pending_review
collector-1435-v13-p402-3441665,extracted/collector-judgments-pdf/collector-1435-v13-p402-3441665.pdf,moj-judgments-1435-volume-13.pdf,7ca16fb42e311f8a31c49df44df80cd019b4b243e8b20a4bae75fca334298c20,402,407,6,75c1ca5fa5e9c51e1a02e7eaf39426fa671a6288abf6d0dad675928f056739a4,496595,صفة -عرق نخل -فرز نصيب مشاع منه -دفع الرشيك ببيع نصيبه -دعوى متعلقة بعني عقار -توجهها عىل واضع اليد -دعوى عىل غري ذي صفة -رصف النظر - الدعوى عىل من بيده العني.,,,3441665,,,,c643c50c0505132023f3242710517487fbb87a9a072430a98e2a41428e780260,metadata_incomplete_pending_review
collector-1435-v13-p408-3493554,extracted/collector-judgments-pdf/collector-1435-v13-p408-3493554.pdf,moj-judgments-1435-volume-13.pdf,7ca16fb42e311f8a31c49df44df80cd019b4b243e8b20a4bae75fca334298c20,408,410,3,69cdf8108f713a235de3955c188b0cddfe76b74427e2ec10fbfc1902dbc9966b,483148,صفة -تعويض -دعوى ضد عامل -ترصفه بأمر من جهة عمله -دعوى عىل غري ذي صفة -رصف النظر.,,,3493554,1434/02/25,,,1d250172c32118952fc4147ec1ff68935a314e7d083c27405a8394ac3b028063,metadata_incomplete_pending_review
collector-1435-v13-p413-34167152,extracted/collector-judgments-pdf/collector-1435-v13-p413-34167152.pdf,moj-judgments-1435-volume-13.pdf,7ca16fb42e311f8a31c49df44df80cd019b4b243e8b20a4bae75fca334298c20,413,417,5,a95c64829d674e80f1f30ca745ca240f8941857b8c98afc4955b269a3794110b,493852,صفة -بيع عقار -تغرير باملدعي -طلب إبطال العقد -دفع بالوساطة يف البيع -دعوى عىل غري ذي صفة -توجهها عىل البائع -رد الدعوى.,,,34167152,1434/04/13,,احلمد هلل وحده وبعد ،فقد اطلعنا نحن قضاة الدائرة احلقوقية األوىل يف حمكمة,92dd6e4bc03d1f178e3f018f1ff0aa0dc68ad05b670bde9b00a665121139b85f,metadata_incomplete_pending_review
collector-1435-v13-p418-34544108,extracted/collector-judgments-pdf/collector-1435-v13-p418-34544108.pdf,moj-judgments-1435-volume-13.pdf,7ca16fb42e311f8a31c49df44df80cd019b4b243e8b20a4bae75fca334298c20,418,420,3,913bafe68cc19e2e29cf019e61a94c5ee7a9721e692b9006ccd2703e5d253b33,487487,صفة -بيع -عيب يف املبيع -طلب فسخ العقد -دفع بالوساطة يف البيع -دعوى عىل غري ذي صفة -رصف النظر.,,,34544108,1434/12/03,نحن قضاة الدائرة احلقوقية األوىل بمحكمة االستئناف بمنطقة القصيم عىل املعاملة,نحن قضاة الدائرة احلقوقية األوىل بمحكمة االستئناف بمنطقة القصيم عىل املعاملة,6a7bbfdf7020bb91c00cd07483006dc776690a9ee580225c5948c2bd2d046a96,metadata_incomplete_pending_review
collector-1435-v13-p421-35254542,extracted/collector-judgments-pdf/collector-1435-v13-p421-35254542.pdf,moj-judgments-1435-volume-13.pdf,7ca16fb42e311f8a31c49df44df80cd019b4b243e8b20a4bae75fca334298c20,421,424,4,eb40e5f13fb1447b20d52c5ffa9826792fc846c4119ea73b07a62e9d115fa6d2,491693,بيع -أرض -عدم تسليم املبيع -طلب رد الثمن -دفع بالوساطة يف البيع -العقد مع طرف ثالث -إدخاله يف الدعوى -إقراره بصحة الدفع -توجه الدعوى ضده -رفض املدعي -رصف النظر.,,,35254542,,احلمد هلل وحده وبعد ،فقد اطلعنا نحن قضاة الدائرة احلقوقية األوىل بمحكمة االستئناف,احلمد هلل وحده وبعد ،فقد اطلعنا نحن قضاة الدائرة احلقوقية األوىل بمحكمة االستئناف,b20063fc15d0fed0e4752b711589025868383419b3dbcde97d2ec171a7d72ed5,metadata_incomplete_pending_review
collector-1435-v13-p425-34569623,extracted/collector-judgments-pdf/collector-1435-v13-p425-34569623.pdf,moj-judgments-1435-volume-13.pdf,7ca16fb42e311f8a31c49df44df80cd019b4b243e8b20a4bae75fca334298c20,425,427,3,4e73893a2051f2180542c4f6d45c0cd9c6df09910ad04c8c33c86ea84a2f0725,488337,وكالة -استقدام خادمة -عدم إحضارها يف املدة -طلب رد املبلغ -دفع بالوساطة - توجه الدعوى عىل املكتب -رد الدعوى.,,,34569623,1434/12/25,,نحن قضاة الدائرة احلقوقية األوىل يف حمكمة االستئناف باملنطقة الرشقية عىل املعاملة,94d35fac1957b3c7ea6db2ce231315e1d851e3a9ccb4875c8249296a974e73f6,metadata_incomplete_pending_review
collector-1435-v13-p428-3562280,extracted/collector-judgments-pdf/collector-1435-v13-p428-3562280.pdf,moj-judgments-1435-volume-13.pdf,7ca16fb42e311f8a31c49df44df80cd019b4b243e8b20a4bae75fca334298c20,428,430,3,47027e6630aec14ea5a7607776f1f39536f377ccd63b948d09547cad322fff34,488591,صفة -عقد مقاولة -إبرامه مع رشكة -عدم إمتامه -مطالبة موظف يف الرشكة -دعوى عىل غري ذي صفة -رصف النظر.,,,3562280,1435/01/29,,الدائرة احلقوقية السادسة يف حمكمة االستئناف بمنطقة مكة املكرمة,bf5e43bee7f3b29b9bf015ca5ebc25a529cbb6119fb21f0280b493b2f2e64a2d,metadata_incomplete_pending_review
collector-1435-v13-p431-35262655,extracted/collector-judgments-pdf/collector-1435-v13-p431-35262655.pdf,moj-judgments-1435-volume-13.pdf,7ca16fb42e311f8a31c49df44df80cd019b4b243e8b20a4bae75fca334298c20,431,435,5,8827b838b8e76b9173563bb228c762246d95dadd1e481e56f5f572595f9f86e6,1190766,صفة -مطالبة بأتعاب تعقيب -إنكار -اتفاق مع طرف ثالث -دعوى عىل غري ذي صفة -رد الدعوى.,,,35262655,,الدائرة احلقوقية السابعة بمحكمة االستئناف يف منطقة مكة املكرمة االطالع عىل املعاملة,الدائرة احلقوقية السابعة بمحكمة االستئناف يف منطقة مكة املكرمة االطالع عىل املعاملة,e22f14c58b4418956ac81386afad94544cdb738251f768ec7c8f6ba37681cab7,metadata_incomplete_pending_review
collector-1435-v13-p436-34335202,extracted/collector-judgments-pdf/collector-1435-v13-p436-34335202.pdf,moj-judgments-1435-volume-13.pdf,7ca16fb42e311f8a31c49df44df80cd019b4b243e8b20a4bae75fca334298c20,436,439,4,5befa2a4f0b64b247dbacb044abc848de4cf8ffd8a23bae247a293684bd8551c,489661,حترير دعوى -رشاكة يف أرض -بيع الرشيك هلا -طلب تسليم باقي الربح -دعوى غري حمررة -عجز عن حتريرها -رصف النظر.,,,34335202,1434/07/18,احلقوقية بمحكمة االستئناف بمنطقة الرياض عىل املعاملة الواردة بخطاب فضيلة رئيس,احلمد هلل وحده وبعد ،فقد اطلعنا نحن قضاة الدائرة احلقوقية األوىل لتدقيق القضايا,ee51a91a89dbe82ee04c90a9c554dcd1976d2c0dd648776b267c6489ca940e23,metadata_incomplete_pending_review
collector-1435-v13-p440-32570556,extracted/collector-judgments-pdf/collector-1435-v13-p440-32570556.pdf,moj-judgments-1435-volume-13.pdf,7ca16fb42e311f8a31c49df44df80cd019b4b243e8b20a4bae75fca334298c20,440,445,6,d865b99b096d61d7dfb4faa97eb439700facff03961240d33b1b67003ea522e6,496519,حترير دعوى ­­-طلب حماسبة ناظر وقف -عدم تعيني ذلك الوقف -دعوى غري حمررة - مهلة كافية لتحريرها -عجز عن ذلك -رصف النظر.,,,32570556,,,,c19e26600a604721220bb5353b87ce64e5d7c8129de39b01fa55a3da9fcee6d5,metadata_incomplete_pending_review
collector-1435-v13-p446-35155209,extracted/collector-judgments-pdf/collector-1435-v13-p446-35155209.pdf,moj-judgments-1435-volume-13.pdf,7ca16fb42e311f8a31c49df44df80cd019b4b243e8b20a4bae75fca334298c20,446,448,3,7128f9e557a2191872cc369bc6a3ac50f52b72fcfd942f8bc14c482c7e7656ea,487354,حترير دعوى -ملكية عقار -معارضة عىل حجة استحكام -طلب رفع اليد -عدم حترير الدعوى -رصف النظر.,,,35155209,1435/03/13,احلمد هلل وحده وبعد ،فقد اطلعنا نحن قضاة الدائرة احلقوقية األوىل بمحكمة االستئناف,احلمد هلل وحده وبعد ،فقد اطلعنا نحن قضاة الدائرة احلقوقية األوىل بمحكمة االستئناف,e067dd96b312a0d6c3eb5f01fceaf06c066e6335843d130cef59945137c4be48,metadata_incomplete_pending_review
collector-1435-v13-p449-35325002,extracted/collector-judgments-pdf/collector-1435-v13-p449-35325002.pdf,moj-judgments-1435-volume-13.pdf,7ca16fb42e311f8a31c49df44df80cd019b4b243e8b20a4bae75fca334298c20,449,452,4,5a1d3071c10aadcf17ae47c43f98f8dafab98e9d30cecbb48e1abb446b5a9f84,491786,حترير دعوى -عدة طلبات ال رابط بينها -امتناع عن حترير الدعوى -إرصار عىل نظر مجيع الطلبات -رصف النظر.,,,35325002,,,رئيس وعضوي الدائرة احلقوقية الرابعة يف حمكمة االستئناف بمنطقة مكة املكرمة عىل,acdf75feb974a342d46e0be2074de86b2feabc12ef1d76f5100c26abb8ac730c,metadata_incomplete_pending_review
collector-1435-v13-p453-34508885,extracted/collector-judgments-pdf/collector-1435-v13-p453-34508885.pdf,moj-judgments-1435-volume-13.pdf,7ca16fb42e311f8a31c49df44df80cd019b4b243e8b20a4bae75fca334298c20,453,457,5,956240fafbdcae9cb11424974234f7258a2e7e2ffb7370e401d36c5beed2ed26,495180,حترير دعوى -عقد مقاولة -ترميم منزل -دعوى غري حمررة -وجوب حتريرها -امتناع عن ذلك -رصف النظر.,,,34508885,1434/11/11,بمحكمة االستئناف بمنطقة القصيم رقم 35133504وتاريخ 1435/02/01ه ،نصه,قد عادت من حمكمة االستئناف بمنطقة القصيم ،برفقها قرار الدائرة احلقوقية األوىل,296e0480435f7e302d10b9f762ac4658db67c2e9dff516bf1b74ebab10809d23,metadata_incomplete_pending_review
collector-1435-v13-p458-34536523,extracted/collector-judgments-pdf/collector-1435-v13-p458-34536523.pdf,moj-judgments-1435-volume-13.pdf,7ca16fb42e311f8a31c49df44df80cd019b4b243e8b20a4bae75fca334298c20,458,460,3,2a8f4ad20508706dbf8ceb72973944713862344ce93a37ed06aff97722ee4969,488156,دعوى مقلوبة -سندات ألمر املدعى عليه -حتريرها من املدعي -طلبه إثبات كوهنا مقابل ثمن مبيع -عدم سامع الدعوى املقلوبة -رصف النظر.,,,34536523,,,فقد جرى م نا نحن رئيس وأعضاء الدائرة احلقوقية الثانية يف حمكمة االستئناف بمنطقة,31efb795edf3063bc146eb17155f5e7622360834e35a23172b4ee138da3748d1,metadata_incomplete_pending_review
collector-1435-v13-p461-34282041,extracted/collector-judgments-pdf/collector-1435-v13-p461-34282041.pdf,moj-judgments-1435-volume-13.pdf,7ca16fb42e311f8a31c49df44df80cd019b4b243e8b20a4bae75fca334298c20,461,465,5,d2f31076660431316c9a81e64e062e11d7e413c47b79c5f9bb7ff3ccc2097c74,1202283,شهادة -طلب اإللزام بأدائها -حق آلدمي -عدم جواز مضارة الشاهد -عدم سامع,,,34282041,,االستئناف بالدائرة احلقوقية األوىل بمحكمة االستئناف بمنطقة مكة املكرمة االطالع عىل,االستئناف بالدائرة احلقوقية األوىل بمحكمة االستئناف بمنطقة مكة املكرمة االطالع عىل,3a190aba2d3379a74bdd2e2c21943db42c83cee58c31813035541755662bc5ac,metadata_incomplete_pending_review
collector-1435-v13-p466-34233647,extracted/collector-judgments-pdf/collector-1435-v13-p466-34233647.pdf,moj-judgments-1435-volume-13.pdf,7ca16fb42e311f8a31c49df44df80cd019b4b243e8b20a4bae75fca334298c20,466,471,6,e36845facd0b5663a2080bd554c78950186db4354b3267eae6e6b4a88053c38b,496848,اختصاص -إجارة -وحدات سكنية -انتهاء من تنفيذها -طلب تسليمها -دفع بعدم االختصاص -وجود رشط حتكيم - رصف النظر.,,,34233647,,بمحكمة االستئناف بالرياض عىل املعاملة الواردة من فضيلة رئيس املحكمة العامة,احلمد هلل وحده وبعد ،فقد اطلعنا نحن قضاة الدائرة السادسة لتمييز القضايا احلقوقية,9c9aa780f1f182f60d8f16636d78341ab5f8d7d42687db8ac7db72e491164255,metadata_incomplete_pending_review
collector-1435-v13-p472-35391882,extracted/collector-judgments-pdf/collector-1435-v13-p472-35391882.pdf,moj-judgments-1435-volume-13.pdf,7ca16fb42e311f8a31c49df44df80cd019b4b243e8b20a4bae75fca334298c20,472,475,4,31f5e90b524a6fb40a2b118cda54da1d6c4a5f2e10303c7e9790446b6afb5b10,491459,اختصاص -بيع عقار -طلب رد جزء من الثمن -دفع بعدم اختصاص املحكمة - وجود رشط التحكيم - عدم اختصاص والئي -رصف النظر.,,,35391882,,,االستئناف بالدائرة احلقوقية اخلامسة يف حمكمة االستئناف بمنطقة مكة املكرمة,a4d12fee4705769fdc4351dca65ff50ea0eb42936da664df4098e9f168338960,metadata_incomplete_pending_review
collector-1435-v13-p476-64770220,extracted/collector-judgments-pdf/collector-1435-v13-p476-64770220.pdf,moj-judgments-1435-volume-13.pdf,7ca16fb42e311f8a31c49df44df80cd019b4b243e8b20a4bae75fca334298c20,476,485,10,dccfe33c599fe80ad3babf6f6820a6e31b73a815c12123c406484ae99e71455c,885961,حتكيم - عقد عمل -إدارة مدرسة -خمالفة رشوط العقد -وجود رشط التحكيم - دفع بعدم االختصاص -رفض الدفع -صدور قرار املحكمني -إلزام الطرفني به -حق الطعن أمام حمكمة االستئناف.,,,64770220,,,وفقا ملا جاء يف البند السابع من العقد املوقع بني الطرفني ،وقد حكمت الدائرة بعدم,4b75b59a7e882e3da657f063906a6b9ad4b29a751c5d4a73c726357583b66e5e,metadata_incomplete_pending_review
collector-1435-v13-p486-34245326,extracted/collector-judgments-pdf/collector-1435-v13-p486-34245326.pdf,moj-judgments-1435-volume-13.pdf,7ca16fb42e311f8a31c49df44df80cd019b4b243e8b20a4bae75fca334298c20,486,488,3,037c3841cd7146f6c2e8d7fdc961beadc4f1b8c211493160350b380f38976c0a,495392,اختصاص -رشاكة -عقار خارج اململكة -طلب إثبات الرشاكة -عدم اختصاص دويل -,,,34245326,1434/05/27,بمحكمة االستئناف بالرياض عىل املعاملة الواردة من فضيلة رئيس املحكمة العامة,احلمد هلل وحده وبعد ،فقد اطلعنا نحن قضاة الدائرة السادسة لتمييز القضايا احلقوقية,f22a6a23853ca08d7a90edb57e0081ef2b967852a448fdcf9554ae35c60aee45,metadata_incomplete_pending_review
collector-1435-v13-p489-3511904,extracted/collector-judgments-pdf/collector-1435-v13-p489-3511904.pdf,moj-judgments-1435-volume-13.pdf,7ca16fb42e311f8a31c49df44df80cd019b4b243e8b20a4bae75fca334298c20,489,493,5,8ffafd17c6afd3f20d493ea2f0bebfa846f6460e0dae8a4ebea6464a880b9e5b,1192860,اختصاص -دعوى فسخ نكاح -إقامتها ضد غري سعودي -حمل إقامته خارج اململكة -مل يسبق له دخوهلا -املدعية غري سعودية -عدم اختصاص دويل -رصف النظر.,,,3511904,1435/01/04,,,0193d1671abe88046db9bbd56a46396e64af53c0a9242c41ab5143ae534c201c,metadata_incomplete_pending_review
collector-1435-v13-p494-3356565,extracted/collector-judgments-pdf/collector-1435-v13-p494-3356565.pdf,moj-judgments-1435-volume-13.pdf,7ca16fb42e311f8a31c49df44df80cd019b4b243e8b20a4bae75fca334298c20,494,498,5,4b86f4827d337df70b3c07d1dcd0f7497e3d88607c60aef15897e0d7c2673fb8,504988,اختصاص -نزع ملكية أرض -طلب إعادة تقدير التعويض -صدور حكم هنائي بشأنه -عدم اختصاص والئي -اختصاص القضاء اإلداري -رصف النظر.,,,3356565,,,الدائرة ( )...باملحكمة اإلدارية بمكة املكرمة ،وقد صدر ضده حكم ابتدائي ،كام أننا ندفع,fa1a2a7fc6cbe9af6f3c791940f602bfdd01226cfdea2af2dcb723b965ef8916,metadata_incomplete_pending_review
collector-1435-v13-p499-3462803,extracted/collector-judgments-pdf/collector-1435-v13-p499-3462803.pdf,moj-judgments-1435-volume-13.pdf,7ca16fb42e311f8a31c49df44df80cd019b4b243e8b20a4bae75fca334298c20,499,502,4,749c6963352e11b316033dec8a7066df227db90d7be07e850408d73ae8ee971c,493611,مصنعية -توريد مواد -عمل جتاري -عدم اختصاص اختصاص -عقد مقاولة -أعامل والئي -اختصاص القضاء التجاري -رصف النظر.,,,3462803,,,االستئناف بالدائرة احلقوقية اخلامسة يف حمكمة االستئناف بمنطقة مكة املكرمة,defb39d8ab5a01bf844d5dfc7262f04cc7c31153476298134e0ca306a6f2ed33,metadata_incomplete_pending_review
collector-1435-v13-p503-35145034,extracted/collector-judgments-pdf/collector-1435-v13-p503-35145034.pdf,moj-judgments-1435-volume-13.pdf,7ca16fb42e311f8a31c49df44df80cd019b4b243e8b20a4bae75fca334298c20,503,506,4,31265e0975728edc14a21b6a03c05bc0ef72d851554487f9569b40415d235e92,492882,اختصاص -عقد مقاولة -إنشاء مبنى -توريد املؤن -عمل جتاري -عدم اختصاص والئي -اختصاص القضاء التجاري -رصف النظر.,,,35145034,1425/4/4,الدائرة احلقوقية السابعة بمحكمة االستئناف يف منطقة مكة املكرمة االطالع عىل املعاملة,الدائرة احلقوقية السابعة بمحكمة االستئناف يف منطقة مكة املكرمة االطالع عىل املعاملة,3527491905fd1d353eb48a00955215751a7958dbebea4b770e039bded5233872,metadata_incomplete_pending_review
collector-1435-v13-p507-34130871,extracted/collector-judgments-pdf/collector-1435-v13-p507-34130871.pdf,moj-judgments-1435-volume-13.pdf,7ca16fb42e311f8a31c49df44df80cd019b4b243e8b20a4bae75fca334298c20,507,510,4,feca5d487afc6030938b14faabf45eb30224729989bda3804576ceba7a46b9b4,492319,اختصاص -أتعاب حماماة -نزاع بني حمامي وموكله -اختصاص ناظر الدعوى األصلية -نظرها لدى القضاء اإلداري -عدم اختصاص والئي -رصف النظر.,,,34130871,1434/03/18,بمحكمة االستئناف بالرياض عىل املعاملة الواردة من فضيلة رئيس املحكمة العامة بالرياض,احلمد هلل وحده وبعد ،فقد اطلعنا نحن قضاة الدائرة اخلامسة لتمييز القضايا احلقوقية,2722aff68b5ac12afc17c3905b68363dc1128d3728e9fd154aa2b00616ae7824,metadata_incomplete_pending_review
collector-1435-v13-p511-34138650,extracted/collector-judgments-pdf/collector-1435-v13-p511-34138650.pdf,moj-judgments-1435-volume-13.pdf,7ca16fb42e311f8a31c49df44df80cd019b4b243e8b20a4bae75fca334298c20,511,523,13,ed73764ddfad4bd8d31e6aea82d1286d4b3f281ca294f209eb377e551978abde,522541,اختصاص -إثبات رشاكة -طلب تعيني حارس قضائي -الطرفان رشكاء -تعلق الدعوى برشاكتهم - عدم اختصاص والئي -اختصاص القضاء التجاري -رصف النظر.,,,34138650,,الشخصية واإلهناءات بمحكمة االستئناف بالرياض عىل املعاملة الواردة من فضيلة رئيس,احلمد هلل وحده وبعد ،فقد اطلعنا نحن قضاة الدائرة الثانية املختصة بنظر قضايا األحوال,bb0787587c92120a2a4272738fa76bf7aa34bb745b92d2ce0c53741e5900f892,metadata_incomplete_pending_review
collector-1435-v13-p524-35219444,extracted/collector-judgments-pdf/collector-1435-v13-p524-35219444.pdf,moj-judgments-1435-volume-13.pdf,7ca16fb42e311f8a31c49df44df80cd019b4b243e8b20a4bae75fca334298c20,524,526,3,58f96b4e9692b8146732fedca05f502b98266a204004a7ca2ddffce9a5759e9e,489981,اختصاص -رشاكة -بناء وحدات سكنية -طلب فسخ عقد -عدم اختصاص والئي - اختصاص القضاء التجاري -رد الدعوى.,,,35219444,,,احلمد هلل وحده وبعد ،فقد اطلعنا نحن قضاة الدائرة احلقوقية األوىل بمحكمة,8365853378d4a2a327f119c884766731571dc78cb83cb71774771b988a1a6fe7,metadata_incomplete_pending_review
collector-1435-v13-p527-35104145,extracted/collector-judgments-pdf/collector-1435-v13-p527-35104145.pdf,moj-judgments-1435-volume-13.pdf,7ca16fb42e311f8a31c49df44df80cd019b4b243e8b20a4bae75fca334298c20,527,529,3,b259b6dfd4f44d90615c6b3aa6655def85161fc3095a72cde996c1d527bec538,490837,اختصاص -رشاكة -طلب نصيب يف رشكة -عدم اختصاص والئي -اختصاص القضاء التجاري -رصف النظر.,,,35104145,1423/11/17,,1435/5/8ه فقد جرى م نا نحن رئيس وأعضاء الدائرة احلقوقية األوىل يف حمكمة,71898b0062edd663c53568a3a562885ae609052e917ae33d8f921cf3c87a30c9,metadata_incomplete_pending_review
collector-1435-v13-p530-34256958,extracted/collector-judgments-pdf/collector-1435-v13-p530-34256958.pdf,moj-judgments-1435-volume-13.pdf,7ca16fb42e311f8a31c49df44df80cd019b4b243e8b20a4bae75fca334298c20,530,535,6,3df987fc0b8e5045a9524e67f0e046d6fdab3753a8e270e05f40d146f30cb0ac,500439,اختصاص -حماسبة مدير رشكة -إخالل بواجبات املدير - خيانة األمانة -دفع بعدم االختصاص -تفرع الدعوى عن نظام الرشكات -عدم اختصاص والئي -اختصاص القضاء التجاري -رصف النظر.,,,34256958,,,رئيس وعضوي الدائرة احلقوقية الثانية يف حمكمة االستئناف بمنطقة مكة املكرمة عىل الصك,022cbf77d982059eaedee408388b451a50e1c51eb3977b3bc2fc6896abff5a32,metadata_incomplete_pending_review
collector-1435-v13-p536-35234667,extracted/collector-judgments-pdf/collector-1435-v13-p536-35234667.pdf,moj-judgments-1435-volume-13.pdf,7ca16fb42e311f8a31c49df44df80cd019b4b243e8b20a4bae75fca334298c20,536,539,4,898dd82de300b571f87d8de47cdb7652e395d9ea65a67cb86f707b9c33e7f1c4,868033,اختصاص -تنفيذ حكم أجنبي -صدوره قبل نفاذ نظام التنفيذ -عدم رسيان النظام بأثر رجعي -عدم اختصاص والئي -اختصاص ديوان املظامل -رصف النظر.,,,35234667,,,الدائرة الثالثة لألحوال الشخصية واألوقاف والوصايا والقصار وبيوت املال بمحكمة,4972d2ab82605a7f9fd05a757c1142319196fd42a2f70ce8aa301a977627661f,metadata_incomplete_pending_review
collector-1435-v13-p540-3448086,extracted/collector-judgments-pdf/collector-1435-v13-p540-3448086.pdf,moj-judgments-1435-volume-13.pdf,7ca16fb42e311f8a31c49df44df80cd019b4b243e8b20a4bae75fca334298c20,540,542,3,e36b53b7939c02c37d955b65baec651dbc183d7224c0f9f3a15b276f01922a56,488961,اختصاص -عقد عمل -مطالبة برواتب -عدم اختصاص والئي -اختصاص هيئة تسوية اخلالفات العاملية -رصف النظر.,,,3448086,1428/2/6,,احلمد هلل وحده وبعد ،فقد اطلعت الدائرة احلقوقية الرابعة يف حمكمة االستئناف بالرياض,d48e9b6871a703a5c25ad8c54c5d60d6cd0049412285cd91390d02c75d0a6990,metadata_incomplete_pending_review
collector-1435-v13-p543-35140458,extracted/collector-judgments-pdf/collector-1435-v13-p543-35140458.pdf,moj-judgments-1435-volume-13.pdf,7ca16fb42e311f8a31c49df44df80cd019b4b243e8b20a4bae75fca334298c20,543,547,5,d8a875e7e4f97ae14e8148994cf55c22e9748abcd20fd632f5793e9b8d629f66,1244336,اختصاص -عقد عمل -مستحقات مالية -عدم اختصاص والئي -اختصاص هيئة تسوية اخلالفات العاملية -رصف النظر.,,,35140458,1428/12/06,,احلمد هلل والصالة والسالم عىل رسول اهلل وبعد ،فقد جرى م نا نحن قضاة الدائرة,007a523d5df9adad401799db3d3ae96a28da8cfd6274f44599124b3277f8adda,metadata_incomplete_pending_review
collector-1435-v13-p548-34181612,extracted/collector-judgments-pdf/collector-1435-v13-p548-34181612.pdf,moj-judgments-1435-volume-13.pdf,7ca16fb42e311f8a31c49df44df80cd019b4b243e8b20a4bae75fca334298c20,548,553,6,5920445e3d3fba8e3a30434e0e0380e6d3bde448f74f98a746e738f8e772e587,1215582,اختصاص -حادث سري -تلفيات وإصابات -مطالبة رشكة التأمني -منازعة ناشئة عن وثيقة تأمني -عدم اختصاص والئي -اختصاص جلنة الفصل يف املنازعات التأمينية -,,,34181612,,السادسة بمحكمة االستئناف بمكة املكرمة ،جرى منا االطالع عىل املعاملة الواردة إىل,احلمد هلل وحده والصالة والسالم عىل من ال نبي بعده وبعد ،فنحن قضاة الدائرة اجلزائية,3a7f89858559d9036b0d7796aa2739de5db28e44e5d50603f08aaca505c4191d,metadata_incomplete_pending_review
collector-1435-v13-p554-34206945,extracted/collector-judgments-pdf/collector-1435-v13-p554-34206945.pdf,moj-judgments-1435-volume-13.pdf,7ca16fb42e311f8a31c49df44df80cd019b4b243e8b20a4bae75fca334298c20,554,563,10,a59f12e9a84d0de02b04669b31e41695bf3e46a93c9f747a85f9c33c2d7fe26f,1237605,اختصاص -تعويض -إقامة مسار للتيار الكهربائي -منع االنتفاع بالعقار -طلب أجرة املثل -نزاع ناشئ عن صناعة الكهرباء -عدم اختصاص والئي -اختصاص جلنة فض منازعات صناعة الكهرباء -رد الدعوى.,,,34206945,,نحن قضاة الدائرة احلقوقية األوىل بمحكمة االستئناف بمنطقة القصيم عىل املعاملة الواردة,342360125وتاريخ 1434/11/18ه مرفقا به قرار الدائرة احلقوقية األوىل,36244364e7f246f79fef85024980c2016313bb21dd7c97b99a5f7d36993e5fcd,metadata_incomplete_pending_review
collector-1435-v13-p564-34299591,extracted/collector-judgments-pdf/collector-1435-v13-p564-34299591.pdf,moj-judgments-1435-volume-13.pdf,7ca16fb42e311f8a31c49df44df80cd019b4b243e8b20a4bae75fca334298c20,564,569,6,df5da49868846afc2bc3a85c028cdc28beb71fbc4fb4d07601542044dd355091,1223407,اختصاص -تعويض -تلفيات سيارة -إجارة منتهية بالتمليك -رشكة مرصفية -نزاع مع عميل -عدم اختصاص والئي -اختصاص جلنة تسوية املنازعات املرصفية -رصف,,,34299591,1409/9/2,الدائرة احلقوقية السابعة بمحكمة االستئناف يف منطقة مكة املكرمة,الدائرة احلقوقية السابعة بمحكمة االستئناف يف منطقة مكة املكرمة,5c290148313ba039a8acdbdb49acf2effac0e24d3b60d08c63a2dae7aa112d97,metadata_incomplete_pending_review
collector-1435-v13-p570-353304,extracted/collector-judgments-pdf/collector-1435-v13-p570-353304.pdf,moj-judgments-1435-volume-13.pdf,7ca16fb42e311f8a31c49df44df80cd019b4b243e8b20a4bae75fca334298c20,570,573,4,b2f4133ede0f71f1ebe53181da0252a140782bed2b2bc5dba54299bc07455b32,862424,اختصاص -تعويض عن رضر -قضية إعالمية -عدم اختصاص والئي -اختصاص جلنة املخالفة اإلعالمية -رصف النظر.,,,353304,1432/05/25,االستئناف بالدائرة احلقوقية الثالثة بمحكمة االستئناف بمنطقة مكة املكرمة االطالع عىل,االستئناف بالدائرة احلقوقية الثالثة بمحكمة االستئناف بمنطقة مكة املكرمة االطالع عىل,d484a16a79dd23715b7d629ff7109da2d9c1d49f1ac689b50a591e56d6ecee70,metadata_incomplete_pending_review
collector-1435-v13-p574-34386718,extracted/collector-judgments-pdf/collector-1435-v13-p574-34386718.pdf,moj-judgments-1435-volume-13.pdf,7ca16fb42e311f8a31c49df44df80cd019b4b243e8b20a4bae75fca334298c20,574,578,5,5537c2dac5f88da991ded89518c0198b473a55c33975adb8543b24395024cbf8,503366,اختصاص -هبة -عقار مقبوض -وفاة الواهب -طلب نقل ملكيته -مطالبة مصفي الرتكة -دفع املصفي بعدم االختصاص -سبق صدور حكم - قسمة تركة وتعيني مصف - دعوى ناشئة عنه -اختصاص مصدر احلكم - حتقق التدافع -رصف النظر.,,,34386718,,الدائرة احلقوقية السابعة بمحكمة االستئناف يف منطقة مكة املكرمة االطالع عىل املعاملة,الدائرة احلقوقية السابعة بمحكمة االستئناف يف منطقة مكة املكرمة االطالع عىل املعاملة,fbb465f493a5ff6ea37d79453f9a0abca01ae9545d99b45fe3807302247fb2b4,metadata_incomplete_pending_review
collector-1435-v13-p579-3553364,extracted/collector-judgments-pdf/collector-1435-v13-p579-3553364.pdf,moj-judgments-1435-volume-13.pdf,7ca16fb42e311f8a31c49df44df80cd019b4b243e8b20a4bae75fca334298c20,579,581,3,8388191f9b4215d1b41ba2024b8c8d2fe22ea892d66d711d3745194d593608ee,487769,اختصاص -تعديل وتكميل حجة استحكام -اختصاص مصدر الصك أو خلفه - حتقق التدافع -عدم اختصاص نوعي -رصف النظر.,,,3553364,,,نفس املحكمة ،فتم بعث الطلب إليها بحكم االختصاص إال أن قايض الدائرة رأى عدم,53794fb527a54d2b00f018d70e01af132b9de6ef8e3744bff85aae63e2cb35f1,metadata_incomplete_pending_review
collector-1435-v13-p582-35339371,extracted/collector-judgments-pdf/collector-1435-v13-p582-35339371.pdf,moj-judgments-1435-volume-13.pdf,7ca16fb42e311f8a31c49df44df80cd019b4b243e8b20a4bae75fca334298c20,582,585,4,11130137a8344ff038adc339db05f951f07f3ee162b67b380ccc0c61f62f097c,490657,اختصاص -سبق إقامة دعوى كيدية -عدم صحتها -رصف النظر عنها -طلب تعزير املدعي -اختصاص ناظر الدعوى األصلية -حتقق التدافع -عدم اختصاص نوعي -,,,35339371,,,أو الكيدية ختتص به الدائرة ناظرة الدعوى األصلية ،وألنه قد حتقق تدافع االختصاص بني,d45e37bc3d114be399c578c0a142bd915e4d5017d6121a75ee14face530fb3f1,metadata_incomplete_pending_review
collector-1435-v13-p586-3521071,extracted/collector-judgments-pdf/collector-1435-v13-p586-3521071.pdf,moj-judgments-1435-volume-13.pdf,7ca16fb42e311f8a31c49df44df80cd019b4b243e8b20a4bae75fca334298c20,586,589,4,dc43db38745b69502d7f71b8bb220f8545e5a10ef91e133ce400352277916f5c,492321,اختصاص -إقامة ناظر وقف -حكم سابق بإقامة ناظر - تأقيت مدة النظارة -انتهاؤها - طلب إقامة ناظر جديد -عدم ارتباطه باحلكم السابق -عدم اختصاص مصدره -حتقق التدافع -رصف النظر.,,,3521071,1432/10/9,,ا.ه .فجرى إحالتها حسب التوزيع لفضيلة قايض الدائرة اإلهنائية ( )...هبذه املحكمة,7e7a53ec67fb68126924fb1e5b94b1bf292087af20f13de3c448e4d65774c01e,metadata_incomplete_pending_review
collector-1435-v13-p590-34462803,extracted/collector-judgments-pdf/collector-1435-v13-p590-34462803.pdf,moj-judgments-1435-volume-13.pdf,7ca16fb42e311f8a31c49df44df80cd019b4b243e8b20a4bae75fca334298c20,590,594,5,05779b918296128252dd684830f333249131333a42f0f617ead8a1fbf7c3883c,494524,اختصاص -دعوى إعسار -سند تنفيذي -صدوره قبل نفاذ نظام التنفيذ -اختصاص قايض املوضوع -عدم اختصاص قايض التنفيذ -حتقق التدافع -رصف النظر.,,,34462803,1434/04/17,,احلمد هلل وحده ،والصالة والسالم عىل رسول اهلل ،وبعد :نحن قضا ة االستئناف بالدائرة,59eeb03dcc125082e256dcd5059873c6c5453fb7107c212e638bad3634f175c7,metadata_incomplete_pending_review
collector-1435-v13-p595-356178,extracted/collector-judgments-pdf/collector-1435-v13-p595-356178.pdf,moj-judgments-1435-volume-13.pdf,7ca16fb42e311f8a31c49df44df80cd019b4b243e8b20a4bae75fca334298c20,595,599,5,bdd136e690c905909109f2500efab1400b94093f911de71c6d8b6b1cd183bf5c,1177646,اختصاص -منازعة تنفيذ -شيك -تعليق الوفاء به عىل رشط -عدم استيفاء رشوط صحة الشيك -قرار سابق بتنفيذه -إلغاء قرار التنفيذ -عدم اختصاص نوعي -اختصاص,,,356178,,,رئيس وعضوي الدائرة احلقوقية الرابعة يف حمكمة االستئناف بمنطقة مكة املكرمة عىل القرار,44d87297e93ba74d3da33ac55db0807ef2f0983eafad9c4326bd4671eb2ecf98,metadata_incomplete_pending_review
collector-1435-v13-p600-33386067,extracted/collector-judgments-pdf/collector-1435-v13-p600-33386067.pdf,moj-judgments-1435-volume-13.pdf,7ca16fb42e311f8a31c49df44df80cd019b4b243e8b20a4bae75fca334298c20,600,602,3,b5c9ec76962b5d8f73b8b726b7a2feee4ac2dcb6a72bb941e14a0f6a2a420ea3,487811,اختصاص -كفالة باملال -رشط يف العقد -إقامة الدعوى يف بلد املدعي -موافقة املكفول - عدم لزوم الرشط للكفيل -عدم اختصاص مكاين -رصف النظر.,,,33386067,,,احلمد هلل وحده ،والصالة والسالم عىل رسول اهلل أما بعد ،فقد اطلعنا نحن قضاة الدائرة,880bb8d847fcbb262c5820a440cbb0af75fe7836bf24ce02f1f05633dc3ec741,metadata_incomplete_pending_review
collector-1435-v13-p603-34229458,extracted/collector-judgments-pdf/collector-1435-v13-p603-34229458.pdf,moj-judgments-1435-volume-13.pdf,7ca16fb42e311f8a31c49df44df80cd019b4b243e8b20a4bae75fca334298c20,603,605,3,17a74b4df40837aa97fc8bf5ca16b1d18d1deff40a7fb3722027d401ef245ece,488554,اختصاص -جعالة -طلب عمولة حتصيل -دفع بعدم االختصاص املكاين -إبداؤه قبل أي دفاع يف الدعوى -رصف النظر.,,,34229458,1434/5/19,,نحن قضاة الدائرة احلقوقية األوىل يف حمكمة االستئناف باملنطقة الرشقية عىل املعاملة الواردة,67558341d256c438e2bb07bd4fd1a698e80463efc032a27cf0aa9fe73b80351e,metadata_incomplete_pending_review
collector-1435-v13-p606-35360290,extracted/collector-judgments-pdf/collector-1435-v13-p606-35360290.pdf,moj-judgments-1435-volume-13.pdf,7ca16fb42e311f8a31c49df44df80cd019b4b243e8b20a4bae75fca334298c20,606,618,13,9da82a15ed3f86c454c31088638f6fdb9b519ce7be7789ad830f962b61d8587b,911468,اختصاص -معارضة عىل إهناء -اكتسابه الصفة القطعية -عزل ناظر وقف -إقامته خارج االختصاص املكاين -دعوى مستقلة عن اإلهناء -اختصاص حمكمة بلد املدعى عليه -رصف النظر.,,,35360290,,,رئيس وعضوي الدائرة احلقوقية الرابعة يف حمكمة االستئناف بمنطقة مكة املكرمة عىل,ceb5447fa53e6fe5112a939b3476f6669be5bb396528433b85d45d4fb2e0fbff,metadata_incomplete_pending_review
collector-1435-v13-p619-586113,extracted/collector-judgments-pdf/collector-1435-v13-p619-586113.pdf,moj-judgments-1435-volume-13.pdf,7ca16fb42e311f8a31c49df44df80cd019b4b243e8b20a4bae75fca334298c20,619,630,12,284de88164cf9afcf0329a25341d87c3dcdfa49bf334c1ca785901e18db202e2,1761699,595113 1151 617835 سند غري تنفيذي -شيك معلق عىل رشط االختصاص املكاين 600113 1152 33386067 مطالبة كفيل خارج حمل إقامته 603113 1153 34229458 مطالبة بعموالت حتصيل ديون ضد مرصف 606113 1154 35360290 عزل ناظر وقف,,586113,,,,574113 1146 34386718 اختصاص الدائرة القضائية مصدرة احلكم,5eaabd5b4938f70f0a3d21f0ab061baf94e29cab236a6ec753c9931662897f21,metadata_incomplete_pending_review
collector-1435-v2-p6-6261,extracted/collector-judgments-pdf/collector-1435-v2-p6-6261.pdf,moj-judgments-1435-volume-2.pdf,f279f188cad83c6cab8d207be5c7536be794707999cbd4ec3a440b0c90c91e7a,6,12,7,c07203c8b7def29549acef0ca2d1dee66854b0b4679f3fcfa3803f79e77ffd82,503424,إتالف مال الغري -تسبب يف حريق -طلب قيمة املتلف -إنكار التسبب -دفع بترضر الطرفني -شهادة غري موصلة -وقوف عىل حمل النزاع -حمرض معاينة -تقرير احلادث - سبب حمتمل -رصف النظر.,,,6261,,,1435/4/19ه فقد جرى م نا نحن -رئيس وأعضاء الدائرة احلقوقية األوىل يف,592495d8cdc88443733c7c1c69ef186eb512e26d3612089cbbce0dd5948c0ba8,metadata_incomplete_pending_review
collector-1435-v2-p13-32522401,extracted/collector-judgments-pdf/collector-1435-v2-p13-32522401.pdf,moj-judgments-1435-volume-2.pdf,f279f188cad83c6cab8d207be5c7536be794707999cbd4ec3a440b0c90c91e7a,13,17,5,041310a3e5c5bedac3095a8901b3a16ee20c3705785d03d41aaf6b9509590b62,491658,إتالف مال الغري -رخام جرانيت -طلب قيمة املتلف -إنكار الدعوى -شهادة شاهد عدل -يمني املدعي -حكم حضوري -إلزام بدفع القيمة.,,,32522401,,,احلمد هلل ،والصالة والسالم عىل رسول اهلل وبعد ،فقد جرى م نا نحن -قضاة الدائرة,9929cfc859c56267b58b9dd42e14156400582613f26ee1f6cfcc55f909b4c300,metadata_incomplete_pending_review
collector-1435-v2-p18-33510284,extracted/collector-judgments-pdf/collector-1435-v2-p18-33510284.pdf,moj-judgments-1435-volume-2.pdf,f279f188cad83c6cab8d207be5c7536be794707999cbd4ec3a440b0c90c91e7a,18,20,3,bafa6f59f9bf49ec9203754e2c1ec0ded58371d3e6770373b4ae60260b995195,482926,إتالف مال الغري -رسقة سيارة -حادث سري -إدانة بكامل املسؤولية - طلب األرش - إقرار باحلادث -دفع برشاء السيارة -عدم إثباته -رفض يمني املدعي -الضامن يلزم املبارش -استعانة بخبري -تقدير األرش -إلزام بدفعه.,,,33510284,,بمحكمة االستئناف بالرياض -عىل املعاملة الواردة من فضيلة رئيس املحكمة اجلزائية,احلمد هلل وحده وبعد ،فقد اطلعنا نحن -قضاة الدائرة الثانية لتمييز القضايا اجلزائية,8fda304ae9d505cd091b6e3922512d8d1e2c66b0df1e0a139db66592f3c19aef,metadata_incomplete_pending_review
collector-1435-v2-p21-3457291,extracted/collector-judgments-pdf/collector-1435-v2-p21-3457291.pdf,moj-judgments-1435-volume-2.pdf,f279f188cad83c6cab8d207be5c7536be794707999cbd4ec3a440b0c90c91e7a,21,25,5,c470d36f2f85f37223da6c58c7e21cb0e16dff35c80dd072d765b6568d397c49,487745,إتالف مال الغري -حادث سري -صدم سيارة متوقفة -طلب األرش -إنكار التسبب - تقرير امل��رور -إدانة بكامل املسؤولية -اختالف املقومني -األخذ باألقل -حكم حضوري -إلزام بدفع األرش.,,,3457291,,اجلزائية بمحكمة االستئناف بمنطقة القصيم -عىل املعاملة الواردة من فضيلة رئيس املحكمة,احلمد هلل وحده وبعد ،فقد اطلعنا نحن -قضاة الدائرة الثانية لتدقيق القضايا,6982fe31193d13124663272749c570478d077da3a8942fab0982ec4575bb87a4,metadata_incomplete_pending_review
collector-1435-v2-p26-34148754,extracted/collector-judgments-pdf/collector-1435-v2-p26-34148754.pdf,moj-judgments-1435-volume-2.pdf,f279f188cad83c6cab8d207be5c7536be794707999cbd4ec3a440b0c90c91e7a,26,29,4,87003be84fdc776936cf97c3ff7eaa5e651920c3e821bcaa0a4fff906829c7fa,486199,إتالف مال الغري -حادث سري -طلب األرش -وثيقة ملكية مركبة -تقرير املرور - إدانة بكامل املسؤولية -اعرتاض عىل اإلدانة -رفض االعرتاض -استعانة بخبري -تقدير األرش -إلزام بدفعه.,,,34148754,,,احلمد هلل وحده ،أما بعد فقد اطلعنا نحن -قضاة الدائرة احلقوقية الثانية يف حمكمة,fd5d4c22eb1421e8d581dabfa65e17074dae900a2171a0f38f8c16b4d0f68a60,metadata_incomplete_pending_review
collector-1435-v2-p30-34133192,extracted/collector-judgments-pdf/collector-1435-v2-p30-34133192.pdf,moj-judgments-1435-volume-2.pdf,f279f188cad83c6cab8d207be5c7536be794707999cbd4ec3a440b0c90c91e7a,30,33,4,b59dcadf537011858136852af4292f2e2f21af1e14caa9ed9fa677a3d069f3b0,486316,إتالف مال الغري -حادث سري -طلب األرش -وثيقة ملكية مركبة -تقرير املرور - عكس السري -إدانة بكامل املسؤولية -استعانة بخبري -تقدير األرش -اعرتاض عليه - رفض االعرتاض -إلزام بدفع األرش.,,,34133192,,اجلزائية السادسة بمحكمة االستئناف بمكة املكرمة -جرى منا االطالع عىل املعاملة الواردة,بقرار الدائرة اجلزائية السادسة برقم 34316095وتاريخ 1434/09/09ه ،وبدراسة,c036455658fbd57240b39515f3baf76ad666d3eeafa014e2fd7637c6942c76c4,metadata_incomplete_pending_review
collector-1435-v2-p34-3511292,extracted/collector-judgments-pdf/collector-1435-v2-p34-3511292.pdf,moj-judgments-1435-volume-2.pdf,f279f188cad83c6cab8d207be5c7536be794707999cbd4ec3a440b0c90c91e7a,34,40,7,a32390802cf9e6eb8672d9e82fbc0843e0c194403f77081cb61f7bc3ac0e2626,495868,إتالف مال الغري -حادث سري -اصطدام سيارتني -طلب األرش -إنكار صفة احلادث -تقرير املرور -إدانة بكامل املسؤولية -اعرتاض عليه -إعادة التحقيق -تقدير األرش -األخذ باألقل -حكم حضوري -إلزام بدفع األرش.,,,3511292,,القضايا اجلزائية بمحكمة االستئناف بمنطقة القصيم -عىل املعاملة الواردة من فضيلة,احلمد هلل وحده وبعد ،فقد اطلعنا نحن -قضاة الدائرة الثانية لتدقيق,1fe4949cca65dd2170fbc7120be45af5b4d7bcb70b16331eb68a8cfe27772582,metadata_incomplete_pending_review
collector-1435-v2-p41-3522626,extracted/collector-judgments-pdf/collector-1435-v2-p41-3522626.pdf,moj-judgments-1435-volume-2.pdf,f279f188cad83c6cab8d207be5c7536be794707999cbd4ec3a440b0c90c91e7a,41,43,3,73f69047ec13037aa951a21a6417409618f0f8d018c7581ed5c36dac8c7e4e85,483352,إتالف مال الغري -حادث سري -صدم سيارة متوقفة -طلب األرش -تقرير املرور - إدانة بكامل املسؤولية -استعانة بخبري -تقدير األرش -اعرتاض عليه -األخذ بالتقدير األقل -إلزام بدفع األرش.,,,3522626,,,نحن -قضاة الدائرة احلقوقية األوىل يف حمكمة االستئناف باملنطقة الرشقية -عىل املعاملة,4df99cbb49c9db94cf0a4816b2e20ebd7810502fde02c14d76f535546be008f6,metadata_incomplete_pending_review
collector-1435-v2-p44-3569119,extracted/collector-judgments-pdf/collector-1435-v2-p44-3569119.pdf,moj-judgments-1435-volume-2.pdf,f279f188cad83c6cab8d207be5c7536be794707999cbd4ec3a440b0c90c91e7a,44,48,5,617286d794bc01c914a8146156fc41936bc8e0186e44cc00c08a1fab586a939e,487959,إتالف مال الغري -حادث سري -شاحنة متعطلة -ترسيب زيت منها -تسببه يف انزالق سيارة -طلب األرش -تقرير املرور -إدانة بكامل املسؤولية -اعرتاض عىل اإلدانة - رفض االعرتاض -تقدير األرش -إلزام بدفعه.,,,3569119,,,قضاة الدائرة اجلزائية األوىل ذو الرقم 35273645والتاريخ 1435/06/10ه ،وجاء,8f307086a2c3443f040f7fb161355ea961fa53241de7177b47ac646df9fca7d2,metadata_incomplete_pending_review
collector-1435-v2-p49-3457350,extracted/collector-judgments-pdf/collector-1435-v2-p49-3457350.pdf,moj-judgments-1435-volume-2.pdf,f279f188cad83c6cab8d207be5c7536be794707999cbd4ec3a440b0c90c91e7a,49,52,4,9dce2189c3bcc975b864555771bd6521cbec83c549db50b343a6a056a0c6e75a,485245,إتالف مال الغري -حادث سري -أعامل حفر - طلب أرش إصابة -أرش سيارة - عدم وسائل السالمة -تفريط املدعى عليها -استعانة بخبري -مقدر الشجاج -تقدير األروش - إلزام بدفعها.,,,3457350,,الدائرة اجلزائية السابعة بمحكمة االستئناف يف منطقة مكة املكرمة -االطالع عىل املعاملة,الدائرة اجلزائية السابعة بمحكمة االستئناف يف منطقة مكة املكرمة -االطالع عىل املعاملة,3b361ec38e42937066bd305565751b33856752e5f729396e390887f1c46deb74,metadata_incomplete_pending_review
collector-1435-v2-p53-34107974,extracted/collector-judgments-pdf/collector-1435-v2-p53-34107974.pdf,moj-judgments-1435-volume-2.pdf,f279f188cad83c6cab8d207be5c7536be794707999cbd4ec3a440b0c90c91e7a,53,57,5,e6ca4cd8de0f28f08d1eb87e6636ab5df6da06051c1e65694c237b1598565e83,488880,إتالف مال الغري -حادث سري -اصطدام بمصدات خرسانية -فقد وسائل السالمة - طلب األرش -وثيقة ملكية مركبة -تقرير املرور -إدانة بكامل املسؤولية -استعانة بخبري -تقدير األرش -إلزام بدفعه.,,,34107974,,,احلمد هلل وحده ،أما بعد فقد اطلعنا نحن -قضاة الدائرة احلقوقية الثانية يف حمكمة,9457a171e0021f4ac36dc3b048377a9b912ee9adf487a589732581049ec7ffa8,metadata_incomplete_pending_review
collector-1435-v2-p58-34132807,extracted/collector-judgments-pdf/collector-1435-v2-p58-34132807.pdf,moj-judgments-1435-volume-2.pdf,f279f188cad83c6cab8d207be5c7536be794707999cbd4ec3a440b0c90c91e7a,58,62,5,956917f3e3249863d932f1a5b43a84207cebf1557a8354e8587c1de571d66515,490267,إتالف مال الغري -حادث سري -اصطدام بإبل سائبة -وقوع احلادث ليال -طلب األرش -تقرير املرور -إدانة بكامل املسئولية -اعرتاض عىل اإلدانة -رفض يمني املدعي - األخذ بالتقدير األقل -إلزام بدفع األرش.,,,34132807,,بمحكمة االستئناف بمنطقة القصيم -عىل املعاملة الواردة من فضيلة رئيس املحكمة العامة,االستئناف ( )...ختمه وتوقيعه وقايض االستئناف ( )...ختمه وتوقيعه رئيس الدائرة ()...,b61e5a3b92e186522530182d7b38752cb21cd4d148e3efcb520d0b34c5f35370,metadata_incomplete_pending_review
collector-1435-v2-p63-34282391,extracted/collector-judgments-pdf/collector-1435-v2-p63-34282391.pdf,moj-judgments-1435-volume-2.pdf,f279f188cad83c6cab8d207be5c7536be794707999cbd4ec3a440b0c90c91e7a,63,66,4,bab99120830e1572427de741c440d418468c92a59bcb34be0b2c8a57b868bbe2,486804,إتالف مال الغري -حادث سري -اصطدام بإبل سائبة -وقوع احلادث ليال -طلب األرش -تقرير املرور -إدانة بكامل املسئولية -تقدير األرش -إلزام بدفعه.,,,34282391,,بمحكمة االستئناف بمنطقة عسري -عىل املعاملة الواردة من فضيلة رئيس املحكمة العامة,احلمد هلل وحده وبعد ،فقد اطلعنا نحن -قضاة الدائرة الرابعة لتدقيق القضايا اجلزائية,b8506bd34c04a0cca3516248a174945a9d262446e2745d34708080fea63c8010,metadata_incomplete_pending_review
collector-1435-v2-p67-34101662,extracted/collector-judgments-pdf/collector-1435-v2-p67-34101662.pdf,moj-judgments-1435-volume-2.pdf,f279f188cad83c6cab8d207be5c7536be794707999cbd4ec3a440b0c90c91e7a,67,70,4,8164196e4ad44bbc21ccf2004ac4337a70107d1653195b3957bf8c85f75c1105,485882,إتالف مال الغري -إحراق سيارة -طلب األرش -إنكار الدعوى -حكم سابق -عدم إدانة للحق العام -رفض يمني النفي -رصف النظر.,,,34101662,,,الدائرة اجلزائية السابعة يف حمكمة االستئناف بمنطقة مكة املكرمة -االطالع عىل املعاملة,f315c1af5f9588ed24ffbcaebcffa94407e34f9301511762465d844085b0c347,metadata_incomplete_pending_review
collector-1435-v2-p71-3435688,extracted/collector-judgments-pdf/collector-1435-v2-p71-3435688.pdf,moj-judgments-1435-volume-2.pdf,f279f188cad83c6cab8d207be5c7536be794707999cbd4ec3a440b0c90c91e7a,71,74,4,16487291b7f4311b4c039c32714a29043e8dccbcab2bb81dd87af8e0e73a053a,486124,إتالف مال الغري -إحراق سيارتني ومنزل -طلب قيمة املتلف -إنكار الدعوى -عدم البينة -يمني املدعى عليهام -سيارة حكومية -اشرتاط التفويض من اجلهة -رد الدعوى.,,,3435688,,,الدائرة اجلزائية األوىل يف حمكمة االستئناف بمنطقة مكة املكرمة -االطالع عىل املعاملة,071957ca252b16e46c27eb6c33606b11a3a54d9c8006179f242bf2c4e738f4b7,metadata_incomplete_pending_review
collector-1435-v2-p75-34308972,extracted/collector-judgments-pdf/collector-1435-v2-p75-34308972.pdf,moj-judgments-1435-volume-2.pdf,f279f188cad83c6cab8d207be5c7536be794707999cbd4ec3a440b0c90c91e7a,75,79,5,2aaed775ff6bf83be8a4d30f9a825c57fd762d27ccbe89b1330f1548adcad71f,488780,إتالف مال الغري -حادث سري -اصطدام بكومة خرسانة -طلب األرش -تقرير املرور -إدانة بجزء من املسؤولية -اجتامع املتسبب واملبارش -تقديم املبارش -فعل غري مأذون به رشع ا -إلزام بدفع جزء من األرش .,,,34308972,,احلقوقية بمحكمة االستئناف بمنطقة حائل -عىل املعاملة الواردة من فضيلة رئيس املحكمة,احلمد هلل وحده وبعد ،فقد اطلعنا نحن -قضاة الدائرة احلقوقية األوىل لتدقيق القضايا,d794a1b7e12485c3eee3f3226e687d99759d69f56c8ca2087cffca94ab7f664b,metadata_incomplete_pending_review
collector-1435-v2-p80-34350280,extracted/collector-judgments-pdf/collector-1435-v2-p80-34350280.pdf,moj-judgments-1435-volume-2.pdf,f279f188cad83c6cab8d207be5c7536be794707999cbd4ec3a440b0c90c91e7a,80,84,5,2b3dbb998fdbc45d006109115811739af0d4ac7c771d86662e778313c0bde880,489063,إتالف مال الغري -حادث سري -حفرة وسط الطريق -اصطدام بسببها -طلب األرش -تقرير املرور -إمهال وسائل السالمة -إدانة بجزء من نسبة اخلطأ -رأى اخلبري ال يقيد املحكمة -اشرتاك يف الضامن مناصفة -تقدير األرش -إلزام بدفع نصفه.,,,34350280,,بمحكمة االستئناف بمنطقة عسري -عىل املعاملة الواردة من فضيلة رئيس املحكمة العامة,احلمد هلل وحده وبعد ،فقد اطلعنا نحن -قضاة الدائرة األوىل لتدقيق القضايا اجلزائية,1b0dacb27217d454e75c16ec1f9de8f3f1ae2b1886016ad246ce1e1e7f611794,metadata_incomplete_pending_review
collector-1435-v2-p85-34383480,extracted/collector-judgments-pdf/collector-1435-v2-p85-34383480.pdf,moj-judgments-1435-volume-2.pdf,f279f188cad83c6cab8d207be5c7536be794707999cbd4ec3a440b0c90c91e7a,85,88,4,07ce0614ebea65f99af279968aa68318d5973596c7961fbdcd679af72d6280f5,486850,إتالف مال الغري -أعامل حفر - اهندام سور منزل -طلب قيمة إصالحه -حمرض الدفاع املدين -تقرير هنديس -تقدير قيمة اإلصالح -تبليغ شخيص -سامع الدعوى غيابيا - حكم حضوري -ثبوت الدعوى -إلزام بدفع القيمة.,,,34383480,,الدائرة احلقوقية السابعة بمحكمة االستئناف يف منطقة مكة املكرمة,الدائرة احلقوقية السابعة بمحكمة االستئناف يف منطقة مكة املكرمة,462c088a8dad9a3ab28ba1171256590e1a59b4c0061257f4266e47ca98d51715,metadata_incomplete_pending_review
collector-1435-v2-p89-33501245,extracted/collector-judgments-pdf/collector-1435-v2-p89-33501245.pdf,moj-judgments-1435-volume-2.pdf,f279f188cad83c6cab8d207be5c7536be794707999cbd4ec3a440b0c90c91e7a,89,92,4,3d3fb76736936d1eef2da2ab5ca9c3eb10aaafb66433ac0c1ff2c18dffa7e417,486170,تعويض -سجن -هتمة رسقة -إنكار االهتام -ملف التحقيق -بالغ إخالء مسؤولية - عدم البينة -طلب جتديد اإلقامة -عدم اختصاص -رد الدعوى.,,,33501245,,,االستئناف بالدائرة احلقوقية اخلامسة يف حمكمة االستئناف بمنطقة مكة املكرمة,c869c4c77d1c6a23226a6e8de18a1d2ba9508ac779210263a727284b8b1bbf60,metadata_incomplete_pending_review
collector-1435-v2-p93-34500310,extracted/collector-judgments-pdf/collector-1435-v2-p93-34500310.pdf,moj-judgments-1435-volume-2.pdf,f279f188cad83c6cab8d207be5c7536be794707999cbd4ec3a440b0c90c91e7a,93,95,3,4ed0710d9159927230a8b41e0b415e8bbd47518909a067fe95647741c58609e7,482905,تعويض -شكوى عاملية -كيدية -صدور قرار بر دها -إنكار الكيدية -الشكوى ردت للتقادم -عدم ثبوت الكيدية -رصف النظر .,,,34500310,,اجلزائية السابعة بمحكمة االستئناف يف منطقة مكة املكرمة االطالع عىل املعاملة الواردة,احلمد هلل والصالة والسالم عىل من النبي بعده وبعد ،فقد جرى منا نحن قضاة الدائرة,19c93959ce492322551b93cf6d89ef6268b5807608398f15b877c7054947b305,metadata_incomplete_pending_review
collector-1435-v2-p96-33581832,extracted/collector-judgments-pdf/collector-1435-v2-p96-33581832.pdf,moj-judgments-1435-volume-2.pdf,f279f188cad83c6cab8d207be5c7536be794707999cbd4ec3a440b0c90c91e7a,96,99,4,a51058ff019bdb06ea6df5f7435bdce96d4b47ef507de6c9284bb5aad07ffe8c,484612,تعويض -مرصوفات دعوى -كيدية -رصف النظر عنها -حكم هنائي -دفع بصحة الدعوى -عدم ثبوت كذهبا -رصف النظر.,,,33581832,,,احلمد هلل وحده أما بعد ،فقد اطلعنا نحن قضاة الدائرة احلقوقية الثانية يف حمكمة,7080aa5902d432b8a56101355b6268f5df2db71e4c18e818e6ab7c160dce779b,metadata_incomplete_pending_review
collector-1435-v2-p100-34267771,extracted/collector-judgments-pdf/collector-1435-v2-p100-34267771.pdf,moj-judgments-1435-volume-2.pdf,f279f188cad83c6cab8d207be5c7536be794707999cbd4ec3a440b0c90c91e7a,100,102,3,0267f2bb3823a05b0bbed292be4fa0da51605715b5e21e8f45b267607af75d11,483197,تعويض -رضر جسدي -عدم البينة -رفض يمني املدعى عليه -رد الدعوى. عدم وجود البينة.,,,34267771,1434/06/11,,الدائرة اجلزائية األوىل يف حمكمة االستئناف بمنطقة مكة املكرمة االطالع عىل املعاملة,25f21a7798e94da0106abc738f33125a0af31fc5dab5f146e6f2d04b3ff1e2e9,metadata_incomplete_pending_review
collector-1435-v2-p103-3551928,extracted/collector-judgments-pdf/collector-1435-v2-p103-3551928.pdf,moj-judgments-1435-volume-2.pdf,f279f188cad83c6cab8d207be5c7536be794707999cbd4ec3a440b0c90c91e7a,103,105,3,f8f2fcd005826169666ad2045403bb8b1207f6fb796c3f820ac1dafa33700961,482098,تعويض -رضر نفيس -معاكسة -إرسال صور فاضحة -عدم جواز التعويض عن ذلك -رد الدعوى.,,,3551928,1435/01/23,,نحن قضاة الدائرة احلقوقية األوىل يف حمكمة االستئناف باملنطقة الرشقية عىل املعاملة,0fb8780346640a986ff0186a2e09f99a7287756c8ad08fffb9bca9e96dbc7dbb,metadata_incomplete_pending_review
collector-1435-v2-p106-35242189,extracted/collector-judgments-pdf/collector-1435-v2-p106-35242189.pdf,moj-judgments-1435-volume-2.pdf,f279f188cad83c6cab8d207be5c7536be794707999cbd4ec3a440b0c90c91e7a,106,109,4,f69e2c6ce2bc840fbcf504d5f3d802185ca443acff13566b2234c3c1b8bb6b4a,485115,تعويض -دعوى كيدية -بالغ جنائي -سجن -فصل من العمل -حكم يف الدعوى - عدم ثبوهتا -البالغ من طرف ثالث -رصف النظر.,,,35242189,,بمحكمة االستئناف بمنطقة القصيم عىل املعاملة الواردة من فضيلة رئيس املحكمة العامة,احلمد هلل وحده وبعد ،فقد اطلعنا نحن قضاة الدائرة األوىل لتدقيق القضايا اجلزائية,edd547fc08a9222d0dba152948ee73e3ac3e441b65a37a955dbe3fc2f2300673,metadata_incomplete_pending_review
collector-1435-v2-p110-35264512,extracted/collector-judgments-pdf/collector-1435-v2-p110-35264512.pdf,moj-judgments-1435-volume-2.pdf,f279f188cad83c6cab8d207be5c7536be794707999cbd4ec3a440b0c90c91e7a,110,113,4,58432a36e7a98cbff84c321723646d7288129a71c06e3b5a5731d0e546fa03a2,486275,تعويض -حمل مستأجر - حريق -تلف بضاعة -تأجري من الباطن -إجراءات السالمة -عدم مسؤولية املؤجر عنها -رد الدعوى .,,,35264512,,,35499334وتاريخ 1435/8/17ه ،فقد جرى م نا نحن رئيس وأعضاء الدائرة,a0749c73667dd8101ca23e0e2355503d83410b2b569228ed79d439d1f107096d,metadata_incomplete_pending_review
collector-1435-v2-p114-33253962,extracted/collector-judgments-pdf/collector-1435-v2-p114-33253962.pdf,moj-judgments-1435-volume-2.pdf,f279f188cad83c6cab8d207be5c7536be794707999cbd4ec3a440b0c90c91e7a,114,114,1,e0633b71fd33e762f0385578338b9b0316a9b89be4657f330c5b964920cf7043,375455,تعويض -عقد أجرة -عقار مرهون -نزاع يف امللكية -منع من االنتفاع باملأجور - صدور املنع من املؤجر - عدم إذن املرهتن -رصف النظر.,,,33253962,,,,50eff3f1af38cd67c45944cf3feb67cc2c9af4082c081cfe2673d3a2af3311e4,metadata_incomplete_pending_review
collector-1435-v2-p118-33540329,extracted/collector-judgments-pdf/collector-1435-v2-p118-33540329.pdf,moj-judgments-1435-volume-2.pdf,f279f188cad83c6cab8d207be5c7536be794707999cbd4ec3a440b0c90c91e7a,118,125,8,487da0d55403dcac3b4ae3c5d182e054cfe84f499c6f84e8254cd22ea91b4597,505534,تعويض -رسقة م ع دة -طلب أجرة املثل -إنكار الدعوى -تقرير جنائي -حبس املعدة -تفويت منفعتها -تقدير أجرة مثلها -يمني املدعي -إلزام بأجرة املثل.,,,33540329,,,قضاة حمكمة االستئناف ( )...و ( )...ورئيس الدائرة ( .)...ولضيق الوقت قررت رفع,9b559deb7a290aee0c999d972c23eac6c55b3bb62e1115a010d5d2e389cc4f46,metadata_incomplete_pending_review
collector-1435-v2-p126-34144404,extracted/collector-judgments-pdf/collector-1435-v2-p126-34144404.pdf,moj-judgments-1435-volume-2.pdf,f279f188cad83c6cab8d207be5c7536be794707999cbd4ec3a440b0c90c91e7a,126,128,3,c17912af760eed42a8d7bcd26eb2abe4a7f7755331f5d6db4ab94f9be763d58d,482695,تعويض -حمل مستأجر - جتديده بطلب املؤجر - إخطار باإلخالء -عدم البينة -تناقض الدعوى -رصف النظر.,,,34144404,,االستئناف بالدائرة احلقوقية األوىل بمحكمة االستئناف بمنطقة مكة املكرمة االطالع عىل,االستئناف بالدائرة احلقوقية األوىل بمحكمة االستئناف بمنطقة مكة املكرمة االطالع عىل,2953d73f56301eb669355f5521ecb630be9372f00955f0430fc12a3d84cadb8a,metadata_incomplete_pending_review
collector-1435-v2-p129-34244709,extracted/collector-judgments-pdf/collector-1435-v2-p129-34244709.pdf,moj-judgments-1435-volume-2.pdf,f279f188cad83c6cab8d207be5c7536be794707999cbd4ec3a440b0c90c91e7a,129,137,9,4f55ea655a83219a36a36320272a0b534f4b1793117c153d00e0119fb33ff56f,542232,تعويض -حمل مستأجر - إدخال حتسينات عليه -إخالؤه بطلب املؤجر- إخطار باإلخالء -مدة كافية -التحسينات بغري أمر املؤجر- رصف النظر .,,,34244709,,,رئيس وعضوي الدائرة احلقوقية الرابعة يف حمكمة االستئناف بمنطقة مكة املكرمة عىل,9fc99b6f0042cfed9ef617ace190ff8d7eb09ad5d2846e780724e1c75b879c4f,metadata_incomplete_pending_review
collector-1435-v2-p138-33611548,extracted/collector-judgments-pdf/collector-1435-v2-p138-33611548.pdf,moj-judgments-1435-volume-2.pdf,f279f188cad83c6cab8d207be5c7536be794707999cbd4ec3a440b0c90c91e7a,138,144,7,97bca9b46bda70b0473ad0832bfc9b0e44170375e99c1b5382e1c6daddf8c351,513488,تعويض -رضر ناتج عن دعوى -كسب فائت -مرصوفات دعوى -انخفاض العملة -دفع بسبق الفصل يف الطلبات -طلبات غري مرشوعة -عدم اختصاص بنظر املرصوفات -رد الدعوى.,,,33611548,,بمحكمة االستئناف بالرياض عىل املعاملة الواردة من فضيلة رئيس املحكمة العامة بالرياض,احلمد هلل وحده وبعد ،فقد اطلعنا نحن قضاة الدائرة الثانية لتدقيق القضايا احلقوقية,42d0044a9032bad2727c15cace4565af29c3cbfc8c54e1dc0e5e55d5c9887700,metadata_incomplete_pending_review
collector-1435-v2-p145-3550507,extracted/collector-judgments-pdf/collector-1435-v2-p145-3550507.pdf,moj-judgments-1435-volume-2.pdf,f279f188cad83c6cab8d207be5c7536be794707999cbd4ec3a440b0c90c91e7a,145,147,3,3e02b39ba7ee47298d89a7eede95500668172ff0ae31040bf3acda0f7df56596,482128,تعويض -بيع سيارة -نقص ثمن املبيع -عدم التفريط -قلة الطلب -عدم وجود غبن -رد الدعوى .,,,3550507,,نحن قضاة الدائرة احلقوقية األوىل بمحكمة االستئناف بمنطقة القصيم عىل املعاملة الواردة,نحن قضاة الدائرة احلقوقية األوىل بمحكمة االستئناف بمنطقة القصيم عىل املعاملة الواردة,9f84ed1d85c4e1e0780ba354c9f0f6ee1c8b880024740e3b66dac0640d12bf15,metadata_incomplete_pending_review
collector-1435-v2-p148-3443744,extracted/collector-judgments-pdf/collector-1435-v2-p148-3443744.pdf,moj-judgments-1435-volume-2.pdf,f279f188cad83c6cab8d207be5c7536be794707999cbd4ec3a440b0c90c91e7a,148,161,14,62aa3d32224fa6db58a0b1f3844394df1355df8e2f67b2f2982ecc7466161e16,522637,تعويض -مرصوفات دعوى -حبس ريع وقف -دفع بامتناع املدعني من أخذه -شهادة شهود عدول -ثبوت االمتناع -رد الدعوى.,,,3443744,,,االستئناف بالدائرة احلقوقية اخلامسة يف حمكمة االستئناف بمنطقة مكة املكرمة,57b4a20d50039d759f61fdb486686d71bbfa8e57283a20a2d57436df2b43207f,metadata_incomplete_pending_review
collector-1435-v2-p162-3471726,extracted/collector-judgments-pdf/collector-1435-v2-p162-3471726.pdf,moj-judgments-1435-volume-2.pdf,f279f188cad83c6cab8d207be5c7536be794707999cbd4ec3a440b0c90c91e7a,162,168,7,c517f34cb0f4dbeb0a0c1083fa979534075e584daf3e352c66dde80889a71c38,495065,تعويض -تعطل منفعة سيارة -تلف حمركها -طلب استبداله -إنكار الدعوى -شاهد معدل رشعا -يمني املدعي -عدم اجلمع بني التعويض واألرش -إلزام باستبدال املحرك - تنازل عن التعويض.,,,3471726,,,الدائرة احلقوقية األوىل يف حمكمة االستئناف باملنطقة الرشقية عىل املعاملة الواردة من فضيلة,efb5f1490134317446fff939a5cb4441bb1ad4747bc14a21bd8f9aa3ef1c304a,metadata_incomplete_pending_review
collector-1435-v2-p169-34189769,extracted/collector-judgments-pdf/collector-1435-v2-p169-34189769.pdf,moj-judgments-1435-volume-2.pdf,f279f188cad83c6cab8d207be5c7536be794707999cbd4ec3a440b0c90c91e7a,169,174,6,d9ccb90fb01638a89571b6bbe55f44258123597f003fa454af97605721304a65,492211,تعويض -ترسب مياه -أعامل سباكة -ترضر البناء -استعانة بخبري -ترسب قديم- عدم معرفة مصدره -رد الدعوى.,,,34189769,,اطلعنا نحن قضاة الدائرة احلقوقية األوىل بمحكمة االستئناف بمنطقة القصيم عىل,اطلعنا نحن قضاة الدائرة احلقوقية األوىل بمحكمة االستئناف بمنطقة القصيم عىل,1fa18a3a1b83e05d92b38009b6b783064710d7a2239e17f73168a94d859a94b5,metadata_incomplete_pending_review
collector-1435-v2-p175-34491063,extracted/collector-judgments-pdf/collector-1435-v2-p175-34491063.pdf,moj-judgments-1435-volume-2.pdf,f279f188cad83c6cab8d207be5c7536be794707999cbd4ec3a440b0c90c91e7a,175,180,6,bd6b47d6d8f307764db3a155feedacf6f6ef61c6a3b397b8a70ad7b47436065b,494935,تعويض -عقد صيانة -تعطل مصاعد -عدم إصالحها -صيانتها من طرف ثالث -عقد البيع -إيصال الصيانة -يمني املدعي -تبليغ شخيص -سامع الدعوى غيابيا -حكم غيايب -إلزام بدفع املبلغ.,,,34491063,,,االستئناف بالدائرة احلقوقية اخلامسة يف حمكمة االستئناف بمنطقة مكة املكرمة,f4fd703ccad248f9cf834a97ec5b37a3269a79a9c494820920f96cdf210b8be7,metadata_incomplete_pending_review
collector-1435-v2-p181-34503000,extracted/collector-judgments-pdf/collector-1435-v2-p181-34503000.pdf,moj-judgments-1435-volume-2.pdf,f279f188cad83c6cab8d207be5c7536be794707999cbd4ec3a440b0c90c91e7a,181,183,3,a9231d745b3b5e9111efa9e83794a06e54e6cb6829010194792fdfbb2ada7165,486641,تعويض -قيمة مباناة -سور يف ملك املدعي -مطالبة اجلار -عدم إذنه يف البناء -عدم استحقاق املدعي -رصف النظر.,,,34503000,,,احلمد هلل وحده وبعد ،فقد اطلعنا نحن قضاة الدائرة احلقوقية األوىل يف حمكمة,e5533dfa2d2d9c4cf81872580434e1735dd1e71b5dc5df5f3432ad8c8e233e3a,metadata_incomplete_pending_review
collector-1435-v2-p184-34554554,extracted/collector-judgments-pdf/collector-1435-v2-p184-34554554.pdf,moj-judgments-1435-volume-2.pdf,f279f188cad83c6cab8d207be5c7536be794707999cbd4ec3a440b0c90c91e7a,184,186,3,58e1b2f1ee336592ab1722e6fcb134a092b6016de66dcd84e8b847a5e4349520,482941,تعويض -قيمة سيارة -تسليم السيارة لشحنها -حجزالسيارة بعد الشحن -سبب خارج عن الطرفني -يد أمانة -انتفاء التفريط -رد الدعوى.,,,34554554,1434/12/18,بمحكمة االستئناف بالرياض عىل املعاملة الواردة من فضيلة رئيس املحكمة العامة,احلمد هلل وحده وبعد ،فقد اطلعنا نحن قضاة الدائرة اخلامسة لتمييز القضايا احلقوقية,176c76eb884be56562c39b185e79184a5d05cc432383b7be4ea7afc87735cfa1,metadata_incomplete_pending_review
collector-1435-v2-p187-3527099,extracted/collector-judgments-pdf/collector-1435-v2-p187-3527099.pdf,moj-judgments-1435-volume-2.pdf,f279f188cad83c6cab8d207be5c7536be794707999cbd4ec3a440b0c90c91e7a,187,190,4,00f6042430dd69821e26b98dc038340560b24df1fe8256b9bb93613ac11ffa5d,484993,تعويض -استغالل تربة أرض -عدم إثبات ملكيتها -أرض للدولة -مستأجرة منها - ترخيص باستغالهلا -رصف النظر.,,,3527099,,,احلمد هلل ،والصالة والسالم عىل رسول اهلل وبعد ،فقد جرى م نا نحن قضاة الدائرة,976c21b24b3e83edc9b1c489d8c47d1b7dafaa27d37457c74468a967a2d8a238,metadata_incomplete_pending_review
collector-1435-v2-p191-34225474,extracted/collector-judgments-pdf/collector-1435-v2-p191-34225474.pdf,moj-judgments-1435-volume-2.pdf,f279f188cad83c6cab8d207be5c7536be794707999cbd4ec3a440b0c90c91e7a,191,195,5,82666299c17c73430e340f959e2d7a561f6f142e875d09be6b4bdcd100536847,492245,رد مرسوق -سيارة -حتريف رقم هيكلها -بيعها عىل طرف ثالث -حجزها من قبل الرشطة -إدخال مالك السيارة األخري -تنازله للمدعية -إلزام بتسليم السيارة -حكم عىل جهة حكومية.,,,34225474,,,وبرفقها قرار أصحاب الفضيلة قضاة الدائرة احلقوقية الثانية ورقم القرار - 35350883,63ae58e135ccb906f624c1fc506bb85167843cfd555b2f1ac15f218d9243328d,metadata_incomplete_pending_review
collector-1435-v2-p196-34257207,extracted/collector-judgments-pdf/collector-1435-v2-p196-34257207.pdf,moj-judgments-1435-volume-2.pdf,f279f188cad83c6cab8d207be5c7536be794707999cbd4ec3a440b0c90c91e7a,196,200,5,5a05fedd31ef43304cf69a4ee501bd9d13d4285341202439d0d12d19e26b5f03,490679,رد مرسوق -سيارة -حتريف رقم هيكلها -حجزها من قبل الرشطة -أحقية مورث املدعني -ال يعرف هلا مالك غريه -إلزام بتسليم السيارة.,,,34257207,,,نحن قضاة الدائرة احلقوقية األوىل يف حمكمة االستئناف باملنطقة الرشقية عىل املعاملة,46887d030989275ed32cd002d38c18e0d7b07ce6e74f3d57a7cbab1cdc70f1db,metadata_incomplete_pending_review
collector-1435-v2-p201-34490544,extracted/collector-judgments-pdf/collector-1435-v2-p201-34490544.pdf,moj-judgments-1435-volume-2.pdf,f279f188cad83c6cab8d207be5c7536be794707999cbd4ec3a440b0c90c91e7a,201,204,4,249aff3cca47c9655e1b49de33059095b14ef0711a704c25847703270709ad41,486951,رد مرسوق -إتالف ممتلكات -إقرار مصدق رشعا -دفع باإلكراه -قرار قسم اخلرباء - تقدير قيمة املرسوقات واملتلفات -إلزام بقيمة املقر به -رد الدعوى فيام زاد عنه.,,,34490544,,,احلمد هلل وحده أما بعد ،فقد اطلعنا نحن قضاة الدائرة احلقوقية الثانية يف حمكمة,d6ec44bc109c09636d3567a450ef273ff270ed115204e9d5df55514bb1cdf124,metadata_incomplete_pending_review
collector-1435-v2-p205-32295923,extracted/collector-judgments-pdf/collector-1435-v2-p205-32295923.pdf,moj-judgments-1435-volume-2.pdf,f279f188cad83c6cab8d207be5c7536be794707999cbd4ec3a440b0c90c91e7a,205,207,3,55199605b7739030af595d687b2abc460534d5dd4bd8016f6e7ad6f44c1f2f79,484455,رد مرسوق -أسالك كهربائية -إقرار برسقة بعضها -عدم البينة -رفض يمني املدعى عليه -األصل براءة الذمة -إلزام بقيمة املقر به .,,,32295923,,بالدائرة اجلزائية السادسة بمحكمة االستئناف بمنطقة مكة املكرمة جرى منا االطالع عىل,بالدائرة اجلزائية السادسة بمحكمة االستئناف بمنطقة مكة املكرمة جرى منا االطالع عىل,6ca3c61a8c484012f202c7ccf7c3e1ba6d2591c0ca55e0e20945f4761ba57a9d,metadata_incomplete_pending_review
collector-1435-v2-p208-33255040,extracted/collector-judgments-pdf/collector-1435-v2-p208-33255040.pdf,moj-judgments-1435-volume-2.pdf,f279f188cad83c6cab8d207be5c7536be794707999cbd4ec3a440b0c90c91e7a,208,210,3,5354623683c5a1d26e12eee9de5ca55314798a2a5b1300f6aa74502a70ac1cf8,485100,رد مرسوق -أجهزة جوال -إقرار بالدعوى -إلزام بدفع القيمة. القاعدة الفقهية :ال عذر ملن أقر.,,,33255040,1433/04/12,بمحكمة االستئناف بمنطقة عسري عىل املعاملة الواردة من فضيلة رئيس املحكمة العامة,احلمد هلل وحده وبعد ،فقد اطلعنا نحن قضاة الدائرة األوىل لتدقيق القضايا اجلزائية,680a4564e5e47581ecc4fdbe53784335f92737271faf3f0744bdf1e2d2adb721,metadata_incomplete_pending_review
collector-1435-v2-p211-33351441,extracted/collector-judgments-pdf/collector-1435-v2-p211-33351441.pdf,moj-judgments-1435-volume-2.pdf,f279f188cad83c6cab8d207be5c7536be794707999cbd4ec3a440b0c90c91e7a,211,214,4,a781a77b18126cec433f06683cecff929d393576d5d1bc28ceceeb0780afc8d9,486512,رد مرسوق -أجهزة -ذهب ومبلغ مايل -إنكار الدعوى -قرائن عىل صحتها -امتناع املدعي عن بذل اليمني -رفض يمني املدعى عليه -رد الدعوى.,,,33351441,,احلقوقية بمحكمة االستئناف بمنطقة حائل عىل املعاملة الواردة من رئيس املحكمة العامة,احلمد هلل وحده وبعد ،فقد اطلعنا نحن قضاة الدائرة احلقوقية األوىل لتدقيق القضايا,228afa622c0300781db2269990c7f7e14378a44477d040a7b76903dfc40c4f71,metadata_incomplete_pending_review
collector-1435-v2-p215-33360208,extracted/collector-judgments-pdf/collector-1435-v2-p215-33360208.pdf,moj-judgments-1435-volume-2.pdf,f279f188cad83c6cab8d207be5c7536be794707999cbd4ec3a440b0c90c91e7a,215,219,5,5087926fa4fdf3f05ac92e41d682e42f74cc1b0d028c337eeed804b6083ee3dd,490807,رد مرسوق -أغطية قنوات ترصيف -دفع برشائها -عدم البينة عىل سبق ملكيتها - رفض يمني املدعى عليه -رد الدعوى.,,,33360208,,,نحن قضاة الدائرة احلقوقية األوىل يف حمكمة االستئناف باملنطقة الرشقية عىل املعاملة,bf3db8e568334683c109742749d0734bd7f581fac939585366ffbc25b7aca420,metadata_incomplete_pending_review
collector-1435-v2-p220-33500853,extracted/collector-judgments-pdf/collector-1435-v2-p220-33500853.pdf,moj-judgments-1435-volume-2.pdf,f279f188cad83c6cab8d207be5c7536be794707999cbd4ec3a440b0c90c91e7a,220,224,5,313f667725483322c1d7377424cb2ab66032de123f8eb8b6ce9b7fe779a79804,490739,رد مرسوق -آلة زراعية -إنكار الدعوى -قرائن عىل صحتها -امتناع املدعي عن اليمني -رفض يمني املدعى عليه -حكم يف احلق العام -عدم إدانة -األصل براءة الذمة -,,,33500853,,احلقوقية بمحكمة االستئناف بمنطقة حائل عىل املعاملة الواردة من رئيس املحكمة العامة,احلمد هلل وحده وبعد ،فقد اطلعنا نحن قضاة الدائرة احلقوقية األوىل لتدقيق القضايا,7a323d6694d95ffb1c0ae9b46c2b6b9ae7c327c42401b104da373230b9a192a2,metadata_incomplete_pending_review
collector-1435-v2-p225-34133614,extracted/collector-judgments-pdf/collector-1435-v2-p225-34133614.pdf,moj-judgments-1435-volume-2.pdf,f279f188cad83c6cab8d207be5c7536be794707999cbd4ec3a440b0c90c91e7a,225,230,6,ef42d43c5a6073e9dcf0180ea433d5b6ab329d6a0ada578edde497ececad9a94,494294,رد م�سروق -ناقة ش��اردة -دفع برشائها -سبق ملكية املدعي -شهادة شهود عدول -يمني املدعي -ثبوت ملكيته للناقة -نامء الناقة تابع هلا -ضالة اإلبل ال تؤخذ - إلزام برد الناقة -حق الرجوع عىل الغار.,,,34133614,,بمحكمة االستئناف بمنطقة عسري عىل املعاملة الواردة من فضيلة رئيس املحكمة العامة,ختمه وتوقيعه قايض استئناف ( )...ختمه وتوقيعه رئيس الدائرة ( )...ختمه وتوقيعه),92f4d9cce857c6189666630815ea1c497845ea2e820e9fa9484d538bc8c72f5a,metadata_incomplete_pending_review
collector-1435-v2-p231-33227094,extracted/collector-judgments-pdf/collector-1435-v2-p231-33227094.pdf,moj-judgments-1435-volume-2.pdf,f279f188cad83c6cab8d207be5c7536be794707999cbd4ec3a440b0c90c91e7a,231,233,3,2cc318f014eefb057a3f6e23f5c131265fc2ed8f7b8c31d05a55c8f4605a82a8,483264,رد مرسوق -احتيال مرصيف -حواالت بنكية -إقرار بتلقي إحداها -قصد املساعدة - تفريط -إلزام برد املقر به -حق الرجوع عىل الغار.,,,33227094,,بمحكمة االستئناف بمنطقة عسري عىل املعاملة الواردة من فضيلة رئيس املحكمة العامة بأهبا,احلمد هلل وحده وبعد ،فقد اطلعنا نحن قضاة الدائرة الثانية لتدقيق القضايا اجلزائية,b9197651fab290321e19b6a33bd74e2335e9f84e3ee86164672382b7962f8cdb,metadata_incomplete_pending_review
collector-1435-v2-p234-35261124,extracted/collector-judgments-pdf/collector-1435-v2-p234-35261124.pdf,moj-judgments-1435-volume-2.pdf,f279f188cad83c6cab8d207be5c7536be794707999cbd4ec3a440b0c90c91e7a,234,236,3,319917c2fa1f89dce6735b3f4fc2d67fb05d7ec199b97ed888853501f230c909,485583,رد مرسوق -مبلغ مايل -احتيال مرصيف -إقرار بتلقي حوالة -دفع بالتعرض لالحتيال - عجز عن إثباته -إلزام برد املبلغ.,,,35261124,,,احلمد هلل وحده ،أما بعد ،فقد اطلعنا نحن قضاة الدائرة احلقوقية الثانية يف حمكمة,7ee301529389b5f694687122ecadaaf37d2f7e5ba468bcc9fe1385cd2e66ce85,metadata_incomplete_pending_review
collector-1435-v2-p237-34152067,extracted/collector-judgments-pdf/collector-1435-v2-p237-34152067.pdf,moj-judgments-1435-volume-2.pdf,f279f188cad83c6cab8d207be5c7536be794707999cbd4ec3a440b0c90c91e7a,237,244,8,0db1e2a67cd43e168ec65b061f486a6cbe3630668ce5ba2d13fa395308493a10,510209,رد مرسوق -مبالغ مالية -حتويالت مرصفية -إنكار الرسقة -دفوع حمتملة -تعدد مواقع احلواالت -رفض يمني املدعى عليهم - عدم ثبوت التواطؤ -رد الدعوى.,,,34152067,,,احلمد هلل والصالة والسالم عىل رسول اهلل وبعد ،نحن رئيس وقضاة الدائرة اجلزائية الرابعة,99ea04d6114de9ab62f179fb40e8e0d7e89d6c6c3a38b7e4ba9a20a4c27186e0,metadata_incomplete_pending_review
collector-1435-v2-p245-175540602,extracted/collector-judgments-pdf/collector-1435-v2-p245-175540602.pdf,moj-judgments-1435-volume-2.pdf,f279f188cad83c6cab8d207be5c7536be794707999cbd4ec3a440b0c90c91e7a,245,248,4,4d33de5341c3aca131e63a4b5cb6417ec4d6db62e3ad44a228334320bdef567a,490182,رد املختلس -عجز مايل -عدم تسليم العهدة -إنكار الدعوى -ندب خبريين -نقص مستندات -تعذر فحصها -بينة غري موصلة -رفض يمني املدعى عليه -رد الدعوى.,,,175540602,,اجلزائية السادسة بمحكمة االستئناف بمكة املكرمة جرى منا االطالع عىل الصك رقم,احلمد هلل وحده والصالة والسالم عىل من ال نبي بعده وبعد ،نحن قضاة الدائرة,ba9443f2a14ba30103fe7194c2e4bfde10a5e8ceeb025e0aaa32c24665943bcd,metadata_incomplete_pending_review
collector-1435-v2-p249-17851226,extracted/collector-judgments-pdf/collector-1435-v2-p249-17851226.pdf,moj-judgments-1435-volume-2.pdf,f279f188cad83c6cab8d207be5c7536be794707999cbd4ec3a440b0c90c91e7a,249,254,6,49ac5dc455ce0fc6fe7a7052ab016255f4f189dcd9abbc288062b3ee2b2f30fe,497052,رد خمتلس -إيرادات حمل -دفع بتعرضها للرسقة -أجري خاص -ثبوت التفريط - إلزام برد املبلغ.,,,17851226,,االستئناف بالدائرة احلقوقية األوىل بمحكمة االستئناف بمنطقة مكة املكرمة االطالع عىل,االستئناف بالدائرة احلقوقية األوىل بمحكمة االستئناف بمنطقة مكة املكرمة االطالع عىل,edaa47b49d6eaca36db2ffb9138c867a4a84e4f797b9ccfcc49bb3b2d5ac410e,metadata_incomplete_pending_review
collector-1435-v2-p255-34510210,extracted/collector-judgments-pdf/collector-1435-v2-p255-34510210.pdf,moj-judgments-1435-volume-2.pdf,f279f188cad83c6cab8d207be5c7536be794707999cbd4ec3a440b0c90c91e7a,255,258,4,e3d62cc5fb38cff266d94247e4e8b5a9dd7abf9e5cc4b8413786f3f24c3bce64,505519,رد خمتلس -جموهرات ومبلغ مايل -دفع بكيدية الدعوى -عدم البينة -يمني املدعى عليها -رصف النظر.,,,34510210,,,رئيس وعضوي الدائرة احلقوقية الرابعة يف حمكمة االستئناف بمنطقة مكة املكرمة عىل,54b0bd657af4fc5c32a8111eb3817566ef5b8bd87d3cbedf9f5167d067587c17,metadata_incomplete_pending_review
collector-1435-v2-p259-35233095,extracted/collector-judgments-pdf/collector-1435-v2-p259-35233095.pdf,moj-judgments-1435-volume-2.pdf,f279f188cad83c6cab8d207be5c7536be794707999cbd4ec3a440b0c90c91e7a,259,261,3,2bf6fee361836f512d9c1c78b733e6cbbc10e73c3f3b8ea027b09143a13382a7,487016,رد خمتلس -معدات -إنكار الدعوى -عدم البينة -رفض يمني املدعى عليهم - رد,,,35233095,,,الدائرة احلقوقية الثالثة يف حمكمة االستئناف بمنطقة مكة املكرمة,a213818933ca4cddc166b871bcc8ed6e94c243088d344f0480e17d809255c333,metadata_incomplete_pending_review
collector-1435-v2-p262-35373280,extracted/collector-judgments-pdf/collector-1435-v2-p262-35373280.pdf,moj-judgments-1435-volume-2.pdf,f279f188cad83c6cab8d207be5c7536be794707999cbd4ec3a440b0c90c91e7a,262,271,10,1f653e245f18aca4278784af66dc0d0af8988d349a8777c9eef6210843478fcf,1194128,رد خمتلس -بضاعة سرياميك -بيعها واختالس ثمنها -طلب رد قيمتها -إقرار ببعضها -تقرير حماسبي -بينة غري موصلة -يمني النفي -إلزام برد ا مل ق ر به -رد الدعوى,,,35373280,,,احلمد هلل وحده وبعد ،فقد اطلعنا نحن قضاة الدائرة اجلزائية األوىل بمحكمة,b70458a3d918637bee17e2c57e1e695d827e573a092551162d9f9066747ab67a,metadata_incomplete_pending_review
collector-1435-v2-p272-195051014,extracted/collector-judgments-pdf/collector-1435-v2-p272-195051014.pdf,moj-judgments-1435-volume-2.pdf,f279f188cad83c6cab8d207be5c7536be794707999cbd4ec3a440b0c90c91e7a,272,279,8,da0efed3365c81fc5929e0dc052b4dfbead0180cfbf8de97cd14c405ef78e570,515872,رد مبلغ -رعاية ملتقى -عدم إقامته -دفع بمخالفة رشوط العقد -تسليم املبلغ للجهة املرشفة -طلب الرجوع عليها -إدخال ممثل اجلهة -إلزام برد املبلغ.,,,195051014,,الدائرة احلقوقية الثانية بمحكمة االستئناف يف منطقة مكة املكرمة االطالع عىل املعاملة,الدائرة احلقوقية الثانية بمحكمة االستئناف يف منطقة مكة املكرمة االطالع عىل املعاملة,fa3f455204ff25b8da4da3b69a31ad2fe92fe42b96fd378a8c200491e8aebc20,metadata_incomplete_pending_review
collector-1435-v2-p280-33315042,extracted/collector-judgments-pdf/collector-1435-v2-p280-33315042.pdf,moj-judgments-1435-volume-2.pdf,f279f188cad83c6cab8d207be5c7536be794707999cbd4ec3a440b0c90c91e7a,280,290,11,812bb506b2d6a7207c59cc1f7ba310d0bf1e825d9b303b3fa66ea4ddb2665ae5,508700,رد مبلغ -متويل مرصيف -أخذ جزء منه -دفع بكونه ثمن مبيع -خمالصة -إقرار خطي -إنكار التوقيع -إفادة األدلة اجلنائية -صحة التوقيع -ادعاء صدوره عىل بياض - قرائن تقوي ذلك -إلزام برد املبلغ.,,,33315042,,االستئناف بالدائرة احلقوقية األوىل بمحكمة االستئناف بمنطقة مكة املكرمة االطالع,من حمكمة االستئناف وبرفقها قرار الدائرة احلقوقية األوىل رقم 35247339 :يف,2143dbd7aaac7d085cda22b76334e3d94d73b48714f02d6e230862564bbfe9f7,metadata_incomplete_pending_review
collector-1435-v2-p291-33480151,extracted/collector-judgments-pdf/collector-1435-v2-p291-33480151.pdf,moj-judgments-1435-volume-2.pdf,f279f188cad83c6cab8d207be5c7536be794707999cbd4ec3a440b0c90c91e7a,291,292,2,3f5d50e1ceef41b513f2ab03c19a715dfacd1c40f47680f83597237535a5e70b,468537,رد مبلغ -دين يف ذمة املورث -عدم وجود تركة -تعلق الدين بعينها -عدم استحقاق -,,,33480151,,,,813a9569b3823e267fe13cf504be954cb88fd71238081928a77bf50bc8fb3698,metadata_incomplete_pending_review
collector-1435-v2-p296-33658490,extracted/collector-judgments-pdf/collector-1435-v2-p296-33658490.pdf,moj-judgments-1435-volume-2.pdf,f279f188cad83c6cab8d207be5c7536be794707999cbd4ec3a440b0c90c91e7a,296,303,8,40748b28f2046989a4b545937811eda4e10da5ca925889ca9e30f7a245234382,494412,رد مبلغ -مكرمة من الدولة -قضاء دين -سبق سداد جزء منه -طلب رد الفرق -دفع برده إىل وزارة املالية -إثبات ذلك -رد الدعوى.,,,33658490,,احلقوقية بمحكمة االستئناف بمنطقة حائل عىل املعاملة الواردة من فضيلة رئيس املحكمة,احلمد هلل وحده وبعد ،فقد اطلعنا نحن قضاة الدائرة احلقوقية األوىل لتدقيق القضايا,de5b64033a4f57cffc88d9f9f30de8137b0c9a8b7de2b684e8c7f24b3f7d7596,metadata_incomplete_pending_review
collector-1435-v2-p304-34436658,extracted/collector-judgments-pdf/collector-1435-v2-p304-34436658.pdf,moj-judgments-1435-volume-2.pdf,f279f188cad83c6cab8d207be5c7536be794707999cbd4ec3a440b0c90c91e7a,304,309,6,aa3d2999532a8f11bffcc92a744028afc8dc9dadc34cc685b12feb3fcd9b91e6,858673,رد مبلغ -حوالة مرصفية -ادعاء اخلطأ يف التحويل -دفع بكونه نيابة عن آخر - تناقض يف سببه -عدم التعامالت بني الطرفني -رد الدعوى.,,,34436658,,بمحكمة االستئناف بالرياض عىل املعاملة الواردة من فضيلة رئيس املحكمة العامة بالرياض,احلمد هلل وحده وبعد ،فقد اطلعنا نحن قضاة الدائرة الثانية لتدقيق القضايا احلقوقية,0a6eaef01cf6e62e59686c4bdfc70840383fb6d724b3cff757e9eb28c241afa6,metadata_incomplete_pending_review
collector-1435-v2-p310-258340925,extracted/collector-judgments-pdf/collector-1435-v2-p310-258340925.pdf,moj-judgments-1435-volume-2.pdf,f279f188cad83c6cab8d207be5c7536be794707999cbd4ec3a440b0c90c91e7a,310,312,3,baa3a0cd3894020a8897f5a95e3a65cb9720bf75265176752013494582f305d3,480316,كفالة باملال -ثمن سيارة مؤجل -مطالبة الكفيل به -دفعه بصدور حكم ضد املشرتي - عدم تنفيذه لإلعسار -إلزام بدفع الثمن -إنفاذ أحد احلكمني يلغي اآلخر.,,,258340925,,الدائرة احلقوقية السابعة بمحكمة االستئناف يف منطقة مكة املكرمة,الدائرة احلقوقية السابعة بمحكمة االستئناف يف منطقة مكة املكرمة,c831f8e0321cd74e0a0ec2948ee9387b3a28aa1198b6882d7389c46e42287f55,metadata_incomplete_pending_review
collector-1435-v2-p313-32386064,extracted/collector-judgments-pdf/collector-1435-v2-p313-32386064.pdf,moj-judgments-1435-volume-2.pdf,f279f188cad83c6cab8d207be5c7536be794707999cbd4ec3a440b0c90c91e7a,313,316,4,55f08264115518dbbc0fe7feca0170303906725a614d9ce608e24f3883ff6ca0,480966,كفالة باملال -ثمن سيارة مؤجل -مطالبة الكفيل به -عقد بيع -كمبياالت -يمني املدعي -تعذر التبليغ -إيقاف اخلدمات احلكومية -إعالن يف الصحيفة -إلزام بدفع الثمن -حق الرجوع عىل املكفول.,,,32386064,,االستئناف بالدائرة احلقوقية األوىل بمحكمة االستئناف بمنطقة مكة املكرمة االطالع عىل,االستئناف بالدائرة احلقوقية األوىل بمحكمة االستئناف بمنطقة مكة املكرمة االطالع عىل,38cba48dd9eb1e3dde81528a8dac781bad25ce0601fb04555182cc192b50012e,metadata_incomplete_pending_review
collector-1435-v2-p317-33486767,extracted/collector-judgments-pdf/collector-1435-v2-p317-33486767.pdf,moj-judgments-1435-volume-2.pdf,f279f188cad83c6cab8d207be5c7536be794707999cbd4ec3a440b0c90c91e7a,317,320,4,54e8a450006e73e6f2d1c115b91ededc0b3675975f14acf2cf2567a9dd789685,482099,كفالة باملال -ثمن سيارة مؤجل -حلول بعضه -إقرار بالكفالة -اختالف يف الثمن - إدخال املكفول -ثبوت مقدار الثمن -إلزام بدفع احلال -سداد املؤجل عند حلوله -حق الرجوع عىل املكفول.,,,33486767,,,الدائرة احلقوقية الثالثة يف حمكمة االستئناف بمنطقة مكة املكرمة,8ae3040362f34582d4e9dcb8c4c3bc570a529dee8af1280ac4f94fc29bb79cf4,metadata_incomplete_pending_review
collector-1435-v2-p321-3475091,extracted/collector-judgments-pdf/collector-1435-v2-p321-3475091.pdf,moj-judgments-1435-volume-2.pdf,f279f188cad83c6cab8d207be5c7536be794707999cbd4ec3a440b0c90c91e7a,321,324,4,23d5824cecee2e3572da5f54ccfdd92a0a9e7336b1db65f42129583d6b22508d,481203,كفالة باملال -ثمن سيارة مؤجل -عقد بيع -كمبياالت -بينة غري موصلة -طلب يمني الكفيل -نكوله عن أدائها -تبليغ غري شخيص -حكم غيايب -إلزام بدفع الثمن -حق الرجوع عىل املكفول.,,,3475091,,االستئناف بالدائرة احلقوقية األوىل بمحكمة االستئناف بمنطقة مكة املكرمة االطالع عىل,االستئناف بالدائرة احلقوقية األوىل بمحكمة االستئناف بمنطقة مكة املكرمة االطالع عىل,5f24a136e4ee04fdf8e04ef7b287553961f972724c7484080cf2a67ac11e3832,metadata_incomplete_pending_review
collector-1435-v2-p325-34233586,extracted/collector-judgments-pdf/collector-1435-v2-p325-34233586.pdf,moj-judgments-1435-volume-2.pdf,f279f188cad83c6cab8d207be5c7536be794707999cbd4ec3a440b0c90c91e7a,325,328,4,afdbce557de07c486416c503c4f60eb2494efedb0b92d48ba2dd499cbfbd9b7a,485392,كفالة باملال -ثمن سيارة مؤجل -حلول بعضه -عقد بيع -كمبيالة -يمني املدعي - تبليغ شخيص -حكم غيايب -إلزام بسداد احلال -إلزام بسداد املؤجل عند حلوله.,,,34233586,,,رئيس وعضوي الدائرة احلقوقية الرابعة يف حمكمة االستئناف بمنطقة مكة املكرمة عىل,7f4295eefc5da91ca9cb9c432b0f5d36f4c054890519d4f1fdf43a2a9876b525,metadata_incomplete_pending_review
collector-1435-v2-p329-34397729,extracted/collector-judgments-pdf/collector-1435-v2-p329-34397729.pdf,moj-judgments-1435-volume-2.pdf,f279f188cad83c6cab8d207be5c7536be794707999cbd4ec3a440b0c90c91e7a,329,333,5,436be7805502e114c66fa90f7e4796129400d895653f345c156cbaaf75485f96,495154,كفالة باملال -ثمن سيارة مؤجل -مطالبة الكفيل به -دفع بصورية العقد -عقد بيع - سند ألمر- يمني املدعي -إلزام بدفع الثمن.,,,34397729,,االستئناف بالدائرة احلقوقية األوىل بمحكمة االستئناف بمنطقة مكة املكرمة االطالع عىل,االستئناف بالدائرة احلقوقية األوىل بمحكمة االستئناف بمنطقة مكة املكرمة االطالع عىل,dd6ab186d3ac880bf4d72cbc17da6851030548e26eb21f5a8c2ff1c58d3275f9,metadata_incomplete_pending_review
collector-1435-v2-p334-3515113,extracted/collector-judgments-pdf/collector-1435-v2-p334-3515113.pdf,moj-judgments-1435-volume-2.pdf,f279f188cad83c6cab8d207be5c7536be794707999cbd4ec3a440b0c90c91e7a,334,337,4,09229404a59dd6bbe1f362b0048f9cead4536fa4a68dc78697042291b10402f3,483361,كفالة باملال -ثمن سيارة مؤجل -مطالبة الكفيل به -عقد بيع -يمني املدعي -تبليغ غري شخيص -حكم غيايب -إلزام بدفع الثمن -حق الرجوع عىل املكفول.,,,3515113,,,الدائرة احلقوقية األوىل يف حمكمة االستئناف بمنطقة املدينة املنورة االطالع على ما أحلقه,7df88f7bbee7c8324a0e47de3bbe74ecb76b681c4c58eaadb595ca3b80c7835c,metadata_incomplete_pending_review
collector-1435-v2-p338-33300701,extracted/collector-judgments-pdf/collector-1435-v2-p338-33300701.pdf,moj-judgments-1435-volume-2.pdf,f279f188cad83c6cab8d207be5c7536be794707999cbd4ec3a440b0c90c91e7a,338,341,4,04ba8a0071fa57bbb882e5bf8ee4b4727bbb50617071a0410ddcb4d92768db01,484096,كفالة باملال -ثمن سيارة مؤجل -وفاة املكفول -مطالبة الكفيل بالثمن -إقرار بالكفالة -إلزام بدفع الثمن.,,,33300701,1433/05/01,االستئناف بالدائرة احلقوقية األوىل بمحكمة االستئناف بمنطقة مكة املكرمة االطالع عىل,االستئناف بالدائرة احلقوقية األوىل بمحكمة االستئناف بمنطقة مكة املكرمة االطالع عىل,ca1ead7329b22292f12b398524e08b30ef2f96457313977e81f436731758585a,metadata_incomplete_pending_review
collector-1435-v2-p342-34377801,extracted/collector-judgments-pdf/collector-1435-v2-p342-34377801.pdf,moj-judgments-1435-volume-2.pdf,f279f188cad83c6cab8d207be5c7536be794707999cbd4ec3a440b0c90c91e7a,342,345,4,69965c90f01faf7a7b749614830924aede031f19dcce8350b220baac8ec1149a,486654,كفالة باملال -ثمن سيارة مؤجل -حلول بعضه -أقساط مل حتل عىل املكفول -امتناع الكفيل عن سدادها -رشط يف العقد -إلزام بسداد احلال فقط.,,,34377801,,,,a3fe07f38e75a6f625693a6decdf8f5f222c3d6330c0900cf053fbdef036ff4e,metadata_incomplete_pending_review
collector-1435-v2-p346-32204626,extracted/collector-judgments-pdf/collector-1435-v2-p346-32204626.pdf,moj-judgments-1435-volume-2.pdf,f279f188cad83c6cab8d207be5c7536be794707999cbd4ec3a440b0c90c91e7a,346,352,7,58e3eb9fbb10bf52aabd923d8f6ebd28d06dde98786b48776ec58eca704a92bd,490755,كفالة باملال -أروش جناية وسيارة -والية جربية -كفالة مصدقة -تقرير املرور -إدانة بنصف نسبة اخلطأ -تقدير األروش -طلبات مرتبطة -تعذر التبليغ -حكم غيايب -إلزام بدفع نصف األروش.,,,32204626,,الدائرة اجلزائية الثالثة بمحكمة االستئناف يف منطقة مكة املكرمة االطالع عىل املعاملة,الدائرة اجلزئية الثالثة وصدر بشأنه القرار ذو الرقم 35278699وتاريخ 1435/6/15ه,8e460b0c03c3c02caea2cc7ebcffcce3770d09903a80d7fe31e05e876cb7accb,metadata_incomplete_pending_review
collector-1435-v2-p353-34430951,extracted/collector-judgments-pdf/collector-1435-v2-p353-34430951.pdf,moj-judgments-1435-volume-2.pdf,f279f188cad83c6cab8d207be5c7536be794707999cbd4ec3a440b0c90c91e7a,353,356,4,7a67fb4424eb6677fd8433d177626702be00323f3044e156e7f5c8ddc9d39d89,482023,كفالة باملال -ثمن سيارة -سداد الكفيل لبعضه -رجوعه عىل املكفول -طلب التخليص من الكفالة -حكم قضائي -سند قبض -يمني االستظهار -تبليغ لغري شخصه -حكم غيايب -إلزام بدفع الثمن والتخليص -عدم براءة الكفيل من احلق.,,,34430951,,االستئناف بالدائرة احلقوقية األوىل بمحكمة االستئناف بمنطقة مكة املكرمة االطالع عىل,االستئناف بالدائرة احلقوقية األوىل بمحكمة االستئناف بمنطقة مكة املكرمة االطالع عىل,fcf4d582de15adbca8e2cd6ed93d1b51e93f003f0f9274d70502f12455171a58,metadata_incomplete_pending_review
collector-1435-v2-p357-34132696,extracted/collector-judgments-pdf/collector-1435-v2-p357-34132696.pdf,moj-judgments-1435-volume-2.pdf,f279f188cad83c6cab8d207be5c7536be794707999cbd4ec3a440b0c90c91e7a,357,363,7,767d5f597d4ac5938597e8fb4cdf9d0c7652c9f7ab471b64b478d4f2858970a0,1177432,كفالة باملال -ثمن سيارة مؤجل -سداد الكفيل له -رجوعه عىل املكفول -دفع بتسليم الثمن للكفيل -عدم إثباته -يمني الكفيل -إلزام بدفع املبلغ.,,,34132696,,,ومرفق هبا قرار الدائرة احلقوقية السادسة رقم 34314734يف 1434/9/8ه ،املتضمن,6dbf7d71ca1c1b164d778c0b5b60b6a2fea3121ea3b543daf377a13f399963e1,metadata_incomplete_pending_review
collector-1435-v2-p364-134460329,extracted/collector-judgments-pdf/collector-1435-v2-p364-134460329.pdf,moj-judgments-1435-volume-2.pdf,f279f188cad83c6cab8d207be5c7536be794707999cbd4ec3a440b0c90c91e7a,364,369,6,2b67af66d0c40a4730534fce07e25d01b756e277f4652c5c5596c7c2e21c0d9c,496352,حوالة -ثمن بضاعة مؤجل -إقرار املحال عليه بتسلمها -دفع بكونه أجريا - عجز عن إثباته -إدخال املحيل يف الدعوى -شهادة شهود -فواتري وإيصاالت استالم -يمني املدعي -إلزام بدفع الثمن.,,,134460329,,,االستئناف بالدائرة احلقوقية اخلامسة يف حمكمة االستئناف بمنطقة مكة املكرمة,e1c7ea2c37a0dd377c4d8db926dca4011595f20863fb3925960c72329620de50,metadata_incomplete_pending_review
collector-1435-v2-p370-3511319,extracted/collector-judgments-pdf/collector-1435-v2-p370-3511319.pdf,moj-judgments-1435-volume-2.pdf,f279f188cad83c6cab8d207be5c7536be794707999cbd4ec3a440b0c90c91e7a,370,373,4,de7b112505e00b432d1e50cf80b197c93543361397c862991f49a0cbf73b847c,850547,حوالة -مطالبة بدين -إقرار به -دفع باحلوالة عىل آخر - دين غري مستقر بالذمة -عدم صحة احلوالة -إلزام بتسليم املبلغ.,,,3511319,,بمحكمة االستئناف بالرياض عىل املعاملة الواردة من فضيلة رئيس املحكمة العامة,احلمد هلل وحده وبعد ،فقد اطلعنا نحن قضاة الدائرة الثانية لتمييز القضايا احلقوقية,69a72f289057ea537a8a8208cbabbb925e44eff78b8b70794b04f4dbac34b085,metadata_incomplete_pending_review
collector-1435-v2-p374-341619,extracted/collector-judgments-pdf/collector-1435-v2-p374-341619.pdf,moj-judgments-1435-volume-2.pdf,f279f188cad83c6cab8d207be5c7536be794707999cbd4ec3a440b0c90c91e7a,374,377,4,6d0fbfcd67cc937f5b85d079083f2ab0a175a3289701898b29062978aed81adc,504301,إتالف مال الغري -حمل جتاري - صدمه بسيارة -طلب قيمة املتلف -تعويض عن الرضر -دفع بالصلح سابقا -عدم الصفة فيه -عقد من جائزي الترصف -صحة الصلح -إلزام به.,,,341619,,,35419338وتاريخ 1435/7/13ه فقد جرى م نا نحن -رئيس وأعضاء الدائرة,3674aff137a4da32268ee8554486c89c28ec95ccd0020eb8cc683459923d9150,metadata_incomplete_pending_review
collector-1435-v2-p378-34363422,extracted/collector-judgments-pdf/collector-1435-v2-p378-34363422.pdf,moj-judgments-1435-volume-2.pdf,f279f188cad83c6cab8d207be5c7536be794707999cbd4ec3a440b0c90c91e7a,378,384,7,c4702b466612e338b53f30c451da9b54d385fbe22f2ee43c69c938055fe44613,494804,إثبات تنازل -حصة إرثية -وفاة املتنازل -إنكار الدعوى -صك وكالة بالتنازل -عدم إنفاذه -رصف النظر.,,,34363422,,,1435/03/11ه فقد جرى م نا نحن -رئيس وأعضاء الدائرة احلقوقية الثانية يف,d77376fab2b14a49e8c298a1b6ee36b0b30e4fdf12cbf5ab2acbf383ab744aa8,metadata_incomplete_pending_review
collector-1435-v2-p385-3593256,extracted/collector-judgments-pdf/collector-1435-v2-p385-3593256.pdf,moj-judgments-1435-volume-2.pdf,f279f188cad83c6cab8d207be5c7536be794707999cbd4ec3a440b0c90c91e7a,385,394,10,26c476b86c7bab4008482f5daa06623c9f4df1d54eff1d96b2fe7bd32b27878f,499931,إثبات تنازل -حصة إرثية من عقارات -وفاة املتنازل -إقرار الورثة -وجود قارصين بينهم - إقرار خطي -شهادة شهود عدول -شهادة باالستفاضة -ثبوت التنازل.,,,3593256,,الثانية لألحوال الشخصية واألوقاف والوصايا والقصار وبيوت املال بمحكمة االستئناف,احلمد هلل والصالة والسالم عىل رسول اهلل وبعد ،فقد جرى منا نحن -قضاة الدائرة,d676f2dc92b856d709c0e6858f43c1518c4a9b1408463773a7611e936efe32a3,metadata_incomplete_pending_review
collector-1435-v2-p395-3524195,extracted/collector-judgments-pdf/collector-1435-v2-p395-3524195.pdf,moj-judgments-1435-volume-2.pdf,f279f188cad83c6cab8d207be5c7536be794707999cbd4ec3a440b0c90c91e7a,395,401,7,1801e7bacfbd17c620c9a3f70a612b55c17d24bd3ca5b1f802265f4330453271,1181960,تعويض -تأخر إصالح سيارة -تسوية سابقة -سبق تسلم التعويض -عدم االستحقاق -رصف النظر.,,,3524195,,وأعضاء الدائرة احلقوقية الثالثة بمحكمة االستئناف بمنطقة مكة املكرمة االطالع عىل,وأعضاء الدائرة احلقوقية الثالثة بمحكمة االستئناف بمنطقة مكة املكرمة االطالع عىل,136eadf4ee45a02e4ab23cf32b571385404edd40117fcaf449fc0ed60a2ed409,metadata_incomplete_pending_review
collector-1435-v2-p402-32244717,extracted/collector-judgments-pdf/collector-1435-v2-p402-32244717.pdf,moj-judgments-1435-volume-2.pdf,f279f188cad83c6cab8d207be5c7536be794707999cbd4ec3a440b0c90c91e7a,402,414,13,3f219adcffe02ad8125a37f017d01166e6c52dfbfb7d26bb54afaf479c9c69be,519177,وكالة -تعقيب -تسليم األتعاب -وفاة الوكيل -عدم قيامه بالعمل -طلب رد املبلغ - إنكار الورثة -صور شيكات -تطرق االحتامل إليها -رفض يمني الورثة -رد الدعوى.,,,32244717,,,رئيس وعضوي الدائرة احلقوقية الرابعة يف حمكمة االستئناف بمنطقة مكة املكرمة عىل,f055bd596f8b658630c9ece71ab3ab16963511ae3fddc0c21225cd3ba3dc44c8,metadata_incomplete_pending_review
collector-1435-v2-p415-33137938,extracted/collector-judgments-pdf/collector-1435-v2-p415-33137938.pdf,moj-judgments-1435-volume-2.pdf,f279f188cad83c6cab8d207be5c7536be794707999cbd4ec3a440b0c90c91e7a,415,422,8,e12362a86de0105704dd79f0535b4ccca32131b6c87d66326de73e0db9572649,497587,وكالة -تعقيب -تسليم األتعاب -اشرتاط مدة حمددة -عدم تنفيذ العمل خالهلا - طلب رد املبلغ -دفع برد جزء منه -عدم إثباته -إلزام برد املبلغ.,,,33137938,,,عليه ورقة بموعد اجللسة لدى الدائرة ( )...باملحكمة اإلدارية باملنطقة الرشقية ،مفيد ا بأن,6701b30559c298f70483ab9d9bcd24c2f001a88f715ce3deec8b774833269ddc,metadata_incomplete_pending_review
collector-1435-v2-p423-33681304,extracted/collector-judgments-pdf/collector-1435-v2-p423-33681304.pdf,moj-judgments-1435-volume-2.pdf,f279f188cad83c6cab8d207be5c7536be794707999cbd4ec3a440b0c90c91e7a,423,426,4,033cba63cdef2a9e127cdf29d5afa44ee6d4a987ae4a2632b57ae5e395723374,481521,وكالة -رشاء سيارة -عدم تسليمها -طلب رد الثمن -حوالة مرصفية -شهادة شاهد -تعذر التبليغ -إعالن يف الصحيفة -سامع الدعوى غيابيا -حكم غيايب -ثبوت الدعوى -إلزام برد الثمن.,,,33681304,,,الدائرة احلقوقية السادسة يف حمكمة االستئناف بمنطقة مكة املكرمة,b3192c516facc772473a56d0c7e67ba9b0d71ce34febef62ca6de84c20a3d1ec,metadata_incomplete_pending_review
collector-1435-v2-p427-34381213,extracted/collector-judgments-pdf/collector-1435-v2-p427-34381213.pdf,moj-judgments-1435-volume-2.pdf,f279f188cad83c6cab8d207be5c7536be794707999cbd4ec3a440b0c90c91e7a,427,430,4,6f65223de6a0622a0ed7d2edd6e55c9602946613bbd9fa0b391efeb7488a76e7,494457,وكالة -تعقيب -تسليم األتعاب -عدم إنجاز العمل -طلب رد املبلغ -إقرار -إلزام,,,34381213,,بمحكمة االستئناف بمنطقة عسري عىل املعاملة الواردة من فضيلة رئيس املحكمة العامة,احلمد هلل وحده وبعد ،فقد اطلعنا نحن قضاة الدائرة الثانية لتدقيق القضايا احلقوقية,fe96a34e0a7e56f6d95e3731df693b48215355062c95f907d321366ac22195cf,metadata_incomplete_pending_review
collector-1435-v2-p431-33457382,extracted/collector-judgments-pdf/collector-1435-v2-p431-33457382.pdf,moj-judgments-1435-volume-2.pdf,f279f188cad83c6cab8d207be5c7536be794707999cbd4ec3a440b0c90c91e7a,431,435,5,fac6ee04ca613e4a023385a8c4c8cc4c49e497f0ea74cc7ab533fdb833e4dedd,484225,وكالة -رشاء سيارة -عدم تسليمها -طلب رد الثمن -دفع بكونه مقابل دين -عدم البينة -طلب يمني النفي -مدعي غري سعودي -إقامته خارج البالد -إصدار تأشرية مؤقتة له -حلف اليمني -إلزام برد املبلغ.,,,33457382,,,احلمد هلل وحده وبعد ،فقد اطلعنا نحن قضاة الدائرة احلقوقية األوىل يف حمكمة,a5c6833287ce1ad48671b2f03b0ef90523eb9fc86c18ebc82735419b6bb8c98c,metadata_incomplete_pending_review
collector-1435-v2-p436-33704238,extracted/collector-judgments-pdf/collector-1435-v2-p436-33704238.pdf,moj-judgments-1435-volume-2.pdf,f279f188cad83c6cab8d207be5c7536be794707999cbd4ec3a440b0c90c91e7a,436,439,4,6d860fd1e78c84f03450728a9736fbb9e1fc82b7943c1458498706b6b0d3b4b5,479685,وكالة -تسلم مبلغ لتسليمه -طلب إثبات التسليم - طلب أتعاب املحاماة -دفع بتوثيق التسليم بشيك -عجز عن إثباته -يمني املدعي عىل نفيه -إلزام برد املبلغ -دفع أتعاب,,,33704238,,,,85f178d22afa3e6b3be545b4bf0a286f101198990a477f3261a76f8fb122d3d8,metadata_incomplete_pending_review
collector-1435-v2-p442-3420195,extracted/collector-judgments-pdf/collector-1435-v2-p442-3420195.pdf,moj-judgments-1435-volume-2.pdf,f279f188cad83c6cab8d207be5c7536be794707999cbd4ec3a440b0c90c91e7a,442,452,11,fc41f1c79540fe180241ffbcb3170db65f3dc86ac6df600338d9c017aa6741b0,511734,وكالة -استحقاق غلة وقف -توكيل الناظر - تسليم ثمن مبيع -طلب فسخ الوكالة - تداخل الرشكة البائعة -حوالة عىل غلة وقف -عدم صحتها -وكالة الزمة -فسخها بعد ضامن الرضر -إلزام بدفع الثمن للرشكة.,,,3420195,,لألحوال الشخصية واألوقاف والوصايا والقصار وبيوت املال بمحكمة االستئناف يف,احلمد هلل والصالة والسالم عىل رسول اهلل وبعد ،فقد جرى منا نحن قضاة الدائرة الثانية,a84b96b75866a00490df4c0c10ea7d6d0d8565e54ad24242ccee79edc2fa9ca1,metadata_incomplete_pending_review
collector-1435-v2-p453-3473404,extracted/collector-judgments-pdf/collector-1435-v2-p453-3473404.pdf,moj-judgments-1435-volume-2.pdf,f279f188cad83c6cab8d207be5c7536be794707999cbd4ec3a440b0c90c91e7a,453,455,3,ece2f813164f02af673265beabd1235325364fd577ebbbd9f42258a2fd5347a7,477310,وكالة -إدارة أمالك ورثة -توكيل دون إذهنم - طلب إلغاء العقد -ترصف فضويل -,,,3473404,,االستئناف بالدائرة احلقوقية األوىل بمحكمة االستئناف بمنطقة مكة املكرمة االطالع عىل,االستئناف بالدائرة احلقوقية األوىل بمحكمة االستئناف بمنطقة مكة املكرمة االطالع عىل,fe59b9cacd8e41f03306ef0fd58cc09f370c3c74a905540b81de4acc34e8f0cc,metadata_incomplete_pending_review
collector-1435-v2-p456-33402344,extracted/collector-judgments-pdf/collector-1435-v2-p456-33402344.pdf,moj-judgments-1435-volume-2.pdf,f279f188cad83c6cab8d207be5c7536be794707999cbd4ec3a440b0c90c91e7a,456,460,5,7f72c3f69a82930f09da4239420d277b050c00d55d3299aa5fbb47f55880d2eb,485720,وكالة -استقدام خادمة -رفضها العمل بدون سبب -التزام بخادمة بديلة -تعذر ذلك -طلب رد املبلغ -إقرار -فسخ العقد -إلزام برد املبلغ.,,,33402344,,الدائرة احلقوقية السابعة بمحكمة االستئناف يف منطقة مكة املكرمة,الدائرة احلقوقية السابعة بمحكمة االستئناف يف منطقة مكة املكرمة,cb25e2aa9e57bca0fc105a98e35d8d4672449dce435cba0c4660acef5f21862f,metadata_incomplete_pending_review
collector-1435-v2-p461-34554545,extracted/collector-judgments-pdf/collector-1435-v2-p461-34554545.pdf,moj-judgments-1435-volume-2.pdf,f279f188cad83c6cab8d207be5c7536be794707999cbd4ec3a440b0c90c91e7a,461,463,3,3392791439b46cbebe4827e7a3a2680064259d04d4ceebac5a389da5fbd3ed56,478224,وكالة -استقدام خادمة -رفضها العمل -فرتة جتربة -طلب رد املبلغ -رشط اإلبدال ملرة واحدة -سبق اإلبدال -رد الدعوى.,,,34554545,,,احلمد هلل وحده أما بعد ،فقد اطلعنا نحن قضاة الدائرة احلقوقية الثانية يف حمكمة,8dd6b92ac06da598fa8dc55f283a5bdfe3f1e05472f70989b0b7e08bd9e14fa2,metadata_incomplete_pending_review
collector-1435-v2-p464-34293333,extracted/collector-judgments-pdf/collector-1435-v2-p464-34293333.pdf,moj-judgments-1435-volume-2.pdf,f279f188cad83c6cab8d207be5c7536be794707999cbd4ec3a440b0c90c91e7a,464,489,26,c36b54470ce3235c6354c3a87583538de2c0bcf6297b5663b071feeb3d7ae8fe,563057,وكالة -رشاء أرض وهتيئتها -تسليم مبلغ للوكيل -استيالؤه عىل بعضه -طلب رد مبلغ الفرق -دفع برصفه عىل األرض -عجز عن إثبات الدعوى -سكوت املدعي مدة طويلة -رفض يمني الوكيل -رد الدعوى.,,,34293333,,,رئيس وعضوي الدائرة احلقوقية الرابعة يف حمكمة االستئناف بمنطقة مكة املكرمة عىل,5cf93eadf19b5998ea615c2afecb241c26211c7c53558e80179410df342b22cd,metadata_incomplete_pending_review
collector-1435-v2-p490-35195578,extracted/collector-judgments-pdf/collector-1435-v2-p490-35195578.pdf,moj-judgments-1435-volume-2.pdf,f279f188cad83c6cab8d207be5c7536be794707999cbd4ec3a440b0c90c91e7a,490,512,23,117d318acb3852d62fca2668975d07155a8fb2dc549017dce33191b1af0761d4,2103039,وكالة -تسليم مال ملضارب -تفريط الوكيل -طلب ضامن املبلغ -إنكار التفريط - عدم ثبوته -رفض يمني الوكيل -رد الدعوى.,,,35195578,,بمحكمة االستئناف بالرياض عىل املعاملة الواردة من املحكمة العامة بالرياض برقم,احلمد هلل وحده وبعد ،فقد اطلعنا نحن قضاة الدائرة الثانية لتدقيق القضايا احلقوقية,404d4d5b3221104b9d4ca625f976865b0eb0f881d548b3f00cb1c70382434867,metadata_incomplete_pending_review
collector-1435-v3-p6-33672211,extracted/collector-judgments-pdf/collector-1435-v3-p6-33672211.pdf,moj-judgments-1435-volume-3.pdf,de9dbcbde6334c0b670ae71a4c435e78e1e3075183ab17823abdaf267122cf96,6,12,7,3d7f98e20f41d872e7f7bd30fa4dec02198a4bd2dd8a3fbdf69e3779183cc75c,492287,رشاكة -مرشوع دواجن -رشكة غري مسجلة -طلب تصفيتها -إقرار بتسلم رأس املال -دفع بكونه هبة -عجز عن إثباته -رفض يمني املدعي -ثبوت الرشاكة -احلكم بتصفية الرشكة.,,,33672211,,نحن قضاة الدائرة احلقوقية األوىل بمحكمة االستئناف بمنطقة القصيم عىل املعاملة,نحن قضاة الدائرة احلقوقية األوىل بمحكمة االستئناف بمنطقة القصيم عىل املعاملة,80c1fb54a290d867d5a7fe9ebbc71f9899f86a3460ea1450f5fe7090db608fbe,metadata_incomplete_pending_review
collector-1435-v3-p13-3451284,extracted/collector-judgments-pdf/collector-1435-v3-p13-3451284.pdf,moj-judgments-1435-volume-3.pdf,de9dbcbde6334c0b670ae71a4c435e78e1e3075183ab17823abdaf267122cf96,13,17,5,0ba23e5a698e6399f0805be3b9827b31f039d72f5f3f9dc1dfb43a7defb1790c,488203,رشاكة -مضاربة -توقف عن العمل -طلب رد رأس املال -إقرار بقبض املبلغ -دفع بكونه مقابل دين -عدم البينة -يمني املدعي -إلزام برد املبلغ.,,,3451284,,,الدائرة احلقوقية السادسة يف حمكمة االستئناف بمنطقة مكة املكرمة,a710235921f73dfe778b644fa7b500cbfc2500891d75fc787e096373fa02b9b4,metadata_incomplete_pending_review
collector-1435-v3-p18-3467288,extracted/collector-judgments-pdf/collector-1435-v3-p18-3467288.pdf,moj-judgments-1435-volume-3.pdf,de9dbcbde6334c0b670ae71a4c435e78e1e3075183ab17823abdaf267122cf96,18,20,3,576583a0cda2e6ffdecc980f04a671113f7579d99b141ec8e1b852ee91deb7ba,480224,رشاكة -مضاربة -متاجرة يف عقار -عدم الرشوع يف العمل -طلب رد رأس املال - سند إيداع -يمني املدعي -تبليغ شخيص -سامع الدعوى غيابيا -حكم حضوري -إلزام,,,3467288,,الدائرة احلقوقية الثانية بمحكمة االستئناف يف منطقة مكة املكرمة االطالع عىل املعاملة,الدائرة احلقوقية الثانية بمحكمة االستئناف يف منطقة مكة املكرمة االطالع عىل املعاملة,10e8864d4d206bc7ecc003fc9f722d90a6340f9db829ee3f3b25f7f58dea045f,metadata_incomplete_pending_review
collector-1435-v3-p21-3472189,extracted/collector-judgments-pdf/collector-1435-v3-p21-3472189.pdf,moj-judgments-1435-volume-3.pdf,de9dbcbde6334c0b670ae71a4c435e78e1e3075183ab17823abdaf267122cf96,21,26,6,0b5ed2a8b05f7697f9a27225336e33a18ad816a6fa1ef8fe2f81014e9ce4f237,491954,رشاكة -أرض -طلب إثبات الرشاكة -دفع بعدم متلك األرض -رفض يمني املدعى عليه -بيع ما مل يملك -رد الدعوى.,,,3472189,,احلقوقية بمحكمة االستئناف بمنطقة حائل عىل املعاملة الواردة من فضيلة رئيس املحكمة,احلمد هلل وحده وبعد ،فقد اطلعنا نحن قضاة الدائرة احلقوقية األوىل لتدقيق القضايا,f0e76e50edfcc238db565f9cab8300399d5b2bef38841d1a37d2bea270b0ea51,metadata_incomplete_pending_review
collector-1435-v3-p27-34156852,extracted/collector-judgments-pdf/collector-1435-v3-p27-34156852.pdf,moj-judgments-1435-volume-3.pdf,de9dbcbde6334c0b670ae71a4c435e78e1e3075183ab17823abdaf267122cf96,27,45,19,f5359e92d6a048990d511f005ac3474257c866e77776ed45508b4e6a02e79c71,541090,رشاكة -حمطة حمروقات -رشكة يف مبانيها -رأس املال دين -طلب إبطال الرشكة - دفع بتسليم رأس املال -رشكة يف األرض والبناء -صك ملكية عقار -اتفاقية رشاكة - عقد إجيار -مال وعمل من الرشكاء -رشكة عنان -ترجيح بني البينات -رد الدعوى .,,,34156852,,االستئناف بالدائرة احلقوقية األوىل بمحكمة االستئناف بمنطقة مكة املكرمة االطالع عىل,االستئناف بالدائرة احلقوقية األوىل بمحكمة االستئناف بمنطقة مكة املكرمة االطالع عىل,e8520ba6f9599ec26e3ae7223258c8b94bd4f8a70d0fd587eb26a5394a609023,metadata_incomplete_pending_review
collector-1435-v3-p46-34144221,extracted/collector-judgments-pdf/collector-1435-v3-p46-34144221.pdf,moj-judgments-1435-volume-3.pdf,de9dbcbde6334c0b670ae71a4c435e78e1e3075183ab17823abdaf267122cf96,46,53,8,4bcf887484fd523561832764023991dd4fbc71782d3d28b415a52ba68dce1d49,489762,رشاكة -رشاء عقار -بيعه -مطالبة بنصيب من الثمن -دفع بعدم الصفة -تناقض يف الدعوى -رد الدعوى.,,,34144221,,,,211d01145c4ece959b30b769d7bf5f808b53575d162165c9fa9a3408c8801a11,metadata_incomplete_pending_review
collector-1435-v3-p55-34311980,extracted/collector-judgments-pdf/collector-1435-v3-p55-34311980.pdf,moj-judgments-1435-volume-3.pdf,de9dbcbde6334c0b670ae71a4c435e78e1e3075183ab17823abdaf267122cf96,55,59,5,7c4f3ede724b12270ab052f470408ecd65dac32f499e6e4ce239204019809dcc,489327,رشاكة -مضاربة -متاجرة يف عقار -طلب رد رأس املال -عقد استثامر -سندات قبض -يمني املدعي -تعذر التبليغ -إعالن يف الصحيفة -سامع الدعوى غيابيا -حكم غيايب -إلزام برد املبلغ.,,,34311980,,,الدائرة احلقوقية السادسة يف حمكمة االستئناف بمنطقة مكة املكرمة,2e68209a3036a3e2fe9e3dc6317f98bd9a692c157e9e433cd57423b28591e94f,metadata_incomplete_pending_review
collector-1435-v3-p60-34351871,extracted/collector-judgments-pdf/collector-1435-v3-p60-34351871.pdf,moj-judgments-1435-volume-3.pdf,de9dbcbde6334c0b670ae71a4c435e78e1e3075183ab17823abdaf267122cf96,60,64,5,73c94bcccc0aca7f66c148a4be813f3212bd7e9474e544511bf16132d865a4d7,485141,رشاكة -عقار مشاع -وفاة الرشيك -طلب إثبات الرشاكة -إقرار -وجود قارصين بني الورثة -شهادة شهود عدول -ثبوت الرشاكة.,,,34351871,,,1435/8/6ه ،فقد جرى م نا نحن رئيس وأعضاء الدائرة احلقوقية الثانية يف حمكمة,36829de8db5290ef8f98af8b46b5f7515820350983e3a1d3bc350fe94d15af48,metadata_incomplete_pending_review
collector-1435-v3-p65-3517920,extracted/collector-judgments-pdf/collector-1435-v3-p65-3517920.pdf,moj-judgments-1435-volume-3.pdf,de9dbcbde6334c0b670ae71a4c435e78e1e3075183ab17823abdaf267122cf96,65,69,5,3915c92f768b75265470f31239d22ca6efed9e2ede376275dbc8b91e0bfb907c,485834,رشاكة -رشكة غري مسجلة -وفاة الرشيك الظاهر - طلب إثبات الرشاكة -إقرار - وجود قارصين بني الورثة -شهادة شهود عدول -ثبوت الرشاكة.,,,3517920,,احلمد هلل وحده وبعد ،فقد اطلعنا نحن قضاة الدائرة احلقوقية الثانية بمحكمة االستئناف,احلمد هلل وحده وبعد ،فقد اطلعنا نحن قضاة الدائرة احلقوقية الثانية بمحكمة االستئناف,cd18f46251140730a8dec544f4cc24d9d6f38317c63cb16aa60777942c63d967,metadata_incomplete_pending_review
collector-1435-v3-p70-34533008,extracted/collector-judgments-pdf/collector-1435-v3-p70-34533008.pdf,moj-judgments-1435-volume-3.pdf,de9dbcbde6334c0b670ae71a4c435e78e1e3075183ab17823abdaf267122cf96,70,75,6,52fd428e4ebcc52fb3edf5cd3aaa518dbbc73a0e692fc3ddad653644b1462514,488555,رشاكة -أرض زراعية -قسمة تراض -اختصاص املدعي باألرض -طلب إثبات امللكية -إقرار الورثة -وجود قارصين بينهم - شهادة شهود عدول -ثبوت ملكية العقار.,,,34533008,,بمحكمة االستئناف بمنطقة القصيم رقم 35199796وتاريخ 1435/04/06ه ،نصه,واملعاملة قد عادت من حمكمة االستئناف بمنطقة القصيم برفقها قرار الدائرة احلقوقية الثانية,19676fb45db0c5c1fe6e4a021cf4b25007108b67a8620abd3c5ef55b0a561a61,metadata_incomplete_pending_review
collector-1435-v3-p76-3553288,extracted/collector-judgments-pdf/collector-1435-v3-p76-3553288.pdf,moj-judgments-1435-volume-3.pdf,de9dbcbde6334c0b670ae71a4c435e78e1e3075183ab17823abdaf267122cf96,76,81,6,a28b330fa3eb2ae7fb3dc98b7d3a98fc8b61a45442df08e8c460b50677551a4a,494046,رشاكة -مضاربة -استئجار وتأجري عقار -عدم الرشوع يف العمل -طلب رد رأس املال -إنكار الدعوى -شهادة شهود عدول -يمني املدعي يمني استظهار -ثبوت قبض املال -إلزام برده -عدم االختصاص املكاين.,,,3553288,,,وقد صدر قرار الدائرة احلقوقية األوىل رقم 35294111وتاريخ 1435/06/27ه,b68883afae890ece7d6d5b781357fe21da8b6aa1dd8cc9302f411da25465c07f,metadata_incomplete_pending_review
collector-1435-v3-p82-33639135,extracted/collector-judgments-pdf/collector-1435-v3-p82-33639135.pdf,moj-judgments-1435-volume-3.pdf,de9dbcbde6334c0b670ae71a4c435e78e1e3075183ab17823abdaf267122cf96,82,86,5,4107c374c2d1ac88dd3e386a21823053d2c9ed2451df164d91157b3ab29c9116,489891,رشاكة -رشاء عقار -بيعه -مطالبة بنصف الثمن -إنكار الرشاكة -إقرار بتسلم رأس املال -دفع بكونه قرضا -عدم البينة -نكول عن اليمني -يمني املدعية -إلزام برد املبلغ.,,,33639135,,,وعضوي الدائرة احلقوقية الرابعة يف حمكمة االستئناف بمنطقة مكة املكرمة عىل الصك,3eb8c80de6c4b1a43698a748da7943a223314501e8984b43ec6818fa0c8409b2,metadata_incomplete_pending_review
collector-1435-v3-p87-33325226,extracted/collector-judgments-pdf/collector-1435-v3-p87-33325226.pdf,moj-judgments-1435-volume-3.pdf,de9dbcbde6334c0b670ae71a4c435e78e1e3075183ab17823abdaf267122cf96,87,92,6,03956885c620999b48e511ff87094b241ed3b915669e91736150e73a11bad1cc,489199,رشاكة -أرض -بيعها -مطالبة بنصيب من الثمن -وفاة املدعية -حلول الورثة حملها -دفع بكون األرض موقوفة -حكم سابق -ثبوت ملكية األرض -تقرير حماسبي - إلزام بتسليم املبلغ.,,,33325226,,,االستئناف بالدائرة احلقوقية اخلامسة يف حمكمة االستئناف بمنطقة مكة املكرمة,38fff1fcbec8a05b78b45ea769cf113177249f13911e9c8f061eb023c7f9a3c1,metadata_incomplete_pending_review
collector-1435-v3-p93-34134027,extracted/collector-judgments-pdf/collector-1435-v3-p93-34134027.pdf,moj-judgments-1435-volume-3.pdf,de9dbcbde6334c0b670ae71a4c435e78e1e3075183ab17823abdaf267122cf96,93,98,6,306d7a59f474db11f542aac71b474a21a16bf244da521f62507ada8a38124c1d,492985,رشاكة -مضاربة -أوراق مالية -طلب رد رأس املال -دفع بالوساطة -عجز عن إثباته -يمني املدعي -عدم حتديد نسبة الربح -عقد فاسد -إلزام برد رأس املال.,,,34134027,,,من الدائرة التجارية اخلامسة باملحكمة اإلدارية بمحافظة جدة بديوان املظامل وحيمل الرقم,52a10a3e3df06c47fa93f9e4d5b49e699899581e053d7b5b9eddc5ce3f738846,metadata_incomplete_pending_review
collector-1435-v3-p99-35159749,extracted/collector-judgments-pdf/collector-1435-v3-p99-35159749.pdf,moj-judgments-1435-volume-3.pdf,de9dbcbde6334c0b670ae71a4c435e78e1e3075183ab17823abdaf267122cf96,99,101,3,c8b94abf750ccbad9768ec6c8d7ff76a6f872ed59f509477b8cefc37b1131d90,483364,رشاكة -رشاء سيارات -بيعها -قبض كامل الثمن -طلب الرشيك نصيبه منه - إقرار -إلزام بتسليم املبلغ.,,,35159749,1435/5/4,نحن قضاة الدائرة احلقوقية األوىل بمحكمة االستئناف بمنطقة القصيم على,نحن قضاة الدائرة احلقوقية األوىل بمحكمة االستئناف بمنطقة القصيم على,b087f475798d8a8bcdd74752d55d7cfc1ca16fce4d373b2e408992846b9cae78,metadata_incomplete_pending_review
collector-1435-v3-p102-33645244,extracted/collector-judgments-pdf/collector-1435-v3-p102-33645244.pdf,moj-judgments-1435-volume-3.pdf,de9dbcbde6334c0b670ae71a4c435e78e1e3075183ab17823abdaf267122cf96,102,106,5,4d67cd89710ecfa5686bec45f41e87203f5d1a6d5ff2a0be9491643fab171682,485655,رشاكة -مضاربة -مسامهة عقارية -طلب رد رأس املال واألرباح -إقرار -دفع بعدم تصفية األرباح -إلزام برد رأس املال -حق املطالبة باألرباح.,,,33645244,,بمحكمة االستئناف بالرياض عىل املعاملة الواردة من فضيلة رئيس املحكمة العامة,احلمد هلل وحده وبعد ،فقد اطلعنا نحن قضاة الدائرة السادسة لتمييز القضايا احلقوقية,6ac6a83f1d476ed107ad999541043023f7c6ea79bee8b9cefcda7421fe0f4d1a,metadata_incomplete_pending_review
collector-1435-v3-p107-34560821,extracted/collector-judgments-pdf/collector-1435-v3-p107-34560821.pdf,moj-judgments-1435-volume-3.pdf,de9dbcbde6334c0b670ae71a4c435e78e1e3075183ab17823abdaf267122cf96,107,110,4,3f43867a5e51910776dab48189b500c7838e0c41bd9bee91bcc8233054664118,491768,رشاكة -مضاربة -متاجرة يف سيارات -وفاة رب املال -طلب رأس املال واألرباح - صلح عىل مبلغ -يمني االستظهار -إلزام بتسليم املبلغ.,,,34560821,,,,ea8680fff4fdd3322e98cde916a0b07fdbaec52fde3b5097527564e693398edb,metadata_incomplete_pending_review
collector-1435-v3-p111-34287764,extracted/collector-judgments-pdf/collector-1435-v3-p111-34287764.pdf,moj-judgments-1435-volume-3.pdf,de9dbcbde6334c0b670ae71a4c435e78e1e3075183ab17823abdaf267122cf96,111,114,4,38762c5799fe91bb41711a9d47dce158741d1940bc7bfdb100396cf48bc89b90,482569,رشاكة -مضاربة -مطعم - مطالبة برأس املال واألرباح -دفع باخلسارة -سبق املخالصة عىل مبلغ -إلزام بتسليمه.,,,34287764,,االستئناف بالدائرة احلقوقية الثالثة بمحكمة االستئناف بمنطقة مكة املكرمة االطالع عىل,االستئناف بالدائرة احلقوقية الثالثة بمحكمة االستئناف بمنطقة مكة املكرمة االطالع عىل,bef99a61490be68073de8286fc22dff974073d51c97be5be624a52ae22b31a89,metadata_incomplete_pending_review
collector-1435-v3-p115-3440265,extracted/collector-judgments-pdf/collector-1435-v3-p115-3440265.pdf,moj-judgments-1435-volume-3.pdf,de9dbcbde6334c0b670ae71a4c435e78e1e3075183ab17823abdaf267122cf96,115,118,4,b3a042a78a9b52104b057b1687d4f140d9f64477115eb41cbb235151da31fe41,483489,رشاكة -حمل جتاري -فسخ الرشكة -خمالصة هنائية -طلب اإللزام هبا -شهادة شهود عدول -يمني االستظهار -تبليغ شخيص -سامع الدعوى غيابيا -حكم حضوري -إلزام بمبلغ املخالصة.,,,3440265,,,احلمد هلل وحده أما بعد ،فقد اطلعنا نحن قضاة الدائرة احلقوقية الثانية يف حمكمة,ac4eed6cbffc06dacf4d8c37c2cf02ce532c9f2536a16fad09e2c310564f807e,metadata_incomplete_pending_review
collector-1435-v3-p119-33396440,extracted/collector-judgments-pdf/collector-1435-v3-p119-33396440.pdf,moj-judgments-1435-volume-3.pdf,de9dbcbde6334c0b670ae71a4c435e78e1e3075183ab17823abdaf267122cf96,119,123,5,46b821e1c1f697da004199834ac60c4c2161ea782cb00f447fcf4990333d4b27,487417,رشاكة -مضاربة -جتارة عطور -طلب رد رأس املال والربح -عقد اتفاقية -إقرار خطي -شهادة شهود عدول -تبلغ شخيص -سامع الدعوى غيابيا -حكم حضوري - إلزام بتسليم املبلغ.,,,33396440,,,احلمد هلل وحده وبعد ،فقد اطلعت الدائرة احلقوقية الرابعة يف حمكمة االستئناف,2642c3696cedf465528daa2a6796f6ca44c51f256860d7ca1cf9d752e883d3f8,metadata_incomplete_pending_review
collector-1435-v3-p124-33600441,extracted/collector-judgments-pdf/collector-1435-v3-p124-33600441.pdf,moj-judgments-1435-volume-3.pdf,de9dbcbde6334c0b670ae71a4c435e78e1e3075183ab17823abdaf267122cf96,124,128,5,2893cad9c72cddec11006da830cb627468fd0358710e8115973934de4e4ebf64,486629,رشاكة -مضاربة -نوعها غري حمدد -عدم رد رأس املال واألرب��اح -طلب فض الرشاكة -دفع بالوساطة -تسليم املبلغ ملستثمر - عدم رده له -إذن رب املال -املدعى عليه أمني -رفض املدعي ليمينه -رد الدعوى.,,,33600441,,بمحكمة االستئناف بالرياض عىل املعاملة الواردة من فضيلة رئيس املحكمة العامة,1435/01/23ه ،وبرفقها قرار أصحاب الفضيلة قضاة االستئناف بالدائرة السادسة,6a0fe1d04c0ae4de24d56faac5e1de42642239d55f224bcb5a89abedfbf05a7b,metadata_incomplete_pending_review
collector-1435-v3-p129-33584246,extracted/collector-judgments-pdf/collector-1435-v3-p129-33584246.pdf,moj-judgments-1435-volume-3.pdf,de9dbcbde6334c0b670ae71a4c435e78e1e3075183ab17823abdaf267122cf96,129,133,5,34667db506e39bcb121beca3fa75e4c844a24c769efd9ef239e9dded8ce7686f,490260,رشاكة -مضاربة -استثامر يف قناة فضائية -عدم تسليم األرباح -طلب فض الرشاكة - بيع حصة الرشكة -عدم تسلم ثمنها -عدم ثبوت التفريط أو التعدي -رد الدعوى.,,,33584246,,بمحكمة االستئناف بالرياض عىل املعاملة الواردة لنا من فضيلة رئيس املحكمة العامة,احلمد هلل وحده وبعد ،فقد اطلعنا نحن قضاة الدائرة الثالثة لتدقيق القضايا احلقوقية,d8cdc795e22cf1e28bf9dd493acf19e97d9a2e39225153b7bd6b91e69ff5b319,metadata_incomplete_pending_review
collector-1435-v3-p134-35140431,extracted/collector-judgments-pdf/collector-1435-v3-p134-35140431.pdf,moj-judgments-1435-volume-3.pdf,de9dbcbde6334c0b670ae71a4c435e78e1e3075183ab17823abdaf267122cf96,134,139,6,57e6f2c62f721894b61fe707396c0c14b6eda7c6c6aec3baa7ece50fb371a636,1183449,رشاكة -مضاربة -تفريط املضارب -طلب رد رأس املال -دفع بكونه ثمن مبيع - حكم سابق يف ذات املوضوع -تناقض يف الدعوى -رد الدعوى لسبق الفصل فيها.,,,35140431,,,1435/8/20ه ،فقد جرى م نا نحن رئيس وأعضاء الدائرة احلقوقية األوىل يف حمكمة,895b5d9327e7e9b757bdd39f065ce327f16c9e058c8346444a6c0843371dccb1,metadata_incomplete_pending_review
collector-1435-v3-p140-33463244,extracted/collector-judgments-pdf/collector-1435-v3-p140-33463244.pdf,moj-judgments-1435-volume-3.pdf,de9dbcbde6334c0b670ae71a4c435e78e1e3075183ab17823abdaf267122cf96,140,143,4,9d2732d39777ed5e1e3373e3e3821ab94fcb90fec122599e6b6649fe94f90482,494504,إجارة -حمل جتاري -طلب األجرة -إنكار الدعوى -عقد إجيار -إنكار التوقيع - نكول عن يمني النفي -رد اليمني -حلف املدعي -إلزام بتسليم األجرة.,,,33463244,,,نحن -قضاة الدائرة احلقوقية األوىل يف حمكمة االستئناف باملنطقة الرشقية -عىل املعاملة,3783209afc0e837738e5dc48ae05ca6eb08c3f596a2b2f1ca8540d83d1835d95,metadata_incomplete_pending_review
collector-1435-v3-p144-33703199,extracted/collector-judgments-pdf/collector-1435-v3-p144-33703199.pdf,moj-judgments-1435-volume-3.pdf,de9dbcbde6334c0b670ae71a4c435e78e1e3075183ab17823abdaf267122cf96,144,151,8,cf3f0515f6315668137f2caa1268b2b5a2d22e1d792f2895b627c3c52b8196a6,1180794,إجارة -معدات -طلب األجرة -إنكار الدعوى -بينة غري موصلة -يمني النفي -رد,,,33703199,,,ونص احلاجة منه ( :وبدراسة الصك وصورة ضبطه وأوراق املعاملة تقرر الدائرة إعادهتا,d5eeedbc97632d40353630aa9f94186e5ee17c11c34e76dba55a12d1fb20d6e5,metadata_incomplete_pending_review
collector-1435-v3-p152-3313032,extracted/collector-judgments-pdf/collector-1435-v3-p152-3313032.pdf,moj-judgments-1435-volume-3.pdf,de9dbcbde6334c0b670ae71a4c435e78e1e3075183ab17823abdaf267122cf96,152,160,9,043e445fbf70c24a362994a2f23828273a645e729afe535f46fddbc08e1ee47e,540824,إجارة -حمل جتاري -انتهاء مدة العقد -مماطلة يف اإلخالء -صدور حكم به -طلب الرشط اجلزائي -ضعف األجرة اليومية -قرار قسم اخلرباء -تقدير أجرة املثل -زيادهتا عن الرشط -إلزام بدفع األجرة مضاعفة.,,,3313032,,االستئناف بالدائرة احلقوقية الثالثة بمحكمة االستئناف بمنطقة مكة املكرمة -االطالع عىل,االستئناف بالدائرة احلقوقية الثالثة بمحكمة االستئناف بمنطقة مكة املكرمة -االطالع عىل,ec158330f4c4ebf414d9c641bd893e71629eac4e4964ddf792bf8542d00c9566,metadata_incomplete_pending_review
collector-1435-v3-p161-33341080,extracted/collector-judgments-pdf/collector-1435-v3-p161-33341080.pdf,moj-judgments-1435-volume-3.pdf,de9dbcbde6334c0b670ae71a4c435e78e1e3075183ab17823abdaf267122cf96,161,167,7,c45051fb7d1ead5c9faa30154f6fb8ea089b59e8c84383c628b8b6f443d3cdb3,505366,إجارة -حمالت جتارية -طلب األجرة -دفع بعدم تسلم العني -شهادة شهود عدول - ثبوت تسلم العني -إلزام بدفع األجرة.,,,33341080,1433/05/17,بمحكمة االستئناف بالرياض -عىل املعاملة الواردة من املحكمة العامة بالرياض برقم,والتاريخ 1435/6/28ه ،وبرفقه قرار الدائرة الثانية لتدقيق القضايا احلقوقية بمحكمة,b892c062deec45184032cd885b3036beed3d9132196da07698f425f987a0a92a,metadata_incomplete_pending_review
collector-1435-v3-p168-34566001,extracted/collector-judgments-pdf/collector-1435-v3-p168-34566001.pdf,moj-judgments-1435-volume-3.pdf,de9dbcbde6334c0b670ae71a4c435e78e1e3075183ab17823abdaf267122cf96,168,169,2,26f199f4076fc30d21d29fa10578ba7a711ff88c0e41b5f6e1e413cca3101c1a,474561,إجارة -عقار -طلب األجرة -إقرار بالدعوى -دفع برتميم العقار -اتفاق مع مالكه السابق -حق الرجوع عليه -إلزام بدفع األجرة.,,,34566001,,,,ec0716fcabae2cad1d6b096d5fcd3207ef6d8ba6581b1d47796e444fc995d6ac,metadata_incomplete_pending_review
collector-1435-v3-p173-34533924,extracted/collector-judgments-pdf/collector-1435-v3-p173-34533924.pdf,moj-judgments-1435-volume-3.pdf,de9dbcbde6334c0b670ae71a4c435e78e1e3075183ab17823abdaf267122cf96,173,176,4,cddd42f9c5f02c13e073279afc190e11551a5252810f70b8e8c8db5e3609c605,485414,إجارة -عقار -طلب األجرة -استهالك املاء -دفع بتسليمها -عدم البينة -يمني املبارش للعقد -إلزام بدفع األجرة.,,,34533924,,,احلمد هلل وحده ،أما بعد فقد اطلعنا نحن -قضاة الدائرة احلقوقية الثانية يف حمكمة,416c7a110ff764faa5b35969e9577731cdb01c6b3ef62974c48d2bed7afad35e,metadata_incomplete_pending_review
collector-1435-v3-p177-3536865,extracted/collector-judgments-pdf/collector-1435-v3-p177-3536865.pdf,moj-judgments-1435-volume-3.pdf,de9dbcbde6334c0b670ae71a4c435e78e1e3075183ab17823abdaf267122cf96,177,180,4,cb5cac2973ebc371231ed1feeb991ad1634449eee54f0298b6639a6cfdf118bf,488415,إجارة -م ع دة -طلب األجرة -عقد إجيار -يمني املدعي -ثبوت الدعوى -تبليغ شخيص -سامع الدعوى غيابيا -حكم حضوري -إلزام بدفع األجرة.,,,3536865,1435/01/16,بمحكمة االستئناف -بمنطقة عسري عىل املعاملة الواردة من فضيلة رئيس املحكمة العامة,احلمد هلل وحده وبعد ،فقد اطلعنا نحن -قضاة الدائرة الثانية لتدقيق القضايا احلقوقية,affd8fef115886c4eea1d1676e24adfeb372dd02a380f779444ff644dbe1eba6,metadata_incomplete_pending_review
collector-1435-v3-p181-34245239,extracted/collector-judgments-pdf/collector-1435-v3-p181-34245239.pdf,moj-judgments-1435-volume-3.pdf,de9dbcbde6334c0b670ae71a4c435e78e1e3075183ab17823abdaf267122cf96,181,185,5,3a56a68f1b3f1e05c322b12a739619d1e3a2dcaeb7f194af9a2a7555f7b1ff04,489059,إجارة -مركبة -طلب األجرة -عقد إجيار -رخصة ملكية -يمني املدعي -تعذر التبليغ -إعالن يف الصحيفة -سامع الدعوى غيابيا -حكم غيايب -إلزام بدفع األجرة.,,,34245239,,,نحن -قضاة الدائرة احلقوقية األوىل يف حمكمة االستئناف باملنطقة الرشقية -عىل املعاملة,2a8e7240597f6b7c99f153022de6933693aad049e9b48ee5607f30f19f9eec39,metadata_incomplete_pending_review
collector-1435-v3-p186-3457883,extracted/collector-judgments-pdf/collector-1435-v3-p186-3457883.pdf,moj-judgments-1435-volume-3.pdf,de9dbcbde6334c0b670ae71a4c435e78e1e3075183ab17823abdaf267122cf96,186,189,4,e08aac48f6cc456c069a26524064860439d081f74f0196916dc506e5ceb90f7b,487132,إجارة -شاحنة -طلب األجرة -عقد اإلجيار -ختم رسمي -حتقق من صحته -يمني املدعي -تعذر التبليغ -سامع الدعوى غيابيا -حكم غيايب -إلزام بدفع األجرة.,,,3457883,,,احلمد هلل وحده ،أما بعد فقد اطلعنا نحن -قضاة الدائرة احلقوقية الثانية يف حمكمة,2cd87446a186d93fa7ceca8b2107946bf8c940e0774387e0aa21ba406fd57e36,metadata_incomplete_pending_review
collector-1435-v3-p190-34321613,extracted/collector-judgments-pdf/collector-1435-v3-p190-34321613.pdf,moj-judgments-1435-volume-3.pdf,de9dbcbde6334c0b670ae71a4c435e78e1e3075183ab17823abdaf267122cf96,190,193,4,5f5fb3743600d8b5f6c7e87edbdbce502cab06a3bbdbb1ada783020fe52985cb,485011,إجارة -أجرة عالج -طلب تسليمها -إقرار بالدعوى -استمهال ملراجعة الفواتري - إقرار خطي باملبلغ -التزام بدفعه -ثبوت الدعوى -إلزام بدفع األجرة.,,,34321613,,,احلمد هلل وحده وبعد ،فقد اطلعنا نحن -قضاة الدائرة احلقوقية األوىل بمحكمة,b5662a32fefccd06574146beceecd5da7b399d59dcf895447d88f079845e3544,metadata_incomplete_pending_review
collector-1435-v3-p194-35186483,extracted/collector-judgments-pdf/collector-1435-v3-p194-35186483.pdf,moj-judgments-1435-volume-3.pdf,de9dbcbde6334c0b670ae71a4c435e78e1e3075183ab17823abdaf267122cf96,194,201,8,b419b689d73ac704574221f55c9a06bc14b2f4fa55f494c1a1b3c01ffb6d2112,1181700,إجارة -عقار -طلب األجرة -تسليم العقار -شهادة شهود عدول -عقد اإلجيار - يمني االستظهار -تعذر التبليغ -إفادة اجلوازات -مغادرة املستأجر للبالد -سام ع الدعوى غيابيا -حكم غيايب -إلزام باألجرة -إخالء العقار -بيع موجوداته -استيفاء,,,35186483,,,احلمد هلل وحده وبعد ،فقد اطلعت الدائرة احلقوقية الرابعة يف حمكمة االستئناف بالرياض,64b5fdc1cebd45aacc760bfaafecf9018005f5c19089853658e111fd79f03fff,metadata_incomplete_pending_review
collector-1435-v3-p202-33387082,extracted/collector-judgments-pdf/collector-1435-v3-p202-33387082.pdf,moj-judgments-1435-volume-3.pdf,de9dbcbde6334c0b670ae71a4c435e78e1e3075183ab17823abdaf267122cf96,202,207,6,7ac28c1e011478f853c688c6fa0db223a580c7e76250669715514cefd4a71b66,499981,إجارة -مكاتب جتارية -طلب األجرة -دفع بعدم جتديد العقد -إخالء املكاتب - رفض تسلمها -رشط اإلخطار املسبق -عدم تضمنه التجديد تلقائيا -شهادة شاهد - املؤقت ينتهي بنهاية وقته -رصف النظر.,,,33387082,,,نحن -قضاة الدائرة احلقوقية األوىل يف حمكمة االستئناف باملنطقة الرشقية -عىل املعاملة,c6e4125fbd3be7d26e60b89a18a2ce700b5fe7751afe9950f6277c7037fb87e5,metadata_incomplete_pending_review
collector-1435-v3-p208-34559947,extracted/collector-judgments-pdf/collector-1435-v3-p208-34559947.pdf,moj-judgments-1435-volume-3.pdf,de9dbcbde6334c0b670ae71a4c435e78e1e3075183ab17823abdaf267122cf96,208,211,4,0127bd426788f8163ce1bd84b160c492adc0eef458bc6d5a430fecdf526301ad,866457,إجارة -حمل جتاري -انتهاء العقد -طلب اإللزام بتجديده -رفض املؤجر - رشط الرتايض يف العقود -رد الدعوى .,,,34559947,,,الدائرة احلقوقية السادسة يف حمكمة االستئناف بمنطقة مكة املكرمة,57c0615eb8d02a58d112f08ec2d181bbb28e94e2d3ad1d2985d1b9929df3c45b,metadata_incomplete_pending_review
collector-1435-v3-p212-34233310,extracted/collector-judgments-pdf/collector-1435-v3-p212-34233310.pdf,moj-judgments-1435-volume-3.pdf,de9dbcbde6334c0b670ae71a4c435e78e1e3075183ab17823abdaf267122cf96,212,217,6,c425d3002ba8644b6848a8137d420cca013e1d2b6379cfa9fe13edc9e74e405e,502962,إجارة -منتهية بالتمليك -سيارة -احرتاقها -تقرير رسمي -التامس داخيل - طلب سيارة بديلة -إنكار املسؤولية -احلريق نتيجة عامل خارجي -هالك العني املؤجرة - انفساخ العقد -رصف النظر - إلزام برد الدفعة املقدمة.,,,34233310,,,احلمد هلل وحده ،أما بعد فقد اطلعنا نحن -قضاة الدائرة احلقوقية الثانية يف حمكمة,1ddbb57faad60f557773cf0e6c772dbc101ed255b01c6e96d8fa89d3500185b7,metadata_incomplete_pending_review
collector-1435-v3-p218-34246804,extracted/collector-judgments-pdf/collector-1435-v3-p218-34246804.pdf,moj-judgments-1435-volume-3.pdf,de9dbcbde6334c0b670ae71a4c435e78e1e3075183ab17823abdaf267122cf96,218,224,7,b5903029081151e6b631ac8eec7660523b13e1780e969b1b80e7be43fbc7168d,499949,إجارة -منتهية بالتمليك -سيارة -حادث سري -تعذر االنتفاع باملأجور -طلب إصالح السيارة والتعويض -دفع بمخالفة رشوط العقد -طلب إلزام املدعي باألجرة - هالك العني املؤجرة -انفساخ اإلجارة -رد طلبات الطرفني.,,,34246804,,,1435/08/27ه فقد جرى م نا نحن -رئيس وأعضاء الدائرة احلقوقية الثانية يف,5bdd75fadd62eaf23692aeaa7e4cbaee1c72d586c3472de10ae6e7de512563bb,metadata_incomplete_pending_review
collector-1435-v3-p225-34502018,extracted/collector-judgments-pdf/collector-1435-v3-p225-34502018.pdf,moj-judgments-1435-volume-3.pdf,de9dbcbde6334c0b670ae71a4c435e78e1e3075183ab17823abdaf267122cf96,225,227,3,63a27ded081a64cc61617356604779cf51f4042c06a6b3c52dd1804bd0cb2a03,485681,إج��ارة -منتهية بالتمليك -سيارة -عيب مصنعي -طلب فسخ العقد -إقرار بالدعوى -ثبوت العيب -فسخ العقد.,,,34502018,,االستئناف بالدائرة احلقوقية األوىل بمحكمة االستئناف بمنطقة مكة املكرمة -االطالع,االستئناف بالدائرة احلقوقية األوىل بمحكمة االستئناف بمنطقة مكة املكرمة -االطالع,45f7189db239af16627068c8216d0c54b49353f5c4ce6df34a2b799b267f5f30,metadata_incomplete_pending_review
collector-1435-v3-p228-35221394,extracted/collector-judgments-pdf/collector-1435-v3-p228-35221394.pdf,moj-judgments-1435-volume-3.pdf,de9dbcbde6334c0b670ae71a4c435e78e1e3075183ab17823abdaf267122cf96,228,231,4,ed00920d205724e811f4df2f409a4d7ba479b549e7273bfb3f245396c2b922a3,858840,إجارة -سيارة -وعد بالتمليك -سداد األجرة -طلب متليك السيارة -وعد من غري مالك -عدم صحته -بيع ما ال يملك -طلب رد األجرة -استيفاء املنفعة -رد الدعوى.,,,35221394,,االستئناف بالدائرة احلقوقية األوىل بمحكمة االستئناف بمنطقة مكة املكرمة -االطالع,االستئناف بالدائرة احلقوقية األوىل بمحكمة االستئناف بمنطقة مكة املكرمة -االطالع,ef500b26f2637d10a1ca5336f4f7c6a9385e85525cb70e8bb1e5fa4708002db9,metadata_incomplete_pending_review
collector-1435-v3-p232-33190823,extracted/collector-judgments-pdf/collector-1435-v3-p232-33190823.pdf,moj-judgments-1435-volume-3.pdf,de9dbcbde6334c0b670ae71a4c435e78e1e3075183ab17823abdaf267122cf96,232,238,7,decfa6beb3ce81d596f856e09eec2580839ac667636a443c40b24d79274ae014,503801,إجارة -أجري خاص -عقد شفهي -عدم انتهاء مدته -فصل من العمل -طلب رواتب عن باقي املدة -دفع بعدم االختصاص -رفض الدفع -دفع بالعجز عن العمل -عدم ثبوته -رفض يمني املدعي -إلزام بدفع كامل الرواتب.,,,33190823,,االستئناف بالدائرة احلقوقية األوىل بمحكمة االستئناف بمنطقة مكة املكرمة -االطالع,من حمكمة االستئناف ،وبرفقها قرار الدائرة,48dd63ae91be27160dbd32393fd9adeb2ede9abc51162d4dbeeda3590b0006e7,metadata_incomplete_pending_review
collector-1435-v3-p239-34400890,extracted/collector-judgments-pdf/collector-1435-v3-p239-34400890.pdf,moj-judgments-1435-volume-3.pdf,de9dbcbde6334c0b670ae71a4c435e78e1e3075183ab17823abdaf267122cf96,239,245,7,fd0761c699e380e2ad01d4ef407d322cb1b1721b1267ca557e2dc5f69c24801c,493638,إجارة -أجري خاص -حراسة منزل -طلب رواتب متأخرة -دفع بإهناء عالقة العمل - شهادات غري موصلة -عجز عن إثبات الدعوى -رفض يمني املدعى عليه -رصف النظر.,,,34400890,,,الدائرة احلقوقية السادسة يف حمكمة االستئناف بمنطقة مكة املكرمة -االطالع على,4c6f4a08bf66c2a830c8b553e98f3686c9f9695ab3e5d2104d4c1b82d496c59b,metadata_incomplete_pending_review
collector-1435-v3-p246-35110160,extracted/collector-judgments-pdf/collector-1435-v3-p246-35110160.pdf,moj-judgments-1435-volume-3.pdf,de9dbcbde6334c0b670ae71a4c435e78e1e3075183ab17823abdaf267122cf96,246,253,8,ee73675ab417bd751b4f988cd8723494041d46013f5f5d1103f37cf614e169aa,1189805,إجارة -أجري خاص -طلب رواتب -نسبة من األرباح -دفع بعدم االختصاص - رفض الدفع -دفع بوجود خمالصة -ادعاء اإلكراه عىل توقيعها -عجز عن إثباته -نكول عن اليمني عىل نفيه -إلزام بدفع األجرة واألرباح.,,,35110160,,بمحكمة االستئناف بالرياض -عىل املعاملة الواردة من فضيلة رئيس املحكمة العامة,احلمد هلل وحده وبعد ،فقد اطلعنا نحن -قضاة الدائرة اخلامسة لتمييز القضايا احلقوقية,9bc08e2f67faac68166eb2eebdbac1ba82a70948e06eb308aa5975e8e7ea0003,metadata_incomplete_pending_review
collector-1435-v3-p254-3515056,extracted/collector-judgments-pdf/collector-1435-v3-p254-3515056.pdf,moj-judgments-1435-volume-3.pdf,de9dbcbde6334c0b670ae71a4c435e78e1e3075183ab17823abdaf267122cf96,254,261,8,b54bd015d6fa77ce7fc9196ba049dbf16e2310ccce46087ce2b126ddfcb73887,506038,إخالء عقار -مرفق خدمي -إجارته من الباطن -إفادة البلدية -عدم استئذاهنا -خمالفة رشط العقد -ثبوت بطالنه -إلزام باإلخالء.,,,3515056,,,وعىل القرار ختم وتوقيع أصحاب الفضيلة قضاة الدائرة الشيخ ( )...والشيخ (،)...,3dd497f69e3f81370840d1d924631e97cf3d99ed18aeaf8c0f96eee1e11f2829,metadata_incomplete_pending_review
collector-1435-v3-p262-34292028,extracted/collector-judgments-pdf/collector-1435-v3-p262-34292028.pdf,moj-judgments-1435-volume-3.pdf,de9dbcbde6334c0b670ae71a4c435e78e1e3075183ab17823abdaf267122cf96,262,268,7,3276e4175f39e301dae10892b1d483c09eb2cd464b75e0d9a2db0daaedbcdae0,499824,بيع -منفعة عقار -رشط إذن مالكها -عدم استئذانه -طلب إبطال البيع -إنكار املشرتي -موافقة خطية من املدعي -دفعه بتوقيتها -عدم البينة -تداخل البائع -رفض يمني املدعى عليه -رد الدعوى.,,,34292028,,احلقوقية بمحكمة االستئناف بمنطقة الرياض عىل املعاملة الواردة بخطاب فضيلة رئيس,احلمد هلل وحده وبعد ،فقد اطلعنا نحن قضاة الدائرة احلقوقية األوىل لتدقيق القضايا,fdb649bd341d833a390f99570157f34149951c17c164e2385a01ef4c7034ff9e,metadata_incomplete_pending_review
collector-1435-v3-p269-34101888,extracted/collector-judgments-pdf/collector-1435-v3-p269-34101888.pdf,moj-judgments-1435-volume-3.pdf,de9dbcbde6334c0b670ae71a4c435e78e1e3075183ab17823abdaf267122cf96,269,279,11,435490cf67e4ce4e33a5c27ca72396900bc61d0611b3571fbbd7f40b267c6299,508763,إجارة -استثامر أرض -وفاة املؤجر - امتناع عن تسليم املأجور -طلب احلجز التحفظي عليه -وجود م ص ف للرتكة -دفعه ببطالن العقد -فقد أهلية املورث قبله -وكالة باطلة - صك والية -طلب إلغاء العقد -ثبوت بطالنه -رد الدعوى -إلغاء العقد.,,,34101888,,,واملصدق من حمكمة التمييز بمكة املكرمة الدائرة الثانية لألحوال الشخصية واألوقاف,183ebc5a0051df86d40af311fb693745ac761a417a268f901337faf88d583090,metadata_incomplete_pending_review
collector-1435-v3-p280-34307089,extracted/collector-judgments-pdf/collector-1435-v3-p280-34307089.pdf,moj-judgments-1435-volume-3.pdf,de9dbcbde6334c0b670ae71a4c435e78e1e3075183ab17823abdaf267122cf96,280,284,5,8f8b0fe4a2d923b77cf5e1393fe0b1db7ffd549a4602dbfa42f3712b8f39eb09,489014,إجارة -عقار -تغرير باملدعي -طلب إبطال العقد -عدم البينة -رفض يمني املدعى عليه -طلب إنفاذ صلح -عدم ثبوت انعقاده -رد الدعوى.,,,34307089,,االستئناف بالدائرة احلقوقية األوىل بمحكمة االستئناف بمنطقة مكة املكرمة -االطالع عىل,االستئناف بالدائرة احلقوقية األوىل بمحكمة االستئناف بمنطقة مكة املكرمة -االطالع عىل,022399994a359d50e9b53268f193010127e66ab8efcaf2f10ccd73c9be9fec35,metadata_incomplete_pending_review
collector-1435-v3-p285-33678761,extracted/collector-judgments-pdf/collector-1435-v3-p285-33678761.pdf,moj-judgments-1435-volume-3.pdf,de9dbcbde6334c0b670ae71a4c435e78e1e3075183ab17823abdaf267122cf96,285,289,5,be690357c85507ac773d9c7fdde89fe40ab663dae25e02c7478c5d4a225eda7b,489395,إجارة -عقار -عيب يف املأجور -فسخ العقد بالرتايض -تغرير باملستأجر - عدم تأثري العيب -طلب إمضاء العقد -إنكار التغرير - بينة غري موصلة -استقصاء املؤجر عن العيب -ثبوت رضاه بالفسخ -رصف النظر.,,,33678761,,,احلمد هلل وحده وبعد ،فقد اطلعنا نحن -قضاة الدائرة احلقوقية الثالثة بمحكمة,4b4f0c9dc39d3f8e52b3b7ec38665497a5f4d32c51d8f9ca73b5e557547091eb,metadata_incomplete_pending_review
collector-1435-v3-p290-32459078,extracted/collector-judgments-pdf/collector-1435-v3-p290-32459078.pdf,moj-judgments-1435-volume-3.pdf,de9dbcbde6334c0b670ae71a4c435e78e1e3075183ab17823abdaf267122cf96,290,297,8,d4ff5d4c099c68c01cf2e03bdeedbf6678b52197be83d967ab1d1c8071353d59,510738,إجارة -حمطة حمروقات -نقل قدم املؤجر - طلب فسخ العقد -دفع بحق املستأجر يف االنتفاع -تأجري من الباطن -رد الدعوى.,,,32459078,,,احلمد هلل وحده وبعد ،فقد اطلعت الدائرة احلقوقية الرابعة يف حمكمة االستئناف بالرياض,db2f6861dc239e7c98c72ca2a89183c6208f9f792d5cb08510cf62a6e9214333,metadata_incomplete_pending_review
collector-1435-v3-p298-35117772,extracted/collector-judgments-pdf/collector-1435-v3-p298-35117772.pdf,moj-judgments-1435-volume-3.pdf,de9dbcbde6334c0b670ae71a4c435e78e1e3075183ab17823abdaf267122cf96,298,302,5,5138434be84180096d23d236d9e742e0ad6a6346ce1207038558843e182a540b,490901,إجارة -عامرة سكنية -رشط استخراج ترصيح -عدم الوفاء به -طلب فسخ العقد - رد األجرة -إنكار الرشط -عجز عن إثباته -يمني النفي -عىل صفة اجلواب -رصف,,,35117772,,وأعضاء الدائرة احلقوقية الثالثة بمحكمة االستئناف بمنطقة مكة املكرمة -االطالع عىل,وعىل آله وصحبه ،وسلم .الدائرة احلقوقية الثالثة قايض استئناف ( )...ختم وتوقيع,bd74e7265489e6b55b373d83a578f7012b4c7690f5c5133ca3b7fe05f59d789f,metadata_incomplete_pending_review
collector-1435-v3-p303-34405734,extracted/collector-judgments-pdf/collector-1435-v3-p303-34405734.pdf,moj-judgments-1435-volume-3.pdf,de9dbcbde6334c0b670ae71a4c435e78e1e3075183ab17823abdaf267122cf96,303,309,7,61629dcd22902e07009af077db1d2a3ee7776cf020eab374cfd445a83cd5c2bf,496138,إجارة -حمل جتاري -عدم تسليم ترخيصه -طلب فسخ العقد -رد األجرة -إنكار الدعوى -إخالل برشوط العقد -طلب باقي األجرة -توافق عىل الفسخ -ثبوت انفساخ العقد -رد طلبات الطرفني.,,,34405734,,,نحن -قضاة الدائرة احلقوقية األوىل يف حمكمة االستئناف باملنطقة الرشقية -عىل املعاملة,4979284de8d84f988535e04c16fe9775d99763bea8000f4314ac51b1d9a4b304,metadata_incomplete_pending_review
collector-1435-v3-p310-210331103,extracted/collector-judgments-pdf/collector-1435-v3-p310-210331103.pdf,moj-judgments-1435-volume-3.pdf,de9dbcbde6334c0b670ae71a4c435e78e1e3075183ab17823abdaf267122cf96,310,324,15,f708426b78adf3dee8fa087dd1d19c17ea396e35b7d9d6582ed9d76a3086629e,531626,إجارة -استثامر -أرض فضاء -نزع الدولة مللكيتها -تعذر االنتفاع بالعني -طلب رد األجرة -دفع بعدم االستحقاق -حبس املدعي للعني -مانع خارج عن إرادة الطرفني - إلزام برد األجرة.,,,210331103,,,الدائرة احلقوقية السادسة يف حمكمة االستئناف بمنطقة مكة املكرمة,30100b193cc0feea3e54562a18a52521cd10633051c8879de01da99cad5ffe0a,metadata_incomplete_pending_review
collector-1435-v3-p325-34473558,extracted/collector-judgments-pdf/collector-1435-v3-p325-34473558.pdf,moj-judgments-1435-volume-3.pdf,de9dbcbde6334c0b670ae71a4c435e78e1e3075183ab17823abdaf267122cf96,325,328,4,b90c8a64f0e13890c44ec719ab9b1844398b0d3ba6bb4d79f02384439139a276,489746,إجارة -قاعة أفراح -مانع من االنتفاع -فسخ من طرف واحد -طلب رد األجرة - رفض اإلقالة -متلك املنفعة -لزوم عقد اإلجارة -رد الدعوى.,,,34473558,,,احلمد هلل وحده وبعد ،فقد اطلعت الدائرة احلقوقية الرابعة يف حمكمة االستئناف بالرياض,d35072e5190e538dbcb03c24ef4078d48bdaa92dbe69eeaece2ec73c48aeb8ae,metadata_incomplete_pending_review
collector-1435-v3-p329-34318955,extracted/collector-judgments-pdf/collector-1435-v3-p329-34318955.pdf,moj-judgments-1435-volume-3.pdf,de9dbcbde6334c0b670ae71a4c435e78e1e3075183ab17823abdaf267122cf96,329,332,4,0c4a4739a8c4493a99d1ca213bff0dfaa5b9968f6d3049bb96f87481f429cc99,489184,إجارة -حمل جتاري -بيع املؤجر للعقار -رسيان عقد اإلجارة -طلب االستمرار فيه - إنكار املشرتي -عقد إجيار -عدم انفساخ اإلجارة ببيع العني -ثبوت رسيان العقد -إلزام,,,34318955,,,نحن -قضاة الدائرة احلقوقية األوىل يف حمكمة االستئناف باملنطقة الرشقية -عىل املعاملة,d7d1241e8e4707d01864aea6f620b435c3974c1472001efd6012049da9538720,metadata_incomplete_pending_review
collector-1435-v3-p333-3499776,extracted/collector-judgments-pdf/collector-1435-v3-p333-3499776.pdf,moj-judgments-1435-volume-3.pdf,de9dbcbde6334c0b670ae71a4c435e78e1e3075183ab17823abdaf267122cf96,333,345,13,09f5ba84558ba2335487867de1418cf3627cd59fde197c4bb05d71654c1c4f63,888560,إجارة -عقار -بيعه -رشط يف العقد -اخليار للمشرتي حال البيع -اختياره فسخ العقد -طلب إثبات صورية البيع -إنكار الصورية -طلب إخالء العقار -رفض يمني املدعى عليه -عدم ثبوت الصورية -إلزام بإخالء العقار.,,,3499776,,وأعضاء الدائرة احلقوقية الثالثة بمحكمة االستئناف بمنطقة مكة املكرمة -االطالع عىل,املساعد برقم 34518859يف 1435/4/12ه ،وبرفقه قرار الدائرة احلقوقية الثالثة برقم,b6a87d1a6cbcd56d2362b3b9267f3fd019b5a280d29f4cd84c7dcdf65abbab7b,metadata_incomplete_pending_review
collector-1435-v3-p346-25987,extracted/collector-judgments-pdf/collector-1435-v3-p346-25987.pdf,moj-judgments-1435-volume-3.pdf,de9dbcbde6334c0b670ae71a4c435e78e1e3075183ab17823abdaf267122cf96,346,347,2,8fd14fb369a08779744f5bcd3ab8141bb2bd5253a4111aba5a7be993e8a45156,481304,إتالف مال الغري -حادث سري -تفريط مستأجر السيارة -تسليمها البنه -عدم الرتخيص له -طلب األرش -تقرير املرور -إدانة بكامل املسؤولية -استعانة بخبري - تقدير األرش -إلزام بدفعه.,,,25987,,,,1682667c49cb3f6ecf0c504cd2793d6527e13dc0e2e442344b601206807e6f4f,metadata_incomplete_pending_review
collector-1435-v3-p348-348,extracted/collector-judgments-pdf/collector-1435-v3-p348-348.pdf,moj-judgments-1435-volume-3.pdf,de9dbcbde6334c0b670ae71a4c435e78e1e3075183ab17823abdaf267122cf96,348,349,2,c6dd7a4ea4e1b71f549e409c36b4cf199bd8b51678935599c0a1102d09f4a1ba,401975,احلمد هلل وحده ،والصالة والسالم عىل من ال نبي بعده وبعد ،فقد جرى منا نحن -قضاة الدائرة اجلزائية اخلامسة بمحكمة االستئناف يف منطقة مكة املكرمة -االطالع عىل املعاملة,,,348,1435/2/5,الدائرة اجلزائية اخلامسة بمحكمة االستئناف يف منطقة مكة املكرمة -االطالع عىل املعاملة,الدائرة اجلزائية اخلامسة بمحكمة االستئناف يف منطقة مكة املكرمة -االطالع عىل املعاملة,677c2c91ff2a2467af8b8ee1c50ad4e0d1b3ff80a0bef4f49d700eadc21685ce,metadata_incomplete_pending_review
collector-1435-v3-p350-34111752,extracted/collector-judgments-pdf/collector-1435-v3-p350-34111752.pdf,moj-judgments-1435-volume-3.pdf,de9dbcbde6334c0b670ae71a4c435e78e1e3075183ab17823abdaf267122cf96,350,358,9,01bf4ea4bac823495a313b0b0e9cc08e0013497cd72c29adfabf45f531a6f11c,497491,إتالف مال الغري -استئجار منزل -انتهاء العقد -طلب قيمة املتلفات -إنكار الدعوى -استهالك معتاد للمأجور -قرار قسم اخلرباء -تقدير التلف غري املعتاد -إلزام,,,34111752,,,الدائرة احلقوقية السادسة يف حمكمة االستئناف بمنطقة مكة املكرمة,257f87cbe16cebff356e7fdb3f5f7d970f2e73f8164a8cc82828d1ea5f364c32,metadata_incomplete_pending_review
collector-1435-v3-p359-33525997,extracted/collector-judgments-pdf/collector-1435-v3-p359-33525997.pdf,moj-judgments-1435-volume-3.pdf,de9dbcbde6334c0b670ae71a4c435e78e1e3075183ab17823abdaf267122cf96,359,364,6,019399db5d830dd5ea4f3400b70ec5d839072eff22e3a4e8d99800cab74d0863,488755,إتالف مال الغري -استئجار سيارة -تعطل منفعتها -تفريط املستأجر - طلب قيمة اإلصالح -إنكار الدعوى -عدم ثبوت التفريط - رد الدعوى.,,,33525997,1433/08/14,,نحن -قضاة الدائرة احلقوقية األوىل يف حمكمة االستئناف باملنطقة الرشقية -عىل املعاملة,13df3a34400f9b23d793f7b4b8aa988dc7aeb5cac51efc470b7406f3f37ddb9d,metadata_incomplete_pending_review
collector-1435-v3-p365-34456558,extracted/collector-judgments-pdf/collector-1435-v3-p365-34456558.pdf,moj-judgments-1435-volume-3.pdf,de9dbcbde6334c0b670ae71a4c435e78e1e3075183ab17823abdaf267122cf96,365,369,5,5e52fa97d38c6930aa720ae5703d6a6aefe7caef009f1d5e06cc437a693a1136,864354,رشط جزائي -أجرة عقار -عدم االلتزام بسدادها -طلب اإللزام بالرشط -االلتزام األصيل دين -بطالن الرشط اجلزائي يف الديون -رد الدعوى.,,,34456558,,وأعضاء الدائرة احلقوقية الثالثة بمحكمة االستئناف بمنطقة مكة املكرمة االطالع عىل,وأعضاء الدائرة احلقوقية الثالثة بمحكمة االستئناف بمنطقة مكة املكرمة االطالع عىل,a255792865e1a83ece721ce839aad091d016a680240095022ceae3e7ebb4f600,metadata_incomplete_pending_review
collector-1435-v3-p370-34426472,extracted/collector-judgments-pdf/collector-1435-v3-p370-34426472.pdf,moj-judgments-1435-volume-3.pdf,de9dbcbde6334c0b670ae71a4c435e78e1e3075183ab17823abdaf267122cf96,370,375,6,143ceadc545f9546ec08c322a1861f4d291a3c805334f9c1ea886857fefc0947,1174757,مقاولة -بناء غرفة -اكتامل تنفيذها -طلب باقي األجرة -إنكار الدعوى -بينة غري موصلة -طلب يمني املدعى عليه -نكوله عن اليمني -إلزامه باملبلغ.,,,34426472,,احلمد هلل وحده وبعد ،فقد اطلعنا نحن قضاة الدائرة احلقوقية األوىل بمحكمة االستئناف,احلمد هلل وحده وبعد ،فقد اطلعنا نحن قضاة الدائرة احلقوقية األوىل بمحكمة االستئناف,e027551d344f351820790e0b933686e9352f4b3de2a569e75ff231d3cf62bbdd,metadata_incomplete_pending_review
collector-1435-v3-p376-33521378,extracted/collector-judgments-pdf/collector-1435-v3-p376-33521378.pdf,moj-judgments-1435-volume-3.pdf,de9dbcbde6334c0b670ae71a4c435e78e1e3075183ab17823abdaf267122cf96,376,384,9,02ab9e33bce6f869987fdc0531b97b9308ae2f3b7bd30ecad486c364d2aba6f6,503971,مقاولة -عقد من الباطن -مصنعية دون مواد -أعامل جبس -طلب أجرة املنفذ منها - اختالف يف مقداره -عقد اتفاق -خطاب بمقدار املنفذ -شهادة شاهد -يمني مكملة - إلزام بدفع املبلغ.,,,33521378,,,رئيس وعضوي الدائرة احلقوقية الرابعة يف حمكمة االستئناف بمنطقة مكة املكرمة عىل,8a0e8da0cf4808f8b297a9fd4b2bdb6e1f72d2831282bee2edca85b370ebc158,metadata_incomplete_pending_review
collector-1435-v3-p385-33617504,extracted/collector-judgments-pdf/collector-1435-v3-p385-33617504.pdf,moj-judgments-1435-volume-3.pdf,de9dbcbde6334c0b670ae71a4c435e78e1e3075183ab17823abdaf267122cf96,385,397,13,bd2001cd24b66d52e701887a16440257567815bd09864c611e2bec86e620bd1d,518715,مقاولة -بناء منزل عظم - اكتامل تنفيذ العمل -طلب باقي قيمته -دفع بعدم إكامل التنفيذ -تقدير األعامل املنفذة -ترايض الطرفني عليها -إلزام بدفع باقي قيمتها.,,,33617504,,,بعد قرار الدائرة وكالة عن موكله,7ad284921e5133688c7a18e830fb063ee9e71704bbd35ffa9304a67e8c613472,metadata_incomplete_pending_review
collector-1435-v3-p398-33526377,extracted/collector-judgments-pdf/collector-1435-v3-p398-33526377.pdf,moj-judgments-1435-volume-3.pdf,de9dbcbde6334c0b670ae71a4c435e78e1e3075183ab17823abdaf267122cf96,398,405,8,d8548f21c76995b7b1f51896d98a53e70411b97dc8868e4a5df73393abc8b497,509755,مقاولة -إنشاء مبنى -عظم باملواد -اكتامل تنفيذ العمل -طلب باقي قيمته -دفع بوجود عيوب -تقرير املهندس املرشف -سبق ارتضاء الطرفني له -تنفيذ حسب االتفاق -إلزام,,,33526377,,وأعضاء الدائرة احلقوقية الثالثة بمحكمة االستئناف بمنطقة مكة املكرمة االطالع عىل,وأعضاء الدائرة احلقوقية الثالثة بمحكمة االستئناف بمنطقة مكة املكرمة االطالع عىل,7a118ddc24eb249f0badfaace0d79844b010a7308fd2abdf7244512cd7788c57,metadata_incomplete_pending_review
collector-1435-v3-p406-34221277,extracted/collector-judgments-pdf/collector-1435-v3-p406-34221277.pdf,moj-judgments-1435-volume-3.pdf,de9dbcbde6334c0b670ae71a4c435e78e1e3075183ab17823abdaf267122cf96,406,410,5,46b246752fe443cb8877b97654389e8937cbbdd201f08b7b6705139d3b7c4067,501733,مقاولة -توريد وتركيب -حجر خارجي -إكامل العمل -طلب باقي قيمته -دفع بتأخر التنفيذ -غرامة تأخري -طلب حسمها من القيمة -عدم ثبوت موجب الغرامة - إلزام بدفع املبلغ.,,,34221277,,نحن قضاة الدائرة احلقوقية األوىل بمحكمة االستئناف بمنطقة القصيم عىل املعاملة الواردة,فتحت اجللسة ،وفيها عادت املعاملة من حمكمة االستئناف وبرفقها قرار الدائرة احلقوقية,e66577dac105c0ecbb4e4f06ec04d9675c90ac3f9a30e36fe26a9b7123d4a89f,metadata_incomplete_pending_review
collector-1435-v3-p411-34548176,extracted/collector-judgments-pdf/collector-1435-v3-p411-34548176.pdf,moj-judgments-1435-volume-3.pdf,de9dbcbde6334c0b670ae71a4c435e78e1e3075183ab17823abdaf267122cf96,411,416,6,880dbfd1c8e2ea33353975cba93be36787dc7873080c135a68c67fb288522f89,492768,مقاولة -إنشاء مبنى -عظم دون مواد -طلب باقي األجرة -دفع باستحقاق غرامة تأخري -ادعاء تسبب مالك املبنى به -عدم البينة -نكول املالك عن يمني النفي -إلزامه,,,34548176,,قضاة الدائرة احلقوقية األوىل بمحكمة االستئناف بمنطقة القصيم عىل المعاملة,قضاة الدائرة احلقوقية األوىل بمحكمة االستئناف بمنطقة القصيم عىل المعاملة,f3fd0c599e97f49c1d709d96414cd356a92e8e342a7e76fe8ca123be0684ed36,metadata_incomplete_pending_review
collector-1435-v3-p417-35207469,extracted/collector-judgments-pdf/collector-1435-v3-p417-35207469.pdf,moj-judgments-1435-volume-3.pdf,de9dbcbde6334c0b670ae71a4c435e78e1e3075183ab17823abdaf267122cf96,417,419,3,443bbe266fe39026eaa01940ec9ae0386d0a26c83a18e85a46e806843d4b50a2,483783,مقاولة -أعامل تشطيب -اكتامل تنفيذها -طلب باقي املستحقات -شهادة شهود عدول -يمني االستظهار -تبليغ لغري شخص اخلصم - سامع الدعوى غيابيا -حكم غيايب -إلزام بدفع املبلغ.,,,35207469,,بمحكمة االستئناف بمنطقة عسري عىل املعاملة الواردة من فضيلة رئيس املحكمة اجلزائية,احلمد هلل وحده وبعد ،فقد اطلعنا نحن قضاة الدائرة الثانية لتدقيق القضايا احلقوقية,cc7ee5ddc4fa06f91ac7a0d61f5e55a6c5d06a231587e88a39c2af96e6f3b03b,metadata_incomplete_pending_review
collector-1435-v3-p420-35385723,extracted/collector-judgments-pdf/collector-1435-v3-p420-35385723.pdf,moj-judgments-1435-volume-3.pdf,de9dbcbde6334c0b670ae71a4c435e78e1e3075183ab17823abdaf267122cf96,420,425,6,5f08ae71fb0c57ef22adf4ebda16802a4a9ad7e68cd21a550cdbfa3d08ec6ceb,866567,مقاولة -حفر وترحيل املخلفات -اكتامل تنفيذه -طلب باقي املستحقات -شهادة شهود عدول -يمني االستظهار -تعذر التبليغ -سامع الدعوى غيابيا -حكم غيايب - إلزام بدفع املبلغ.,,,35385723,,,احلمد هلل وحده وبعد ،فقد اطلعنا نحن قضاة الدائرة احلقوقية األوىل يف حمكمة,9b922abc80bd82da9f8af88e3463cafcc2f328ebb4fcd9cd94285b34f7eed8f3,metadata_incomplete_pending_review
collector-1435-v3-p426-33544201,extracted/collector-judgments-pdf/collector-1435-v3-p426-33544201.pdf,moj-judgments-1435-volume-3.pdf,de9dbcbde6334c0b670ae71a4c435e78e1e3075183ab17823abdaf267122cf96,426,437,12,f3867a1d7354c71d0ce652468f16d649c613a63cc55e4c31c71d9fbee8637721,532980,مقاولة -أعامل تشطيب -تسليم كامل القيمة -عدم إكامل التنفيذ -طلب رد مبلغ الفرق -ترايض عىل مكتب هنديس -تقدير األعامل املنجزة -حرص عيوب التنفيذ -إلزام,,,33544201,,االستئناف بالدائرة احلقوقية األوىل بمحكمة االستئناف بمنطقة مكة املكرمة االطالع عىل,استئناف ( )...ختم وتوقيع رئيس الدائرة ( )...ختم وتوقيع ) ،فإنني أجيب أصحاب,60ad07f8aa0f5857a8eba0d85a17b1be4d0f362675156ee3de55fd682aab21b1,metadata_incomplete_pending_review
collector-1435-v3-p438-34468275,extracted/collector-judgments-pdf/collector-1435-v3-p438-34468275.pdf,moj-judgments-1435-volume-3.pdf,de9dbcbde6334c0b670ae71a4c435e78e1e3075183ab17823abdaf267122cf96,438,445,8,726b37c81dbf5dab437b2c91c4175b9e9455684d6b10da66e395161049072726,498660,مقاولة -إنشاء مبنى -عيوب يف تنفيذه -طلب التعويض عنها -قرار قسم اخلرباء - ثبوت العيوب -تقدير عقيمة األعامل السليمة -حسمها من املبلغ املدفوع -تقدير خسارة املدعي -إلزام بتسليمها له -رد باقي املدفوع -عدم حترير الدعوى.,,,34468275,,قرار الدائرة احلقوقية األوىل بمحكمة االستئناف بمنطقة القصيم رقم 35133589وتاريخ,قرار الدائرة احلقوقية األوىل بمحكمة االستئناف بمنطقة القصيم رقم 35133589وتاريخ,cf43ce0aebd49814e480876043c58860609b3d13d0c1abbcdd5ee67e02be351d,metadata_incomplete_pending_review
collector-1435-v3-p446-35100555,extracted/collector-judgments-pdf/collector-1435-v3-p446-35100555.pdf,moj-judgments-1435-volume-3.pdf,de9dbcbde6334c0b670ae71a4c435e78e1e3075183ab17823abdaf267122cf96,446,453,8,6f680a44fe62b6ef7039df6c1c58c91d61d09ecd1162a473dc01fa8dba9e0b10,1191172,مقاولة -توريد خرسانة -عيوب يف التنفيذ -طلب إصالحها -إقرار بالدعوى -ندب بخبري هنديس -بيان طريقة اإلصالح -إلزام بتنفيذها -دفع أتعاب اخلبري.,,,35100555,,قضاة الدائرة احلقوقية األوىل بمحكمة االستئناف بمنطقة القصيم عىل املعاملة الواردة من فضيلة,قضاة الدائرة احلقوقية األوىل بمحكمة االستئناف بمنطقة القصيم عىل املعاملة الواردة من فضيلة,6e06530d7b43c7c08f4d532f60235e94bf6ad2190322b0ffa9edb6f01e60e6d8,metadata_incomplete_pending_review
collector-1435-v3-p454-33605520,extracted/collector-judgments-pdf/collector-1435-v3-p454-33605520.pdf,moj-judgments-1435-volume-3.pdf,de9dbcbde6334c0b670ae71a4c435e78e1e3075183ab17823abdaf267122cf96,454,458,5,a5f0ff6e9e13549dec44c8c565ea8c0ae4d3aba2b880906924e3d9794fd1f2d2,489613,مقاولة -تركيب مصعد -توقف عن تنفيذ العمل -طلب فسخ العقد -دفع بالتأخر يف سداد األقساط -عدم ثبوت موجب الفسخ -إلزام الطرفني بالعقد.,,,33605520,,,الدائرة احلقوقية السادسة يف حمكمة االستئناف بمنطقة مكة املكرمة,d8f5ebcb18923d17855a05616f7d4e807cb3fcc6df0a3db7a3730154353f6406,metadata_incomplete_pending_review
collector-1435-v3-p459-34467887,extracted/collector-judgments-pdf/collector-1435-v3-p459-34467887.pdf,moj-judgments-1435-volume-3.pdf,de9dbcbde6334c0b670ae71a4c435e78e1e3075183ab17823abdaf267122cf96,459,462,4,a6fee77714ae2338744eac35ae2b3c8eacb9f777769a6a7e7efa4164735f9b07,487641,مقاولة -إنشاء مبنى -توقف عن العمل -طلب اإللزام بإكامله -دفع بتسبب املدعي - عجز عن إثباته -يمني املدعي عىل نفيه -إلزام بإكامل العمل.,,,34467887,1434/10/22,احلمد هلل وحده وبعد ،فقد اطلعنا نحن قضاة الدائرة احلقوقية األوىل بمحكمة االستئناف,احلمد هلل وحده وبعد ،فقد اطلعنا نحن قضاة الدائرة احلقوقية األوىل بمحكمة االستئناف,4f0dc636e320847db11be9709774ccb93e43b8babb50733464f39ee97c951f1d,metadata_incomplete_pending_review
collector-1435-v3-p463-35374404,extracted/collector-judgments-pdf/collector-1435-v3-p463-35374404.pdf,moj-judgments-1435-volume-3.pdf,de9dbcbde6334c0b670ae71a4c435e78e1e3075183ab17823abdaf267122cf96,463,484,22,272c650f5e537dfd26ed2d1f7606fd949dd14fc10f004e646bfc5be3e9893926,2191799,مقاولة -إنشاء مبنى -توقف عن العمل -طلب اإللزام بإكامله -إقرار بالدعوى - استعداد بإكامل العمل -إلزام بذلك .,,,35374404,1435/06/22,,1435/9/4ه فقد جرى م نا نحن رئيس وأعضاء الدائرة احلقوقية األوىل يف حمكمة,bf3c57c511ed18c26f67f0d94bdbe587f35bf95be81f630d357f89c6c7be3d48,metadata_incomplete_pending_review
collector-1435-v4-p6-34350997,extracted/collector-judgments-pdf/collector-1435-v4-p6-34350997.pdf,moj-judgments-1435-volume-4.pdf,973bbad83de5f7004d47e9bcb66aea7efc985ec12901968d73e3510cf36b93ee,6,11,6,b563447b87b0ed478f9214674879e4a7b064512015fac5460279432791d9562d,503922,مقاولة -إنشاء مستودع -عدم إكامل تنفيذه -طلب رد باقي املدفوع -طلب الرشط اجلزائي -قرار قسم اخلرباء -تقدير األعامل املنجزة -عقد مصدق -سندات قبض -يمني املدعي -تعديل مقدار الرشط -تعذر التبليغ -حكم غيايب -فسخ العقد -إلزام برد الفرق -دفع الرشط املعدل.,,,34350997,,احلقوقية الثانية بمحكمة االستئناف رقم 35293872يف 1435/6/27ه املتضمن,بمنطقة مكة املكرمة املساعد رقم 341826113يف 1435/7/1ه ومعها قرار الدائرة,3cd38cdd1f3cda670e02207610988d7058693261ee02fa3d4448a42109053700,metadata_incomplete_pending_review
collector-1435-v4-p12-34305438,extracted/collector-judgments-pdf/collector-1435-v4-p12-34305438.pdf,moj-judgments-1435-volume-4.pdf,973bbad83de5f7004d47e9bcb66aea7efc985ec12901968d73e3510cf36b93ee,12,19,8,789ab5e0f787e7d02465dbf29e205ce056a1f32d056c55ebb39c5dbf9298c421,495450,مقاولة -إنشاء مبنى -اشرتاط مدة -عدم تنفيذ املبنى خالهلا -فسخ العقد -طلب رد باقي املدفوع -حتكيم مكتب هنديس -تقدير قيمة األعامل املنفذة -حسمها من املبلغ املدفوع -إجازة الفسخ -إلزام برد الفرق -دفع أجرة املحكم.,,,34305438,,قضا ة الدائرة احلقوقية السابعة بمحكمة االستئناف يف منطقة مكة املكرمة االطالع عىل,الدائرة احلقوقية السابعة وبرفقها القرار,c76649ad6ff0f7076820f56c51e40f146f551c202c7e67372c239dc4e4e7aad2,metadata_incomplete_pending_review
collector-1435-v4-p20-34405195,extracted/collector-judgments-pdf/collector-1435-v4-p20-34405195.pdf,moj-judgments-1435-volume-4.pdf,973bbad83de5f7004d47e9bcb66aea7efc985ec12901968d73e3510cf36b93ee,20,25,6,aa23285f04f212b333356bb27946cb838a2c0354dd8f6b701f9001de0a7dcdbd,504087,مقاولة -توريد وتركيب أبواب -مماطلة يف تنفيذ العقد -طلب فسخه ورد املدفوع - طلب الرشط اجلزائي -عقد اتفاقية -سند قبض -يمني املدعي -تعديل مقدار الرشط - تقديره من اخلرباء -حكم غيايب -فسخ العقد -إلزام برد املدفوع -دفع الرشط املعدل.,,,34405195,,احلقوقية بمحكمة االستئناف بمنطقة حائل عىل املعاملة الواردة من فضيلة رئيس املحكمة,احلمد هلل وحده وبعد ،فقد اطلعنا نحن قضاة الدائرة احلقوقية األوىل لتدقيق القضايا,0af8ffd3ecac6fae49d107024e90e9700b2d73690e0a987339e4673c2001c912,metadata_incomplete_pending_review
collector-1435-v4-p26-34529146,extracted/collector-judgments-pdf/collector-1435-v4-p26-34529146.pdf,moj-judgments-1435-volume-4.pdf,973bbad83de5f7004d47e9bcb66aea7efc985ec12901968d73e3510cf36b93ee,26,28,3,80bbe985ebdd48ceb582829d0be76194dc82fefd72257387cf6550f6449ad466,479601,مقاولة -توريد وتركيب مصعد -تسليم جزء من القيمة -مماطلة يف التنفيذ -طلب فسخ العقد -عقد اتفاقية -سند قبض -تبليغ شخيص -حكم غيايب -فسخ العقد -إلزام,,,34529146,,وأعضاء الدائرة احلقوقية الثالثة بمحكمة االستئناف بمنطقة مكة املكرمة االطالع عىل الصك,وأعضاء الدائرة احلقوقية الثالثة بمحكمة االستئناف بمنطقة مكة املكرمة االطالع عىل الصك,5a32612babec8d2c2cc6d39a1ce266c70a5f214b87b07f3684019899187a967a,metadata_incomplete_pending_review
collector-1435-v4-p29-3540744,extracted/collector-judgments-pdf/collector-1435-v4-p29-3540744.pdf,moj-judgments-1435-volume-4.pdf,973bbad83de5f7004d47e9bcb66aea7efc985ec12901968d73e3510cf36b93ee,29,35,7,0f84fbf312247acc08dec61551030f7049e718611be91c3420825ccde8dfbccb,493434,مقاولة -استصناع -غرفة متنقلة -اشرتاط مواصفات -عدم االلتزام هبا -طلب فسخ العقد -رد املدفوع من قيمته -دفع بموافقة املدعي -عدم إثباته -يمني النفي -فسخ العقد -إلزام برد املدفوع.,,,3540744,,من أصحاب الفضيلة قضاة الدائرة اخلامسة لتمييز القضايا احلقوقية بمحكمة االستئناف,من أصحاب الفضيلة قضاة الدائرة اخلامسة لتمييز القضايا احلقوقية بمحكمة االستئناف,fa643f48dd4380550d8e5ea2eae2767c43f80145f986460cef0968d17603435a,metadata_incomplete_pending_review
collector-1435-v4-p36-33529139,extracted/collector-judgments-pdf/collector-1435-v4-p36-33529139.pdf,moj-judgments-1435-volume-4.pdf,973bbad83de5f7004d47e9bcb66aea7efc985ec12901968d73e3510cf36b93ee,36,40,5,9d5435b9f97d24a70dd925c78b8ba2d74b59a821bb17e7decf4971aa55c5e329,487245,مقاولة -بناء منزل -عيوب ىف التنفيذ -إيقاف العمل -طلب فسخ العقد -رد باقي املبلغ املدفوع -تقرير هنديس -تقدير قيمة املنجز -حسم قيمة العيوب -فسخ العقد - إلزام برد باقي املبلغ.,,,33529139,,احلقوقية بمحكمة االستئناف بمنطقة الرياض عىل املعاملة الواردة من فضيلة رئيس,احلمد هلل وحده وبعد ،فقد اطلعنا نحن قضاة الدائرة احلقوقية األوىل لتدقيق القضايا,fc0b50e146b235ca83b9323504436622c9e48cae8be6120b924d077b5f0a8616,metadata_incomplete_pending_review
collector-1435-v4-p41-3435071,extracted/collector-judgments-pdf/collector-1435-v4-p41-3435071.pdf,moj-judgments-1435-volume-4.pdf,973bbad83de5f7004d47e9bcb66aea7efc985ec12901968d73e3510cf36b93ee,41,45,5,15e6a8d1f04c4d5a76a9823282ef7106afb4dc5e8331c75149c19c8bea6eca4e,486192,مقاولة -أعامل لياسة -عيوب يف تنفيذها -طلب إصالحها أو الفسخ -قرار قسم اخلرباء -ثبوت وجود العيوب -تقدير قيمة األعامل املنفذة -حسمها من املدفوع -فسخ العقد -إلزام برد الفرق.,,,3435071,,,قضاة الدائرة احلقوقية الثانية رقم 35119177يف 1435/01/17ه ،ونص احلاجة منه,b97ea5c612ad2bab9afbb4cd9f7a4f6d4009191e3db70c4ff78f524b0f03c29b,metadata_incomplete_pending_review
collector-1435-v4-p46-3527617,extracted/collector-judgments-pdf/collector-1435-v4-p46-3527617.pdf,moj-judgments-1435-volume-4.pdf,973bbad83de5f7004d47e9bcb66aea7efc985ec12901968d73e3510cf36b93ee,46,53,8,e8770e7e6695479d0b26b56a1748ef98ee2e124f9e361e7bb1d41b91841b60af,496235,مقاولة -إنشاء مبنى عظم - اتفاق عىل مواعيد الدفعات -عدم االلتزام به -طلب فسخ العقد -دفع بتغيري االتفاق -عدم إثباته -رفض يمني املدعي -تقدير األعامل املنجزة - فسخ العقد -إلزام بتسليم املستحقات -طلب رد القايض .,,,3527617,,,التعليامت واهلل واملوفق .وعىل القرار ختم وتوقيع قضاة الدائرة احلقوقية األوىل يف حمكمة,988d802d7b6f056b4bdd5b994eb20d4a2839bb9ae5de927b1b68c40c338a4285,metadata_incomplete_pending_review
collector-1435-v4-p54-34570284,extracted/collector-judgments-pdf/collector-1435-v4-p54-34570284.pdf,moj-judgments-1435-volume-4.pdf,973bbad83de5f7004d47e9bcb66aea7efc985ec12901968d73e3510cf36b93ee,54,57,4,fb877647b0f77476b5e5264e91cdb4989f0eb2a5a5152ebf84d13d6a62c0cf72,483366,مقاولة -ترميم وتوريد مواد -عدم إكامل التنفيذ -صلح عىل فسخ العقد -طلب إثبات صلح -رجوع املدعى عليه عنه -ثبوت الصلح -إلزام بالعمل بموجبه.,,,34570284,1435/12/25,احلقوقية بمحكمة االستئناف بمنطقة حائل عىل املعاملة الواردة من فضيلة رئيس املحكمة,احلمد هلل وحده وبعد ،فقد اطلعنا نحن قضاة الدائرة احلقوقية األوىل لتدقيق القضايا,2d3afe7143685189d22fe6d718731dac6b89c4787d972dd1b5cad72ce81b2da8,metadata_incomplete_pending_review
collector-1435-v4-p58-34541467,extracted/collector-judgments-pdf/collector-1435-v4-p58-34541467.pdf,moj-judgments-1435-volume-4.pdf,973bbad83de5f7004d47e9bcb66aea7efc985ec12901968d73e3510cf36b93ee,58,60,3,c64714d342bb6ca97c948fea631d638ddae1ac5a874c81e2ee9b1d48f3a68610,479291,مقاولة -توريد وتركيب مطبخ -تسليم جزء من القيمة -مماطلة يف إكامل العمل -طلب رد املدفوع -عقد اتفاقية -عدم البينة املوصلة -رفض املدعي بذل اليمني -رد الدعوى.,,,34541467,1434/12/2,قضاة الدائرة احلقوقية األوىل بمحكمة االستئناف بمنطقة القصيم عىل املعاملة الواردة من,قضاة الدائرة احلقوقية األوىل بمحكمة االستئناف بمنطقة القصيم عىل املعاملة الواردة من,729b673cd608725420e9afc497efdbaa0049c2d7805fdbb779b8d9d35b926870,metadata_incomplete_pending_review
collector-1435-v4-p61-34563338,extracted/collector-judgments-pdf/collector-1435-v4-p61-34563338.pdf,moj-judgments-1435-volume-4.pdf,973bbad83de5f7004d47e9bcb66aea7efc985ec12901968d73e3510cf36b93ee,61,67,7,1cc37137083d9b67ed3c49cba0640ca99677bcad96f829bebee60817c76d3394,1181159,مقاولة -إصالح عيوب إنشائية -عدم تنفيذ العمل -طلب اإللزام به أو التعويض - إنكار الدعوى -عدم توقيع عقد -اشرتاط خمالصة سابقة -رد الدعوى.,,,34563338,,بمحكمة االستئناف بالرياض عىل املعاملة الواردة لنا من فضيلة رئيس املحكمة العامة,احلمد هلل وحده وبعد ،فقد اطلعنا نحن قضاة الدائرة الثالثة لتدقيق القضايا احلقوقية,1b9118ffe159a018404d4377ef39dab56a94bd6878ea505be4d7d116b5915632,metadata_incomplete_pending_review
collector-1435-v4-p68-34518712,extracted/collector-judgments-pdf/collector-1435-v4-p68-34518712.pdf,moj-judgments-1435-volume-4.pdf,973bbad83de5f7004d47e9bcb66aea7efc985ec12901968d73e3510cf36b93ee,68,71,4,6004592008239cc3ca25b447e87b81bd7946d1fa08ebcca783609d6e226fa9be,494723,شفعة -مزرعة لورثة -قسمتها بينهم - بيع أحدهم شقصه -طلب الشفعة فيه -قرار قسم اخلرباء -الشفيع ليس له ملك قائم - عدم استحقاق الشفعة -رد الدعوى.,,,34518712,,,احلمد هلل وحده وبعد ،فقد اطلعنا نحن قضاة الدائرة احلقوقية الثالثة بمحكمة,7140cb6045b3c48ee5f214f866f4b824f04bf67be74f458108db4ccc8c8407fb,metadata_incomplete_pending_review
collector-1435-v4-p72-35187745,extracted/collector-judgments-pdf/collector-1435-v4-p72-35187745.pdf,moj-judgments-1435-volume-4.pdf,973bbad83de5f7004d47e9bcb66aea7efc985ec12901968d73e3510cf36b93ee,72,75,4,e27df4fe9f04960675175bd7be5b3a9a36149d3e3ffb74a75f408a5412bd225a,848232,شفعة -أرض جماورة -بيعها -طلب نزعها من املشرتي -دفعه ببيعها عىل ثالث -توجه الدعوى عىل من بيده العني -رصف النظر.,,,35187745,,,احلمد هلل وحده وبعد ،فقد اطلعت الدائرة احلقوقية الرابعة يف حمكمة االستئناف بالرياض,391cf2392c22852e91d51dd64c1fbceaf15e9b89140edc712c16b3a4c2e0cfe0,metadata_incomplete_pending_review
collector-1435-v4-p76-34299589,extracted/collector-judgments-pdf/collector-1435-v4-p76-34299589.pdf,moj-judgments-1435-volume-4.pdf,973bbad83de5f7004d47e9bcb66aea7efc985ec12901968d73e3510cf36b93ee,76,79,4,5c5cbd951509accd6026bfef8980167c21a0a7b92c8429b5b9f7ae5613f03b23,486589,وديعة -مبلغ مايل -طلب رده -نموذج حتويل مرصيف -يمني املودع -تعذر التبليغ - إعالن بالصحيفة -حكم غيايب -إلزام برد املبلغ.,,,34299589,,,الدائرة احلقوقية الثالثة يف حمكمة االستئناف بمنطقة مكة املكرمة,7705c0aca31a4dc03c342fc0b62a1fec09014d1903ad3f53e7bd2cac6392da63,metadata_incomplete_pending_review
collector-1435-v4-p80-34301242,extracted/collector-judgments-pdf/collector-1435-v4-p80-34301242.pdf,moj-judgments-1435-volume-4.pdf,973bbad83de5f7004d47e9bcb66aea7efc985ec12901968d73e3510cf36b93ee,80,83,4,5adcf6482bc87c3f967bb8f60a23b7b47f87e6492a02717f5ecce4e87d6d04c9,486432,وديعة -مبلغ مايل -طلب رده -دفع بتسلمه للمتاجرة به -رسقة املال -يد أمانة - تفريط املدعى عليه -إلزام برد املبلغ.,,,34301242,,الدائرة احلقوقية السابعة بمحكمة االستئناف يف منطقة مكة املكرمة,الدائرة احلقوقية السابعة بمحكمة االستئناف يف منطقة مكة املكرمة,7cb6f58dd644fd379cbac1e0e4f02791650d191005fa8f5837e8371369dbbbe8,metadata_incomplete_pending_review
collector-1435-v4-p84-34522453,extracted/collector-judgments-pdf/collector-1435-v4-p84-34522453.pdf,moj-judgments-1435-volume-4.pdf,973bbad83de5f7004d47e9bcb66aea7efc985ec12901968d73e3510cf36b93ee,84,89,6,875c6933fd2a4068e9b72911f494acca732ab64461592fe7a6184b3d23dae614,1174659,وديعة -مبلغ مايل -قيمة ذهب للزوجة -دفع بتنازهلا عن احلقوق املالية -صك خلع سابق للدعوى -ادعاء استثناء الذهب -عدم البينة -رصف النظر.,,,34522453,,الشخصية واإلهناءات بمحكمة االستئناف بمنطقة القصيم عىل املعاملة الواردة من فضيلة,احلمد هلل وحده وبعد ،فقد اطلعنا نحن قضاة الدائرة املختصة بتدقيق قضايا األحوال,0ce94c42042411fa1efc92d9e24f09aaf0688dd3440770a3969623c9332a4d57,metadata_incomplete_pending_review
collector-1435-v4-p90-34517133,extracted/collector-judgments-pdf/collector-1435-v4-p90-34517133.pdf,moj-judgments-1435-volume-4.pdf,973bbad83de5f7004d47e9bcb66aea7efc985ec12901968d73e3510cf36b93ee,90,95,6,c8a4f6c2b07fa5d056db332b58213e471c1d71f96a1b38839467471691731f84,1182336,وكالة -استقدام خادمة -رفضها العمل -طلب رد ا جل عل -عقد شفوي -عدم اشرتاط الضامن -حتقق املجاعل عليه -رصف النظر.,,,34517133,,احلمد هلل وحده وبعد ،فقد اطلعنا نحن قضاة الدائرة احلقوقية األوىل بمحكمة االستئناف,احلمد هلل وحده وبعد ،فقد اطلعنا نحن قضاة الدائرة احلقوقية األوىل بمحكمة االستئناف,7d00a4f585d9c318f87545717bc0383bb6c824f2a56e849e729afba42fc2dda2,metadata_incomplete_pending_review
collector-1435-v4-p96-34291848,extracted/collector-judgments-pdf/collector-1435-v4-p96-34291848.pdf,moj-judgments-1435-volume-4.pdf,973bbad83de5f7004d47e9bcb66aea7efc985ec12901968d73e3510cf36b93ee,96,100,5,e188a62349c6c9090284b38ae8a9b1a2e53c7d029c3989b7979596519393c5d0,498424,وساطة -داللة عىل عقار -طلب نصيب من السعي -إنكار الدعوى -عدم البينة - طلب يمني املدعى عليه -استعداده ببذهلا -عدول عن طلب اليمني -طلب إدخال طرف ثالث -رصف النظر.,,,34291848,,,احلمد هلل وحده وبعد ،فقد اطلعت الدائرة احلقوقية الرابعة يف حمكمة االستئناف بالرياض,77859f37103a0dd5eea8f9266501ac5a571ebc2b556b2cbbb919f82167c1e337,metadata_incomplete_pending_review
collector-1435-v4-p101-32336295,extracted/collector-judgments-pdf/collector-1435-v4-p101-32336295.pdf,moj-judgments-1435-volume-4.pdf,973bbad83de5f7004d47e9bcb66aea7efc985ec12901968d73e3510cf36b93ee,101,112,12,d1a7fe1fae4dfeb81a751e367798dcf018efba08022ecd4f457fd2072214b23b,516732,عىل املوسط -اتفاق عىل عمولة -نسبة من قيمة وساطة -داللة عىل مرشوع -ترسيته املرشوع -طلب اإللزام بتسليمها -إنكار الدعوى -عقد اتفاقية -شهادة شهود -إلزام,,,32336295,,بمحكمة االستئناف بالرياض عىل املعاملة الواردة من فضيلة رئيس املحكمة العامة بالرياض,احلمد هلل وحده وبعد ،فقد اطلعنا نحن قضاة الدائرة الثانية لتدقيق القضايا احلقوقية,1fef8f1581d2e6f663db165c2b7dcc1fd6ed8ea452cd2244f5a052bc2a789a79,metadata_incomplete_pending_review
collector-1435-v4-p113-33704106,extracted/collector-judgments-pdf/collector-1435-v4-p113-33704106.pdf,moj-judgments-1435-volume-4.pdf,973bbad83de5f7004d47e9bcb66aea7efc985ec12901968d73e3510cf36b93ee,113,116,4,5cec04becdd858ded0a81559deedc6305a163dae898f2926d79616ebc0d87261,485951,وساطة -بيع سجاد -تسليم عمولة للوسيط -فسخ البيع -طلب رد العمولة -إنكار الدعوى -عدم البينة -رفض يمني املدعى عليه -رصف النظر.,,,33704106,,قضاة االستئناف بالدائرة احلقوقية األوىل بمحكمة االستئناف بمنطقة مكة املكرمة,قضاة االستئناف بالدائرة احلقوقية األوىل بمحكمة االستئناف بمنطقة مكة املكرمة,3ad8ed3ef186642bd691c18cfe28225fa56d6d5f31e39829583c5082af50520b,metadata_incomplete_pending_review
collector-1435-v4-p117-34322686,extracted/collector-judgments-pdf/collector-1435-v4-p117-34322686.pdf,moj-judgments-1435-volume-4.pdf,973bbad83de5f7004d47e9bcb66aea7efc985ec12901968d73e3510cf36b93ee,117,119,3,242b452df781b138d8e9ad2c7488da25edf94705877fa8a6a4a8a0f810d5804f,483003,وساطة -داللة عىل عقار -ضامن مبلغ السعي -مطالبة الضامن باملبلغ -دفع بعدم متام البيع -عدم استحقاق السعي عرف ا -رد الدعوى.,,,34322686,,,احلمد هلل وحده أما بعد ،فقد اطلعنا نحن قضاة الدائرة احلقوقية الثانية يف حمكمة,587de603679e50d729a91f0833c9e3df3a9f11eb8a1f1f0927b7d8f0b561b018,metadata_incomplete_pending_review
collector-1435-v4-p120-34102014,extracted/collector-judgments-pdf/collector-1435-v4-p120-34102014.pdf,moj-judgments-1435-volume-4.pdf,973bbad83de5f7004d47e9bcb66aea7efc985ec12901968d73e3510cf36b93ee,120,127,8,f8283d61a887403cf30d1a1c966cc6b4be038003803b215e31c875b9a4fec3d5,1193542,وساطة -بيع عقار -عدم تسليم املبيع -ضامن الوسيط لثمنه -مطالبته برد الثمن - إنكار الضامن -شهادة شاهد -يمني املدعي -ثبوت الضامن -إلزام برد املبلغ.,,,34102014,,بمحكمة االستئناف بالرياض عىل املعاملة الواردة من فضيلة رئيس املحكمة العامة بالرياض,احلمد هلل وحده وبعد ،فقد اطلعنا نحن قضاة الدائرة السادسة لتمييز القضايا احلقوقية,1226821de9291b3b28a064274cfcbcddfb646b8d26a85d542ca47956a84c6d21,metadata_incomplete_pending_review
collector-1435-v4-p128-3418652,extracted/collector-judgments-pdf/collector-1435-v4-p128-3418652.pdf,moj-judgments-1435-volume-4.pdf,973bbad83de5f7004d47e9bcb66aea7efc985ec12901968d73e3510cf36b93ee,128,135,8,a78c044818fb4e8c13fd870cd20d26a17ccaf4e212249a792f250d5cfddf2560,508505,أتعاب حماماة -مقدم غري مسرتد -مماطلة يف تسليمه -رشوع يف الرتافع -ختيل الوكيل عام وكل فيه -دفع بعدم الصفة -اتفاق شفهي -شاهد معدل رشعا -يمني املدعي -استعانة بخبري -تقدير األتعاب -ثبوت االتفاق -إلزام باملبلغ املقدر.,,,3418652,,احلقوقية بمحكمة االستئناف بالرياض -عىل املعاملة ال��واردة لنا من فضيلة رئيس,الوكالة من املدعى عليه ،كام لدي قرار من الدائرة التجارية الرابعة يثبت فيه ترافعي عن,7d61d95715cc0399fd0cda1e736ff864f9625afe812e9977b4b48355e72ab2bb,metadata_incomplete_pending_review
collector-1435-v4-p136-34239134,extracted/collector-judgments-pdf/collector-1435-v4-p136-34239134.pdf,moj-judgments-1435-volume-4.pdf,973bbad83de5f7004d47e9bcb66aea7efc985ec12901968d73e3510cf36b93ee,136,140,5,f11d04d568b007bdd1d3bfe16409d7ffca68b5c8073f93248054889a393bdcf5,488795,أتعاب حماماة -اتفاق -نسبة من مبلغ املطالبة -صدور حكم بعدم االستحقاق -إنكار االتفاق -نسبة من املبلغ املحكوم به -شهادة شاهد عدل -يمني املدعى عليه املكملة - عدم استحقاق -رصف النظر .,,,34239134,,,اطلعنا نحن -قضاة الدائرة احلقوقية األوىل يف حمكمة االستئناف باملنطقة الرشقية -عىل,d1238d26e387c44051dc148aa73fcddcfe4b79eae4180c75b8e169a885dad81f,metadata_incomplete_pending_review
collector-1435-v4-p141-34508794,extracted/collector-judgments-pdf/collector-1435-v4-p141-34508794.pdf,moj-judgments-1435-volume-4.pdf,973bbad83de5f7004d47e9bcb66aea7efc985ec12901968d73e3510cf36b93ee,141,147,7,7edee00dae9c76818f7ecf24d853bc3f9912afffe0b1632418eeeb795f72bfe3,865953,أتعاب حماماة -رفع دعوى -صلح خارج املحكمة -دفع بعدم إكامل العمل -عدم ثبوته -رشط عدم سقوط األتعاب -ثبوت االستحقاق -إلزام بدفع األتعاب.,,,34508794,,نحن -قضاة الدائرة احلقوقية األوىل بمحكمة االستئناف بمنطقة القصيم -عىل املعاملة,نحن -قضاة الدائرة احلقوقية األوىل بمحكمة االستئناف بمنطقة القصيم -عىل املعاملة,9c7b39385f36ccf83b57a21be4177df1d6db6ad366f37630b0402a001852b296,metadata_incomplete_pending_review
collector-1435-v4-p148-34522208,extracted/collector-judgments-pdf/collector-1435-v4-p148-34522208.pdf,moj-judgments-1435-volume-4.pdf,973bbad83de5f7004d47e9bcb66aea7efc985ec12901968d73e3510cf36b93ee,148,151,4,44a7c595b64a3fc6df04011933e60f9a33275cc8fc21eb5421841ab9b7b33bc6,484310,هبة -أرض -وفاة الواهب -طلب إثبات اهلبة -إنكار الدعوى -شهادة غري موصلة - يمني النفي -رصف النظر.,,,34522208,,,رئيس وعضوي الدائرة احلقوقية الرابعة يف حمكمة االستئناف بمنطقة مكة املكرمة عىل الصك,d2bad2f06b72afbc2a6ae7d98090def2b121ba807056698563cc6589bfd2483b,metadata_incomplete_pending_review
collector-1435-v4-p152-3463492,extracted/collector-judgments-pdf/collector-1435-v4-p152-3463492.pdf,moj-judgments-1435-volume-4.pdf,973bbad83de5f7004d47e9bcb66aea7efc985ec12901968d73e3510cf36b93ee,152,160,9,9b1b08a983974f8f4ee6d697db6b8fe978e5898806250bcab90e1656f49e542e,504049,هبة -عقار مقبوض يف مرض الواهب -وفاة املورث -طلب إبطال ترصفه -فشل كلوي -بقائه عدة سنوات -تقرير طبي -مرض الواهب ال يعد خموفا -رصف النظر.,,,3463492,,,احلمد هلل وحده ،أما بعد ،فقد اطلعنا نحن قضاة الدائرة احلقوقية الثانية يف حمكمة,9e749d95d4ad9f8965a85b6f8a5a81ef9070400d751d84f2c53ad6fbe4226c5c,metadata_incomplete_pending_review
collector-1435-v4-p161-34267591,extracted/collector-judgments-pdf/collector-1435-v4-p161-34267591.pdf,moj-judgments-1435-volume-4.pdf,973bbad83de5f7004d47e9bcb66aea7efc985ec12901968d73e3510cf36b93ee,161,165,5,5c9a617fd8bb9dd27352fea5289c97b2fdb900fbd9a21c13437d440fdc2d872b,495612,هبة -عقار من الزوج -وفاة الواهب -طلب إثبات اهلبة -إنكار الورثة -شهادة شهود -إقرار عىل ورقة عادية -هبة لوارث يف مرض املوت -توقفها عىل إجازة الورثة -,,,34267591,,,35320711وتاريخ 1435/05/30ه ،فقد جرى م نا نحن رئيس وأعضاء الدائرة,6529b07b5a8d41f04186cc8df658ccb99176b50bb7ccad9daa0e5a67496bf957,metadata_incomplete_pending_review
collector-1435-v4-p166-3439402,extracted/collector-judgments-pdf/collector-1435-v4-p166-3439402.pdf,moj-judgments-1435-volume-4.pdf,973bbad83de5f7004d47e9bcb66aea7efc985ec12901968d73e3510cf36b93ee,166,171,6,9e936c87bf8a82cd7ad753006dc22d0b3b3d11499be638e32776c39acc6de363,494990,هبة -قيمة شقة -رشط الزواج -عدم إمتامه -طلب رد اهلبة -دفع بكوهنا هبة حمضة - عدم البينة -إلزام برد اهلبة -حق طلب يمني النفي.,,,3439402,,األحوال الشخصية واإلهناءات بمحكمة االستئناف بالرياض عىل املعاملة الواردة من,احلمد هلل وحده ،وبعد ،فقد اطلعنا نحن قضاة الدائرة الثانية املختصة بنظر قضايا,34baa827f61334b62aca488edab611896c90a871e9f953ff56f6b2bbdb552fc4,metadata_incomplete_pending_review
collector-1435-v4-p172-3485435,extracted/collector-judgments-pdf/collector-1435-v4-p172-3485435.pdf,moj-judgments-1435-volume-4.pdf,973bbad83de5f7004d47e9bcb66aea7efc985ec12901968d73e3510cf36b93ee,172,178,7,acd80db87ce188718d8599a8266b7fdea0c75f591623cd1ded6384b199aeb94d,502057,هبة -مبلغ مايل من الزوج -طلب اإللزام بتسليمه -دفع بأن اهلبة مرشوطة -قصد استدامة الزوجية -وقوع الطالق -خمالفة رشط الواهب -عدم لزوم اهلبة إال بالقبض - جواز الرجوع فيها قبله -رد الدعوى.,,,3485435,,قضا ة الدائرة احلقوقية السابعة بمحكمة االستئناف يف منطقة مكة املكرمة االطالع عىل,قضا ة الدائرة احلقوقية السابعة بمحكمة االستئناف يف منطقة مكة املكرمة االطالع عىل,52dadcfc320de9d4cc970afb74325b16e7b50ef0ff9ec02789aed597de79d9c4,metadata_incomplete_pending_review
collector-1435-v4-p179-34259979,extracted/collector-judgments-pdf/collector-1435-v4-p179-34259979.pdf,moj-judgments-1435-volume-4.pdf,973bbad83de5f7004d47e9bcb66aea7efc985ec12901968d73e3510cf36b93ee,179,182,4,c6f27c0ea90dc581f9924247aa0a7a9fe9702b92d49871599a14c512d79827b1,485984,هبة -عقار -وفاة الواهب -طلب إثبات اهلبة -إقرار الورثة -وجود قارصين بينهم- إقرار مكتوب بالتنازل -شهادة شهود عدول -ثبوت اهلبة.,,,34259979,,,احلمد هلل وحده ،وبعد ،فقد اطلعت الدائرة احلقوقية الرابعة يف حمكمة االستئناف,4e4cb139676f21b9592b32f5c4e3ec5261fda8b919c98f18b9fe5c207e598047,metadata_incomplete_pending_review
collector-1435-v4-p183-35142700,extracted/collector-judgments-pdf/collector-1435-v4-p183-35142700.pdf,moj-judgments-1435-volume-4.pdf,973bbad83de5f7004d47e9bcb66aea7efc985ec12901968d73e3510cf36b93ee,183,186,4,58dbe9b29ea6f39e39a6d8211e6e844bd61badfa4677ed456ebefbcdfcae9f7a,487652,هبة -أرض -نقل ملكيتها للموهوب -ادعاء فقد األهلية أثناء اهلبة -طلب الرجوع فيها -إنكار الدعوى -تناقض املدعية -اهلبة مقبوضة -عدم جواز الرجوع فيها -رد,,,35142700,,بمحكمة االستئناف بالرياض عىل املعاملة الواردة من فضيلة رئيس املحكمة العامة بالرياض,احلمد هلل وحده ،وبعد ،فقد اطلعنا نحن قضاة الدائرة السادسة لتمييز القضايا احلقوقية,08c7027a494a5096ded3b7360d51f9fe747595636bd89ba3a8d749b7abe95891,metadata_incomplete_pending_review
collector-1435-v4-p187-34363586,extracted/collector-judgments-pdf/collector-1435-v4-p187-34363586.pdf,moj-judgments-1435-volume-4.pdf,973bbad83de5f7004d47e9bcb66aea7efc985ec12901968d73e3510cf36b93ee,187,191,5,d3d6ac4ff6ab44ec4ee8524c1983774ebdb628f0fc1d74d3f5b55f2e39570bcb,1172059,هبة -مبلغ مايل للزوجة -رسوم دراسية -نية التربع -رجوع يف اهلبة -طلب رد املبلغ - هبة مقبوضة -عدم جواز الرجوع فيها -رد الدعوى.,,,34363586,1434/08/03,,اطلعنا نحن قضاة الدائرة احلقوقية األوىل يف حمكمة االستئناف باملنطقة الرشقية,215efd3248f56a1ec1a4901afae1bd852a8171356236600e886c52077502ec1a,metadata_incomplete_pending_review
collector-1435-v4-p192-250120829,extracted/collector-judgments-pdf/collector-1435-v4-p192-250120829.pdf,moj-judgments-1435-volume-4.pdf,973bbad83de5f7004d47e9bcb66aea7efc985ec12901968d73e3510cf36b93ee,192,197,6,83ed15739290f1977fc0dd4a100cd10239741236dcbf8a40d2ff4081af9556ff,509996,حتر عن األموال -حبس مدة كافية -شهادة شهود إعسار -مال خمتلس -,,,250120829,,,برقم ،34176639وتاريخ 1435/01/24ه ،مرفق هبا قرار الدائرة اجلزئية الثانية,ea64262456d275964066c0d4e20693cf704bd3d6faed95307c0c6faf63bde20b,metadata_incomplete_pending_review
collector-1435-v4-p198-3343134,extracted/collector-judgments-pdf/collector-1435-v4-p198-3343134.pdf,moj-judgments-1435-volume-4.pdf,973bbad83de5f7004d47e9bcb66aea7efc985ec12901968d73e3510cf36b93ee,198,205,8,7303261a04121c1a4e7c7781ed2cc20e25ad54f15a5bf3ce0a64e7ca6b9b8e4d,497156,إعسار -مال خمتلس - حك م بر ده -حتر عن األموال -نشوء اإلعسار عن جريمة -,,,3343134,1402/8/7,,احلمد هلل ،والصالة والسالم عىل رسول اهلل وبعد ،نحن -رئيس وقضاة الدائرة اجلزائية,273f9b0772ed29f8027f944a0eb987e48fd4efe7d00f00d6b84db1c0c46743aa,metadata_incomplete_pending_review
collector-1435-v4-p206-3463912,extracted/collector-judgments-pdf/collector-1435-v4-p206-3463912.pdf,moj-judgments-1435-volume-4.pdf,973bbad83de5f7004d47e9bcb66aea7efc985ec12901968d73e3510cf36b93ee,206,210,5,af921987c79e348196bbdb7c7e94b83090ad186dca4671b03c79326fda793954,488565,إعسار -مال خمتلس - حك م بر ده -حواالت مرصفية -حتقق منها -نشوء اإلعسار عن جريمة -رد الدعوى -استمرار حبس املدعي -إعادة عرضه بعد مدة كافية.,,,3463912,1402/10/24,,نحن -قضاة الدائرة احلقوقية األوىل يف حمكمة االستئناف باملنطقة الرشقية -عىل املعاملة,3b1e18e077ae80f2ed2e38db3254b0fdc599ea9662048b3883cc4725eea88dd9,metadata_incomplete_pending_review
collector-1435-v4-p211-3452353,extracted/collector-judgments-pdf/collector-1435-v4-p211-3452353.pdf,moj-judgments-1435-volume-4.pdf,973bbad83de5f7004d47e9bcb66aea7efc985ec12901968d73e3510cf36b93ee,211,216,6,005e798360340441f2cb6c82f719be4eeb7cf9dcd00d3fb0b4c4950740cdfef4,504435,حك م بر ده -سبق رفض إثبات اإلعسار -مدعي جمهول اهلوية -تعذر التحري عن أمواله -حبسه مدة كافية -يمني املدعي -ثبوت اإلعسار -إلزام باإلنظار.,,,3452353,,,نحن -قضاة الدائرة اجلزائية األوىل يف حمكمة االستئناف بمنطقة مكة املكرمة -االطالع,80f2fb955dacc6a8cc22343c6155c7a2150489e061851e273bff36bddbb770a4,metadata_incomplete_pending_review
collector-1435-v4-p217-34138470,extracted/collector-judgments-pdf/collector-1435-v4-p217-34138470.pdf,moj-judgments-1435-volume-4.pdf,973bbad83de5f7004d47e9bcb66aea7efc985ec12901968d73e3510cf36b93ee,217,222,6,18b051b58528b2143b4160b456f859c17a8df367430455ef52e0a0ec75150540,501228,حتر عن األموال - إعسار -دين - حك م بر ده -دفع بعدم االختصاص -رفض الدفع - شهادة شهود عدول -حكم غيايب -ثبوت اإلعسار -إلزام باإلنظار.,,,34138470,,,قررت حمكمة االستئناف اختصاص الدائرة بنظر الدعوى ،فتم مواصلة السري فيها ،ومل,dda1896e39bc3a5b806661f9607015426ae87d0a449b1e87d053747d4488e79a,metadata_incomplete_pending_review
collector-1435-v4-p223-34298760,extracted/collector-judgments-pdf/collector-1435-v4-p223-34298760.pdf,moj-judgments-1435-volume-4.pdf,973bbad83de5f7004d47e9bcb66aea7efc985ec12901968d73e3510cf36b93ee,223,227,5,526a6ef901d5f6c9f65ce3dbb28879d6d8265428cc802300d646eb52b3b6571d,499460,حتر عن األموال -حبس مدة كافية -شهادة شهود عدول - إعسار -دين -,,,34298760,1434/12/19,بمحكمة االستئناف بمنطقة عسري -عىل املعاملة الواردة من فضيلة رئيس املحكمة العامة,احلمد هلل وحده وبعد ،فقد اطلعنا نحن -قضاة الدائرة الثانية لتدقيق القضايا احلقوقية,9c88a97c631f92bb66ae704785e58ab0423d3324740456f779990350a3740084,metadata_incomplete_pending_review
collector-1435-v4-p228-34431604,extracted/collector-judgments-pdf/collector-1435-v4-p228-34431604.pdf,moj-judgments-1435-volume-4.pdf,973bbad83de5f7004d47e9bcb66aea7efc985ec12901968d73e3510cf36b93ee,228,233,6,104efe8af7411da41679a6978c1d7a310aba0f433e0cb2e9fdfb9f65deff4555,501389,حتر عن األموال -شهادة شهود عدول -دفع بقرابة إعسار -دين -,,,34431604,,,احلمد هلل وحده ،أما بعد فقد اطلعنا نحن -قضاة الدائرة احلقوقية الثانية يف حمكمة,b09170da78a26e6e0b5b05f912c7ac3129b1685b7c22b111527b0b00343569d5,metadata_incomplete_pending_review
collector-1435-v4-p234-34101279,extracted/collector-judgments-pdf/collector-1435-v4-p234-34101279.pdf,moj-judgments-1435-volume-4.pdf,973bbad83de5f7004d47e9bcb66aea7efc985ec12901968d73e3510cf36b93ee,234,237,4,700dfdd0f815d1245f32507f48002b42db3f1adcc8b9d28accfc2fa6d6cd3810,496335,حتر عن األموال - إعسار -دين -كفالة حضورية به -عجز عن إحضار املكفول - شهادة شهود عدول -ثبوت اإلعسار -إلزام باإلنظار.,,,34101279,,,الدائرة احلقوقية الثالثة يف حمكمة االستئناف بمنطقة مكة املكرمة,27e9a9ea031762cf436770c9a24f960176e71da1e499589b4387ce0a326c24db,metadata_incomplete_pending_review
collector-1435-v4-p238-3494221,extracted/collector-judgments-pdf/collector-1435-v4-p238-3494221.pdf,moj-judgments-1435-volume-4.pdf,973bbad83de5f7004d47e9bcb66aea7efc985ec12901968d73e3510cf36b93ee,238,243,6,758f2a2b67262ed6e63262ae5be0a10780aa9ce4a01f22fe6c0e42152e8aedf1,492292,إعسار -دية قتل خطأ -اجلاين سعودي -إذن سا م -سامع الدعوى -إدخال بيت املال - حتر عن األموال -شهادة شهود عدول -ثبوت اإلعسار -تضمني بيت املال -إلزامه بدفع,,,3494221,,,طياهتا قرار أصحاب الفضيلة قضاة الدائرة احلقوقية األوىل يف حمكمة االستئناف باملنطقة,f24e1ef798c5af43e9ecf01ab26afc1e33622a6e19ccc0eb08ccddc3e1709d9e,metadata_incomplete_pending_review
collector-1435-v4-p244-34507708,extracted/collector-judgments-pdf/collector-1435-v4-p244-34507708.pdf,moj-judgments-1435-volume-4.pdf,973bbad83de5f7004d47e9bcb66aea7efc985ec12901968d73e3510cf36b93ee,244,249,6,4e97d612b950daf43c29695fae59543fffa604d1c800fb82805eb97824f26a11,502125,حك م بدفعها -املجني عليه سعودي -إذن سا م -سامعإعسار -دية قتل خطأ - حتر عن األموال -شهادة شهود عدول -ثبوت اإلعسار -الدعوى -إدخال بيت املال - تضمني بيت املال -إلزامه بدفع الدية.,,,34507708,,,,783159f70b127891f28d66acd55b56be5b26526c7bc9282dc6671c4b880b83e0,metadata_incomplete_pending_review
collector-1435-v4-p250-34204095,extracted/collector-judgments-pdf/collector-1435-v4-p250-34204095.pdf,moj-judgments-1435-volume-4.pdf,973bbad83de5f7004d47e9bcb66aea7efc985ec12901968d73e3510cf36b93ee,250,254,5,3a72a1641ee09f2df8ce0d59caae449592007a33de1e248761b871d91798a2d5,487292,إعسار -ديات منافع -أروش إصابات -مطالبة بيت املال -إذن سا م -سامع الدعوى - إدخال املحكوم له -شهادة شهود عدول -يمني املدعي -ثبوت اإلعسار -تضمني بيت املال -إلزامه بدفع املبلغ.,,,34204095,,اجلزائية بمحكمة االستئناف بمنطقة القصيم -عىل املعاملة الواردة من فضيلة رئيس,احلمد هلل وحده وبعد ،فقد اطلعنا نحن -قضاة الدائرة الثانية لتدقيق القضايا,6cf2cf46e93b56674badfcae64a910626812d3d6255e7d01a474bc50aaa1c925,metadata_incomplete_pending_review
collector-1435-v4-p255-3511596,extracted/collector-judgments-pdf/collector-1435-v4-p255-3511596.pdf,moj-judgments-1435-volume-4.pdf,973bbad83de5f7004d47e9bcb66aea7efc985ec12901968d73e3510cf36b93ee,255,259,5,19417500cdac88bbaf50f455434ab0b7fa6289497281b8f51f7c94d420b14f50,486849,إعسار -ديات منافع -أروش إصابات -املجني عليه سعودي -حتر عن األموال - شهادة شهود عدول -ثبوت اإلعسار -إذن سا م -إدخال بيت املال -سامع الدعوى ضده -إلزامه بدفع املبلغ.,,,3511596,1402/7/18,احلقوقية بمحكمة االستئناف بمنطقة حائل -عىل املعاملة الواردة من فضيلة رئيس,احلمد هلل وحده وبعد ،فقد اطلعنا نحن -قضاة الدائرة احلقوقية األوىل لتدقيق القضايا,9f05dcaad52617cfffc81bffc2da42ff2f254efb60845682b97b679fd7e7d629,metadata_incomplete_pending_review
collector-1435-v4-p260-34324125,extracted/collector-judgments-pdf/collector-1435-v4-p260-34324125.pdf,moj-judgments-1435-volume-4.pdf,973bbad83de5f7004d47e9bcb66aea7efc985ec12901968d73e3510cf36b93ee,260,266,7,d78508c0c9c823f589de2463a3e5680cfd73563fc657e3e7ce9b74bb30385d6f,506862,حتر عن األموال -سيارات -بيعها - إعسار -دين - حك م بر ده -حبس مدة كافية - قسمة ثمنها -حماصة بني الغرماء -شهادة شهود عدول -ثبوت اإلعسار -إلزام باإلنظار.,,,34324125,1434/7/12,,احلمد هلل وحده ،أما بعد فقد اطلعنا نحن -قضاة الدائرة احلقوقية الثانية يف حمكمة,051779d7732147e06e322adabe3caef6a07397b069e240e26617fa65d6961849,metadata_incomplete_pending_review
collector-1435-v4-p267-35139722,extracted/collector-judgments-pdf/collector-1435-v4-p267-35139722.pdf,moj-judgments-1435-volume-4.pdf,973bbad83de5f7004d47e9bcb66aea7efc985ec12901968d73e3510cf36b93ee,267,271,5,1eb5df6c12df5bc3a32ace7a7245ce91c35468b9d41570d8eff90789c430de4b,500649,حتر عن أموال املدعي -شهادة شهود عدول - إعسار -أرش إصابة -,,,35139722,,الدائرة اجلزائية اخلامسة بمحكمة االستئناف يف منطقة مكة املكرمة -االطالع عىل املعاملة,الدائرة اجلزائية اخلامسة بمحكمة االستئناف يف منطقة مكة املكرمة -االطالع عىل املعاملة,ef4050ab4f4097ad8487d8a4c5cff7b10b9e4391e6d9f4023f851eaeab59750f,metadata_incomplete_pending_review
collector-1435-v4-p272-3520286,extracted/collector-judgments-pdf/collector-1435-v4-p272-3520286.pdf,moj-judgments-1435-volume-4.pdf,973bbad83de5f7004d47e9bcb66aea7efc985ec12901968d73e3510cf36b93ee,272,277,6,71d6aa7dd7eb33d09df6d4cfe13a63d936d4f22d9c65fa4b6b4c1aeadcf68eb7,1180898,إعسار -أروش إصابات - حك م بدفعها -شهادة شهود عدول -ثبوت اإلعسار -إذن سا م -إدخال بيت املال -سامع الدعوى ضده -إلزامه بدفع األروش.,,,3520286,,,فقد جرى منا نحن -قضاة الدائرة اجلزائية األوىل -االطالع عىل الصك الرشعي ذي الرقم,5c35d20e17f554814dc96588b0f8f8a789a429b76d078043ef04b93d0edbd9e6,metadata_incomplete_pending_review
collector-1435-v4-p278-32449489,extracted/collector-judgments-pdf/collector-1435-v4-p278-32449489.pdf,moj-judgments-1435-volume-4.pdf,973bbad83de5f7004d47e9bcb66aea7efc985ec12901968d73e3510cf36b93ee,278,285,8,1f7fabb45e3e6fb73506bf323d56e7ec07eb3b47c65109ad1f9f043491b3ef00,508849,عقار -اعتداء عىل أرض -بناء عليها -جلنة لتطبيق الصكوك -جتاوز حدود األرض - طلب إزالة االعتداء -قرار قسم اخلرباء -ثبوت االعتداء -إلزام بإزالة اإلحداث.,,,32449489,,,احلمد هلل وحده وبعد ،فقد اطلعنا نحن قضاة الدائرة احلقوقية األوىل بمحكمة,a022a8adb4bc71d0aa4bbebaf1d9d8e3abab2fb8adb46049b02673471f031038,metadata_incomplete_pending_review
collector-1435-v4-p286-34355136,extracted/collector-judgments-pdf/collector-1435-v4-p286-34355136.pdf,moj-judgments-1435-volume-4.pdf,973bbad83de5f7004d47e9bcb66aea7efc985ec12901968d73e3510cf36b93ee,286,300,15,90940e3a5ab14e561d5d21d0523aac9f4051d70517b19a9e96db9f4c53d5ab72,520672,عقار -اعتداء عىل أرض -إزالة البلدية لسورها -طلب كف يدها عنها -استئذان املقام السامي -إذنه بسامع الدعوى -دفع بكون األرض بيضاء -ادعاء إحيائها -شهادة شهود عدول -وقوف القايض عىل األرض -قرار قسم اخلرباء -أرض غري حمياة -رصف النظر.,,,34355136,,قضاة الدائرة احلقوقية الثانية بمحكمة االستئناف يف منطقة مكة املكرمة االطالع عىل,قضاة الدائرة احلقوقية الثانية بمحكمة االستئناف يف منطقة مكة املكرمة االطالع عىل,7778266f057fc718e7b377eb18535d13cbf97ddccc749cf030dd45ebce66b0ee,metadata_incomplete_pending_review
collector-1435-v4-p301-34271632,extracted/collector-judgments-pdf/collector-1435-v4-p301-34271632.pdf,moj-judgments-1435-volume-4.pdf,973bbad83de5f7004d47e9bcb66aea7efc985ec12901968d73e3510cf36b93ee,301,306,6,b577c5e8e78258e2fe1db7b568262984ac8af105e5bfb7b68c387c62d7c930bb,491576,عقار -أرض وقف - وضع يد البلدية عليها -طلب تسليمها للناظر - منع االعتداء عليها -دفع بأهنا أرض بيضاء -خضوعها إلرشاف األمانة -قرار قسم اخلرباء -عدم انطباق صك الوقفية عىل األرض -رصف النظر.,,,34271632,,,الدائرة احلقوقية الثالثة يف حمكمة االستئناف بمنطقة مكة املكرمة,f0026999cc7333abaad7bf65eebb1665cc00ca2b9ecc9dd4ed6192f10f8a09c0,metadata_incomplete_pending_review
collector-1435-v4-p307-34402305,extracted/collector-judgments-pdf/collector-1435-v4-p307-34402305.pdf,moj-judgments-1435-volume-4.pdf,973bbad83de5f7004d47e9bcb66aea7efc985ec12901968d73e3510cf36b93ee,307,309,3,73ac0aa1996da430d3f534254ca25f4f4f20ec0beb2c267ea19820970664b922,477951,عقار -منع من استغالل أرض -صك ملكية -طلب منع التعرض للحيازة -دفع بملكية األرض -احتجاج بصك خصومة -سبق الفصل يف النزاع -امتناع إعادة النظر فيه -إلزام بعدم التعرض.,,,34402305,,,احلمد هلل وحده وبعد ،فقد اطلعنا نحن قضاة الدائرة احلقوقية األوىل بمحكمة,b73211a018e118eaea1cc1f082576630308ca903fab86a6bb3f6e3d5f3d39619,metadata_incomplete_pending_review
collector-1435-v4-p310-34505641,extracted/collector-judgments-pdf/collector-1435-v4-p310-34505641.pdf,moj-judgments-1435-volume-4.pdf,973bbad83de5f7004d47e9bcb66aea7efc985ec12901968d73e3510cf36b93ee,310,316,7,5b3e9deaa706cb9465632713653bfc80d8c0618b89a3572070f5d63e01dfed84,488880,عقار -اعتداء عىل أرض -طلب رفع اليد عنها -صك ملكية ساري املفعول -قرار قسم اخلرباء -مطابقة الصك للطبيعة -ثبوت االعتداء -إلزام برفع اليد -حكم ال يفيد,,,34505641,,,احلمد هلل وحده وبعد ،فقد اطلعنا نحن قضاة الدائرة احلقوقية األوىل بمحكمة,1f4f1eb0f40c2d05f769eb68d08d6d52ac7b4f94b5a20ba8e90c2a36271e1c31,metadata_incomplete_pending_review
collector-1435-v4-p317-34575601,extracted/collector-judgments-pdf/collector-1435-v4-p317-34575601.pdf,moj-judgments-1435-volume-4.pdf,973bbad83de5f7004d47e9bcb66aea7efc985ec12901968d73e3510cf36b93ee,317,320,4,515866949bfead4ddad41d0a3f2909b8d5f35a73ea564fe0c22f8a498b61adcf,480482,عقار -جزء من أرض -طلب رفع اليد عنه -دفع بملكية األرض -عقد بيع -ادعاء تزويره -عدم البينة -رفض يمني املدعى عليه -حيازته لألرض مدة طويلة -سكوت املدعي عن ذلك -رد الدعوى.,,,34575601,,بمحكمة االستئناف بالرياض عىل املعاملة الواردة من فضيلة رئيس املحكمة العامة,احلمد هلل وحده وبعد ،فقد اطلعنا نحن قضاة الدائرة اخلامسة لتمييز القضايا احلقوقية,c5e0c817e5bd598654f3ce7627721291876b9250848de826e040b32fb5239d96,metadata_incomplete_pending_review
collector-1435-v4-p321-3588117,extracted/collector-judgments-pdf/collector-1435-v4-p321-3588117.pdf,moj-judgments-1435-volume-4.pdf,973bbad83de5f7004d47e9bcb66aea7efc985ec12901968d73e3510cf36b93ee,321,321,1,f05bd59bdeb02662c2fb65599a24cc151367827dd684e306c149d05e719f939e,361907,عقار -استئجاره -طلب منع تعرض للحيازة -عقد إجيار -تبليغ شخيص -حكم حضوري -إلزام بعدم التعرض.,,,3588117,,,,9ff398a90e91ca8fc692c53fed7a5dd5abfba6e122db558655b58790849fd3c4,metadata_incomplete_pending_review
collector-1435-v4-p326-34265031,extracted/collector-judgments-pdf/collector-1435-v4-p326-34265031.pdf,moj-judgments-1435-volume-4.pdf,973bbad83de5f7004d47e9bcb66aea7efc985ec12901968d73e3510cf36b93ee,326,335,10,4d80b469d7fa3ebf92b992f76bce578daadf59c479428a56530543fe7a76ba06,505008,عقار -تداخل أمالك -طلب رفع اليد عنها -صك ملكية ساري املفعول -قرار قسم اخلرباء -مطابقة الصك للطبيعة -إلزام برفع اليد.,,,34265031,1434/10/26,نحن قضاة الدائرة احلقوقية الثانية بمحكمة االستئناف بمنطقة القصيم عىل املعاملة الواردة,نحن قضاة الدائرة احلقوقية الثانية بمحكمة االستئناف بمنطقة القصيم عىل املعاملة الواردة,eaa40fc6560e12f010948d62a06b1fe9b0f751ecf1ca68b28eb0d140f3fb5944,metadata_incomplete_pending_review
collector-1435-v4-p336-33659142,extracted/collector-judgments-pdf/collector-1435-v4-p336-33659142.pdf,moj-judgments-1435-volume-4.pdf,973bbad83de5f7004d47e9bcb66aea7efc985ec12901968d73e3510cf36b93ee,336,345,10,26139e64c5f4a083a3b931a4f93bd8abd9a4396860cb701a95d32b7387d9d016,503966,عقار -تداخل أمالك -طلب رفع اليد -قرار قسم اخلرباء -تطبيق صكي امللكية -عدم وجود تداخل -وقوف القايض عىل حمل النزاع -شهادة شهود عدول -رصف النظر- اعرتاض عىل حجة بعد اكتساهبا القطعية.,,,33659142,,,الشيخ ( )...وإعادة املعاملة ألصحاب الفضيلة قضاة الدائرة احلقوقية السادسة يف حمكمة,531611ea529b29eb0b3d4864de8cbbde11787813afb6029ea9e3903c44be3435,metadata_incomplete_pending_review
collector-1435-v4-p346-34137492,extracted/collector-judgments-pdf/collector-1435-v4-p346-34137492.pdf,moj-judgments-1435-volume-4.pdf,973bbad83de5f7004d47e9bcb66aea7efc985ec12901968d73e3510cf36b93ee,346,351,6,a29ac223ca7333377742602ba6ff1dbebe2a7d97e4b9918186765d234cad60e4,494515,عقار -نزاع عىل أرض -طلب رفع اليد عنها -وثائق عادية -أرض بيضاء -داخل النطاق العمراين -إدخال البلدية -رفع يد املتداعيني عنها -تسليمها للبلدية.,,,34137492,1402/8/17,احلمد هلل وحده وبعد ،فقد اطلعنا نحن قضاة الدائرة احلقوقية الثالثة بمحكمة االستئناف,الدائرة احلقوقية الثالثة برقم 34391625وتاريخ 1434/12/29ه املتضمن ما نص,f6c7116bc55f77e1a5da5f04c940499eeb0792684a57a89f0315640482ff9653,metadata_incomplete_pending_review
collector-1435-v4-p352-33574992,extracted/collector-judgments-pdf/collector-1435-v4-p352-33574992.pdf,moj-judgments-1435-volume-4.pdf,973bbad83de5f7004d47e9bcb66aea7efc985ec12901968d73e3510cf36b93ee,352,355,4,efb29c49ed4c54a855095d2ff479167731dbc05f7ea92faf8c21eafbb51c116c,479937,عقار -تنازل عن أرض -طلب اإللزام بنقل ملكيتها -بيع املتنازل لألرض -الدعوى تقام عىل من بيده العني -رصف النظر لعدم الصفة.,,,33574992,,,الدائرة احلقوقية السادسة يف حمكمة االستئناف بمنطقة مكة املكرمة,4b02d5b85a288f7351f9ba02611af734da24f55f415240a4b9b691132271d55e,metadata_incomplete_pending_review
collector-1435-v4-p356-34172287,extracted/collector-judgments-pdf/collector-1435-v4-p356-34172287.pdf,moj-judgments-1435-volume-4.pdf,973bbad83de5f7004d47e9bcb66aea7efc985ec12901968d73e3510cf36b93ee,356,363,8,59056941e17a862774227c4f4b74c49dc8f241dd3f63c16814570334e4a1b829,498840,عقار -معارضة عىل حجة استحكام بعد اكتساب القطعية -تداخلها مع أرض جدية - طلب رفع اليد عنها -إنكار الدعوى -وثيقة صلح -أمالك قبلية -سكوت املدعي مدة طويلة -عدم متكنه من إحياء األرض -رصف النظر.,,,34172287,,بمحكمة االستئناف بمنطقة عسري عىل املعاملة الواردة من فضيلة رئيس املحكمة العامة,احلمد هلل وحده وبعد ،فقد اطلعنا نحن قضاة الدائرة الثانية لتدقيق القضايا احلقوقية,8fd4b38ad78fcde6fec5468fb39c1d61bbd45b002092580d1ebc940bcf73be50,metadata_incomplete_pending_review
collector-1435-v4-p364-34504527,extracted/collector-judgments-pdf/collector-1435-v4-p364-34504527.pdf,moj-judgments-1435-volume-4.pdf,973bbad83de5f7004d47e9bcb66aea7efc985ec12901968d73e3510cf36b93ee,364,369,6,3a5c68ec37c6c53f16a7b6271d14873ff00b2b98b32e68d52e6852247fb6e065,491243,عقار -رشاؤه لصالح مجعية -تسجيله صوريا باسم فرد -وفاته -طلب إثبات امللكية - إقرار الورثة -وجود قارصين بينهم - إقرار خطي من املورث -شهادة شهود عدول - ثبوت ملكية العقار.,,,34504527,,بمحكمة االستئناف بالرياض عىل املعاملة الواردة من فضيلة رئيس املحكمة العامة بالرياض,احلمد هلل وحده وبعد ،فقد اطلعنا نحن قضاة الدائرة الثانية لتدقيق القضايا احلقوقية,29071fb37243974a44686a4d414ff782622b2d68cdad635fd51d95fac081fd3f,metadata_incomplete_pending_review
collector-1435-v4-p370-34524589,extracted/collector-judgments-pdf/collector-1435-v4-p370-34524589.pdf,moj-judgments-1435-volume-4.pdf,973bbad83de5f7004d47e9bcb66aea7efc985ec12901968d73e3510cf36b93ee,370,375,6,f47aad91a0c9490f8aca0dc371ffed091e0decc6097fc0fe84ca953c002d2794,506047,عقار -أرض منحة -تكرر منحها مرتني -صكني عىل أرض واحدة -طلب إبطال املتأخر - تعذر تطبيق الصكوك -إفادة كتابة العدل -أقدمية صك متلك املدعي -إبطال الصك املتأخر - حق الرجوع عىل البائع.,,,34524589,,,نحن قضاة الدائرة احلقوقية األوىل يف حمكمة االستئناف باملنطقة الرشقية عىل املعاملة,6a89b6250910372bfacf6bad722cb7ba89927405b5b2d52c7abbea934e6f6cc3,metadata_incomplete_pending_review
collector-1435-v4-p376-35332869,extracted/collector-judgments-pdf/collector-1435-v4-p376-35332869.pdf,moj-judgments-1435-volume-4.pdf,973bbad83de5f7004d47e9bcb66aea7efc985ec12901968d73e3510cf36b93ee,376,382,7,5bbf6ade2e1f755d553d54251a0f37b09b0439a63b4b4b99c38d6d007bb1e97a,503569,عقار -رشاء قطعة أرض -أمر سام -إلغاء الصك األساس -تسليم املخطط للبلدية - طلب إلزامها بنقل امللكية -موافقة البلدية -شهادة شهود عدول -ثبوت البيع -إلزام بباقي الثمن -إلزام بنقل امللكية.,,,35332869,1432/10/24,,احلمد هلل والصالة والسالم عىل رسول اهلل ،وبعد ،فقد جرى م نا نحن قضاة الدائرة,3b531dcb83d9d65e12d657f4ae02b583822f066d6769bbbba64ad0467f9c27fa,metadata_incomplete_pending_review
collector-1435-v4-p383-34528252,extracted/collector-judgments-pdf/collector-1435-v4-p383-34528252.pdf,moj-judgments-1435-volume-4.pdf,973bbad83de5f7004d47e9bcb66aea7efc985ec12901968d73e3510cf36b93ee,383,389,7,ae43ff4ff9740198db4cca28daa73c35c78888542fb7de9a340cf2bfeb56f1b9,495739,عقار -أرض زراعية -رشاء جزء منها -خمطط جتزئة -موافقة وزارة الزراعة -طلب الفرز بصك مستقل -دفع بانتظار موافقة البلدية -إدخال مندوهبا -جواب غري مالق - احلكم بفرز نصيب املشرتي.,,,34528252,,بمحكمة االستئناف بالرياض عىل املعاملة الواردة من فضيلة رئيس املحكمة العامة بحوطة,احلمد هلل وحده وبعد ،فقد اطلعنا نحن قضاة الدائرة اخلامسة لتمييز القضايا احلقوقية,ce921da08984d4f6f24269e72dbce298a5b93fc49bbc510b490630d7669619a8,metadata_incomplete_pending_review
collector-1435-v4-p390-34493638,extracted/collector-judgments-pdf/collector-1435-v4-p390-34493638.pdf,moj-judgments-1435-volume-4.pdf,973bbad83de5f7004d47e9bcb66aea7efc985ec12901968d73e3510cf36b93ee,390,393,4,8798b35a6bfdf898e4fba2a2fd50e7faf7fa11f98ce2b55d71db0932bb9107ca,848982,عقار -أرض زراعية -داخل حدود التنمية -طلب فرزها بصك مستقل -اشرتاط موافقة البلدية -عدم موافقتها -رصف النظر.,,,34493638,1428/5/11,الشخصية واإلهناءات بمحكمة االستئناف بمنطقة القصيم عىل املعاملة الواردة من فضيلة,احلمد هلل وحده وبعد ،فقد اطلعنا نحن قضاة الدائرة املختصة بتدقيق قضايا األحوال,f858edb687b0a8efe61cf9a112618f1f34718dfda90c56bd96e35fff18f07924,metadata_incomplete_pending_review
collector-1435-v4-p394-33306860,extracted/collector-judgments-pdf/collector-1435-v4-p394-33306860.pdf,moj-judgments-1435-volume-4.pdf,973bbad83de5f7004d47e9bcb66aea7efc985ec12901968d73e3510cf36b93ee,394,401,8,914df77d9c8e7ed2922f2d2288932caa670ea5971cde7f422b65c555b24f30ff,509384,إخالء عقار -عدم تسليم األجرة -اختفاء املستأجر - عقد إجيار -شهادة شهود عدول -يمني االستظهار -تعذر التبليغ -سامع الدعوى غيابيا -حكم غيايب -إلزام باإلخالء -حفظ موجودات العقار.,,,33306860,,,وأعضاء الدائرة احلقوقية الثالثة يف حمكمة االستئناف بمنطقة مكة املكرمة,54d9c1dfb3e669c5299b04534ada6fbcc4c1ff5fa730a4560088bc4d8a592157,metadata_incomplete_pending_review
collector-1435-v4-p402-33476763,extracted/collector-judgments-pdf/collector-1435-v4-p402-33476763.pdf,moj-judgments-1435-volume-4.pdf,973bbad83de5f7004d47e9bcb66aea7efc985ec12901968d73e3510cf36b93ee,402,406,5,9f544c2ef69ac77c3910294a832722a385bab5ef904727793f89466d30ae340d,488597,إخالء عقار -انتهاء مدة العقد -اختفاء املستأجر - عقد إجيار -شهادة شهود عدول - تعذر التبليغ -خماطبة اجلوازات -مغادرة البالد -سامع الدعوى غيابيا -حكم غيايب - إلزام باإلخالء -بيع املوجودات وحفظ ثمنها.,,,33476763,,,الدائرة احلقوقية األوىل يف حمكمة االستئناف بمنطقة الباحة -عىل املعاملة الواردة من املحكمة,6cc68137de7520f9cf1c0fe5e9798d443d77c3e3ec1932f0e21cadac2191bcda,metadata_incomplete_pending_review
collector-1435-v4-p407-353862,extracted/collector-judgments-pdf/collector-1435-v4-p407-353862.pdf,moj-judgments-1435-volume-4.pdf,973bbad83de5f7004d47e9bcb66aea7efc985ec12901968d73e3510cf36b93ee,407,410,4,0931e6dd09687bbdaee1d3f52d6129bd8ab55626fd4c69a96dab39e095d1a0c9,484814,إخالء عقار -عدم تسليم األجرة -اختفاء املستأجر - عقد إجيار -شهادة شهود عدول -يمني املدعي -تعذر التبليغ - سامع الدعوى غيابيا -حكم غيايب -فتح العقار - تسليمه للمشرتي - حفظ املوجودات.,,,353862,,,وأعضاء الدائرة احلقوقية السادسة يف حمكمة االستئناف بمنطقة مكة املكرمة,d1e03e3f17c28fc84b7bb5687e858fbf8b2f912ca49af42d897fb0e3727441e8,metadata_incomplete_pending_review
collector-1435-v4-p411-357553,extracted/collector-judgments-pdf/collector-1435-v4-p411-357553.pdf,moj-judgments-1435-volume-4.pdf,973bbad83de5f7004d47e9bcb66aea7efc985ec12901968d73e3510cf36b93ee,411,415,5,c69004bd71f4b4b6b8508f614a16070f5d70045da53640d7be04ba6e1e36f817,489339,إخالء عقار -عدم تسليم األجرة -صك ملكية -عقد إجيار -شاهد معدل رشعا - يمني مكملة -تعذر التبليغ -إعالن يف الصحيفة -سامع الدعوى غيابيا -حكم غيايب -,,,357553,,,احلمد هلل وحده ،أما بعد فقد اطلعنا نحن -قضاة الدائرة احلقوقية الثانية يف حمكمة,65447043bf807172c7cfc8df15a72392a6ad265bc5a7a758644505aca0adb452,metadata_incomplete_pending_review
collector-1435-v4-p416-33699100,extracted/collector-judgments-pdf/collector-1435-v4-p416-33699100.pdf,moj-judgments-1435-volume-4.pdf,973bbad83de5f7004d47e9bcb66aea7efc985ec12901968d73e3510cf36b93ee,416,420,5,e79f10c5c5669b16a7d28f8d18e3ef1b1a6fe0ba7417e5afa5b7a6a6f3828267,488668,إخالء عقار -انتهاء مدة العقد -عقد إجيار -صك ملكية -شهادة شهود عدول -تبليغ لغري شخصه -سامع الدعوى غيابيا -حكم غيايب -إلزام باإلخالء.,,,33699100,,فقد جرى م نا -نحن قضاة الدائرة احلقوقية الثانية بمحكمة االستئناف يف منطقة مكة,فقد جرى م نا -نحن قضاة الدائرة احلقوقية الثانية بمحكمة االستئناف يف منطقة مكة,deb353273ee92d3c7f83589166178e08a6fbc4b71e05b1d1a935d262cd34e18e,metadata_incomplete_pending_review
collector-1435-v4-p421-343673,extracted/collector-judgments-pdf/collector-1435-v4-p421-343673.pdf,moj-judgments-1435-volume-4.pdf,973bbad83de5f7004d47e9bcb66aea7efc985ec12901968d73e3510cf36b93ee,421,427,7,b1b16facc96bf1f724ea13f4498b3071f89d66ba4b96a5b7c7bb7fb4c689383b,495296,إخالء عقار -انتهاء مدة العقد -عقد إجيار -يمني املدعي -تبليغ شخيص -سامع الدعوى غيابيا -حكم غيايب -إلزام باإلخالء.,,,343673,1434/1/18,,عليه من قبل الدائرة احلقوقية األوىل بموجب قرارهم ذي الرقم 35145037يف,d1d0ca4993d51818433845fd22c366dada11c3284390855ba067c3f461c27c84,metadata_incomplete_pending_review
collector-1435-v4-p428-3426387,extracted/collector-judgments-pdf/collector-1435-v4-p428-3426387.pdf,moj-judgments-1435-volume-4.pdf,973bbad83de5f7004d47e9bcb66aea7efc985ec12901968d73e3510cf36b93ee,428,436,9,3dd2fca854c88054c41ad92b05278fe248f0c5cff42290fee7712f6ade09152a,502379,إخالء عقار -عدم تسليم األجرة -خمالفة رشوط العقد -إجارة من الباطن -إمهال العني املؤجرة -شهادة شهود عدول -يمني االستظهار -تبليغ شخيص -سامع الدعوى غيابيا -حكم غيايب -إلزام باإلخالء.,,,3426387,,,وعضوي الدائرة احلقوقية الرابعة يف حمكمة االستئناف بمنطقة مكة املكرمة -عىل الصك,4c7ba622726c763f659833d31ca8c1921342aa40c0bbf1d664dd4605b1695f9b,metadata_incomplete_pending_review
collector-1435-v4-p437-342479,extracted/collector-judgments-pdf/collector-1435-v4-p437-342479.pdf,moj-judgments-1435-volume-4.pdf,973bbad83de5f7004d47e9bcb66aea7efc985ec12901968d73e3510cf36b93ee,437,448,12,48b35c08e2ef693210d84679b8743a7779eae73fae80047a0f6b7b7eeafea66a,510531,إخالء عقار -إجارة من الباطن -انتهاء مدهتا -تداخل املؤجر األول -طلبه فسخ العقد األصيل - عدم إذنه باإلجارة -ثبوت اإلخطار بالفسخ -فسخ العقد -رصف النظر عن,,,342479,,,برقم 351300744يف 1435/05/23ه املرفق به صورة من قرار الدائرة احلقوقية,bd29612cdbe4abd8d1db171b2c3e64d02f78ada035fe6fd10cbd4c0ed8dbcd1a,metadata_incomplete_pending_review
collector-1435-v4-p449-3435611,extracted/collector-judgments-pdf/collector-1435-v4-p449-3435611.pdf,moj-judgments-1435-volume-4.pdf,973bbad83de5f7004d47e9bcb66aea7efc985ec12901968d73e3510cf36b93ee,449,454,6,ad3ef842ef318d6eddd7bf066dc3bf64cd3db8b228d6113a36f8a35428176132,492829,إخالء عقار -انتهاء مدة العقد -صك ملكية -عقد إجيار -يمني املدعي -دفع باإلخالء سابقا -عدم إثباته -نفاذ معجل -إلزام باإلخالء.,,,3435611,,,الدائرة احلقوقية الثالثة يف حمكمة االستئناف بمنطقة مكة املكرمة -االطالع علىهذا,366b2c8010a3bee94daeed7371e55d901e65f0f9d715fcde8229ea0333460c8f,metadata_incomplete_pending_review
collector-1435-v4-p455-3577502,extracted/collector-judgments-pdf/collector-1435-v4-p455-3577502.pdf,moj-judgments-1435-volume-4.pdf,973bbad83de5f7004d47e9bcb66aea7efc985ec12901968d73e3510cf36b93ee,455,461,7,7bd2f51dcb269dd950f87cf79f4dca11235bb3f3ff4c00ae6c548df86fa5cbb6,509214,إخالء عقار -عدم تسليم األجرة -دفع بتجهيز املأجور -وجود عيب فيه -مانع من االنتفاع به -حكم سابق بسقوط األجرة -تعذر الوفاء بالعقد -ثبوت انفساخه -إلزام باإلخالء -حق طلب التعويض.,,,3577502,,احلقوقية الثانية بمحكمة االستئناف يف منطقة مكة املكرمة,احلمد هلل وحده ،والصالة والسالم عىل من ال نبي بعده وبعد ،فقد جرى منا نحن -قضاة الدائرة,1ab592b73e98d9bd5409572812477c25ec97dd962dbccf549ff23833a5456539,metadata_incomplete_pending_review
collector-1435-v4-p462-3540729,extracted/collector-judgments-pdf/collector-1435-v4-p462-3540729.pdf,moj-judgments-1435-volume-4.pdf,973bbad83de5f7004d47e9bcb66aea7efc985ec12901968d73e3510cf36b93ee,462,466,5,aa8389f1a5831d29825c426ecc65fc52bf2438143555da52646f38840b82e360,488432,إخالء عقار -انتهاء مدة العقد -صك ملكية -عقد إجيار -شهادة شهود عدول -تبليغ لغري شخصه -سامع الدعوى غيابيا -حكم غيايب -إلزام باإلخالء -فتح العقار بواسطة جلنة -حفظ املوجودات.,,,3540729,,اطلعنا نحن -قضاة الدائرة احلقوقية األوىل بمحكمة االستئناف بمنطقة القصيم -عىل,اطلعنا نحن -قضاة الدائرة احلقوقية األوىل بمحكمة االستئناف بمنطقة القصيم -عىل,6aa842a8f1646e10aad3f31da9d764015cf3faf56645984717e5868eae51637e,metadata_incomplete_pending_review
collector-1435-v4-p467-3513511,extracted/collector-judgments-pdf/collector-1435-v4-p467-3513511.pdf,moj-judgments-1435-volume-4.pdf,973bbad83de5f7004d47e9bcb66aea7efc985ec12901968d73e3510cf36b93ee,467,471,5,d9baadc08678ec05a4090efbc2cc5fc0a7702823fb4f972923186d08bc14db88,488242,إخالء عقار -انتهاء مدة العقد -وفاة املستأجر - تصحيح الدعوى - عدم وجود وكيل للورثة - صك ملكية -شهادة شهود عدول -يمني االستظهار -سامع الدعوى غيابيا - حكم غيايب -فتح املحل -تسليمه للمدعي.,,,3513511,,,الدائرة احلقوقية السادسة يف حمكمة االستئناف بمنطقة مكة املكرمة,bf11c1576eb19978e52a67251f7739fbc720db01d7755de0ad1aa496556c1ffb,metadata_incomplete_pending_review
collector-1435-v4-p472-3469858,extracted/collector-judgments-pdf/collector-1435-v4-p472-3469858.pdf,moj-judgments-1435-volume-4.pdf,973bbad83de5f7004d47e9bcb66aea7efc985ec12901968d73e3510cf36b93ee,472,479,8,845ec5ba97ff1b7b1424b75ec1ab3ef094787b1226be0c3547d2a1c6979ade6d,498738,إخالء عقار -استئجار مزرعة من ورثة -سكن أحدهم فيها -معارضته عىل اإلجارة - تداخل املؤجر - سبق قسمة الرتكة -ختصيص املزرعة للمؤجر - إقرار املدعى عليه بالقسمة -إلزامه باإلخالء.,,,3469858,,نحن -قضاة الدائرة احلقوقية األوىل بمحكمة االستئناف بمنطقة القصيم -عىل املعاملة الواردة,نحن -قضاة الدائرة احلقوقية األوىل بمحكمة االستئناف بمنطقة القصيم -عىل املعاملة الواردة,b8df7d68ace361489abc31f10d52ad7d3131d4ae56931757db8f45bf27333a10,metadata_incomplete_pending_review
collector-1435-v4-p480-34143826,extracted/collector-judgments-pdf/collector-1435-v4-p480-34143826.pdf,moj-judgments-1435-volume-4.pdf,973bbad83de5f7004d47e9bcb66aea7efc985ec12901968d73e3510cf36b93ee,480,485,6,6179ee36d4d68a762e885024227a4c2faf015572415255ef5ab163ced0b99cac,492418,إخالء عقار -سكن مسجد -طي قيد مؤذن -دفعه باإلجارة من املؤذن اجلديد -إدخاله يف الدعوى -عدم صحة الدفع - نفاذ معجل -إلزام بإخالء العقار -تسليمه إلدارة,,,34143826,,وردتنا املعاملة من قضاة الدائرة احلقوقية الثانية بمحكمة االستئناف باملدينة املنورة ،وبرفقها,وردتنا املعاملة من قضاة الدائرة احلقوقية الثانية بمحكمة االستئناف باملدينة املنورة ،وبرفقها,083609a9fc08e18a2f1be43e1dd76755880be0b6a202116b142326e7bae64c95,metadata_incomplete_pending_review
collector-1435-v4-p486-3463816,extracted/collector-judgments-pdf/collector-1435-v4-p486-3463816.pdf,moj-judgments-1435-volume-4.pdf,973bbad83de5f7004d47e9bcb66aea7efc985ec12901968d73e3510cf36b93ee,486,493,8,f622bc5da1fa7f9715efa1e582af700a42a026b66686d030d4294e0ce88eafa1,497569,إخالء عقار -وقف -عدم دفع األجرة -إنكار الدعوى -دفع باستحقاق الوقف - عقد إجيار -دفع بصوريته -سبق اإلقرار بصحته -انتهاء مدة العقد -إلزام باإلخالء.,,,3463816,,,من حمكمة االستئناف بالقصيم ومشفوعها قرار الدائرة احلقوقية الثانية برقم 34335716,b89ca4139e5711a8714b65cff68fc0180b9103fd95631f4015a39c391a336a3a,metadata_incomplete_pending_review
collector-1435-v4-p494-3455787,extracted/collector-judgments-pdf/collector-1435-v4-p494-3455787.pdf,moj-judgments-1435-volume-4.pdf,973bbad83de5f7004d47e9bcb66aea7efc985ec12901968d73e3510cf36b93ee,494,497,4,1773b9441337e6a05a853fed2119d21f9d1f2a9b13fe73dff8753af96267d620,486114,صب -رشاء منفعته -عدم دفع الصربة -إقرار بالدعوى -دفعإخالء عقار -بيت م ر بعدم العلم باملستحقني -عدم مطالبتهم هبا -ثبوت الدفع -رد الدعوى.,,,3455787,,احلمدهلل وحده وبعد ،فقد اطلعنا -نحن قضاة الدائرة احلقوقية الثانية بمحكمة االستئناف,احلمدهلل وحده وبعد ،فقد اطلعنا -نحن قضاة الدائرة احلقوقية الثانية بمحكمة االستئناف,63aab5784999b27f7e557d86d6bf7c86d8c08dec81589269a06bab050023af92,metadata_incomplete_pending_review
collector-1435-v4-p498-349141,extracted/collector-judgments-pdf/collector-1435-v4-p498-349141.pdf,moj-judgments-1435-volume-4.pdf,973bbad83de5f7004d47e9bcb66aea7efc985ec12901968d73e3510cf36b93ee,498,520,23,061747cacdb22f8850d772ec3a252336ac15d222d9ea245acb32cb03f0a6cee6,2021326,إخالء عقار -بيعه -طلب املشرتي إخالءه -دفع بعدم صحة البيع -األصل صحته - مطالبة باألجرة حتى اإلخالء -مطالبة بمجهول -إلزام باإلخالء -رصف النظر عن طلب,,,349141,,,اطلعنا -نحن قضاة الدائرة احلقوقية األوىل يف حمكمة االستئناف باملنطقة الرشقية -عىل,32c4ddf5c30215ebf91c1efcf0559390b7a207795fca2946a0310bb9b6f56359,metadata_incomplete_pending_review
collector-1435-v5-p6-33404016,extracted/collector-judgments-pdf/collector-1435-v5-p6-33404016.pdf,moj-judgments-1435-volume-5.pdf,977bb12cf044997731c16dd70374482dee814b59a081e50ef11a8b0ce85b39b5,6,15,10,387013e22e39fa3c2c8709a0ab18ebeb8daaf95cf33d37ba03c7cbb627198ac0,522910,استطراق -طريق مشرتك -اتفاق سابق عىل فتحه -طلب اإللزام به -إنكار االتفاق - إثبات االستطراق يف صك املبايعة -سبق اإلقرار به -معاينة اخلرباء -شهادة شهود عدول -ثبوت االستطراق -إلزام بإعادة فتحه.,,,33404016,,,35460709يف 1435/7/29ه فقد جرى م نا نحن -رئيس وأعضاء الدائرة,3b3edc9e92d5bc36095d3fdd3556355cc879c303b4a4fe518f1a8b1312f647a7,metadata_incomplete_pending_review
collector-1435-v5-p16-34406664,extracted/collector-judgments-pdf/collector-1435-v5-p16-34406664.pdf,moj-judgments-1435-volume-5.pdf,977bb12cf044997731c16dd70374482dee814b59a081e50ef11a8b0ce85b39b5,16,23,8,1f5eb5b0dfa8c0177198293b6b7eba9bc63d28e6732a45f921c246b3285995a9,865350,استطراق -إغالق طريق مشرتك -طلب فتحه -إنكار الدعوى -عدم البينة -رفض يمني املدعى عليه -وقوف عىل حمل النزاع -وجود منافذ أخرى للمدعي -رد الدعوى.,,,34406664,1434/8/10,,احلمد هلل وحده وبعد ،فقد اطلعنا نحن -قضاة الدائرة احلقوقية األوىل بمحكمة,5eb2e8e5c34f09b092237463ab6b709c4417e4902b73752dc0b7200c253eab74,metadata_incomplete_pending_review
collector-1435-v5-p24-33363773,extracted/collector-judgments-pdf/collector-1435-v5-p24-33363773.pdf,moj-judgments-1435-volume-5.pdf,977bb12cf044997731c16dd70374482dee814b59a081e50ef11a8b0ce85b39b5,24,26,3,d774849217d9a99e9ac7d54fbb27884dbce270ae700779b2c73ac818ed3f1981,486740,إثبات نصيب يف عقار -وجوب حضور الرشكاء -عدم موافقة املنهي -رصف النظر- إفهامه بإقامة دعوى.,,,33363773,1433/05/26,,اخلاص بطلب )...(/إثبات نصيبه يف عقار ،املالحظ عليه بقرار الدائرة رقم 34329229,7b35e1bcabb4a9146ac8079f7b30236ec040f2d397a3a7d6dbf3810bd4fc1748,metadata_incomplete_pending_review
collector-1435-v5-p27-35431107,extracted/collector-judgments-pdf/collector-1435-v5-p27-35431107.pdf,moj-judgments-1435-volume-5.pdf,977bb12cf044997731c16dd70374482dee814b59a081e50ef11a8b0ce85b39b5,27,32,6,f8d668c8be150d38108b5a59c162d5b02e1489b675faaa6c6a6905ca05bd9b0b,489492,طلب صك استحكام -داخل النطاق العمراين -إعالن يف الصحيفة -خماطبة الدوائر- معارضة البلدية واملالية -دفع بحداثة اإلحياء -قرار قسم اخلرباء -أرض حمياة -شهادة شهود عدول -ثبوت التملك -رصف النظر عن املعارضة.,,,35431107,,بمحكمة االستئناف بمنطقة عسري عىل املعاملة الواردة من فضيلة رئيس املحكمة العامة,احلمد هلل وحده وبعد ،فقد اطلعنا نحن قضاة الدائرة الثانية لتدقيق القضايا احلقوقية,68286e461da5e58e72365db6ee3fc38d7d8d89569621ee9657831a08d89ac976,metadata_incomplete_pending_review
collector-1435-v5-p33-35337631,extracted/collector-judgments-pdf/collector-1435-v5-p33-35337631.pdf,moj-judgments-1435-volume-5.pdf,977bb12cf044997731c16dd70374482dee814b59a081e50ef11a8b0ce85b39b5,33,37,5,cd191aa081d6711fa5c717919dff44555c5948633d26365326883e7e5e73f337,485754,طلب صك استحكام -داخل النطاق العمراين -إعالن يف الصحيفة -خماطبة الدوائر- معارضة البلدية واملالية -دفع بحداثة اإلحياء -قرار قسم اخلرباء -إحياء قديم - شهادة شهود عدول -ثبوت التملك -رصف النظر عن املعارضة.,,,35337631,,بمحكمة االستئناف بمنطقة عسري عىل املعاملة الواردة من فضيلة رئيس املحكمة العامة,احلمد هلل وحده وبعد فقد اطلعنا نحن قضاة الدائرة الثانية لتدقيق القضايا احلقوقية,de92556d2b7e963d260b329acfd768beffa63569e396eb85fa9e168f708b7edf,metadata_incomplete_pending_review
collector-1435-v5-p38-44060627,extracted/collector-judgments-pdf/collector-1435-v5-p38-44060627.pdf,moj-judgments-1435-volume-5.pdf,977bb12cf044997731c16dd70374482dee814b59a081e50ef11a8b0ce85b39b5,38,44,7,e30a0f443020a610b1eb31eabbd3f95d1ed77ddab232754b5733c6341cbdb90e,501820,طلب صك استحكام -داخل النطاق العمراين -إعالن بالصحيفة -خماطبة الدوائر- معارضة البلدية واملالية -دفع بحداثة االحياء -قرار قسم اخلرباء -إحياءات قديمة - شهادة شهود عدول -ثبوت التملك -رصف النظر عن املعارضة.,,,44060627,,احلمد هلل وحده وبعد ،فقد اطلعنا نحن قضاة الدائرة احلقوقية الثانية بمحكمة االستئناف,متام الساعة الثامنة والنصف ،وقد وردتنا املعاملة بقرار أصحاب الفضيلة قضاة الدائرة,8fa7a818a0687ecf2b2b106f3ce69bc21ce3e5d8747ef023394ee5c8679ce73d,metadata_incomplete_pending_review
collector-1435-v5-p45-35336084,extracted/collector-judgments-pdf/collector-1435-v5-p45-35336084.pdf,moj-judgments-1435-volume-5.pdf,977bb12cf044997731c16dd70374482dee814b59a081e50ef11a8b0ce85b39b5,45,50,6,7a4b195406d84a08ba2563edab5b79019bd543dbbeee77760def348b3a1f2926,489406,طلب صك استحكام -داخل النطاق العمراين -إعالن يف الصحيفة -خماطبة الدوائر- رشوط لرشكة الكهرباء -موافقة املنهي عليها -تقدم معارض -شهادة شهود عدول - قرار قسم اخلرباء -ثبوت التملك -رد املعارضة.,,,35336084,,بمحكمة االستئناف بمنطقة عسري عىل املعاملة الواردة من فضيلة رئيس املحكمة العامة,احلمد هلل وحده وبعد ،فقد اطلعنا نحن قضاة الدائرة الثانية لتدقيق القضايا احلقوقية,72de4076ba4dfdbafc3c4f53cc679fafb85087e18e1159d880992d7504f3e2b8,metadata_incomplete_pending_review
collector-1435-v5-p51-35303226,extracted/collector-judgments-pdf/collector-1435-v5-p51-35303226.pdf,moj-judgments-1435-volume-5.pdf,977bb12cf044997731c16dd70374482dee814b59a081e50ef11a8b0ce85b39b5,51,57,7,f300a5f7967906b226d642038dca14b7c0d995a9b0fc706c562476703e352dce,492185,طلب صك استحكام -داخل النطاق العمراين -إعالن يف الصحيفة -خماطبة الدوائر- معارضة البلدية واملالية -دفع بحداثة اإلحياء -قرار قسم اخلرباء -إحياء قديم - شهادة شهود عدول -ثبوت التملك -رصف النظر عن املعارضة.,,,35303226,,بمحكمة االستئناف بمنطقة عسري عىل املعاملة الواردة من فضيلة رئيس املحكمة العامة,واملقيدة باملحكمة برقم 352356860وتاريخ 1435/8/10ه ،وبرفقه قرار الدائرة,b906475053f4b53e6579e76bcfb24c5f44a2286544f32400f8f7ff9bb9efdf58,metadata_incomplete_pending_review
collector-1435-v5-p58-35320642,extracted/collector-judgments-pdf/collector-1435-v5-p58-35320642.pdf,moj-judgments-1435-volume-5.pdf,977bb12cf044997731c16dd70374482dee814b59a081e50ef11a8b0ce85b39b5,58,62,5,fee3781ddab3419182c01ce13c31eab0da24bbfe4f86162af1299755612322f3,487135,طلب صك استحكام -داخل النطاق العمراين -إعالن يف الصحيفة -خماطبة الدوائر- معارضة البلدية واملالية -دفع بحداثة اإلحياء -قرار قسم اخلرباء -أرض حمياة -شهادة شهود عدول -ثبوت التملك -رصف النظر عن املعارضة.,,,35320642,,احلمد هلل وحده وبعد ،فقد اطلعنا نحن قضاة الدائرة احلقوقية األوىل بمحكمة االستئناف,احلمد هلل وحده وبعد ،فقد اطلعنا نحن قضاة الدائرة احلقوقية األوىل بمحكمة االستئناف,975bb778a89e1b99f45a7daaa2dbc12a0e315b20a9900a559b8be19f4c84b0a4,metadata_incomplete_pending_review
collector-1435-v5-p63-35289152,extracted/collector-judgments-pdf/collector-1435-v5-p63-35289152.pdf,moj-judgments-1435-volume-5.pdf,977bb12cf044997731c16dd70374482dee814b59a081e50ef11a8b0ce85b39b5,63,67,5,288919a300b9bbb5af63d6fea77a2ab48fd0727c036facf831d97af3c9824985,485541,طلب صك استحكام -داخل حدود التنمية -إعالن يف الصحيفة -خماطبة الدوائر- معارضة البلدية -قرار قسم اخلرباء -إحياء قديم - شهادة شهود عدول -ثبوت التملك - شطب معارضة البلدية.,,,35289152,,بمحكمة االستئناف بمنطقة عسري عىل املعاملة الواردة من فضيلة القائم بعمل رئيس,احلمد هلل وحده وبعد ،فقد اطلعنا نحن قضاة الدائرة الثانية لتدقيق القضايا احلقوقية,f73872b54ca1a7fcc9083ef20a7c3babd125e5fc82b3bbb4eade4e278697e501,metadata_incomplete_pending_review
collector-1435-v5-p68-35358644,extracted/collector-judgments-pdf/collector-1435-v5-p68-35358644.pdf,moj-judgments-1435-volume-5.pdf,977bb12cf044997731c16dd70374482dee814b59a081e50ef11a8b0ce85b39b5,68,74,7,2fec98881810736f34e359de7ef8cd4a46eed5ba134c517e4c0a286886275dcb,491432,طلب صك استحكام -داخل حدود التنمية -إعالن يف الصحيفة -خماطبة الدوائر- معارضة وزارة البرتول -منطقة أنشطة تعدينية -عدم متلكها بالتقادم -قرار قسم اخلرباء - إحياء قديم - شهادة شهود عدول -ثبوت التملك -رصف النظر عن املعارضة.,,,35358644,,احلمد هلل وحده وبعد ،فقد اطلعنا نحن قضاة الدائرة احلقوقية الثانية بمحكمة االستئناف,احلمد هلل وحده وبعد ،فقد اطلعنا نحن قضاة الدائرة احلقوقية الثانية بمحكمة االستئناف,a559304e80a96e31ccfe7d7f0c3ae9ddf4fe8a17801db164bc89ded49dbb3ba9,metadata_incomplete_pending_review
collector-1435-v5-p75-3435,extracted/collector-judgments-pdf/collector-1435-v5-p75-3435.pdf,moj-judgments-1435-volume-5.pdf,977bb12cf044997731c16dd70374482dee814b59a081e50ef11a8b0ce85b39b5,75,79,5,b3bac8851bef730df01259d24b4bacc496d56d72913a167d178bb908199a350d,486608,تكميل صك استحكام -داخل حدود التنمية -إضافة أطوال -تعديل مساحة -رسيان مفعول الصك -قرار قسم اخلرباء -زيادة يف املساحة -تطبيق إجراءات االستحكام -عدم املعارضني -شهادة شهود عدول -ثبوت اإلهناء -تكميل الصك وتعديله.,,,3435,,,,c7966dc4ccb60adbb27a4e15170dd66ef0da5be580e11915d05442da606a1e66,metadata_incomplete_pending_review
collector-1435-v5-p80-34217108,extracted/collector-judgments-pdf/collector-1435-v5-p80-34217108.pdf,moj-judgments-1435-volume-5.pdf,977bb12cf044997731c16dd70374482dee814b59a081e50ef11a8b0ce85b39b5,80,84,5,84a3a8ccdddacbcfeba33d176e2ffe9340b0d7a5b463d902271b63891d6b6bd8,484853,تكميل صك استحكام -داخل النطاق العمراين -إضافة إجابات الدوائر - سجالت مدنية -عرض شوارع -مساحة إمجالية -رسيان مفعول الصك -قرار قسم اخلرباء - مطابقة اإلهناء للطبيعة -تطبيق إجراءات االستحكام -عدم املعارضني -شهادة شهود عدول -ثبوت اإلهناء -تكميل الصك.,,,34217108,,احلمد هلل وحده وبعد ،فقد اطلعنا نحن قضاة الدائرة احلقوقية الثانية بمحكمة االستئناف بمنطقة,احلمد هلل وحده وبعد ،فقد اطلعنا نحن قضاة الدائرة احلقوقية الثانية بمحكمة االستئناف بمنطقة,0f7bcfad789072353ab214587434121a21df69d4bbbb82b23c6b5cd54e00087d,metadata_incomplete_pending_review
collector-1435-v5-p85-34250480,extracted/collector-judgments-pdf/collector-1435-v5-p85-34250480.pdf,moj-judgments-1435-volume-5.pdf,977bb12cf044997731c16dd70374482dee814b59a081e50ef11a8b0ce85b39b5,85,88,4,f256f58138e47c978319243be95a9779836c3b1615eed5a03f7992a63dfcdf7b,485350,تكميل صك استحكام -إضافة مساحة -خلو السجل من توقيع القايض -فقد املعاملة األساس -عرض الصك عىل حمكمة االستئناف -تطبيق إجراءات االستحكام -عدم تقدم معارضني -قرار قسم اخلرباء -حتديد املساحة -إحلاقها بالصك -إكامل الزم سجله.,,,34250480,1420/1/24,احلمد هلل وحده وبعد ،فقد اطلعنا نحن قضاة الدائرة احلقوقية الثانية بمحكمة االستئناف,ال :عىل فضيلة القايض اخللف إجراء ما املقصود منه“ :وبنا ء عىل ذلك تقرر الدائرة اآليت :أو,b6cba3d01f121950bd9a635fe28358c73957fe6d7506a412c603032eb2927f0e,metadata_incomplete_pending_review
collector-1435-v5-p89-35204802,extracted/collector-judgments-pdf/collector-1435-v5-p89-35204802.pdf,moj-judgments-1435-volume-5.pdf,977bb12cf044997731c16dd70374482dee814b59a081e50ef11a8b0ce85b39b5,89,94,6,86be7be1772fc7bd73390b1a38e686f33a1254fdecbb0691f37766e5c0c1f965,488672,تكميل صك استحكام -إضافة مساحة وسجل مدين -تعديل أطوال -فقد املعاملة األساس -رسيان مفعول الصك وسجله -عرضه عىل حمكمة االستئناف -تطبيق إجراءات االستحكام -عدم املعارضة -قرار قسم اخلرباء -مطابقة اإلهناء للطبيعة -شهادة شهود عدول -ثبوت اإلهناء -تعديل الصك.,,,35204802,,احلقوقية بمحكمة االستئناف بالرياض رقم 33438572وتاريخ 1433/10/25ه,امللف األساس للحجة مفقود ،فورد اجلواب وبرفقه قرار الدائرة الثانية لتمييز القضايا,956dc3bc5e401988ec3cc36b9cec374e33aa998bdc9c7753308c75a76d22c382,metadata_incomplete_pending_review
collector-1435-v5-p95-32230884,extracted/collector-judgments-pdf/collector-1435-v5-p95-32230884.pdf,moj-judgments-1435-volume-5.pdf,977bb12cf044997731c16dd70374482dee814b59a081e50ef11a8b0ce85b39b5,95,104,10,47009a41aa8c1322089929c4b74b2912d209b4b8a7f85cd79137aa991041f77e,504652,تعديل صك استحكام -داخل النطاق العمراين -أطوال ومساحة -تطبيق إجراءات االستحكام -معارضة املالية والبلدية -دفع بعدم اإلحياء -وقوف القايض عىل العقار - عدم وجود إحياءات -رصف النظر.,,,32230884,1428/9/28,احلمد هلل وحده وبعد ،فقد اطلعنا نحن قضاة الدائرة احلقوقية الثانية بمحكمة االستئناف,احلمد هلل وحده وبعد ،فقد اطلعنا نحن قضاة الدائرة احلقوقية الثانية بمحكمة االستئناف,5a8b1cb36ffff365cc78e09ea69f4c86d6fa39e04834537aba7ac49908686d0a,metadata_incomplete_pending_review
collector-1435-v5-p105-33264069,extracted/collector-judgments-pdf/collector-1435-v5-p105-33264069.pdf,moj-judgments-1435-volume-5.pdf,977bb12cf044997731c16dd70374482dee814b59a081e50ef11a8b0ce85b39b5,105,109,5,40ff216bcf8e4fd4d3e717d48f3b9879f8f4d02a80adeae195fc66ab57ba260e,486495,تعديل صك استحكام -حدود وأطوال ومساحة -رسيان مفعول الصك -تطبيق إجراءات االستحكام -عدم املعارضة -قرار قسم اخلرباء -مطابقة اإلهناء للطبيعة - شهادة شهود عدول -ثبوت اإلهناء -تعديل الصك.,,,33264069,,الثانية بمحكمة االستئناف بمنطقة القصيم رقم 35261291يف 1435/6/1ه ،املتضمن,351396363يف 1435/6/9ه ،املرفق به قرار أصحاب الفضيلة قضاة الدائرة احلقوقية,5102e35b8b25e0f4e2fe0d3f5a29f54c2f04f6ca6c3a9b36a6ca254ceb351e8f,metadata_incomplete_pending_review
collector-1435-v5-p110-34314481,extracted/collector-judgments-pdf/collector-1435-v5-p110-34314481.pdf,moj-judgments-1435-volume-5.pdf,977bb12cf044997731c16dd70374482dee814b59a081e50ef11a8b0ce85b39b5,110,114,5,81124dad0ecccc27ab57f08aa22a4c9c36ab837b9e5266596218c8fdde8c096c,485078,تعديل صك استحكام -داخل النطاق العمراين -حدود وأطوال ومساحة -رسيان مفعول الصك -تطبيق إجراءات االستحكام -عدم املعارضة -قرار قسم اخلرباء - مطابقة اإلهناء للطبيعة -شهادة شهود عدول -ثبوت اإلهناء -تعديل الصك.,,,34314481,,احلمد هلل وحده وبعد ،فقد اطلعنا نحن قضاة الدائرة احلقوقية الثانية بمحكمة االستئناف,احلمد هلل وحده وبعد ،فقد اطلعنا نحن قضاة الدائرة احلقوقية الثانية بمحكمة االستئناف,e7317cb47358dd8917f7198be3c5578e0b8ed2b08c9889200e05be97186a65a0,metadata_incomplete_pending_review
collector-1435-v5-p115-32113129,extracted/collector-judgments-pdf/collector-1435-v5-p115-32113129.pdf,moj-judgments-1435-volume-5.pdf,977bb12cf044997731c16dd70374482dee814b59a081e50ef11a8b0ce85b39b5,115,131,17,30d71cbcddddac3687ca09cf9b77f116301c92ffac6b50b9d49dcb01f4baa990,520068,تكميل صك استحكام -داخل حدود احلرم -إضافة أطوال ومساحة -رسيان مفعول الصك -تطبيق إجراءات االستحكام -معارضة األمانة -قرار قسم اخلرباء -مطابقة اإلهناء للطبيعة -شهادة شهود عدول -ثبوت اإلهناء -رصف النظر عن املعارضة.,,,32113129,1428/9/1,,من الدائرة احلقوقية اخلامسة يف حمكمة االستئناف بمكة املكرمة رقم 34381825يف,20c0ac651de109de20f687bde4f50a3cea22d1a729973117ba3d382e5c2b4007,metadata_incomplete_pending_review
collector-1435-v5-p132-33702055,extracted/collector-judgments-pdf/collector-1435-v5-p132-33702055.pdf,moj-judgments-1435-volume-5.pdf,977bb12cf044997731c16dd70374482dee814b59a081e50ef11a8b0ce85b39b5,132,136,5,73d3b0ea591cdfcb4838edcdcdc84568f8bb161e7ae75e08c77cf90e1b5f2595,485986,تكميل صك استحكام -داخل النطاق العمراين -إضافة مساحة -تعديل حدود - إثبات صربة -رسيان مفعول الصك -تطبيق إجراءات االستحكام -عدم املعارضني - قرار قسم اخلرباء -مطابقة اإلهناء للطبيعة -شهادة شهود عدول -ثبوت اإلهناء -تكميل,,,33702055,,احلمد هلل وحده وبعد ،فقد اطلعنا نحن قضاة الدائرة احلقوقية الثانية بمحكمة االستئناف,احلمد هلل وحده وبعد ،فقد اطلعنا نحن قضاة الدائرة احلقوقية الثانية بمحكمة االستئناف,553fc11f7ed7efddedce2ea610c29a79b7064aa0ac408d14de3da37174252f64,metadata_incomplete_pending_review
collector-1435-v5-p137-34143837,extracted/collector-judgments-pdf/collector-1435-v5-p137-34143837.pdf,moj-judgments-1435-volume-5.pdf,977bb12cf044997731c16dd70374482dee814b59a081e50ef11a8b0ce85b39b5,137,141,5,18ef630f278d9ffe00800dbc525c44eb30c57a73a19ee39368305537e630cd97,1176389,تكميل صك -إضافة مساحة -صك متلك أنقاض - عدم إثباته متلك األرض -لزوم تطبيق إجراءات االستحكام -رصف النظر.,,,34143837,1434/3/28,,الدائرة احلقوقية الثالثة يف حمكمة االستئناف بمنطقة مكة املكرمة,b4860405133001fc1a825cda5c0f6755afe6eb7ffbfb90d4610c9380f31dbbd4,metadata_incomplete_pending_review
collector-1435-v5-p142-3497672,extracted/collector-judgments-pdf/collector-1435-v5-p142-3497672.pdf,moj-judgments-1435-volume-5.pdf,977bb12cf044997731c16dd70374482dee814b59a081e50ef11a8b0ce85b39b5,142,147,6,5eab981c38ac1b2900cfab18cfd3fed44daaacf930572f57e571190614abe780,495508,اسرتداد حيازة -سيارة -فقدها -إنكار التسلم - شاهد -يمني املدعي -العثور عىل السيارة -تلف بعضها -استعانة بأهل اخلربة -تقدير األرش -إلزام بدفعه.,,,3497672,,,الدائرة اجلزائية األوىل يف حمكمة االستئناف بمنطقة مكة املكرمة -االطالع عىل املعاملة الواردة,3611862e1f267bfede5024e78af79985a7d3830f3f9bd4144db9479472430ad0,metadata_incomplete_pending_review
collector-1435-v5-p148-34247336,extracted/collector-judgments-pdf/collector-1435-v5-p148-34247336.pdf,moj-judgments-1435-volume-5.pdf,977bb12cf044997731c16dd70374482dee814b59a081e50ef11a8b0ce85b39b5,148,150,3,db11dd1f1bf8f36591285730e3c713450340f0dd4f13f380d6f118089b3b3873,479272,اسرتداد حيازة -جواز سفر زوجة -أخذه بالقوة -وثيقة خاصة بصاحبها -إلزام بتسليمه -نفاذ معجل.,,,34247336,1434/05/28,,باخلطاب ذي الرقم 341304527يف 1434/10/14ه ،املرفق هبا قرار الدائرة اجلزائية,c8ddd9019c17064900ca18947e7699dcdd0e3f20c3e6431265f36b91363822db,metadata_incomplete_pending_review
collector-1435-v5-p151-3554005,extracted/collector-judgments-pdf/collector-1435-v5-p151-3554005.pdf,moj-judgments-1435-volume-5.pdf,977bb12cf044997731c16dd70374482dee814b59a081e50ef11a8b0ce85b39b5,151,154,4,fe3507efcbcf61ee295a1bf8dc0bd7c4332555e00fba3243fb9e3662aee701ad,481415,اسرتداد حيازة -جواز سفر زوجة -طردها من بيت الزوج -دفع باستمرار الزوجية - إلزام بتسليم اجلواز.,,,3554005,,الشخصية واإلهناءات بمحكمة االستئناف بالرياض -عىل املعاملة الواردة من فضيلة رئيس,احلمد هلل وحده وبعد ،فقد اطلعنا نحن -قضاة الدائرة الثانية املختصة بنظر قضايا األحوال,ee6887f7ce113bea66348ebcf9fc717ce81e7d36cbd868a57766b0122b59fa54,metadata_incomplete_pending_review
collector-1435-v5-p155-35111370,extracted/collector-judgments-pdf/collector-1435-v5-p155-35111370.pdf,moj-judgments-1435-volume-5.pdf,977bb12cf044997731c16dd70374482dee814b59a081e50ef11a8b0ce85b39b5,155,158,4,0d4f9492992a027f69f98cb8ca0c15cd3be57d48d3d3fa4fdbce8b57f4dfa6c6,482275,اسرتداد حيازة -جواز سفر - إنكار حيازته -شهادة شاهد -إقرار سابق -دفع بقصد االستغالل -إلزام بتسليم اجلواز .,,,35111370,,بمحكمة االستئناف بالرياض -عىل املعاملة الواردة من فضيلة رئيس املحكمة اجلزائية,احلمد هلل وحده وبعد ،فقد اطلعنا نحن -قضاة الدائرة اخلامسة لتمييز القضايا احلقوقية,8f8ec219f50a3148ee19819831620062530416728c41d2c0d80d02e6e1ab7b0a,metadata_incomplete_pending_review
collector-1435-v5-p159-34474800,extracted/collector-judgments-pdf/collector-1435-v5-p159-34474800.pdf,moj-judgments-1435-volume-5.pdf,977bb12cf044997731c16dd70374482dee814b59a081e50ef11a8b0ce85b39b5,159,162,4,f83d239b7947a37d72da33f7c58c64ba7d90411489c500a538e1a1eb91f0c935,481753,اسرتداد حيازة -شيك -حكم بثبوت تزويره -بطالن الشيك -ال فائدة من اسرتداده -,,,34474800,1434/10/26,الدائرة اجلزائية الثالثة بمحكمة االستئناف يف منطقة مكة املكرمة -االطالع عىل املعاملة,الدائرة اجلزائية الثالثة بمحكمة االستئناف يف منطقة مكة املكرمة -االطالع عىل املعاملة,23c411378ab2ea5ac8af3d50061c217224b19499f64daa1f12d35bd711e6c7e8,metadata_incomplete_pending_review
collector-1435-v5-p163-3515191,extracted/collector-judgments-pdf/collector-1435-v5-p163-3515191.pdf,moj-judgments-1435-volume-5.pdf,977bb12cf044997731c16dd70374482dee814b59a081e50ef11a8b0ce85b39b5,163,170,8,5d7b354429049d8411709084424d44ac01099af5f798ee810a633ce683d5e622,494391,اسرتداد حيازة -شيكات -أداة ضامن -حوالة مرصفية -دفع بكوهنا ثمن عقار -سبق إقرار املدعي -شيك فارغ -إلزام بإعادته -استحقاق باقي الشيكات -رصف النظر عن,,,3515191,,نحن -قضاة الدائرة احلقوقية األوىل بمحكمة االستئناف بمنطقة القصيم -عىل املعاملة,نحن -قضاة الدائرة احلقوقية األوىل بمحكمة االستئناف بمنطقة القصيم -عىل املعاملة,d1abef0ff7859816942eb0cdf7fa5c17b82d18bf84a9d7ae9be7979e40e67004,metadata_incomplete_pending_review
collector-1435-v5-p171-3527825,extracted/collector-judgments-pdf/collector-1435-v5-p171-3527825.pdf,moj-judgments-1435-volume-5.pdf,977bb12cf044997731c16dd70374482dee814b59a081e50ef11a8b0ce85b39b5,171,175,5,ef358271587dca811b25f0d36e0c909d638bcd9539e2c7f3a76d4b9b315ef8b9,484994,اسرتداد حيازة -شيك -حتريره كأداة ضامن -عدم تنفيذ االتفاق -إنكار كونه أداة ضامن -مقابل دين وثمن مبيع -تسليمه بطواعية ورضا -رشط اسرتداد احليازة -أخذ العني باحليلة أو الغصب -رد الدعوى.,,,3527825,,احلقوقية بمحكمة االستئناف بالرياض -عىل املعاملة الواردة لنا من فضيلة رئيس املحكمة,1435/4/27ه وبرفقها قرار الدائرة احلقوقية الثالثة باملالحظة ذات الرقم 35214216,cd43d6209fd9a474e0991db17a0c80b249fe36675c5bf56770e398b9e679a362,metadata_incomplete_pending_review
collector-1435-v5-p176-35114929,extracted/collector-judgments-pdf/collector-1435-v5-p176-35114929.pdf,moj-judgments-1435-volume-5.pdf,977bb12cf044997731c16dd70374482dee814b59a081e50ef11a8b0ce85b39b5,176,181,6,c65c7e54ca6ad0df01b3493ae5ed538261e3ecc0a7e61398f540adf7eec28114,1179525,اسرتداد حيازة -شيك -إيقاف قرار تنفيذه -دفع بعدم االختصاص -منازعة تنفيذ - رفض الدفع -عدم وجاهة الطلب -رد الدعوى.,,,35114929,,بمحكمة االستئناف بالرياض -عىل املعاملة الواردة من فضيلة رئيس املحكمة العامة,احلمد هلل وحده وبعد ،فقد اطلعنا نحن -قضاة الدائرة اخلامسة لتمييز القضايا احلقوقية,771a47fc35c60fbf7fa4b5b5f33d2d6f4939e932588755a7ec4b01e0e5527db4,metadata_incomplete_pending_review
collector-1435-v5-p182-34356509,extracted/collector-judgments-pdf/collector-1435-v5-p182-34356509.pdf,moj-judgments-1435-volume-5.pdf,977bb12cf044997731c16dd70374482dee814b59a081e50ef11a8b0ce85b39b5,182,186,5,43b471315515ec820ddba7abb3a8ee7cd9c1f488a86fb9a5ae8f3a7a700105ac,485164,مطالبة بمستندات رسمية -سجل األرسة -شهادة ميالد -طلب صور مصدقة منها - إلزام بتسليمها.,,,34356509,,الشخصية واإلهناءات بمحكمة االستئناف بمنطقة القصيم عىل املعاملة الواردة من فضيلة,احلمد هلل وحده وبعد ،فقد اطلعنا نحن قضاة الدائرة املختصة بتدقيق قضايا األحوال,6fbd554d7b53e7c5c92c04ed9d004d6546b90ecabd6d74427a7956f0b4400066,metadata_incomplete_pending_review
collector-1435-v5-p187-34393868,extracted/collector-judgments-pdf/collector-1435-v5-p187-34393868.pdf,moj-judgments-1435-volume-5.pdf,977bb12cf044997731c16dd70374482dee814b59a081e50ef11a8b0ce85b39b5,187,189,3,73558001147bc275a1fd7b986b444816e272135d6f2494e33480611d944d1a17,479690,مطالبة بمستندات رسمية -سجل األرسة -وفاة األب -حاجة األم للسجل -امتناع اجلد عن تسليمه -إلزامه بتسليمها أصل السجل.,,,34393868,,الثانية لألحوال الشخصية واألوقاف والوصايا والقصار وبيوت املال بمحكمة االستئناف,احلمد هلل والصالة والسالم عىل من ال نبي بعده وبعد ،فقد جرى منا نحن قضاة الدائرة,9eb35940f0aee3b9ab7ef90d03f0cc71ab90858cd8073163b27bc430927d389d,metadata_incomplete_pending_review
collector-1435-v5-p190-34461055,extracted/collector-judgments-pdf/collector-1435-v5-p190-34461055.pdf,moj-judgments-1435-volume-5.pdf,977bb12cf044997731c16dd70374482dee814b59a081e50ef11a8b0ce85b39b5,190,193,4,f1c95875f67d1d25928e35ea220ee8e35279a1a11a543cc7520434c4bc0b5bbb,482775,مطالبة بمستندات رسمية -سجل األرسة -عدم إضافة األوالد فيه -شهادة شهود عدول -تعذر التبليغ -سامع الدعوى غيابيا -حكم غيايب -إلزام بتسليم السجل.,,,34461055,,الشخصية واإلهناءات بمحكمة االستئناف بالرياض عىل املعاملة الواردة من فضيلة رئيس,احلمد هلل وحده وبعد ،فقد اطلعنا نحن قضاة الدائرة الثانية املختصة بنظر قضايا األحوال,bed67cad74f76bb480b57cf0bbb39872ac7eaed4f4159d95f1ab6471d7dbfb6e,metadata_incomplete_pending_review
collector-1435-v5-p194-34437881,extracted/collector-judgments-pdf/collector-1435-v5-p194-34437881.pdf,moj-judgments-1435-volume-5.pdf,977bb12cf044997731c16dd70374482dee814b59a081e50ef11a8b0ce85b39b5,194,196,3,44871eab8883ed8d6f06a4fe851da964a12acc5df358d096cec01e91e4a48575,479361,مطالبة بمستندات رسمية -صك ملكية -إقرار بحيازته -دفع بتعلقه بورثة -إلزام,,,34437881,1435/01/15,,1435/8/5ه ،فقد جرى م نا نحن رئيس وأعضاء الدائرة احلقوقية الثانية يف حمكمة,efa3bfdd7ab2bd12acbeb7bc31e8b4e56ce4faa1789dcaedd73578f881ddf020,metadata_incomplete_pending_review
collector-1435-v5-p197-34440764,extracted/collector-judgments-pdf/collector-1435-v5-p197-34440764.pdf,moj-judgments-1435-volume-5.pdf,977bb12cf044997731c16dd70374482dee814b59a081e50ef11a8b0ce85b39b5,197,199,3,51bb5111b726ef9edeb97321168c2af82fe80e841f7c1ca4c4e7af766b533743,473404,مطالبة بمستندات رسمية -صكوك لورثة -ادعاء بإخفائها -إنكار حيازهتا -يمني النفي -رصف النظر.,,,34440764,,,1435/03/13ه ،فقد جرى م نا نحن رئيس وأعضاء الدائرة احلقوقية الثانية يف,52e0af8ace8eff60a91200addebd454533ad74d48554af936dd144fd5759e76f,metadata_incomplete_pending_review
collector-1435-v5-p200-34541119,extracted/collector-judgments-pdf/collector-1435-v5-p200-34541119.pdf,moj-judgments-1435-volume-5.pdf,977bb12cf044997731c16dd70374482dee814b59a081e50ef11a8b0ce85b39b5,200,204,5,ebcbd6722eb659c4aa50e02e26566bcf43dcf105482df6918cf1920595d70255,485732,مطالبة بمستندات رسمية -صك ملكية -دعوى ناشئة عنه -عقار لورثة -دفع بفسخهم وكالة املدعي -إفادة ناظر الدعوى -إلزام بتسليم الصك له -رصف النظر.,,,34541119,,نحن قضاة الدائرة احلقوقية األوىل بمحكمة االستئناف بمنطقة القصيم عىل املعاملة الواردة,نحن قضاة الدائرة احلقوقية األوىل بمحكمة االستئناف بمنطقة القصيم عىل املعاملة الواردة,7fc3f922865a66bef51aba1e7657a2e52cb8b85fc83167b16b4abd71746c854c,metadata_incomplete_pending_review
collector-1435-v5-p205-34520143,extracted/collector-judgments-pdf/collector-1435-v5-p205-34520143.pdf,moj-judgments-1435-volume-5.pdf,977bb12cf044997731c16dd70374482dee814b59a081e50ef11a8b0ce85b39b5,205,210,6,b82882709c00311b41b13ae8c0b7d9bf3b72d7e35e38cf3846b99a1898ea36ec,490537,مطالبة بمستندات رسمية -ملفات دراسية -أوالد يف سن احلضانة -حاجة املحضون للتعلم - إلزام بتسليم امللفات للحاضن.,,,34520143,,الشخصية واإلهناءات بمحكمة االستئناف بمنطقة القصيم عىل املعاملة الواردة من فضيلة,احلمد هلل وحده وبعد ،فقد اطلعنا نحن قضاة الدائرة املختصة بتدقيق قضايا األحوال,d721163932d1318f572607c50cb3d2b4768cc9e3d059135f04ea3f24ba3e3b4b,metadata_incomplete_pending_review
collector-1435-v5-p211-34574756,extracted/collector-judgments-pdf/collector-1435-v5-p211-34574756.pdf,moj-judgments-1435-volume-5.pdf,977bb12cf044997731c16dd70374482dee814b59a081e50ef11a8b0ce85b39b5,211,215,5,dd91b673b11ca99bc2fb7c17baab57cc6eb157ee822afc70a16d36ab833fd75c,847188,مطالبة بمستندات رسمية -صكوك والية ووكالة -نية فسخها -استحقاق الويل حليازهتا -الوكالة عقد جائز -إلزام بتسليم الصكوك.,,,34574756,,الشخصية واإلهناءات بمحكمة االستئناف بمنطقة القصيم عىل املعاملة الواردة من فضيلة,احلمد هلل وحده وبعد ،فقد اطلعنا نحن قضاة الدائرة املختصة بتدقيق قضايا األحوال,d2733be922f65af09762da8b2ff5d5f98750f4794450a00462559361a5039246,metadata_incomplete_pending_review
collector-1435-v5-p216-33546367,extracted/collector-judgments-pdf/collector-1435-v5-p216-33546367.pdf,moj-judgments-1435-volume-5.pdf,977bb12cf044997731c16dd70374482dee814b59a081e50ef11a8b0ce85b39b5,216,219,4,3376e1ddf3e4282852f806a093b6275013a6a054b32c53e80d7c685190250cdd,494904,مطالبة بيت املال -مبلغ مودع فيه -نصيب قارص من تركة -حاجته إليه -صك والية - إقرار باإليداع -مبلغ قليل -قرار قسم اخلرباء -غبطة ومصلحة للقارص -إلزام بتسليم,,,33546367,,,,d821f47f3f01812072eecce979437a8d0847b01b0ea4102ddff70533d70e739a,metadata_incomplete_pending_review
collector-1435-v5-p220-34281364,extracted/collector-judgments-pdf/collector-1435-v5-p220-34281364.pdf,moj-judgments-1435-volume-5.pdf,977bb12cf044997731c16dd70374482dee814b59a081e50ef11a8b0ce85b39b5,220,223,4,007c6a2d1ad0dfd837c9b875bbe75f2cda8ea929c84218acbd8c6a6566e1bfdc,483796,مطالبة بيت املال -مبلغ مودع فيه -نصيب قارص من تركة -حاجته إليه -إكامل عامرة مبنى -صك والية -إقرار باإليداع -قرار قسم اخلرباء -غبطة ومصلحة للقارص -إلزام بتسليم املبلغ للويل.,,,34281364,,,ختمه وتوقيعه ،رئيس الدائرة ( )...ختمه وتوقيعه .وأجيب أصحاب الفضيلة سلمهم,0300fdaa494dcebcf31be473dfa456fbbc76f5df43f4db16f7bbb99b3e8e86ff,metadata_incomplete_pending_review
collector-1435-v5-p224-34392933,extracted/collector-judgments-pdf/collector-1435-v5-p224-34392933.pdf,moj-judgments-1435-volume-5.pdf,977bb12cf044997731c16dd70374482dee814b59a081e50ef11a8b0ce85b39b5,224,227,4,734a7105750ae8790aa77329a18a5b18b795b91e13d5a5bd43cd2d9ba369d4de,485182,مطالبة بيت املال -مبلغ مودع فيه -نصيب قارص من تركة -حاجته إىل العالج -إقرار باإليداع -صك والية -تقرير طبي -شهادة شهود عدول -إلزام بتسليم املبلغ للويل.,,,34392933,,,,84638ab8c7049104633b171061036d38559aca191b08f47f2b39190b3eead6ba,metadata_incomplete_pending_review
collector-1435-v5-p228-34403059,extracted/collector-judgments-pdf/collector-1435-v5-p228-34403059.pdf,moj-judgments-1435-volume-5.pdf,977bb12cf044997731c16dd70374482dee814b59a081e50ef11a8b0ce85b39b5,228,231,4,d4d5f5e68b6aa3e6893bffb27093b01fd1db43d92eda88c62f4e178453e650be,483938,مطالبة بيت املال -مبلغ مودع فيه -أجرة عقار قارص -حاجته للنفقة -إقرار باإليداع - صك والية -قرار قسم اخلرباء -تقدير نفقة شهرية -شهادة شهود عدول -إلزام بتسليم,,,34403059,,,,26f727c4b2908306574dee0dfe1d0465725031066cef83a3e92b853ea821520f,metadata_incomplete_pending_review
collector-1435-v5-p232-34367423,extracted/collector-judgments-pdf/collector-1435-v5-p232-34367423.pdf,moj-judgments-1435-volume-5.pdf,977bb12cf044997731c16dd70374482dee814b59a081e50ef11a8b0ce85b39b5,232,234,3,c6142aeda0a3dd41e2dab26d7d8435d52b1eb3751ded8e68c30b94eb9ae642e5,479665,مطالبة بيت املال -مبلغ مودع فيه -نصيب قارص من تركة -حاجته للنفقة -صك والية -إقرار باإليداع -قرار قسم اخلرباء -تقدير نفقة سنوية -إلزام بتسليمها للويل.,,,34367423,1434/8/7,,الدائرة الثالثة لألحوال الشخصية واألوقاف والوصايا والقصار وبيوت املال بمحكمة,36cf0854b6ec17af57edadd5759f0ed60543085d2b0726d5025751e1361d04b8,metadata_incomplete_pending_review
collector-1435-v5-p235-3541188,extracted/collector-judgments-pdf/collector-1435-v5-p235-3541188.pdf,moj-judgments-1435-volume-5.pdf,977bb12cf044997731c16dd70374482dee814b59a081e50ef11a8b0ce85b39b5,235,238,4,e8c92525d01e39a9f5aa7bbb8bdec509da18a883081d5e02dc673bd0936b4b81,483776,مطالبة بيت املال -مبلغ مودع فيه -نصيب قارص من تركة -رغبة الويل يف املتاجرة به -إقرار باإليداع -صك والية -شهادة شهود عدول -حذق الويل يف التجارة -إلزام بتسليمه املبلغ.,,,3541188,,احلقوقية الثانية بمحكمة االستئناف بمنطقة القصيم موجب قرارهم رقم 35173010يف,عنيزة ،بشأن املطالبة بتسليم املبلغ الذي خيص ( ،)...واملالحظ عليها من قضاة الدائرة,4dc7613a1592e8cb10cd051f1716890f1814ef5e6783748fd3a00a05a2f28ae2,metadata_incomplete_pending_review
collector-1435-v5-p239-35117822,extracted/collector-judgments-pdf/collector-1435-v5-p239-35117822.pdf,moj-judgments-1435-volume-5.pdf,977bb12cf044997731c16dd70374482dee814b59a081e50ef11a8b0ce85b39b5,239,241,3,284d6134e30be83733e5184f4b993369658a2ee9f7a9058460e53df4f6eaab13,479228,مطالبة بيت املال -مبلغ مودع فيه -نصيب قارص من دية مورثه -إقرار باإليداع - صك والية -حرص ورثة -مبلغ قليل -إلزام بتسليمه للويل.,,,35117822,1435/02/23,,,063b63d9cd33eaa229cd159c5b8395be4eeedfe3312f4f1bde0e44b5506e4109,metadata_incomplete_pending_review
collector-1435-v5-p242-35162036,extracted/collector-judgments-pdf/collector-1435-v5-p242-35162036.pdf,moj-judgments-1435-volume-5.pdf,977bb12cf044997731c16dd70374482dee814b59a081e50ef11a8b0ce85b39b5,242,245,4,578bb1fb8ff136e6f3fa57b3ecb89c5ce411c0d69e781ccecf331a82f40bfcb5,482255,مطالبة بيت املال -مبلغ مودع فيه -ثمن بيع عقار قارص -صك إذن رشاء -عقار بديل -إكامل ثمنه من مال الويل - نية الرجوع عىل القارص -صك والية -إقرار بإيداع املبلغ -إلزام بتسليمه للويل.,,,35162036,,,,c81b7d04e742c3f91c00d00f48e4baa3a55d3f031e7834da1400401fc885bf74,metadata_incomplete_pending_review
collector-1435-v5-p246-3580767,extracted/collector-judgments-pdf/collector-1435-v5-p246-3580767.pdf,moj-judgments-1435-volume-5.pdf,977bb12cf044997731c16dd70374482dee814b59a081e50ef11a8b0ce85b39b5,246,248,3,9bc3f51958835ffae9fe9c412347967fb517a4f89d15a74bcf7dd97b391d4cd2,481756,مطالبة بيت املال -مبلغ مودع فيه -ضامن مايل -مقاولة بناء وقف -اكتامل إنشائه - إقرار باإليداع -قرار قسم اخلرباء -اكتامل البناء -اإلذن بتسليم املبلغ.,,,3580767,1435/02/07,الثانية لألحوال الشخصية واألوقاف والوصايا والقصار وبيوت املال بمحكمة االستئناف,احلمد هلل والصالة والسالم عىل من ال نبي بعده وبعد ،فقد جرى منا نحن قضاة الدائرة,b0af2a564bf2fc977ea1b5839a8e29b99dc6caf6e3c6cd9283dc0ba47721b7a6,metadata_incomplete_pending_review
collector-1435-v5-p249-34575181,extracted/collector-judgments-pdf/collector-1435-v5-p249-34575181.pdf,moj-judgments-1435-volume-5.pdf,977bb12cf044997731c16dd70374482dee814b59a081e50ef11a8b0ce85b39b5,249,251,3,27bc56b569aab74f9d912a01afc5941942c3c6f257a5107fcb1dd2053c3ddefb,478781,مطالبة بيت املال -مبلغ مودع فيه -وصية -رغبة الناظر يف إنفاذها -إقرار باإليداع - صك الوصية -اإلذن بتسليم املبلغ للناظر.,,,34575181,,,,5f448d30cb5407e57df5253ace7c97b8c9da3b5a56a14f1fd0dec3c519b77aa6,metadata_incomplete_pending_review
collector-1435-v5-p252-35452535,extracted/collector-judgments-pdf/collector-1435-v5-p252-35452535.pdf,moj-judgments-1435-volume-5.pdf,977bb12cf044997731c16dd70374482dee814b59a081e50ef11a8b0ce85b39b5,252,256,5,70e29585bc30d69a7097908410412432236e4dd3d8e4aaa18e53c8f3e8caa9d7,484601,مطالبة بيت املال -مبلغ مودع فيه -وصية -ترميم مسجد -إقرار باإليداع -قرار قسم اخلرباء -حاجة املسجد للرتميم - تقدير املبلغ -انطباق رشط املويص -شهادة شهود عدول -إلزام بتسليم املبلغ للناظر.,,,35452535,,الشخصية واإلهناءات بمحكمة االستئناف بالرياض عىل املعاملة الواردة من فضيلة رئيس,احلمد هلل وحده وبعد ،فقد اطلعنا نحن قضاة الدائرة األوىل لتدقيق قضايا األحوال,137d31d9bd8b3c6309bb51eb756a87fc0f2085e814045592bb9fb7a56618dc68,metadata_incomplete_pending_review
collector-1435-v5-p257-3549494,extracted/collector-judgments-pdf/collector-1435-v5-p257-3549494.pdf,moj-judgments-1435-volume-5.pdf,977bb12cf044997731c16dd70374482dee814b59a081e50ef11a8b0ce85b39b5,257,259,3,2d24714a0bb003bf3b4cfcf1e29f187962340f479933a5649fa66db38a89dee2,480832,مطالبة بيت املال -مبلغ مودع فيه -ثمن عقار - رشاؤه عن طريق املحكمة -إلغاء البيع بحكم قضائي -إقرار باإليداع -استحقاق املدعي -إلزام بدفع املبلغ له.,,,3549494,,,احلمد هلل والصالة والسالم عىل رسول اهلل وبعد ،فقد جرى م نا نحن رئيس وأعضاء الدائرة,3335e3162da52e3bdc35fa59dc3acd61d110c77f1804a7967f9356f450e00241,metadata_incomplete_pending_review
collector-1435-v5-p260-34189088,extracted/collector-judgments-pdf/collector-1435-v5-p260-34189088.pdf,moj-judgments-1435-volume-5.pdf,977bb12cf044997731c16dd70374482dee814b59a081e50ef11a8b0ce85b39b5,260,265,6,0d8ad553d7704d0fd8616ffe6a166578d09be5d802bc901debd932f6ee95ee71,861492,مطالبة بيت املال -مبلغ مودع فيه -نصيب من دية قتل -تدافع اختصاص -إقرار باإليداع -إلزام بتسليم املبلغ.,,,34189088,,الشخصية واألوقاف والوصايا والقصار وبيوت املال بمحكمة االستئناف بمنطقة عسري عىل,به قرار قضاة الدائرة املختصة بتدقيق قضايا األحوال الشخصية واألوقاف والوصايا,df606205bbbdd7705e291a32e5666f2f9d84bf4baf190f8c0a9a915b30e464de,metadata_incomplete_pending_review
collector-1435-v5-p266-32564041,extracted/collector-judgments-pdf/collector-1435-v5-p266-32564041.pdf,moj-judgments-1435-volume-5.pdf,977bb12cf044997731c16dd70374482dee814b59a081e50ef11a8b0ce85b39b5,266,271,6,c4a9fcf896b541b3c3d84b1936e728679cc74ee144895e6a3c03f120355c7fd9,501613,منع رضر -كبينة اتصاالت -ترضر املجاورين -دفع بعدم الرضر -إفادة البلدية -عدم الرتخيص -قرار قسم اخلرباء -ثبوت الرضر -إلزام بإزالة الكبينة.,,,32564041,1432/7/19,,1434/1/18ه مرفق ا هبا قرار الدائرة احلقوقية األوىل رقم 344454يف 1434/1/6ه,8410dd6f1a1655b21687c4467194aea0d58351beb5c2c4fa48472f63c3688671,metadata_incomplete_pending_review
collector-1435-v5-p272-33405891,extracted/collector-judgments-pdf/collector-1435-v5-p272-33405891.pdf,moj-judgments-1435-volume-5.pdf,977bb12cf044997731c16dd70374482dee814b59a081e50ef11a8b0ce85b39b5,272,276,5,4d9da11a43fa67b67301e4c5e968844a089080ef4b9c237494d76e901269f7f5,486167,منع رضر -عقار -تأجريه عىل عزاب -ترضر املجاورين -قرار قسم اخلرباء -ثبوت الرضر -تبليغ شخيص -سامع الدعوى غيابي ا -حكم حضوري -منع من تأجري العزاب.,,,33405891,,,احلمد هلل وحده والصالة والسالم عىل رسول اهلل أما بعد ،فقد اطلعنا نحن قضاة الدائرة,2f1a2b99923d901290b59641c8d12a2ba4083f9d3952a619c9f4d649c6bce732,metadata_incomplete_pending_review
collector-1435-v5-p277-34143416,extracted/collector-judgments-pdf/collector-1435-v5-p277-34143416.pdf,moj-judgments-1435-volume-5.pdf,977bb12cf044997731c16dd70374482dee814b59a081e50ef11a8b0ce85b39b5,277,283,7,ea5e442eda7f23d13a28a27ff770dfd5e8242d587909bdef77c3ca9d848a110e,492166,منع رضر -عقار -تأجريه عىل عزاب -ترضر املجاورين -شهادة شهود عدول -قرار قسم اخلرباء -إفادة عمدة احلي -ثبوت الرضر -منع من تأجري العزاب.,,,34143416,,,يف 1434/10/15ه�� مرفق هبا قرار الدائرة احلقوقية اخلامسة واملتضمن بعد املقدمة,60f4243a7447e3e11ac8fa96f593d5503b2ac9c9a44fb57698f6641edeb5a67e,metadata_incomplete_pending_review
collector-1435-v5-p284-33710855,extracted/collector-judgments-pdf/collector-1435-v5-p284-33710855.pdf,moj-judgments-1435-volume-5.pdf,977bb12cf044997731c16dd70374482dee814b59a081e50ef11a8b0ce85b39b5,284,290,7,12274404b2fd479209778856d08878650f4bb7527a71355c39aac5d95155faf5,492808,منع رضر -عقار -تأجريه عىل عزاب -ترضر املجاورين -دفع بكون احلي جتاري - جلنة من اجلهات املختصة -حي سكني -ثبوت الرضر -إلزام بإخراج العزاب -منع,,,33710855,,,,706d2ee451d4edb4f2d38059ca21b193dfcc500134e9b7060162037f99330cbb,metadata_incomplete_pending_review
collector-1435-v5-p293-34460593,extracted/collector-judgments-pdf/collector-1435-v5-p293-34460593.pdf,moj-judgments-1435-volume-5.pdf,977bb12cf044997731c16dd70374482dee814b59a081e50ef11a8b0ce85b39b5,293,297,5,f8fdfe0b485ebee2a9e4f1b6aeef202cbe4ddf6429aad9d34170767eb0fa08e2,493393,منع رضر -عقار -استئجاره من عزاب -ترضر املجاورين -دفع برسيان عقد إجارة - إدخال مالك العقار -رفض فسخ العقد -قرار قسم اخلرباء -حي عوائل -ثبوت الرضر - فسخ العقد -إلزام باإلخالء.,,,34460593,,,احلمد هلل وحده أما بعد ،فقد اطلعنا نحن قضاة الدائرة احلقوقية الثانية يف حمكمة,71fbdb0043509f1dc7f81eb97f5a1b079caf875bf9708655ce792df388a29e91,metadata_incomplete_pending_review
collector-1435-v5-p298-34301596,extracted/collector-judgments-pdf/collector-1435-v5-p298-34301596.pdf,moj-judgments-1435-volume-5.pdf,977bb12cf044997731c16dd70374482dee814b59a081e50ef11a8b0ce85b39b5,298,301,4,15288579bfd6ac9fd3bd0e2a6c6479aef2b915b23986ae0286441f7e8c947492,482126,منع رضر -عقار -تأجريه عىل عزاب -ترضر املجاورين -إنكار الرضر -عدم حتديد نوعه -رصف النظر.,,,34301596,,احلقوقية بمحكمة االستئناف بمنطقة حائل عىل املعاملة الواردة من رئيس املحكمة,احلمد هلل وحده وبعد ،فقد اطلعنا نحن قضاة الدائرة احلقوقية األوىل لتدقيق القضايا,52ca63fbe56caa5ce3f8b1291f1f3eef81403b2a74ed38ca8a3f15d88d477010,metadata_incomplete_pending_review
collector-1435-v5-p302-34532249,extracted/collector-judgments-pdf/collector-1435-v5-p302-34532249.pdf,moj-judgments-1435-volume-5.pdf,977bb12cf044997731c16dd70374482dee814b59a081e50ef11a8b0ce85b39b5,302,304,3,1dd307a3093b5950d9a988183b27ae03c37ef0ce2fbfd7e4fae6c3f65ce46aa9,480247,منع رضر -تأجري أرض -إقامة برج جوال -ترضر املجاورين -دفع بمسؤولية املستأجر - رضر من املستأجر ال من املؤجر - رصف النظر.,,,34532249,,,احلمد هلل وحده وبعد ،فقد اطلعنا نحن قضاة الدائرة احلقوقية األوىل يف حمكمة,bb2bd8521505987356c4f3a57c16cbeeb2100220da4dc74289d755e1ab7ac586,metadata_incomplete_pending_review
collector-1435-v5-p305-33427747,extracted/collector-judgments-pdf/collector-1435-v5-p305-33427747.pdf,moj-judgments-1435-volume-5.pdf,977bb12cf044997731c16dd70374482dee814b59a081e50ef11a8b0ce85b39b5,305,308,4,5eeae2339b0f9292d4d3acaa8fd24464d9026a32b343e7e65cadb2e1554d8a72,482228,منع رضر -سوائل كيامئية -ضخها يف مصب خملفات -ترضر مصنع -تلف بنيته التحتية -قرار قسم اخلرباء -ثبوت الرضر -منع من الضخ يف املصب -نفاذ معجل.,,,33427747,,,نحن قضاة الدائرة احلقوقية األوىل يف حمكمة االستئناف باملنطقة الرشقية عىل املعاملة الواردة,b5bdef21127421f6b27e755883121503ca0a97be8c852a89b36ef6122b182980,metadata_incomplete_pending_review
collector-1435-v5-p309-33564797,extracted/collector-judgments-pdf/collector-1435-v5-p309-33564797.pdf,moj-judgments-1435-volume-5.pdf,977bb12cf044997731c16dd70374482dee814b59a081e50ef11a8b0ce85b39b5,309,315,7,404b8cb05bedb611af8979b879166bcde11b395085e5c0cda99832367c30bb71,495159,منع رضر -عقار -بناء طابق ثاين -دفع بإزالة الرضر -وقف األعامل اجلديدة -قرار قسم اخلرباء -إفادة بلدية املحافظة -وقوف القايض عىل حمل النزاع -انتفاء الرضر -عدم التعدي -رد الدعوى.,,,33564797,,,احلمد هلل وحده وبعد ،فقد اطلعت الدائرة احلقوقية الرابعة يف حمكمة االستئناف بالرياض,06e20a5402ce9b94858d49f3722f79c550d44f5478e8a7cbd6299ed07852e61b,metadata_incomplete_pending_review
collector-1435-v5-p316-34136466,extracted/collector-judgments-pdf/collector-1435-v5-p316-34136466.pdf,moj-judgments-1435-volume-5.pdf,977bb12cf044997731c16dd70374482dee814b59a081e50ef11a8b0ce85b39b5,316,319,4,081e0da632e316e1d7edc8ca35f12e0e4a2f298bfd27e38fb261a513cf409f5a,483186,منع رضر -إحداث يف الوادي -وضع عقوم زراعية -حبس املاء -إنكار الدعوى - قرار قسم اخلرباء -عدم وجود رضر يف اإلحداث -رد الدعوى.,,,34136466,,احلمد هلل وحده وبعد ،فقد اطلعنا نحن قضاة الدائرة احلقوقية األوىل بمحكمة االستئناف,احلمد هلل وحده وبعد ،فقد اطلعنا نحن قضاة الدائرة احلقوقية األوىل بمحكمة االستئناف,4207065dcb44bb2cac21c2c7d0a4057e0aa749176cebb8d853bebad61a0a09d4,metadata_incomplete_pending_review
collector-1435-v5-p320-34176596,extracted/collector-judgments-pdf/collector-1435-v5-p320-34176596.pdf,moj-judgments-1435-volume-5.pdf,977bb12cf044997731c16dd70374482dee814b59a081e50ef11a8b0ce85b39b5,320,324,5,db444b2852a13acc383ee81800f234667cd062569b5cc86f2cd1841e885a3b19,487143,منع رضر -مضايقة يف عبور طريق -إيقاف مركبة فيه -دفع بعدم وجود موقف آخر- قرار قسم اخلرباء -صحة الدفع -رضر مؤقت حمتمل -رد الدعوى.,,,34176596,,بمحكمة االستئناف بمنطقة عسري عىل املعاملة الواردة لنا من فضيلة رئيس املحكمة العامة,احلمد هلل وحده وبعد ،فقد اطلعنا نحن قضاة الدائرة األوىل لتدقيق القضايا اجلزائية,c454ee3cb1788304ae76c68861d128055ce89552daa9f111a2b6108fe4c46feb,metadata_incomplete_pending_review
collector-1435-v5-p325-34480160,extracted/collector-judgments-pdf/collector-1435-v5-p325-34480160.pdf,moj-judgments-1435-volume-5.pdf,977bb12cf044997731c16dd70374482dee814b59a081e50ef11a8b0ce85b39b5,325,331,7,1e711941ea9288e3af4a6ff561825056a9cd023b3cf98f4e0fcd44dca0f0435c,857803,منع رضر -إنشاء ملعب -حي سكني -دفع بعدم الصفة -إفادة البلدية -عدم ترخيص امللعب -قرار قسم اخلرباء -ثبوت الرضر -إلزام بإغالق امللعب.,,,34480160,,احلقوقية بمحكمة االستئناف بمنطقة حائل عىل املعاملة الواردة من فضيلة رئيس املحكمة,احلمد هلل وحده وبعد ،فقد اطلعنا نحن قضاة الدائرة احلقوقية األوىل لتدقيق القضايا,97354880ddbe70370981799718afbff08d7e6009d5ca3fc2823851025fc419d1,metadata_incomplete_pending_review
collector-1435-v5-p332-34336381,extracted/collector-judgments-pdf/collector-1435-v5-p332-34336381.pdf,moj-judgments-1435-volume-5.pdf,977bb12cf044997731c16dd70374482dee814b59a081e50ef11a8b0ce85b39b5,332,336,5,453932fcfc0c11063e59975cb088ff117e7d77af905da3709f0fb7c2855dc2ca,496286,طلب تنفيذ -قرار جلنة شبه قضائية -رد قرض مع هامش ربح -زيادة ربوية حمرمة - إلزام برد أصل القرض -امتناع عن تنفيذ ما زاد عنه -إحالة املنفذ ضده للتحقيق.,,,34336381,1433/8/13,,ونظر ا الختصاص هذه الدائرة بنظر طلب التنفيذ استناد ا ملا جاء يف الفقرة ثاني ا من املرسوم,7e69bd1e1918c93bea593137aba42f725e3a92391d5fc7bf5eeb84f3a0f8db7c,metadata_incomplete_pending_review
collector-1435-v5-p337-34419461,extracted/collector-judgments-pdf/collector-1435-v5-p337-34419461.pdf,moj-judgments-1435-volume-5.pdf,977bb12cf044997731c16dd70374482dee814b59a081e50ef11a8b0ce85b39b5,337,341,5,df31a4828d9c4606474fa0f47470cd6612fc9763e49b905b6957fa6388fbaa8d,486741,طلب تنفيذ -سند ألمر - إصدار قرار بتنفيذه -إقرار املنفذ ضده -إحالة طالب التنفيذ عىل الغري -عدم حتقق رشوط احلوالة -ميض املهلة النظامية للتنفيذ -تطبيق العقوبات عىل,,,34419461,,الدائرة احلقوقية السابعة بمحكمة االستئناف يف منطقة مكة املكرمة,الدائرة احلقوقية السابعة بمحكمة االستئناف يف منطقة مكة املكرمة,1afd264c4fd044cf6c393f51e327d91d73ab97f7123860466f26350aaa9b78ae,metadata_incomplete_pending_review
collector-1435-v5-p342-3589216,extracted/collector-judgments-pdf/collector-1435-v5-p342-3589216.pdf,moj-judgments-1435-volume-5.pdf,977bb12cf044997731c16dd70374482dee814b59a081e50ef11a8b0ce85b39b5,342,345,4,ce1538528f03e0e9bb5ac681b91ba070c1a461526a6f090baa14df7ad74d850b,482549,منازعة تنفيذ -منع مدين من السفر - طلب رفع املنع -ديون ثابتة يف ذمة املمنوع -ديون حكومية -أموال ال تفي بالديون -رصف النظر.,,,3589216,1435/02/09,,من الدائرة اإلدارية العارشة بديوان املظامل بمنطقة مكة املكرمة فرع جدة برقم /36د/أ,8252d14209a938bab13d57f9bbf6d7a2e0beaf525bdc063fce41b4c0b5e07927,metadata_incomplete_pending_review
collector-1435-v5-p346-35126177,extracted/collector-judgments-pdf/collector-1435-v5-p346-35126177.pdf,moj-judgments-1435-volume-5.pdf,977bb12cf044997731c16dd70374482dee814b59a081e50ef11a8b0ce85b39b5,346,348,3,8df5d1ac7585f18fb97adfd641a8cdb164428b1e4cd1ed84835f7355f3b8b3b7,480361,طلب تنفيذ -كمبيالة -غري مكتملة الرشوط -اعتبارها سند إثبات -اختصاص قايض املوضوع بنظرها -بطالن الكمبيالة -امتناع عن تنفيذها.,,,35126177,,,وأعضاء الدائرة احلقوقية السادسة يف حمكمة االستئناف بمنطقة مكة املكرمة,995825d9c05e29160f942a34ea2a366e53101dee1bd3f1e3e1bc4b4d04b748b5,metadata_incomplete_pending_review
collector-1435-v5-p349-35352249,extracted/collector-judgments-pdf/collector-1435-v5-p349-35352249.pdf,moj-judgments-1435-volume-5.pdf,977bb12cf044997731c16dd70374482dee814b59a081e50ef11a8b0ce85b39b5,349,357,9,23162a205dc3a6e152dd2755d61621414a8ecb4595883ee069d4ad2d3759a67a,1186694,منازعة تنفيذ -مزاد عىل عقارات -عدم الوفاء بالثمن -تقديم شيك بدون رصيد -دفع بالتغرير - احلكم ببطالن املزاد وإعادته.,,,35352249,,,ومل يعثر عليه ،وجرى االتصال عىل جواله رقم ( )...وتم إبالغه بمراجعة الدائرة يف املوعد,4cac99b953102cedd3677c3547760c498694fc6b7db754e86583ac22464b56a3,metadata_incomplete_pending_review
collector-1435-v5-p358-3596971,extracted/collector-judgments-pdf/collector-1435-v5-p358-3596971.pdf,moj-judgments-1435-volume-5.pdf,977bb12cf044997731c16dd70374482dee814b59a081e50ef11a8b0ce85b39b5,358,360,3,fa9ad2abc0107466e467b88c9fb50a2c4424bd4095f16eab17a1f99751f653e4,479006,حجز حتفظي -مال مشرتك -عوض صلح -منع من الترصف -وجود مصلحة راجحة -حجز املال إىل حني القسمة.,,,3596971,,االستئناف بالدائرة احلقوقية األوىل بمحكمة االستئناف بمنطقة مكة املكرمة االطالع عىل,االستئناف بالدائرة احلقوقية األوىل بمحكمة االستئناف بمنطقة مكة املكرمة االطالع عىل,60b434111e9ef1b5452566cfd3d04c1ed7511ef29dd7d8aab4c20ba694a86900,metadata_incomplete_pending_review
collector-1435-v5-p361-35282640,extracted/collector-judgments-pdf/collector-1435-v5-p361-35282640.pdf,moj-judgments-1435-volume-5.pdf,977bb12cf044997731c16dd70374482dee814b59a081e50ef11a8b0ce85b39b5,361,380,20,e57982e566996c210cb0a4fc5cfe981827c51e5d8214cdc70d3abc98aa339884,2010584,حجز حتفظي -شيك -دعوى منظورة باسرتداد حيازته -الشيك أداة وفاء مستحق األداء -رد الدعوى.,,,35282640,1435/5/15,نحن قضاة الدائرة احلقوقية األوىل بمحكمة االستئناف بمنطقة القصيم عىل املعاملة,نحن قضاة الدائرة احلقوقية األوىل بمحكمة االستئناف بمنطقة القصيم عىل املعاملة,ab51692cbb85074a1b979662c8cd147425faf8ec2da0f287f9b94b8d0271ff9e,metadata_incomplete_pending_review
collector-1435-v6-p6-34115616,extracted/collector-judgments-pdf/collector-1435-v6-p6-34115616.pdf,moj-judgments-1435-volume-6.pdf,a821a27d9080b61228e7258fe6c9f846dcc662bf02eae622f6f02b3ab9d0a0e4,6,9,4,8852d240ea9dd3ef83a1d05cf4861a5c5c7bddfb91a4c757a3926c582a2af88d,481832,توارث -حرص ورثة -إسقاط زوجة املورث منه -طلبها اإلضافة يف الصك -دفع بطالق املورث هلا -عدم الدخول واخللوة -شهادة شهود عدول -رصف النظر.,,,34115616,,الثانية لألحوال الشخصية واألوقاف والوصايا والقصار وبيوت املال بمحكمة االستئناف,احلمد هلل ،والصالة والسالم عىل من ال نبي بعده ،وبعد ،فقد جرى منا نحن قضاة الدائرة,9e536b7886508de4604d6a601af1eaf33449659c35d46fa18e1cf1b8dbb6b150,metadata_incomplete_pending_review
collector-1435-v6-p10-34234860,extracted/collector-judgments-pdf/collector-1435-v6-p10-34234860.pdf,moj-judgments-1435-volume-6.pdf,a821a27d9080b61228e7258fe6c9f846dcc662bf02eae622f6f02b3ab9d0a0e4,10,13,4,e6b16a8db12c10afa5eb9326e43ae2954b1f1d88d006791813fcf77f56be0adb,480864,توارث -حرص ورثة -إسقاط زوجة املورث منه -طلب إثبات التوارث -دفع ببينونتها من املورث -مراجعة أثناء العدة -شهادة شهود -ثبوت التوارث -إضافتها يف صك احلرص -حكم عىل قارص.,,,34234860,,الشخصية واألوقاف والوصايا والقصار وبيوت املال بمحكمة االستئناف بمنطقة عسري,احلمد هلل وحده ،وبعد ،فقد اطلعنا نحن قضاة الدائرة املختصة بتدقيق قضايا األحوال,4668d7fb28f70a6a2e832ab59d355196cf6f50e5b67dad5f259beea072cb7074,metadata_incomplete_pending_review
collector-1435-v6-p14-3594087,extracted/collector-judgments-pdf/collector-1435-v6-p14-3594087.pdf,moj-judgments-1435-volume-6.pdf,a821a27d9080b61228e7258fe6c9f846dcc662bf02eae622f6f02b3ab9d0a0e4,14,21,8,2e3b4de1c75b0b63acefc124377bfbe2863abb7ca4fb6d938e7ffe0f5f20573c,514086,توارث -حرص ورثة -إسقاط زوجة املورث منه -طلب إضافتها يف الصك -إنكار الورثة -عقد نكاح خارج البالد -نكاح بال ويل -دفع ببطالنه -توثيقه من جهة رسمية - ثبوت التوارث -إحلاقها بصك احلرص.,,,3594087,,الثانية لألحوال الشخصية واألوقاف والوصايا والقصار وبيوت املال بمحكمة االستئناف,احلمد هلل ،والصالة والسالم عىل رسول اهلل ،وبعد ،فقد جرى منا نحن قضاة الدائرة,78df0dc097c9b405747b88621ec7c9eb0bf7c9f653ceaccbdf789b6ffa3cf43a,metadata_incomplete_pending_review
collector-1435-v6-p22-3532413,extracted/collector-judgments-pdf/collector-1435-v6-p22-3532413.pdf,moj-judgments-1435-volume-6.pdf,a821a27d9080b61228e7258fe6c9f846dcc662bf02eae622f6f02b3ab9d0a0e4,22,27,6,0c939c68350fe921dcd5d6e969e24d19ed8f892f5c5e21314046268fd841a7b7,486314,توارث -حرص ورثة -إسقاط ابنة املورث منه -طلب إضافتها يف الصك -إقرار باقي الورثة -إسقاط من غري قصد -ثبوت الدعوى -إضافتها يف صك احلرص.,,,3532413,1421/5/20,الثانية لألحوال الشخصية واألوقاف والوصايا والقصار وبيوت املال بمحكمة االستئناف,احلمد هلل ،والصالة والسالم عىل من ال نبي بعده ،وبعد ،فقد جرى منا نحن قضاة الدائرة,11deaefcf801c6e06f06c5171ea382aea04ad9cf585fb62e2274eae01f080b2f,metadata_incomplete_pending_review
collector-1435-v6-p28-3539241,extracted/collector-judgments-pdf/collector-1435-v6-p28-3539241.pdf,moj-judgments-1435-volume-6.pdf,a821a27d9080b61228e7258fe6c9f846dcc662bf02eae622f6f02b3ab9d0a0e4,28,33,6,13abe3e10c8cbd7fcd62d9a1a2ca40e864252ca4f830272b094d51f5ba6ccb32,489939,تركة -عقار -طلب قسمته عىل الورثة -قسمة إجبار -صك ملكية غري صالح لإلفراغ -رصف النظر - إفهام بتكميل إجراءات الصك.,,,3539241,,,االستئناف بالدائرة احلقوقية اخلامسة يف حمكمة االستئناف بمنطقة مكة املكرمة,753c592ad2a0bf76dd1301bb8630c2c59a270864e8bd3b791340f362c7196043,metadata_incomplete_pending_review
collector-1435-v6-p34-155910511,extracted/collector-judgments-pdf/collector-1435-v6-p34-155910511.pdf,moj-judgments-1435-volume-6.pdf,a821a27d9080b61228e7258fe6c9f846dcc662bf02eae622f6f02b3ab9d0a0e4,34,40,7,c1a7dcadc18b120e283317051edf62a434bdfb97144344ead3d62796609a7f93,493659,تركة -عقارات -طلب قسمتها -قسمة إجبار -إقرار بالدعوى -احلكم ببيع العقارات,,,155910511,,,الدائرة الثالثة لألحوال الشخصية واألوقاف والوصايا والقصار وبيوت املال بمحكمة,6439583b06012ab9f45375845bb3ab49b3da69c006e311db71d2243d8a5a2a4f,metadata_incomplete_pending_review
collector-1435-v6-p41-34123414,extracted/collector-judgments-pdf/collector-1435-v6-p41-34123414.pdf,moj-judgments-1435-volume-6.pdf,a821a27d9080b61228e7258fe6c9f846dcc662bf02eae622f6f02b3ab9d0a0e4,41,48,8,de77b46619a8405d8c06623ed448806cdfe7034f32b9481e5c0474c8918028fa,496966,تركة -عقارات -طلب قسمتها -قسمة إجبار -غياب بعض الورثة -احلكم ببيع العقارات باملزاد.,,,34123414,,,الدائرة احلقوقية السادسة يف حمكمة االستئناف بمنطقة مكة املكرمة,66d880c492ba534a46cf57ac42f9254dba425cdf9eab806eb741f25fc9a0c46b,metadata_incomplete_pending_review
collector-1435-v6-p49-34245381,extracted/collector-judgments-pdf/collector-1435-v6-p49-34245381.pdf,moj-judgments-1435-volume-6.pdf,a821a27d9080b61228e7258fe6c9f846dcc662bf02eae622f6f02b3ab9d0a0e4,49,53,5,b59ae000380e9ff063162acc4c8fb8b557cd87ee0c0ba1d9621dd3b25917d2bd,486069,تركة -عقار -طلب قسمته عىل الورثة -قسمة إجبار -رفض بعض الورثة -دفع بحاجتهم إىل السكن فيه -احلكم ببيع العقار باملزاد.,,,34245381,,االستئناف بالدائرة احلقوقية األوىل بمحكمة االستئناف بمنطقة مكة املكرمة االطالع عىل,االستئناف بالدائرة احلقوقية األوىل بمحكمة االستئناف بمنطقة مكة املكرمة االطالع عىل,3001c0f54376f5c42af90d41e26f12fdc0f1a78600e6ae1db6dd2d5bb80f728e,metadata_incomplete_pending_review
collector-1435-v6-p54-34494780,extracted/collector-judgments-pdf/collector-1435-v6-p54-34494780.pdf,moj-judgments-1435-volume-6.pdf,a821a27d9080b61228e7258fe6c9f846dcc662bf02eae622f6f02b3ab9d0a0e4,54,63,10,eafaa7337a4bad89a5997fbf7318c096acbe8786defc96fdb593f9cc01dfffb2,499881,تركة -عقارات -طلب بيعها -رشاكة يف عقار -إدخال ورثة الرشيك -موافقتهم عىل البيع -حكم حضوري -بيع العقارات باملزاد العلني -حفظ نصيب القارص.,,,34494780,,,الدائرة الثالثة لألحوال الشخصية واألوقاف والوصايا والقصار وبيوت املال بمحكمة,392acf74c0538c95e5a4f32df2a2255d8fd572397f174a67e8a83645a3d843b0,metadata_incomplete_pending_review
collector-1435-v6-p64-33457473,extracted/collector-judgments-pdf/collector-1435-v6-p64-33457473.pdf,moj-judgments-1435-volume-6.pdf,a821a27d9080b61228e7258fe6c9f846dcc662bf02eae622f6f02b3ab9d0a0e4,64,69,6,d173cafe73d2a21b6ba8649f022073900cd5e07e412f54077c1a9c00e768de07,486776,تركة -عقار -طلب قسمته عىل الورثة -قسمة إجبار -وجود قارص -رسيان مفعول صك امللكية -احلكم ببيع العقار باملزاد -قسمة ثمنه عىل الورثة.,,,33457473,,احلقوقية بمحكمة االستئناف بالرياض عىل املعاملة الواردة من فضيلة رئيس املحكمة,االستئناف ذي الرقم 341823660والتاريخ 1434/11/19ه ،وبرفقه قرار الدائرة,7d3ff7ff7edb6f01becbb252907d397e217de9b15fb9916aff38b1a4852c1786,metadata_incomplete_pending_review
collector-1435-v6-p70-34505969,extracted/collector-judgments-pdf/collector-1435-v6-p70-34505969.pdf,moj-judgments-1435-volume-6.pdf,a821a27d9080b61228e7258fe6c9f846dcc662bf02eae622f6f02b3ab9d0a0e4,70,75,6,ca934a0df1e43bbe48a9943bdae95b1b53d7a7fc6e4047e4b6bfce0b9ae5bfba,490680,تركة -عقار -طلب بيعه باملزاد -قرار قسم اخلرباء -تقدير قيمة العقار -إعالن يف الصحيفة -شهادة شهود عدول -إجراء املناسخة -احلكم ببيع العقار -تقدم راغب يف الرشاء -موافقة عىل البيع -إثبات انتقال امللكية - حفظ نصيب القارص.,,,34505969,,,باخلطاب ذي الرقم 342530512يف 1435/7/8ه ،وبرفقها قرار الدائرة الثالثة لألحوال,8d661b7d40dc74d04be14fdc1363bdcd31781b426bb16b22c72785789a043ab0,metadata_incomplete_pending_review
collector-1435-v6-p76-34544343,extracted/collector-judgments-pdf/collector-1435-v6-p76-34544343.pdf,moj-judgments-1435-volume-6.pdf,a821a27d9080b61228e7258fe6c9f846dcc662bf02eae622f6f02b3ab9d0a0e4,76,79,4,351da63031088e8e532784d55f0dec1c69a02173a55a721002f99f4aff5cc26a,482146,تركة -عقار -طلب بيعه باملزاد العلني -صك ملكية ساري -قارص بني الورثة -قرار قسم اخلرباء -تقدير قيمة العقار -غبطة ومصلحة للقارص -احلكم ببيع العقار.,,,34544343,1434/12/3,,,c7206e3c9d4adf640851ff26a2003f5863ef38da09f350b76f134263e48f8fa6,metadata_incomplete_pending_review
collector-1435-v6-p80-3543239,extracted/collector-judgments-pdf/collector-1435-v6-p80-3543239.pdf,moj-judgments-1435-volume-6.pdf,a821a27d9080b61228e7258fe6c9f846dcc662bf02eae622f6f02b3ab9d0a0e4,80,91,12,e1f2271f29dc6be7b9d3a60b79a834c85bccadc0a42e10d39b830f846f8b8db2,504066,تركة -عقارات -طلب قسمتها -قسمة إجبار -إعالن يف الصحيفة -قرار قسم اخلرباء -تقدير قيمة العقارات -مصلحة وغبطة للقارص -شهادة شهود عدول -احلكم ببيع العقارات -إثبات انتقال ملكيتها -حفظ نصيب القارص.,,,3543239,,,ذي الرقم 35211331يف 1435/6/7ه ،املتضمن أنه جرى تدقيق احلكم من الدائرة,40906748c03589690df53f7a412bbd6ca9ca3d85c9cc5569e98dc6f2e9d850a4,metadata_incomplete_pending_review
collector-1435-v6-p92-3418826,extracted/collector-judgments-pdf/collector-1435-v6-p92-3418826.pdf,moj-judgments-1435-volume-6.pdf,a821a27d9080b61228e7258fe6c9f846dcc662bf02eae622f6f02b3ab9d0a0e4,92,96,5,cdffcba8cae7f70a1623b545e5d9056126f4a2971c337dba1c85f6afaf61302b,485197,تركة -عقارات وأموال -استيالء الزوجة عليها -طلب الورثة نصيبهم منها - إنكار الدعوى -إفادة مؤسسة النقد -عدم وجود أرصدة -انتقال ملكية أحد العقارات -رفض يمني املدعى عليها -رصف النظر.,,,3418826,,الشخصية واإلهناءات بمحكمة االستئناف بمنطقة القصيم عىل املعاملة الواردة من فضيلة,1435/3/07ه ،واملرفق هبا قرار الدائرة املختصة بتدقيق قضايا األحوال الشخصية,d21aa14eef2b426b3e051bb7bea242355cc51d5071629ef894ea0bfde8224f3a,metadata_incomplete_pending_review
collector-1435-v6-p97-3425640,extracted/collector-judgments-pdf/collector-1435-v6-p97-3425640.pdf,moj-judgments-1435-volume-6.pdf,a821a27d9080b61228e7258fe6c9f846dcc662bf02eae622f6f02b3ab9d0a0e4,97,104,8,97c52edd77bd7d52dbc2011058fc684d76b974b77b53844b1f4b170fd56cda1a,497645,تركة -عقارات ومبلغ نقدي -طلب قسمتها -صكوك ملكية سارية -حتقق من أرصدة املورث -تعذر التبليغ -سامع الدعوى غيابيا -حكم غيايب -قسمة املبلغ عىل الورثة -بيع العقارات باملزاد -حفظ نصيب الغائب.,,,3425640,,الشخصية واإلهناءات بمحكمة االستئناف بمنطقة القصيم عىل املعاملة الواردة من فضيلة,احلمد هلل وحده ،وبعد ،فقد اطلعنا نحن قضاة الدائرة املختصة بتدقيق قضايا األحوال,6cc21cc4bfb49194503ee1f452bfb06009446f46b477c3b011f98427b38c7dab,metadata_incomplete_pending_review
collector-1435-v6-p105-34241992,extracted/collector-judgments-pdf/collector-1435-v6-p105-34241992.pdf,moj-judgments-1435-volume-6.pdf,a821a27d9080b61228e7258fe6c9f846dcc662bf02eae622f6f02b3ab9d0a0e4,105,108,4,ee9078d229ade612f249c30218f36311ef1c4ebce5cb6b9ea05bf3ef741b7e11,480981,تركة -عقار -وفاة أحد الورثة -تعذر الوصول إىل ورثته -طلب قسمة اإلجبار -فك الرهن عن العقار -خماطبة اجلهات املختصة -شهادة شهود عدول -بيع العقار وقسمة ثمنه -حفظ نصيب الغائبني.,,,34241992,,,احلمد هلل وحده ،وبعد ،فقد اطلعنا نحن قضاة الدائرة احلقوقية األوىل يف حمكمة,ac9375b33a831e8b1d0cecbecb79f6edba53b95904e8940c605e7bef40af0fd3,metadata_incomplete_pending_review
collector-1435-v6-p109-3481549,extracted/collector-judgments-pdf/collector-1435-v6-p109-3481549.pdf,moj-judgments-1435-volume-6.pdf,a821a27d9080b61228e7258fe6c9f846dcc662bf02eae622f6f02b3ab9d0a0e4,109,113,5,85666a80b1f7de2243919baf32ce28254397c1c28cf829f073d5f0e6132aa438,484301,تركة -عقارات -طلب قسمتها -قسمة إجبار -صلح عىل قسمة ترايض -قرار قسم اخلرباء -وجود غبطة ومصلحة للقارص -إلزام بمضمون الصلح.,,,3481549,,,الدائرة الثالثة لألحوال الشخصية واألوقاف والوصايا والقصار وبيوت املال بمحكمة,d571da6954203b708915ad10ea375ac6510b4bd514ed457e9c358f7ba43e8923,metadata_incomplete_pending_review
collector-1435-v6-p114-34137836,extracted/collector-judgments-pdf/collector-1435-v6-p114-34137836.pdf,moj-judgments-1435-volume-6.pdf,a821a27d9080b61228e7258fe6c9f846dcc662bf02eae622f6f02b3ab9d0a0e4,114,123,10,a3f460b783c69f0739ce92ef556af8bc402002f12f684fe7b6767ed4d0ad4711,500771,تراض -قرار تركة -عقارات ومبلغ نقدي -طلب قسمتها بني الورثة -صلح عىل قسمة قسم اخلرباء -غبطة ومصلحة للقارص -شهادة شهود عدول -عقارين دون صكوك - استبعادمها من القسمة -إلزام الورثة بالصلح.,,,34137836,1403/03/12,,الدائرة الثالثة لألحوال الشخصية واألوقاف والوصايا والقصار وبيوت املال بمحكمة,1a1702d5bcf3ca7bef58c7f48a917dc476757dcb067e42149cb9b24696e6c040,metadata_incomplete_pending_review
collector-1435-v6-p124-34202707,extracted/collector-judgments-pdf/collector-1435-v6-p124-34202707.pdf,moj-judgments-1435-volume-6.pdf,a821a27d9080b61228e7258fe6c9f846dcc662bf02eae622f6f02b3ab9d0a0e4,124,129,6,e9486d061737a2f25b7ddbdcf80e0dd0728273f6f2a3fe431fc7b344dd23d5f2,485603,تركة -عقارات -نزع ملكيتها للدولة -رصف التعويض -طلب قسمته بني الورثة - تعذر التبليغ -سامع الدعوى غيابيا -حكم غيايب -قسمة التعويض بني الورثة -حفظ,,,34202707,,,الدائرة احلقوقية الثالثة يف حمكمة االستئناف بمنطقة مكة املكرمة,f8f92682526aea89087064f71f9d825f905ef87d6eab2112dcf0b65756c247e9,metadata_incomplete_pending_review
collector-1435-v6-p130-34279124,extracted/collector-judgments-pdf/collector-1435-v6-p130-34279124.pdf,moj-judgments-1435-volume-6.pdf,a821a27d9080b61228e7258fe6c9f846dcc662bf02eae622f6f02b3ab9d0a0e4,130,133,4,d557a5daeb8644a62f7ebe545ecde6ce2da1e70c444d66a7dc7bba1af2c07af8,481422,تركة -عقار -طلب قسمته -نزاع بني الطرفني - منظور قضاء -طلب استحكام - معارضة عليه -قيامها مقام دعوى القسمة -رصف النظر - إفهام بمواصلة املعارضة.,,,34279124,,الشخصية واألوقاف والوصايا والقصار وبيوت املال بمحكمة االستئناف بمنطقة عسري,احلمد هلل وحده ،وبعد ،فقد اطلعنا نحن قضاة الدائرة املختصة بتدقيق قضايا األحوال,5b8dee597416802acd4745427e676783ebcf65996b72df60f5c037d58cba22ea,metadata_incomplete_pending_review
collector-1435-v6-p134-34432468,extracted/collector-judgments-pdf/collector-1435-v6-p134-34432468.pdf,moj-judgments-1435-volume-6.pdf,a821a27d9080b61228e7258fe6c9f846dcc662bf02eae622f6f02b3ab9d0a0e4,134,137,4,49d7b58d9e7ece175aa30c42ed73161c8f67df938cc0981cf9751b9998206b0a,482969,تركة -عقار -طلب قسمته عىل الورثة -دفع بوقفية العقار -وقف منجز عىل األوالد - صك الوقفية -الوقف ال يباع وال يورث -رد الدعوى.,,,34432468,,,1435/2/19ه فقد جرى م نا نحن رئيس وأعضاء الدائرة احلقوقية الثانية يف حمكمة,6ee5a3216025de531389de83b4d3a61ebea593c87a235f3a61f9fdc755bf856a,metadata_incomplete_pending_review
collector-1435-v6-p138-34319733,extracted/collector-judgments-pdf/collector-1435-v6-p138-34319733.pdf,moj-judgments-1435-volume-6.pdf,a821a27d9080b61228e7258fe6c9f846dcc662bf02eae622f6f02b3ab9d0a0e4,138,141,4,3b82460955089c6f2289c36008002320e5cc3b22ab68cfee9fac800c37b0c318,498580,تركة -أسهم رشكة -اتفاق الورثة -تنازل ألحدهم عنها -طلب اإللزام بتوكيله لبيعها - دفع بكون التنازل مرشوط -عدم إثباته -يمني النفي -إلزام بإصدار وكالة.,,,34319733,,قضاة االستئناف بالدائرة احلقوقية األوىل بمحكمة االستئناف بمنطقة مكة املكرمة,قضاة االستئناف بالدائرة احلقوقية األوىل بمحكمة االستئناف بمنطقة مكة املكرمة,5de0c0971853cf30160494355cd5ab985ad713c326c4184661caefda7144b645,metadata_incomplete_pending_review
collector-1435-v6-p142-35466596,extracted/collector-judgments-pdf/collector-1435-v6-p142-35466596.pdf,moj-judgments-1435-volume-6.pdf,a821a27d9080b61228e7258fe6c9f846dcc662bf02eae622f6f02b3ab9d0a0e4,142,145,4,516d39cdbaccf9953801245f43c930008d17698f41036549e0f55165754bd83b,480101,تركة -مبلغ مايل -حقوق املورث من جهة عمله -وفاة أم املورث -طلب قسمة املبلغ -حتديد أنصبة الورثة -احلكم بقسمة املبلغ بينهم.,,,35466596,1435/08/03,,,d33e0437e536f67fc98b10913f1467c9d12a014b66faf8b3b773dcec6e832281,metadata_incomplete_pending_review
collector-1435-v6-p146-34160102,extracted/collector-judgments-pdf/collector-1435-v6-p146-34160102.pdf,moj-judgments-1435-volume-6.pdf,a821a27d9080b61228e7258fe6c9f846dcc662bf02eae622f6f02b3ab9d0a0e4,146,152,7,661b47f249f519b06160697c84ec4051f9f78b7c91e222a0da0ff6f3849a91e0,490095,تركة -مبلغ مايل وجموهرات -طلب قسمتها بني الورثة -حتقق من حسابات املورث - تقدير قيمة املجوهرات -تعذر قسمتها -بيعها باملزاد -قسمة املبلغ عىل الورثة.,,,34160102,,,1435/7/30ه فقد جرى م نا نحن رئيس وأعضاء الدائرة احلقوقية الثانية يف حمكمة,78a1aead433f13002df11519144ca5baee2023b859d3b2815c5756af29e613d0,metadata_incomplete_pending_review
collector-1435-v6-p153-34359145,extracted/collector-judgments-pdf/collector-1435-v6-p153-34359145.pdf,moj-judgments-1435-volume-6.pdf,a821a27d9080b61228e7258fe6c9f846dcc662bf02eae622f6f02b3ab9d0a0e4,153,161,9,85ef97cc919adc885ee221bdd99a4ba06abd014d2132331ed62ce8ac9aa3221c,1201004,تركة -عقارات وأموال نقدية -طلب الزوجة نصيبها منها -دفع بتسلمها حقوقها - خمالصة مصدقة رسميا -حكم أجنبي بإثبات التنازل -ادعاء ختصيصه -عدم البينة -رد,,,34359145,,,الدائرة احلقوقية السادسة يف حمكمة االستئناف بمنطقة مكة املكرمة,73de2d69292695b64b40c90694f2ac5fb78873eeb9a287bf6d9c4e247348dc98,metadata_incomplete_pending_review
collector-1435-v6-p162-34295010,extracted/collector-judgments-pdf/collector-1435-v6-p162-34295010.pdf,moj-judgments-1435-volume-6.pdf,a821a27d9080b61228e7258fe6c9f846dcc662bf02eae622f6f02b3ab9d0a0e4,162,165,4,7fc96de962171ed3347570baf2e92beaf7ef7b4e37253fb35940d73cce4801d4,489034,إثبات وفاة -حرص ورثة -وفاة األب -عدم وجود شهادة وفاة -مشهد مصدق من شيخ القبيلة -إعالن يف الصحيفة -شهادة شهود عدول -ثبوت الوفاة -انحصار اإلرث,,,34295010,,والوصايا والقصار وبيوت املال بمحكمة االستئناف بمنطقة عسري عىل املعاملة الواردة,وبعد فقد اطلعنا نحن قضاة الدائرة املختصة بتدقيق قضايا األحوال الشخصية واألوقاف,fa48e0708b80e21855630aa9e185ec69f10f34545a75f9f8f4ed3c4ac8f12c1b,metadata_incomplete_pending_review
collector-1435-v6-p166-33523150,extracted/collector-judgments-pdf/collector-1435-v6-p166-33523150.pdf,moj-judgments-1435-volume-6.pdf,a821a27d9080b61228e7258fe6c9f846dcc662bf02eae622f6f02b3ab9d0a0e4,166,172,7,83ee7db68cdc191448f7b40fa528ee389e54c6ad60fb3afe8eb847fcc5689a72,493769,إثبات وفاة -حرص ورثة -اعرتاض العصبة األقرب -شهادة شهود عدول -دفع باخلصومة مع الشاهد -عدم تأثريها عىل الشهادة -جهة املنهي واملعرتض واحدة -األعامم وبنوهم - إسقاط األقرب درجة لألبعد -ثبوت الوفاة -حجب املعرتض للمنهي -رد طلب املنهي -انحصار الورثة يف املعرتضني.,,,33523150,,لألحوال الشخصية واألوقاف والوصايا والقصار وبيت املال بمحكمة االستئناف بمكة,بخطاهبا رقم 33514504رقم 1434/10/27ه رفقها قرار مالحظة الدائرة األوىل,c8eac3a4f35bad88f903f2f0dcca7e9881cc965f769d07747039d2f20b659bdb,metadata_incomplete_pending_review
collector-1435-v6-p173-3447610,extracted/collector-judgments-pdf/collector-1435-v6-p173-3447610.pdf,moj-judgments-1435-volume-6.pdf,a821a27d9080b61228e7258fe6c9f846dcc662bf02eae622f6f02b3ab9d0a0e4,173,177,5,4da11448d1b939b5b9253f838e3b84c1d554603318c7b46e227598995df2faa2,488714,إثبات وفاة -حرص ورثة -عدم اإلرث فرض ا وال تعصيب ا -مرياث ذوي األرحام - مطالبة اخلالة باملرياث -إعالن بالصحيفة -اعرتاض أبناء اخلال -شهادة شهود عدول - إدالء اخلالة بأم املتوىف -إسقاط األقرب درجة لألبعد -ثبوت الوفاة -انحصار الورثة يف,,,3447610,,,احلمد هلل وحده والصالة والسالم عىل من ال نبي بعده ،وبعد :فنحن قضاة الدائرة األوىل,d82b2d4a0f810aa2fdb687fc6a3d751ce5aeaee06a86fd4bac30329b7d28e03f,metadata_incomplete_pending_review
collector-1435-v6-p178-3459303,extracted/collector-judgments-pdf/collector-1435-v6-p178-3459303.pdf,moj-judgments-1435-volume-6.pdf,a821a27d9080b61228e7258fe6c9f846dcc662bf02eae622f6f02b3ab9d0a0e4,178,182,5,8fbb4059075dc07621c01d00accd9ea7c5a75082503cf27382cd2826a69f0054,488371,إثبات وفاة -حرص ورثة -عدم الوراث فرض ا وال تعصيب ا -وجود تركة -طلب حفظها ببيت املال -إعالن بالصحيفة -اعرتاض بنات األخت -شهادة وفاة -شهادة شهود عدول -تقديم ذي الرحم عىل بيت املال -ثبوت الوفاة -انحصار اإلرث يف بنات األخت -رصف النظر عن اإلهناء.,,,3459303,,الثانية لألحوال الشخصية واألوقاف والوصايا والقصار وبيوت املال بمحكمة االستئناف يف,احلمد هلل والصالة والسالم عىل من ال نبي بعده ،وبعد فقد جرى منا نحن قضاة الدائرة,d8f9f48efa24e9f33bdae3cde045897391741f9bd5f6ce43b19be6d4e51670f4,metadata_incomplete_pending_review
collector-1435-v6-p183-34138127,extracted/collector-judgments-pdf/collector-1435-v6-p183-34138127.pdf,moj-judgments-1435-volume-6.pdf,a821a27d9080b61228e7258fe6c9f846dcc662bf02eae622f6f02b3ab9d0a0e4,183,188,6,36d718e6355bfd3b19322980896a025faf00bbfc4edd44d0b4e1ec196cf4333c,492945,إثبات وفاة -حرص ورثة -مرياث املفقود -غيبة طويلة -بلوغ الغائب سن التسعني - شهادة شهود عدول -صك إثبات غيبة -ثبوت الوفاة -انحصار اإلرث يف اإلخوة.,,,34138127,,,امل��واف��ق1435/02/02ه افتتحت اجللسة الساعة 07 :58بناء عىل قرار الدائرة,3cf9eeb97fecc63574a0651e529dbb41dca949fd5a5611d16cdb4900668bb879,metadata_incomplete_pending_review
collector-1435-v6-p189-34287408,extracted/collector-judgments-pdf/collector-1435-v6-p189-34287408.pdf,moj-judgments-1435-volume-6.pdf,a821a27d9080b61228e7258fe6c9f846dcc662bf02eae622f6f02b3ab9d0a0e4,189,192,4,571c20aba018e30554bde40ea91f4f9bfd74d3f191f062669a8c0884efe6fe36,481065,حرص ورثة -عدم إضافة أب املتوىف -وفاته بعد االبن -عدم وجود مانع من اإلرث - شهادة شهود عدول -ثبوت إرث األب من ابنه.,,,34287408,,,,b01ccce7b6d437a4b7b5df13dbf92377aca9e3eb49044ebda8171b4d8649dee7,metadata_incomplete_pending_review
collector-1435-v6-p193-34484051,extracted/collector-judgments-pdf/collector-1435-v6-p193-34484051.pdf,moj-judgments-1435-volume-6.pdf,a821a27d9080b61228e7258fe6c9f846dcc662bf02eae622f6f02b3ab9d0a0e4,193,196,4,f8f0132606504464d35cec80fd07e2fbd46c24b6c48c7cfa93d9b8233a3e9b89,482254,حرص ورثة -عدم إضافة بنت يف الصك -والدهتا بعد صدوره -شهادة شهود عدول - إقرار باقي الورثة -ثبوت إرث البنت لوالدها -إحلاقه بالصك األساس.,,,34484051,,الشخصية واألوقاف والوصايا والقصار وبيوت املال بمحكمة االستئناف بمنطقة عسري,احلمد هلل وحده وبعد ،فقد اطلعنا نحن قضاة الدائرة املختصة بتدقيق قضايا األحوال,e062dd1e14fe12697e45a191a7612a6eb07eda90f011b55173349d91041eb5b0,metadata_incomplete_pending_review
collector-1435-v6-p197-34538231,extracted/collector-judgments-pdf/collector-1435-v6-p197-34538231.pdf,moj-judgments-1435-volume-6.pdf,a821a27d9080b61228e7258fe6c9f846dcc662bf02eae622f6f02b3ab9d0a0e4,197,200,4,51d9a1ddda9179bc095f7d66627d3772ad23a3cde4b44e3a29e2e5b3ae7722dd,480914,حرص ورثة -معارضة عىل إهناء -عدم إضافة شقيقي املتوىف -شهادة شهود عدول - إقرار باقي الورثة -ثبوت إرث الشقيقني للمتوىف -إحلاقه بالصك األساس.,,,34538231,1434/12/01,الشخصية واألوق��اف والوصايا والقصار وبيوت املال بمحكمة االستئناف بمنطقة,وتوقيعه وقايض استئناف ( )...موقع عىل األصل ورئيس الدائرة ( )...ختمه وتوقيعه.,ed2807bd5f7a856e2b39ab44908c77b52b64a45dc3fe1c95636e3d8c4926f550,metadata_incomplete_pending_review
collector-1435-v6-p201-3416341,extracted/collector-judgments-pdf/collector-1435-v6-p201-3416341.pdf,moj-judgments-1435-volume-6.pdf,a821a27d9080b61228e7258fe6c9f846dcc662bf02eae622f6f02b3ab9d0a0e4,201,204,4,ae00723d83330a5f48aa074da93265845c0fc8c45df171288bcd1ef9d08d0d9b,480754,إثبات تنازل -إهناء -حصة إرثية -وفاة املتنازل -إقرار الورثة -وجود قارصين بينهم - شهادة شهود عدول -ثبوت التنازل.,,,3416341,,الشخصية واألوقاف والوصايا والقصار وبيوت املال بمحكمة االستئناف بمنطقة عسري,احلمد هلل وحده وبعد فقد اطلعنا نحن قضاة الدائرة املختصة بتدقيق قضايا األحوال,931339b1e6a80d84d38f4a91a35da7eb4b9b33d04611022cc02c630bebfbab8a,metadata_incomplete_pending_review
collector-1435-v6-p205-3463985,extracted/collector-judgments-pdf/collector-1435-v6-p205-3463985.pdf,moj-judgments-1435-volume-6.pdf,a821a27d9080b61228e7258fe6c9f846dcc662bf02eae622f6f02b3ab9d0a0e4,205,211,7,09be94c12ae418c0889fc78e971c1ce792874b273a5e9da3914a1b9bc34f6ee6,491121,إثبات تنازل -عقار منزوع امللكية -التعويض عنه بعقار آخر - ورثة بينهم قارص -قرار قسم اخلرباء -غبطة ومصلحة للقارص -ثبوت التنازل -قسمة التعويض عىل الورثة.,,,3463985,1428/8/9,الشخصية واألوق��اف والوصايا والقصار وبيوت املال بمحكمة االستئناف بمنطقة,احلمد هلل وحده وبعد ،فقد اطلعنا نحن قضاة الدائرة املختصة بتدقيق قضايا األحوال,5ff4250dc588320f6b9e104458e735796f2a69e7237a70df2a9141c0a0d3a69a,metadata_incomplete_pending_review
collector-1435-v6-p212-35115493,extracted/collector-judgments-pdf/collector-1435-v6-p212-35115493.pdf,moj-judgments-1435-volume-6.pdf,a821a27d9080b61228e7258fe6c9f846dcc662bf02eae622f6f02b3ab9d0a0e4,212,216,5,ad39e3acb0190b0862b9e60a0e24963e5541794da7028dc562def48ec334db22,484009,إثبات تنازل -عقار منزوع امللكية -التعويض عنه بعقار آخر - ورثة بينهم قارص -قرار قسم اخلرباء -غبطة ومصلحة للقارص -شهادة شهود عدول -ثبوت التنازل -قسمة التعويض عىل الورثة.,,,35115493,,الشخصية واألوقاف والوصايا والقصار وبيوت املال بمحكمة االستئناف بمنطقة عسري,احلمد هلل وحده وبعد ،فقد اطلعنا نحن قضاة الدائرة املختصة بتدقيق قضايا األحوال,ddced77b3cdc5169ef7b7135bf6d5784ff7223b0c16f9521699e58e3dfaa45c5,metadata_incomplete_pending_review
collector-1435-v6-p217-34341646,extracted/collector-judgments-pdf/collector-1435-v6-p217-34341646.pdf,moj-judgments-1435-volume-6.pdf,a821a27d9080b61228e7258fe6c9f846dcc662bf02eae622f6f02b3ab9d0a0e4,217,225,9,a8aec54f807fd84eb6188ac8b85497701d759243f8c8657ba38651822c71039d,1185956,إثبات تنازل -مساحة خمتزلة للتنظيم - تراض عىل فرز عقار -ورثة بينهم قارص -صك ملكية -رسيان مفعوله -قرار قسم اخلرباء -غبطة ومصلحة للقارص -شهادة شهود عدول -ثبوت التنازل والفرز.,,,34341646,,الثانية لألحوال الشخصية واألوقاف والوصايا والقصار وبيوت املال بمحكمة االستئناف,احلمد هلل والصالة والسالم عىل من ال نبي بعده وبعد ،فقد جرى منا نحن قضاة الدائرة,c3468a7e2f8671db9e7eda77251a10ff3bf9d261a9389639fefe6e0f730d32d8,metadata_incomplete_pending_review
collector-1435-v6-p226-34149197,extracted/collector-judgments-pdf/collector-1435-v6-p226-34149197.pdf,moj-judgments-1435-volume-6.pdf,a821a27d9080b61228e7258fe6c9f846dcc662bf02eae622f6f02b3ab9d0a0e4,226,231,6,acba643bb26482a0fb386754e7c031b50b8f64a46e0eecd8f6591f9c6a76903e,503050,وقف -اعرتاض عىل أجرة ناظر - طلب ختفيضها -الواقف مل يسم للناظر أجرا- استحقاق أجرة املثل -قرار قسم اخلرباء -شهادة شهود عدول -تقدير أجرة املثل -عرش غلة الوقف -فرضها للمدعى عليه.,,,34149197,,,الدائرة الثالثة لألحوال الشخصية واألوقاف والوصايا والقصار وبيوت املال بمحكمة,2d85ae703de0a74598cc0ee552abc28f4ed4b2f71f5115792d11b2004e03536f,metadata_incomplete_pending_review
collector-1435-v6-p232-34233820,extracted/collector-judgments-pdf/collector-1435-v6-p232-34233820.pdf,moj-judgments-1435-volume-6.pdf,a821a27d9080b61228e7258fe6c9f846dcc662bf02eae622f6f02b3ab9d0a0e4,232,243,12,458c888621e0e47081f53d0366c57fdfb2dc930615cf5cf52b8d5e7127e43512,506640,وقف -طلب أجرة اإلرشاف عليه -دفع بعدم مبارشة اإلرشاف -ادعاء منع الناظر له من ذلك -عدم البينة -يمني النفي -رصف النظر.,,,34233820,,,,cecb67f9f06fe4412dc1104853d70a81e5a1b7fe9670b140d20b83f36fd600bb,metadata_incomplete_pending_review
collector-1435-v6-p250-106520302,extracted/collector-judgments-pdf/collector-1435-v6-p250-106520302.pdf,moj-judgments-1435-volume-6.pdf,a821a27d9080b61228e7258fe6c9f846dcc662bf02eae622f6f02b3ab9d0a0e4,250,261,12,996e08d32223c71b13a417854b0edd85d2c80ba55753dd29e90dd647aa50a35b,512259,عزل الناظرين -اعتزال أحدمها -أخذ رأي وقف -تفريط يف مصلحته -طلب املستحقني -ترشيح ناظرين -شهادة شهود عدول -ثبوت صالحيتهام -عزل الناظر السابق - إقامة املرشحني ناظرين.,,,106520302,,واألوقاف والوصايا والقصار وبيوت املال بمحكمة االستئناف ذي الرقم 35144641,33464929يف 1433/11/24ه؛ مظهرا عليه بقرار الدائرة الثانية لألحوال الشخصية,72766c350e62195fbb1e4dd5de496dacfa75df4da18fc753decd5c1888e42ad9,metadata_incomplete_pending_review
collector-1435-v6-p262-33346710,extracted/collector-judgments-pdf/collector-1435-v6-p262-33346710.pdf,moj-judgments-1435-volume-6.pdf,a821a27d9080b61228e7258fe6c9f846dcc662bf02eae622f6f02b3ab9d0a0e4,262,279,18,8a2d7ba6bf2c31d34aaba984ba241c338ad9a832d10b55d0287449d375247d01,597930,وقف -طلب عزل الناظر - خمالفة رشط الواقف -اجتهاد الناظر يف تطبيقه -رصف,,,33346710,,,بعيدا عن طلبات أطراف الدعوى ،وهذا ما أقرته الدائرة املوقرةحكام عار يا عن الصحة,b88a20cd5bcce6c1a709b1f8540cdca2e9c58ec5af42e65580c1bd5aaf748b32,metadata_incomplete_pending_review
collector-1435-v6-p280-33297997,extracted/collector-judgments-pdf/collector-1435-v6-p280-33297997.pdf,moj-judgments-1435-volume-6.pdf,a821a27d9080b61228e7258fe6c9f846dcc662bf02eae622f6f02b3ab9d0a0e4,280,284,5,f8face13ca50ae69ea9416c447539b590775f0096ccef2c0d2917c66eb2ebfb2,486603,وقف -طلب عزل الناظر - عجز عن النظارة -تقصري يف واجباهتا -قرار قسم اخلرباء - ترشيح ناظر بديل -شهادة شهود عدول -صالحية املرشح للنظارة -احلكم بعزل الناظر- إقامة املرشح ناظرا بديال.,,,33297997,,الثانية لألحوال الشخصية واألوقاف والوصايا والقصار وبيوت املال بمحكمة االستئناف,احلمد هلل ،والصالة والسالم عىل من ال نبي بعده ،وبعد ،فقد جرى منا نحن قضاة الدائرة,ac0b9f9c1426230cf6a575fd829ad0b3dc1aa609179d8dc2dea9eba6af346d3d,metadata_incomplete_pending_review
collector-1435-v6-p285-3430069,extracted/collector-judgments-pdf/collector-1435-v6-p285-3430069.pdf,moj-judgments-1435-volume-6.pdf,a821a27d9080b61228e7258fe6c9f846dcc662bf02eae622f6f02b3ab9d0a0e4,285,294,10,bab1608f317515d100592c485351ef53fc6bc9a4b7f2d486ada9ef10fb4f5a1b,502774,وقف -إمهاله -طلب عزل الناظر - شهادة شهود عدول -احلكم بعزل الناظر- ترشيح ناظر جديد -بينة عىل صالحيته للنظارة -انطباق رشط الواقف عليه -إقامته ناظرا بديال.,,,3430069,,الثانية لألحوال الشخصية واألوقاف والوصايا والقصار وبيوت املال بمحكمة االستئناف,احلمد هلل ،والصالة والسالم عىل من ال نبي بعده ،وبعد ،فقد جرى منا نحن قضاة الدائرة,8d6ea17e098586d8da62e96b1e44c7374edbac5b67ddb87ed19f9820c99590df,metadata_incomplete_pending_review
collector-1435-v6-p295-34188007,extracted/collector-judgments-pdf/collector-1435-v6-p295-34188007.pdf,moj-judgments-1435-volume-6.pdf,a821a27d9080b61228e7258fe6c9f846dcc662bf02eae622f6f02b3ab9d0a0e4,295,299,5,1d3adc0da2b94a381914281a2615889652edd5fb2262802c9027ba2bc386719e,486894,وقف -طلب عزل الناظر - تفريط يف مصلحة الوقف -تأجريه بأجرة زهيدة -دفع بأهنا مقدرة من املحكمة -سبق رضا املدعي باألجرة -استالمه نصيبه منها -شهادة شهود عدول -رصف النظر.,,,34188007,,,احلمد هلل وحده والصالة والسالم عىل من ال نبي بعده ،وبعد :نحن قضاة الدائرة األوىل,f4c6ce317046840c8c07ad7ba00f8d24db81967f5c534d043da71762efa994ab,metadata_incomplete_pending_review
collector-1435-v6-p300-34340831,extracted/collector-judgments-pdf/collector-1435-v6-p300-34340831.pdf,moj-judgments-1435-volume-6.pdf,a821a27d9080b61228e7258fe6c9f846dcc662bf02eae622f6f02b3ab9d0a0e4,300,307,8,65b508bea9766e35fa6884831540f5f5b8d7771378eeba4513d2f80905d2cdc9,494023,وقف -تفريط يف مصلحته -طلب عزل الناظر - شهادة املستحقني بعدم صالحيته - ترشيح أحد املستحقني -موافقته لرشط الواقف -شهادة شهود عدول -ثبوت صالحية املرشح -احلكم بعزل الناظر وإقامة املرشح بدله.,,,34340831,,,احلمد هلل وحده والصالة والسالم عىل من ال نبي بعده ،وبعد ،فنحن قضاة الدائرة األوىل,7ed1509b0221dddbf305e5a93b14473784911df1b3463a9116bd65ee1e2103b3,metadata_incomplete_pending_review
collector-1435-v6-p308-34236684,extracted/collector-judgments-pdf/collector-1435-v6-p308-34236684.pdf,moj-judgments-1435-volume-6.pdf,a821a27d9080b61228e7258fe6c9f846dcc662bf02eae622f6f02b3ab9d0a0e4,308,311,4,9d9b38c619ecfaec18f3df288b37540a7abd48caffb458eb84b42d604fd8a6a6,482583,وقف -طلب عزل الناظر - تعيينه برشط الواقف -رشط جائز -رصف النظر. قول النبي صىل اهلل عليه وسلم ( :املسلمون عىل رشوطهم إال رشطا أحل حراما أو حرم,,,34236684,,الثانية لألحوال الشخصية واألوقاف والوصايا والقصار وبيوت املال بمحكمة االستئناف,احلمد هلل والصالة والسالم عىل من ال نبي بعده ،وبعد فقد جرى منا نحن قضاة الدائرة,f8d7e5391cdd5ccae91307c47e1100ed4c74dad2ca0dc7d00cd29aa7e86235ff,metadata_incomplete_pending_review
collector-1435-v6-p312-34496739,extracted/collector-judgments-pdf/collector-1435-v6-p312-34496739.pdf,moj-judgments-1435-volume-6.pdf,a821a27d9080b61228e7258fe6c9f846dcc662bf02eae622f6f02b3ab9d0a0e4,312,318,7,30b2ee3ff22fa578f1b5d5c6676546d68a9cf79f3459f6b470c6a3a52151aed7,492688,أحد النظار -انفراده بإدارة شؤون الوقف -صلح سابق بني النظار - وقف -حماسبة إنشاء مكتب للوقف -االشرتاك يف إدارته -امتناع املدعى عليه -إلزامه ببنود الصلح.,,,34496739,,,,92379060f6a6e316f5e91802de98f9ed464202d07c6b1220bd131c1891d0700b,metadata_incomplete_pending_review
collector-1435-v6-p319-32281016,extracted/collector-judgments-pdf/collector-1435-v6-p319-32281016.pdf,moj-judgments-1435-volume-6.pdf,a821a27d9080b61228e7258fe6c9f846dcc662bf02eae622f6f02b3ab9d0a0e4,319,323,5,bba6f9a8d3dbab8520a856374d9c62ea0fe535884d6373c32c02a24d7b50c5fe,485250,وقف -استحقاق يف غلته -عدم انطباق رشط الواقف -رصف النظر. إقرار املدعني.,,,32281016,1432/7/12,,الدائرة الثانية لألحوال الشخصية واألوقاف والوصايا والقصار وبيوت املال بمحكمة,dd8b4c981e4f0fb153362dc21e63a34c7d3f93a760f985ee258eb11fc8ca338e,metadata_incomplete_pending_review
collector-1435-v6-p324-33487784,extracted/collector-judgments-pdf/collector-1435-v6-p324-33487784.pdf,moj-judgments-1435-volume-6.pdf,a821a27d9080b61228e7258fe6c9f846dcc662bf02eae622f6f02b3ab9d0a0e4,324,327,4,b169ae6af35dd8d83628c7efc52c4016b17b1c086d0ef7df3eac50d99da0f26c,482784,وقف -طلب استحقاق يف غلته -إقرار الناظر باالستحقاق -إلزامه بتسليمه للمدعي. إقرار املدعى عليه.,,,33487784,1433/07/26,,رئيس وعضوي الدائرة احلقوقية الرابعة يف حمكمة االستئناف بمنطقة مكة املكرمة عىل الصك,99542484bfed7540cddec07b2fcbc6dd902a57c96fb6df6634b41548d4667354,metadata_incomplete_pending_review
collector-1435-v6-p328-33640384,extracted/collector-judgments-pdf/collector-1435-v6-p328-33640384.pdf,moj-judgments-1435-volume-6.pdf,a821a27d9080b61228e7258fe6c9f846dcc662bf02eae622f6f02b3ab9d0a0e4,328,335,8,9daf863b0d0857bc9fdffd76a26d573fce07e828cae8c67ea5c4a99718631022,500068,وقف -طلب استحقاق من ريعه -دفع بعدم انطباق رشط الواقف -انتساب لبلد معني -استيطان املدينة النبوية -حتديد مدته بالعرف والسوابق -خمالفته تؤدي للمفسدة -,,,33640384,,,,b6cde7825a67ad2c2ac4a2bc79bdacde44f09c2705c433c732b646b6d5d5addf,metadata_incomplete_pending_review
collector-1435-v6-p336-3467548,extracted/collector-judgments-pdf/collector-1435-v6-p336-3467548.pdf,moj-judgments-1435-volume-6.pdf,a821a27d9080b61228e7258fe6c9f846dcc662bf02eae622f6f02b3ab9d0a0e4,336,344,9,401d167c9696919633efde066beeb72954297ad995e2c456c3ac9d885ed2a4d7,498839,وقف -استحقاق يف غلته -إنكار الدعوى -دفع بطبقية الوقف -عدم انقراض الطبقة - اشرتاط احلاجة -حتقق من رشط الواقف -انقراض أوالد الظهور -انتقال الوقف إىل أوالد البطون -عدم ثبوت الطبقية بينهم - ثبوت حاجة املدعي -إلزام بتسليم استحقاقه.,,,3467548,,,احلمد هلل وحده والصالة والسالم عىل من ال نبي بعده ،وبعد :نحن قضاة الدائرة األوىل,cb5a27609b2cb9392a6178dad96d307184da4f56a2dd260d9dd05fd87c4295f4,metadata_incomplete_pending_review
collector-1435-v6-p345-34381277,extracted/collector-judgments-pdf/collector-1435-v6-p345-34381277.pdf,moj-judgments-1435-volume-6.pdf,a821a27d9080b61228e7258fe6c9f846dcc662bf02eae622f6f02b3ab9d0a0e4,345,351,7,abf1168d9484693dbf631a9c7b167421c71fe909fad34b4f0fd7831900184a54,496868,وقف -طلب استحقاق من ريعه -دفع بعدم استحقاق الغائب -عدم إثباته -جهالة رشط الواقف -قسمة الريع بني ذريته بالسوية -إلزام الناظر بالرصف للمدعي.,,,34381277,,,احلمد هلل وحده ،والصالة والسالم عىل من ال نبي بعده ،وبعد ،فنحن قضاة الدائرة,f111a76028fc0fdb720eb75041426d79440802884f84fe8531cf173f7725f213,metadata_incomplete_pending_review
collector-1435-v6-p352-34118667,extracted/collector-judgments-pdf/collector-1435-v6-p352-34118667.pdf,moj-judgments-1435-volume-6.pdf,a821a27d9080b61228e7258fe6c9f846dcc662bf02eae622f6f02b3ab9d0a0e4,352,369,18,6c23ef238bd0c4f24972814d434379b0aec0c4a9acd9a845f16a6faaa3ee05b9,533598,وقف -اعرتاض عىل قسمة ريع -دفع بطبقية الوقف -انقراض إحدى الطبقات - قسمة الريع عىل الطبقة األخرية -حتقق من رشط الواقف -ثبوت الدفع -رد الدعوى.,,,34118667,,االستئناف بالدائرة احلقوقية األوىل بمحكمة االستئناف بمنطقة مكة املكرمة االطالع عىل,االستئناف بالدائرة احلقوقية األوىل بمحكمة االستئناف بمنطقة مكة املكرمة االطالع عىل,d8faebb8ec421798ecf966b9f464f5b623d10dda5ed87d602478323615f842c0,metadata_incomplete_pending_review
collector-1435-v6-p370-33618657,extracted/collector-judgments-pdf/collector-1435-v6-p370-33618657.pdf,moj-judgments-1435-volume-6.pdf,a821a27d9080b61228e7258fe6c9f846dcc662bf02eae622f6f02b3ab9d0a0e4,370,371,2,fec071c83e264e9229fee99579c2db83eacd52caab0a6caba1d92b81a1721334,471333,وقف -استحقاق يف وقف -سكن عقار موقوف -رشط الواقف -سكنى املحتاج من الذرية -شهادة شهود عدول -قرار قسم اخلرباء -احتياج املدعي -كفاية العقار -احلكم للمدعي بسكن العقار.,,,33618657,,,,6c2b29bfbc6f560d4ff62eb6be8a8b89568b0f915c1744bf3c6666fd65997cbe,metadata_incomplete_pending_review
collector-1435-v6-p379-33334929,extracted/collector-judgments-pdf/collector-1435-v6-p379-33334929.pdf,moj-judgments-1435-volume-6.pdf,a821a27d9080b61228e7258fe6c9f846dcc662bf02eae622f6f02b3ab9d0a0e4,379,383,5,84f73b149a3751dac735df341bc07b8eb5f502ee56ba7ae15550a15fccc27cb4,489958,وقف -استحقاق يف غلته -رشط االنتساب للواقف -شهادة شهود عدول -ثبوت النسب -منع تسجيل وقف غري السعوديني -صك وقفية سابق للمنع -احلكم باستحقاق,,,33334929,,الثانية لألحوال الشخصية واألوقاف والوصايا والقصار وبيوت املال بمحكمة االستئناف يف,احلمد هلل ،والصالة والسالم عىل من ال نبي بعده ،وبعد ،فقد جرى منا نحن قضاة الدائرة,379cb72bf4c6d6b9976c8475808349437cb634081d9e9a574f5523e06d2056ad,metadata_incomplete_pending_review
collector-1435-v6-p384-33148038,extracted/collector-judgments-pdf/collector-1435-v6-p384-33148038.pdf,moj-judgments-1435-volume-6.pdf,a821a27d9080b61228e7258fe6c9f846dcc662bf02eae622f6f02b3ab9d0a0e4,384,389,6,a24910479717c85efea1d8741e8c2fd8ee10e2f06cfa1af9e15048ec24c9a111,509676,وقف -إبطال إجارة عقار موقوف -مدة طويلة بأجرة قليلة -ترضر الوقف -صلح بني الطرفني -مدة وأجرة جديدتني -قرار قسم اخلرباء -غبطة ومصلحة للوقف -إجازة,,,33148038,,,( )...أصالة ووكالة يف قضية عقار ،املالحظ عليه بقرار الدائرة ذي الرقم 34237830,34a457dcde1ffd0f861ae5bb3699cb8f581f9b0997dc0d840480cfcbfb58e863,metadata_incomplete_pending_review
collector-1435-v6-p390-33181971,extracted/collector-judgments-pdf/collector-1435-v6-p390-33181971.pdf,moj-judgments-1435-volume-6.pdf,a821a27d9080b61228e7258fe6c9f846dcc662bf02eae622f6f02b3ab9d0a0e4,390,430,41,741c80ea7683e13befc0fb2e85153e72fdd40d3ad15e4d86e6903573e9d41ec6,2246844,وقف -حماسبة ناظر - إجارة عقار موقوف -غبن يف األجرة -طول مدة العقد -طلب فسخه -قرار قسم اخلرباء -عدم الغبطة واملصلحة للوقف -رشط الواقف -عدم حتديد مدة اإلجارة -عقد الزم -رد الدعوى.,,,33181971,,,احلمد هلل وحده ،والصالة والسالم عىل من ال نبي بعده ،وبعد ،فنحن قضاة الدائرة,23c838ea5efd16ca3457298a5eacec595816d5086d27593dee4d579af2915f2b,metadata_incomplete_pending_review
collector-1435-v7-p6-3245742,extracted/collector-judgments-pdf/collector-1435-v7-p6-3245742.pdf,moj-judgments-1435-volume-7.pdf,3adbce6afc6b1cb5f9a9ddc18f3c3431835f2bc3701d7da5aa2e295f1526046b,6,16,11,f96c63279f11d6d499aeeffb0a12581c237d987f56c87ef1fed3c891d7a226ef,517385,إقامة ناظر عىل وقف -حرص أصول الوقف ومستحقيه -صكوك ملكية -رسيان مفعوهلا -قرار قسم اخلرباء -حتديد أجرة الناظر - شهادة شهود عدول -صالحية أحد املستحقني -إقامته ناظرا - إثبات أصول الوقف ومستحقيه.,,,3245742,,,الدائرة الثالثة لألحوال الشخصية واألوقاف والوصايا والقصار وبيوت املال بمحكمة,57d49bd8fcffe296cee53a4eee943c9759b02d5bcb9c68a915cdb8618d0a17e6,metadata_incomplete_pending_review
collector-1435-v7-p17-34230893,extracted/collector-judgments-pdf/collector-1435-v7-p17-34230893.pdf,moj-judgments-1435-volume-7.pdf,3adbce6afc6b1cb5f9a9ddc18f3c3431835f2bc3701d7da5aa2e295f1526046b,17,22,6,b570b2b244256572eb2fd2713b8ac9b4f2997ef61d232ad57299c69549067e4a,489287,إقامة ناظر عىل وقف -وفاة الناظر السابق -موافقة أكثر مستحقي الوقف -اعرتاض بعضهم - عدم طعنهم يف املرشح -شهادة شهود عدول -أهلية املرشح للنظارة -إقامته,,,34230893,,الثانية لألحوال الشخصية واألوقاف والوصايا والقصار وبيوت املال بمحكمة االستئناف,الفضيلة قضاة الدائرة الثانية لألحوال الشخصية واألوقاف والوصايا والقصار وبيوت املال,f8a461b76401ab88922189b589e64173fe9c8a7461a100eaf289d61c9ed7aa9d,metadata_incomplete_pending_review
collector-1435-v7-p23-35265566,extracted/collector-judgments-pdf/collector-1435-v7-p23-35265566.pdf,moj-judgments-1435-volume-7.pdf,3adbce6afc6b1cb5f9a9ddc18f3c3431835f2bc3701d7da5aa2e295f1526046b,23,25,3,68f2df47d028601f917ec9cc8b4b626f2c0d36c0925d75dca0a7db763669b4eb,482068,إقامة ناظر عىل وقف -وجود نظار عىل الوقف -إقامتهم من حاكم رشعي -انطباق رشط الواقف عليهم - رد طلب املنهي.,,,35265566,,,,6b093d1798e5e2d6a79dddd52326c41e69ef56ab50e3a9441587906350c43f8b,metadata_incomplete_pending_review
collector-1435-v7-p26-33346834,extracted/collector-judgments-pdf/collector-1435-v7-p26-33346834.pdf,moj-judgments-1435-volume-7.pdf,3adbce6afc6b1cb5f9a9ddc18f3c3431835f2bc3701d7da5aa2e295f1526046b,26,30,5,7a0bd8c626388c661e3c9db517256873dd32f8a25b50390c7faf08d79a4a0000,488558,إذن نقل وقف -عقار موقوف -تعطل منافعه -استبداله بعقار آخر - قرار قسم اخلرباء -شهادة شهود عدول -غبطة ومصلحة للوقف -موافقة مالك العقار -صكوك ملكية -رسيان مفعوهلا -رصد رشط الواقف -اإلذن للناظر باملناقلة -تصديق احلكم- إثبات انتقال امللكية.,,,33346834,,,الصك ،واهلل املوفق .واختذ القرار من الدائرة األوىل لألحوال الشخصية .قايض استئناف,ff0b8a96b299a74e8c15dfee76c0ac039ea45f1d5e41f0f7ad034cdd2a3baba3,metadata_incomplete_pending_review
collector-1435-v7-p31-33603106,extracted/collector-judgments-pdf/collector-1435-v7-p31-33603106.pdf,moj-judgments-1435-volume-7.pdf,3adbce6afc6b1cb5f9a9ddc18f3c3431835f2bc3701d7da5aa2e295f1526046b,31,37,7,0a1acc493fe88f293809f8d79a082a5946bbcbf135c1a44b00de765da53948c9,504084,إذن نقل وقف -عقار موقوف -استبداله بآخر - تعديل مرصف الوقف -صك ملكية -رسيان مفعوله -قرار قسم اخلرباء -شهادة شهود عدول -عدم تعطل منافع الوقف -جواز نقله للمصلحة -غبطة ومصلحة للوقف -اإلذن باملناقلة.,,,33603106,,,اخلاص بطلب )...(/اإلذن له بنقل وقف ،املالحظ عليه بقرار الدائرة رقم 34340134,539a1e4897306d91a5542e50e20d0609721641f3fda0dc86aef7d93234bbe6e1,metadata_incomplete_pending_review
collector-1435-v7-p38-33614444,extracted/collector-judgments-pdf/collector-1435-v7-p38-33614444.pdf,moj-judgments-1435-volume-7.pdf,3adbce6afc6b1cb5f9a9ddc18f3c3431835f2bc3701d7da5aa2e295f1526046b,38,43,6,718b04fc8ca2b0a81d33ce3f0cba85bebe77f5efa55a9130b237ae865c282c35,489772,إذن نقل وقف -أرض موقوفة لبناء مسجد -عدم مناسبتها -استبداهلا بأرض أخرى - موافقة اجلهة املختصة -قرار قسم اخلرباء -غبطة ومصلحة للوقف -إجازة املناقلة.,,,33614444,,الشخصية واإلهناءات بمحكمة االستئناف بالرياض عىل املعاملة الواردة من فضيلة رئيس,به فضيلته عىل املالحظة الرابعة من قرار الدائرة املذكور آنفا غري مقنع؛ ألن الوقف ال يصح,9300925f459dc861e36c2b044a3f99f923fbfc88ea56393af60fcf646bfcc1c5,metadata_incomplete_pending_review
collector-1435-v7-p44-33640887,extracted/collector-judgments-pdf/collector-1435-v7-p44-33640887.pdf,moj-judgments-1435-volume-7.pdf,3adbce6afc6b1cb5f9a9ddc18f3c3431835f2bc3701d7da5aa2e295f1526046b,44,48,5,76e49ea0616e714e9e32bbeb9c55cb8eb8df2c1a6857159bdff88bb4e6c4024f,487782,إذن نقل وقف -استبدال عقاره بآخر - صك ملكية -رسيان مفعوله -قرار قسم اخلرباء -شهادة شهود عدول -غبطة ومصلحة للوقف -رصد رشط الواقف -اإلذن,,,33640887,,الثانية لألحوال الشخصية واألوقاف والوصايا والقصار وبيوت املال بمحكمة االستئناف,عىل خطاب رئيسها برقم 331962465وتاريخ 1435/1/21ه املبني عىل قرار الدائرة,bdccad3274e90d93b6cbd2872caa8beb229e1715250b753a38725afbc0e782aa,metadata_incomplete_pending_review
collector-1435-v7-p49-34398710,extracted/collector-judgments-pdf/collector-1435-v7-p49-34398710.pdf,moj-judgments-1435-volume-7.pdf,3adbce6afc6b1cb5f9a9ddc18f3c3431835f2bc3701d7da5aa2e295f1526046b,49,53,5,c2b1181d393343eee61c71cba08a3c5879fcaeb8830f719e861d234e7741a819,491310,إذن نقل وقف -عقار موقوف -تعطل منافعه -بيعه ورشاء عقار بديل -صك ملكية - رسيان مفعوله -إعالن يف الصحيفة -عدم تقدم مزايد -قرار قسم اخلرباء -شهادة شهود عدول -غبطة ومصلحة للوقف -اإلذن للناظر بالبيع والرشاء.,,,34398710,,,,40387eb46735b87619177480189d527f93ef107265d8e9a0efc7977a39e5b808,metadata_incomplete_pending_review
collector-1435-v7-p54-35105378,extracted/collector-judgments-pdf/collector-1435-v7-p54-35105378.pdf,moj-judgments-1435-volume-7.pdf,3adbce6afc6b1cb5f9a9ddc18f3c3431835f2bc3701d7da5aa2e295f1526046b,54,57,4,7ae9cc6f6e42f618d72632303a9dac610886edb346031b9bbc4b1ee3b4f21f8e,488560,إذن نقل وقف -أرض زراعية -تعطل منافعها -طلب حتويلها إىل سكنية -صك ملكية -رسيان مفعوله -موافقة اجلهات املختصة -قرار هيئة اخلرباء -شهادة شهود عدول -غبطة ومصلحة للوقف -اإلذن بتحويله إىل أرض سكنية.,,,35105378,,احلمد هلل وحده وبعد ،فقد اطلعنا نحن قضاة دائرة األحوال الشخصية بمحكمة االستئناف,قرار الدائرة واملذكور أعاله ،واهلل املوفق ،وصىل اهلل عىل نبينا حممد وعىل آله وصحبه وسلم.,5a3ec5df12d0210ac0b5b6e559072958308c56f4e7544c7fdb83faaf9fa12937,metadata_incomplete_pending_review
collector-1435-v7-p58-35291679,extracted/collector-judgments-pdf/collector-1435-v7-p58-35291679.pdf,moj-judgments-1435-volume-7.pdf,3adbce6afc6b1cb5f9a9ddc18f3c3431835f2bc3701d7da5aa2e295f1526046b,58,62,5,052073381350e185b0eea3a3591d7525f66b1dc77f90e06ebb39ee863c5634d6,494483,تغيري رشط الواقف -أرض موقوفة مصىل للعيد -عدم االنتفاع هبا -طلب بناء مسجد عليها -جواز تغيري الرشط للمصلحة -موافقة الواقف -قرار قسم اخلرباء -شهادة شهود عدول -اإلذن ببناء املسجد.,,,35291679,,الشخصية واألوقاف والوصايا والقصار وبيوت املال بمحكمة االستئناف بمنطقة عسري,احلمد هلل وحده وبعد ،فقد اطلعنا نحن قضاة الدائرة املختصة بتدقيق قضايا األحوال,d8fa4307487fee56887813928323ca55ba06f176e96a50f82e091e3232755609,metadata_incomplete_pending_review
collector-1435-v7-p63-32220844,extracted/collector-judgments-pdf/collector-1435-v7-p63-32220844.pdf,moj-judgments-1435-volume-7.pdf,3adbce6afc6b1cb5f9a9ddc18f3c3431835f2bc3701d7da5aa2e295f1526046b,63,68,6,a8d53c37cbc1a39f431b6396e690d7582b43e425830ae0719c7ce7170da49d64,490678,إذن فك حكر عقار -حتكريه جلهة وقف -نزع ملكيته -صك ملكية -رسيان مفعوله - قرار قسم اخلرباء -تقدير قيمة احلكر - شهادة شهود عدول -غبطة ومصلحة للوقف - عدم معارضة الناظر - اإلذن بفك احلكر.,,,32220844,,,احلمد هلل والصالة والسالم عىل رسول اهلل وبعد ،فنحن قضاة الدائرة األوىل لألحوال,0bab5717b1a1c07094837beec31d491ff4c8dece98a129802491e61023676b31,metadata_incomplete_pending_review
collector-1435-v7-p69-34289442,extracted/collector-judgments-pdf/collector-1435-v7-p69-34289442.pdf,moj-judgments-1435-volume-7.pdf,3adbce6afc6b1cb5f9a9ddc18f3c3431835f2bc3701d7da5aa2e295f1526046b,69,73,5,bc37b46aa683086effc7c1e90ace4be59c4c8fae7bdbd20bb5c91a77ca84927f,488310,إذن فك حكر - عقار موقوف -حتكريه جلهة وقف -نزع ملكيته -صك ملكية -رسيان مفعوله -قرار قسم اخلرباء -تقدير قيمة احلكر - شهادة شهود عدول -غبطة ومصلحة للوقف -عدم معارضة الناظر - اإلذن بفك احلكر.,,,34289442,,,رئيس الدائرة„ )...( /ختم وتوقيع” واجلواب عام ذكره أصحاب الفضيلة سلمهم,93210d3fcfd2f42f42382cf12f36c0f9bcf4a95ce7234a0f05634d0808f1c2a3,metadata_incomplete_pending_review
collector-1435-v7-p74-34498959,extracted/collector-judgments-pdf/collector-1435-v7-p74-34498959.pdf,moj-judgments-1435-volume-7.pdf,3adbce6afc6b1cb5f9a9ddc18f3c3431835f2bc3701d7da5aa2e295f1526046b,74,77,4,0c6e8a40993bef802880e0e17942379f23e4412f727b5c91b14ab03bd0f28ec5,483773,إذن فك حكر عقار -حتكريه جلهة وقف -جهالة الناظر - قرار قسم اخلرباء -تقدير قيمة احلكر - شهادة شهود عدول -غبطة ومصلحة للوقف -اإلذن بفك احلكر - حفظ ثمنه يف بيت املال.,,,34498959,,,الدائرة الثالثة لألحوال الشخصية واألوقاف والوصايا والقصار وبيوت املال بمحكمة,f47e5a64997b0ffe003376d8d2e1469d2d11982992fc82337322648f83c6dc01,metadata_incomplete_pending_review
collector-1435-v7-p78-33540725,extracted/collector-judgments-pdf/collector-1435-v7-p78-33540725.pdf,moj-judgments-1435-volume-7.pdf,3adbce6afc6b1cb5f9a9ddc18f3c3431835f2bc3701d7da5aa2e295f1526046b,78,83,6,4cb1ccf9d51d25df38c9a8e1c1e6811dc0a3e6ffcb9351879b7059c4a54dbcd4,499092,قسمة تعويض -نزع ملكية عقار موقوف -وجود حكر عليه -قرار قسم اخلرباء - اختصاص املستحكر بقيمة األنقاض -استحقاقه ثالثة أرباع قيمة األرض -اعرتاض ناظر الوقف -انتفاع املستحكر - تعويضه عام فاته -تعيب األرض باحلكر - نقص قيمتها - احلكم بإمضاء القسمة.,,,33540725,,,احلمد هلل وحده والصالة والسالم عىل من ال نبي بعده وبعد ،فنحن قضاة الدائرة األوىل,1a0d394ab7a853af10a9ae8045156012eeb4a6e0abbf7b89ff9a6f3c55a5111c,metadata_incomplete_pending_review
collector-1435-v7-p84-34340420,extracted/collector-judgments-pdf/collector-1435-v7-p84-34340420.pdf,moj-judgments-1435-volume-7.pdf,3adbce6afc6b1cb5f9a9ddc18f3c3431835f2bc3701d7da5aa2e295f1526046b,84,91,8,22ab57c5332cd6a39a3054702d7b3f72589805f342916ca0c4f890a31a6d4c50,495559,قسمة تعويض -نزع ملكية عقار -حتكريه جلهة وقف -قرار قسم اخلرباء -عرش التعويض للمستحكر - شهادة شهود عدول -غبطة ومصلحة للوقف -عدم معارضة الناظر - قسمة التعويض بني املستحقني.,,,34340420,,,الدائرة ،)...( ،ختم وتوقيع).اه ،هذا وقد تم ختم مجيع ورقات الصك باخلتم الرسمي,7a31416f6f89887b9cbe080150be381827f39a790a3cd1227274628f9be8eb3b,metadata_incomplete_pending_review
collector-1435-v7-p92-33666755,extracted/collector-judgments-pdf/collector-1435-v7-p92-33666755.pdf,moj-judgments-1435-volume-7.pdf,3adbce6afc6b1cb5f9a9ddc18f3c3431835f2bc3701d7da5aa2e295f1526046b,92,99,8,d6cbb986b93029a40a0f73e546963e929afde11e3051152cfc7e1bbc122674c4,496839,قسمة تعويض -نزع ملكية أرض موقوفة -تعويض عنه -وجود أنقاض ملستثمر - قرار قسم اخلرباء -تعويض الوقف عن األرض -تعويض املستثمر عن األنقاض -اعرتاض بعض املستحقني -دفعهم بتعمري الوقف من غلته -شهادة شهود عدول -ثبوت تعمري املستثمر - قسمة التعويض بني املستحقني.,,,33666755,,الثانية لألحوال الشخصية واألوقاف والوصايا والقصار وبيوت املال بمحكمة االستئناف يف,احلمد هلل والصالة والسالم عىل من ال نبي بعده ،وبعد فقد جرى منا نحن قضاة الدائرة,94caae2c6a167f8811bec8c111d7c3e269b89064d2687600898b42ccbfab7a7a,metadata_incomplete_pending_review
collector-1435-v7-p100-34466566,extracted/collector-judgments-pdf/collector-1435-v7-p100-34466566.pdf,moj-judgments-1435-volume-7.pdf,3adbce6afc6b1cb5f9a9ddc18f3c3431835f2bc3701d7da5aa2e295f1526046b,100,104,5,4dffbb6b25af5f97ded490258d5579123fc0a8a9962bdb70db4eb524b2391184,487251,إذن رشاء عقار لوقف -صك ملكية -رسيان مفعوله -حتقق من رشط الواقف -موافقة مالك العقار -قرار قسم اخلرباء -شهادة شهود عدول -غبطة ومصلحة للوقف -اإلذن للناظر بالرشاء.,,,34466566,,,الدائرة الثالثة لألحوال الشخصية واألوقاف والوصايا والقصار وبيوت املال بمحكمة,a5aa1cf6e13a6cc39ccb1822a0f648afc4f1c5511a8efdbcaf3fe09c6c501283,metadata_incomplete_pending_review
collector-1435-v7-p105-34503613,extracted/collector-judgments-pdf/collector-1435-v7-p105-34503613.pdf,moj-judgments-1435-volume-7.pdf,3adbce6afc6b1cb5f9a9ddc18f3c3431835f2bc3701d7da5aa2e295f1526046b,105,111,7,e41ea348e0c9d2ad539fbbbec5ea13863a11fd9318ee80a2b078988e9428018d,495530,إذن رشاء عقار لوقف -صك ملكية -رسيان مفعوله -حتقق من رشط الواقف -قرار قسم اخلرباء -تقدير ثمن أقل -موافقة البائع عليه -شهادة شهود عدول -غبطة ومصلحة للوقف -اإلذن للناظر بالرشاء.,,,34503613,,الثانية لألحوال الشخصية واألوقاف والوصايا والقصار وبيوت املال بمحكمة االستئناف يف,احلمد هلل والصالة والسالم عىل من ال نبي بعده وبعد ،فقد جرى منا نحن قضاة الدائرة,2924f523f7e247c7449e56d9711382074c2ec474fe3e5db23b642da7f547e667,metadata_incomplete_pending_review
collector-1435-v7-p112-34569519,extracted/collector-judgments-pdf/collector-1435-v7-p112-34569519.pdf,moj-judgments-1435-volume-7.pdf,3adbce6afc6b1cb5f9a9ddc18f3c3431835f2bc3701d7da5aa2e295f1526046b,112,117,6,3dcb70ded86eea7a1a509ca32500093a7a967edbdcb9e950d31bae6be0338b5e,491273,إذن رشاء عقار لوقف -صك ملكية -رسيان مفعوله -قرار قسم اخلرباء -شهادة شهود عدول -غبطة ومصلحة للوقف -موافقة مالك العقار -اإلذن للناظر بالرشاء -تصديق احلكم - إجراء املبايعة -إثبات نقل امللكية -هتميش عىل صك العقار.,,,34569519,,,الدائرة الثالثة لألحوال الشخصية واألوقاف والوصايا والقصار وبيوت املال بمحكمة,579580cf3bb73ae71ad2157b492cdef3566daa21a553d963ba11a58e7e5d62a0,metadata_incomplete_pending_review
collector-1435-v7-p118-35121333,extracted/collector-judgments-pdf/collector-1435-v7-p118-35121333.pdf,moj-judgments-1435-volume-7.pdf,3adbce6afc6b1cb5f9a9ddc18f3c3431835f2bc3701d7da5aa2e295f1526046b,118,121,4,a5c5650d17f2ac6e9b9a26bfb4a59387c631b6c9b646ddf44276818ce78a5a48,485429,إذن رشاء عقار لوقف -موافقة مالكه -صك ملكية -رسيان مفعوله -قرار قسم اخلرباء -شهادة شهود عدول -غبطة ومصلحة للوقف -اإلذن للناظر بالرشاء -إجراء املبايعة -بيع موقوف عىل تصديق احلكم.,,,35121333,,,,352dac022e525326a12394f53e34d663f81341f5c5e3ae2f847ea034b006009e,metadata_incomplete_pending_review
collector-1435-v7-p122-35130995,extracted/collector-judgments-pdf/collector-1435-v7-p122-35130995.pdf,moj-judgments-1435-volume-7.pdf,3adbce6afc6b1cb5f9a9ddc18f3c3431835f2bc3701d7da5aa2e295f1526046b,122,125,4,19a0c52362965115eb0de068ec79370f2f0b154241407e5608b91c4ad8d3d616,485839,إذن رشاء عقار لوقف -صك ملكية -رسيان مفعوله -قرار قسم اخلرباء -تقدير ثمن أقل -موافقة البائع عليه -شهادة شهود عدول -غبطة ومصلحة للوقف -اإلذن للناظر,,,35130995,,,الدائرة الثالثة لألحوال الشخصية واألوقاف والوصايا والقصار وبيوت املال بمحكمة,d160eca4efaa0090c71daea9b4e29d22c7aeddecc0324239e65d7314ff15d159,metadata_incomplete_pending_review
collector-1435-v7-p126-35182249,extracted/collector-judgments-pdf/collector-1435-v7-p126-35182249.pdf,moj-judgments-1435-volume-7.pdf,3adbce6afc6b1cb5f9a9ddc18f3c3431835f2bc3701d7da5aa2e295f1526046b,126,132,7,69c83255faa3e1e4c213d1d3c76102e74008911de62f9ff7d8013c8efd6b79a0,495181,إذن رشاء عقار لوقف -صك ملكية -رسيان مفعوله -حتقق من رشط الواقف -قرار قسم اخلرباء -شهادة شهود عدول -غبطة ومصلحة للوقف -موافقة مالك العقار -اإلذن للناظر بالرشاء -تصديق احلكم - إجراء البيع -هتميش عىل صك امللكية.,,,35182249,,,وتوقيعه قايض استئناف ( )...ختمه وتوقيعه رئيس الدائرة ( )...ختمه وتوقيعه ،كام,99f4a3b78a78f45a36e94c622039330127ac76dc88757837b936b4cd0d88f6b3,metadata_incomplete_pending_review
collector-1435-v7-p133-35229128,extracted/collector-judgments-pdf/collector-1435-v7-p133-35229128.pdf,moj-judgments-1435-volume-7.pdf,3adbce6afc6b1cb5f9a9ddc18f3c3431835f2bc3701d7da5aa2e295f1526046b,133,139,7,f60435fff8cc791b148df04561869b29fd7b073f42dfef18157ba15b7a507cc8,493543,إذن رشاء عقار لوقف -صك ملكية -رسيان مفعوله -حتقق من رشط الواقف -قرار قسم اخلرباء -شهادة شهود عدول -غبطة ومصلحة للوقف -موافقة مالك العقار -اإلذن للناظر بالرشاء.,,,35229128,,,الدائرة الثالثة لألحوال الشخصية واألوقاف والوصايا والقصار وبيوت املال بمحكمة,b5fc0b9d702015f4f4b2d81cae9208460b2f4f35d56cfe1397cd176581f90f9e,metadata_incomplete_pending_review
collector-1435-v7-p140-35284451,extracted/collector-judgments-pdf/collector-1435-v7-p140-35284451.pdf,moj-judgments-1435-volume-7.pdf,3adbce6afc6b1cb5f9a9ddc18f3c3431835f2bc3701d7da5aa2e295f1526046b,140,146,7,16f4f4155c8f5168a5786cc7ff5d133d2b13b56d346afc26482a9883b38e184e,494072,إذن رشاء عقار لوقف -صك ملكية -رسيان مفعوله -حتقق من رشط الواقف -قرار قسم اخلرباء -تقدير ثمن أقل -موافقة البائع عليه -شهادة شهود عدول -غبطة ومصلحة للوقف -اإلذن للناظر بالرشاء.,,,35284451,,لألحوال الشخصية واألوقاف والوصايا والقصار وبيوت املال بمحكمة االستئناف يف,احلمد هلل والصالة والسالم عىل رسول اهلل وبعد ،فقد جرى منا نحن قضاة الدائرة الثانية,4aa090df81c8f1a5ca93bcfe6dae0ae6dc7b2af2f6f50d9cf1f162cc05425edb,metadata_incomplete_pending_review
collector-1435-v7-p147-35306330,extracted/collector-judgments-pdf/collector-1435-v7-p147-35306330.pdf,moj-judgments-1435-volume-7.pdf,3adbce6afc6b1cb5f9a9ddc18f3c3431835f2bc3701d7da5aa2e295f1526046b,147,151,5,be1f7ae99cb2f075c623c7289c94accb5a14795ac6b4ba0437ca79d006d1dd2f,487416,إذن رشاء عقار لوقف -صك ملكية -رسيان مفعوله -قرار قسم اخلرباء -شهادة شهود عدول -غبطة ومصلحة للوقف -موافقة مالك العقار -اإلذن للناظر بالرشاء.,,,35306330,1435/8/5,,احلمد هلل وحده وبعد ( ،)...فقد اطلعنا نحن قضاة الدائرة احلقوقية الثانية بمحكمة,bc1bb4b944f650f368f0b5502bd9b6a108a5eff84f61470dcef736c08d462dcb,metadata_incomplete_pending_review
collector-1435-v7-p152-33563294,extracted/collector-judgments-pdf/collector-1435-v7-p152-33563294.pdf,moj-judgments-1435-volume-7.pdf,3adbce6afc6b1cb5f9a9ddc18f3c3431835f2bc3701d7da5aa2e295f1526046b,152,170,19,7378e74da1ba668b536198a71b41bd490163fc1892c4aedd47d90cdc3e30c4a8,547790,إذن تعمري عقار وقف -عدم كفاية مال الوقف -اتفاق تعمري مع رشكة -استيفاء القيمة من ريع الوقف -قرار قسم اخلرباء -تعديل رشوط العقد -موافقة الرشكة -شهادة شهود عدول -غبطة ومصلحة للوقف -اإلذن بتعمري العقار.,,,33563294,,,الدائرة الثالثة لألحوال الشخصية واألوقاف والوصايا والقصار وبيوت املال بمحكمة,92e43c7d0f0971897cd9b0de5447319805b0b03956775805d2b7b90cef454628,metadata_incomplete_pending_review
collector-1435-v7-p171-34327425,extracted/collector-judgments-pdf/collector-1435-v7-p171-34327425.pdf,moj-judgments-1435-volume-7.pdf,3adbce6afc6b1cb5f9a9ddc18f3c3431835f2bc3701d7da5aa2e295f1526046b,171,175,5,47f5450be331d25042064e62d6719f570a9f5e9808a852d2fa6b973fe7355c99,487487,إذن تعمري عقار وقف -هدمه وإعادة بنائه -تربع من مستحق الوقف -حتقق من رشط الواقف -قرار قسم اخلرباء -شهادة شهود عدول -غبطة ومصلحة للوقف -اإلذن هبدم,,,34327425,,والقصار وبيوت املال بمحكمة االستئناف بمكة املكرمة برقم 35124171وتاريخ,احلمد هلل وحده والصالة والسالم عىل من ال نبي بعده وبعد ،فلدي أنا ( )...قايض الدائرة,1ca052e0d4d5fd7e0c7aa0f74e0bdabb720ac072a8a55baaeb3035697cf7456a,metadata_incomplete_pending_review
collector-1435-v7-p176-34493227,extracted/collector-judgments-pdf/collector-1435-v7-p176-34493227.pdf,moj-judgments-1435-volume-7.pdf,3adbce6afc6b1cb5f9a9ddc18f3c3431835f2bc3701d7da5aa2e295f1526046b,176,180,5,2124d7005245d38802c590bd8e15fdf51c182f2b201c6d53137dfeaee69a14f0,490741,إذن تعمري عقار موقوف -أرض مسجد -نزع ملكية جزء منها -تعويض عن ذلك - طلب رصفه إلعادة البناء -موافقة إدارة األوقاف -رخصة بناء -قرار قسم اخلرباء - شهادة شهود عدول -اإلذن برصف التعويض للتعمري.,,,34493227,,لألحوال الشخصية واألوقاف والوصايا والقصار وبيوت املال بمحكمة االستئناف يف,احلمد هلل والصالة والسالم عىل رسول اهلل ،وبعد فقد جرى منا نحن قضاة الدائرة الثانية,dd62fe36e20575d7e3e10345777a86f8eae6ba22514a4f65dc6f667ab55fa7f3,metadata_incomplete_pending_review
collector-1435-v7-p181-34526614,extracted/collector-judgments-pdf/collector-1435-v7-p181-34526614.pdf,moj-judgments-1435-volume-7.pdf,3adbce6afc6b1cb5f9a9ddc18f3c3431835f2bc3701d7da5aa2e295f1526046b,181,210,30,6f58ab3a99d9a61226302803cd7353860d6a4187e9b545ee92151d573fd9e260,595884,إذن تعمري -أرض موقوفة -بناؤها من أموال الوقف -إعالن املقاولة يف الصحيفة -قرار قسم اخلرباء -تعيني العرض األفضل -شهادة شهود عدول -غبطة ومصلحة للوقف - اإلذن بتعمري العقار -تصديق احلكم - إبرام العقود وتوقيعها.,,,34526614,,الثانية لألحوال الشخصية واألوقاف والوصايا والقصار وبيوت املال بمحكمة االستئناف,الدائرة ( )...ختمه وتوقيعه .ا.ه ،ثم حرض املنهي وكالة واملرشف واملقاول وتم توقيع,9c35d37e68385eeefce203ddbcc0cc68aa3c64e4a928bf684a8cb517e82ded52,metadata_incomplete_pending_review
collector-1435-v7-p211-163800719,extracted/collector-judgments-pdf/collector-1435-v7-p211-163800719.pdf,moj-judgments-1435-volume-7.pdf,3adbce6afc6b1cb5f9a9ddc18f3c3431835f2bc3701d7da5aa2e295f1526046b,211,214,4,c9ddb1840db06acdc293394df18389a5932a584d3b49db8fdeed5ac3e4344668,484901,إذن بيع -عقار موقوف -مسجد -نزع ملكيته -فقد صك العقار -صورة ضوئية من سجله -قرار قسم اخلرباء -شهادة شهود عدول -غبطة ومصلحة للوقف -اإلذن للناظر بالبيع -بناء مسجد بديل -حق الطعن يف مقدار التعويض.,,,163800719,,,احلمد هلل وحده والصالة والسالم عىل من ال نبي بعده وبعد ،فنحن قضاة الدائرة األوىل,3d2033801954a565b78267421c216788acf5cca1251aa40e9e77c40d2107a2f6,metadata_incomplete_pending_review
collector-1435-v7-p215-34170871,extracted/collector-judgments-pdf/collector-1435-v7-p215-34170871.pdf,moj-judgments-1435-volume-7.pdf,3adbce6afc6b1cb5f9a9ddc18f3c3431835f2bc3701d7da5aa2e295f1526046b,215,219,5,b7d053259d3eaa579e3aedcbdb932077ef2898a3d82a058e2ca20ced64fbafb1,481598,إذن بيع -عقار موقوف -تعطل منافعه -صك ملكية -رسيان مفعوله -قرار قسم اخلرباء -شهادة شهود عدول -غبطة ومصلحة للوقف -اإلذن للناظر بالبيع -حفظ ثمن,,,34170871,,,,5bcb53c947a01913c750ec2ac959529eab12e5d9d338d6a9786426f0eea6534b,metadata_incomplete_pending_review
collector-1435-v7-p220-34239220,extracted/collector-judgments-pdf/collector-1435-v7-p220-34239220.pdf,moj-judgments-1435-volume-7.pdf,3adbce6afc6b1cb5f9a9ddc18f3c3431835f2bc3701d7da5aa2e295f1526046b,220,224,5,cf33b8cc14bb2911543c18af2712579e0eddcab7e638a3bddadd44f4d07e4ea6,486803,إذن بيع -عقار موقوف -تعطل منافعه -صك ملكية -رسيان مفعوله -قرار قسم اخلرباء -شهادة شهود عدول -غبطة ومصلحة للوقف -اإلذن للناظر بالبيع -حفظ ثمن,,,34239220,,,احلمد هلل وحده وبعد ،فقد اطلعنا نحن قضاة الدائرة احلقوقية الثانية بمحكمة,429806e1245702550ca718947291d52e117b1b44661d2ab4642604596c3f85cd,metadata_incomplete_pending_review
collector-1435-v7-p225-34360688,extracted/collector-judgments-pdf/collector-1435-v7-p225-34360688.pdf,moj-judgments-1435-volume-7.pdf,3adbce6afc6b1cb5f9a9ddc18f3c3431835f2bc3701d7da5aa2e295f1526046b,225,229,5,2dbe9401da1d3a7922ae03011452383c8845badf5209794a0c4239796dcaf40f,487105,إذن بيع -عقار موقوف -نزع ملكيته لصالح رشكة -تعويض عن ذلك -صك ملكية - رسيان مفعوله -طلب إفراغه للرشكة -قرار قسم اخلرباء -شهادة شهود عدول -غبطة ومصلحة للوقف -اإلذن للناظر باإلفراغ -حفظ مبلغ التعويض.,,,34360688,,,الدائرة الثالثة لألحوال الشخصية واألوقاف والوصايا والقصار وبيوت املال بمحكمة,14958df1a3b722549649449a0bab023b8293c687411d582bcbdef543ad72400b,metadata_incomplete_pending_review
collector-1435-v7-p230-34422731,extracted/collector-judgments-pdf/collector-1435-v7-p230-34422731.pdf,moj-judgments-1435-volume-7.pdf,3adbce6afc6b1cb5f9a9ddc18f3c3431835f2bc3701d7da5aa2e295f1526046b,230,235,6,92586d81d6197a0733654acc487cae7f8950f7564767a17ae7da6e46f16d7164,490093,إذن بيع -عقار موقوف -نزع ملكيته -صك ملكية -رسيان مفعوله -قرار قسم اخلرباء -شهادة شهود عدول -غبطة ومصلحة للوقف -اإلذن للناظر بالبيع -تصديق احلكم - إجراء البيع -هتميش عىل صك امللكية -حفظ ثمن الوقف.,,,34422731,,,الدائرة الثالثة لألحوال الشخصية واألوقاف والوصايا والقصار وبيوت املال بمحكمة,d9313931aa5fe00dfdff0fccadff2ab11d9375b4ce3e72ab46eb8e7459b857d1,metadata_incomplete_pending_review
collector-1435-v7-p236-34512387,extracted/collector-judgments-pdf/collector-1435-v7-p236-34512387.pdf,moj-judgments-1435-volume-7.pdf,3adbce6afc6b1cb5f9a9ddc18f3c3431835f2bc3701d7da5aa2e295f1526046b,236,239,4,ca910989aa4cfe0d8d075efdd20af64361a9965c7a1e26645ea7efe3e7116ea8,489049,إذن بيع -أرض موقوفة -عجز عن تعمريها -صك ملكية -رسيان مفعوله -إعالن يف الصحيفة -إجراء مزايدة -تثمني العقار -قرار قسم اخلرباء -شهادة شهود عدول - غبطة ومصلحة للوقف -اإلذن للناظر بالبيع -حفظ ثمن العقار.,,,34512387,,احلمد هلل وحده وبعد ،فقد اطلعنا نحن قضاة الدائرة احلقوقية الثانية بمحكمة االستئناف,احلمد هلل وحده وبعد ،فقد اطلعنا نحن قضاة الدائرة احلقوقية الثانية بمحكمة االستئناف,e83722757dd961eacb474aef1945eaa695977746eecaf01ca5f772bf1e6d0aea,metadata_incomplete_pending_review
collector-1435-v7-p240-33489889,extracted/collector-judgments-pdf/collector-1435-v7-p240-33489889.pdf,moj-judgments-1435-volume-7.pdf,3adbce6afc6b1cb5f9a9ddc18f3c3431835f2bc3701d7da5aa2e295f1526046b,240,256,17,baa36766d14b986d314b932ca322bde561f9d0605659eaa0e1e4c6a595f7abcd,539248,إذن استثامر وقف -عقارات متجاورة -تعطل منافعها -رصد رشط الواقف -إعالن يف الصحيفة -قرار قسم اخلرباء -تعيني العرض األفضل -شهادة شهود عدول -غبطة ومصلحة للوقف -تعدد األعيان املوقوفة -قسمة الغلة عىل مستحقيها -اإلذن للناظر,,,33489889,,الثانية لألحوال الشخصية واألوقاف والوصايا والقصار وبيوت املال بمحكمة االستئناف,رقم 331412610يف 1434/11/25ه ،املتضمن أنه جرى تدقيق احلكم من الدائرة,bdb4a7b718df87031747207ce90121619abce3af9f43041fc189129bb59be07e,metadata_incomplete_pending_review
collector-1435-v7-p257-34155804,extracted/collector-judgments-pdf/collector-1435-v7-p257-34155804.pdf,moj-judgments-1435-volume-7.pdf,3adbce6afc6b1cb5f9a9ddc18f3c3431835f2bc3701d7da5aa2e295f1526046b,257,271,15,bef0238ec39a6d0fcee0f63a6a91b251fa9516fef0b98a39b264b57c0cb90fea,524057,إذن استثامر وقف -أرض بيضاء -تأجريها عىل مستثمر - طلب إجازة عقد االستثامر - قرار قسم اخلرباء -عدم الغبطة واملصلحة -إعالن بالصحيفة -عدم تقدم مزايد -شهادة شهود عدول -مناقشة الناظر - غبطة ومصلحة للوقف -إجازة عقد االستثامر.,,,34155804,,,الدائرة“)...( /ختم توقيع” وجوايب عىل مالحظة أصحاب الفضيلة قضاة االستئناف ما,fedc9199d58eb6c902e5617b510bead5c77861983642f8e425f328f8b48766b4,metadata_incomplete_pending_review
collector-1435-v7-p272-34210122,extracted/collector-judgments-pdf/collector-1435-v7-p272-34210122.pdf,moj-judgments-1435-volume-7.pdf,3adbce6afc6b1cb5f9a9ddc18f3c3431835f2bc3701d7da5aa2e295f1526046b,272,295,24,5c61d0e606103eb1030904053226b9c6444638c3165779e2ff34bb66e2064ffd,933583,إذن استثامر وقف -عقار -تعطل منفعته -طلب تأجريه عىل مستثمر - إعالن يف الصحيفة -قرار قسم اخلرباء -مواصفات ورشوط مقرتحة -موافقة املستثمر - شهادة شهود عدول -غبطة ومصلحة للوقف -اإلذن للناظر باالستثامر.,,,34210122,,,الدوائر وحتكم الدائرة عىل اللوحة بواسطة مفاتيح أتوماتيكية هوائية صغرية من فصيلة,f194634e9793e9ef411044b2d3c0d455459d45d5579a2ce28e47dad91e9614da,metadata_incomplete_pending_review
collector-1435-v7-p296-34249298,extracted/collector-judgments-pdf/collector-1435-v7-p296-34249298.pdf,moj-judgments-1435-volume-7.pdf,3adbce6afc6b1cb5f9a9ddc18f3c3431835f2bc3701d7da5aa2e295f1526046b,296,298,3,44e457b6923ebca0c62404b68e6aea4f7aa62b5d4aad8e3b8f434a3e91369281,486315,وصية -بناء مسجد -طلب إنفاذ الوصية -املويص ال زال حيا -الوصية تنفذ بعد املوت -عدم جواز التربع من مال املوىل عليه -رد الدعوى.,,,34249298,,,الدائرة الثالثة لألحوال الشخصية واألوقاف والوصايا والقصار وبيوت املال بمحكمة,91e57384976d5bd451fa334a9006b4fb811e1b86610729378c7a5b2e8028e39b,metadata_incomplete_pending_review
collector-1435-v7-p299-33711016,extracted/collector-judgments-pdf/collector-1435-v7-p299-33711016.pdf,moj-judgments-1435-volume-7.pdf,3adbce6afc6b1cb5f9a9ddc18f3c3431835f2bc3701d7da5aa2e295f1526046b,299,302,4,8cde9693814a11266352bc2f47d27287d8d5383260c41e42c06f270c434053f0,476938,وصية -عرش عقارات تركة -صدور حكم ببيع العقارات -طلب نصيب الوصية منها -إقرار الورثة -صك الوصية -إلزام بتسليم العرش املوىص به.,,,33711016,,,,4793bbe2cc301e81643032986306f1d3bf707dce8be9460da8fa1ebd49502be7,metadata_incomplete_pending_review
collector-1435-v7-p305-34228374,extracted/collector-judgments-pdf/collector-1435-v7-p305-34228374.pdf,moj-judgments-1435-volume-7.pdf,3adbce6afc6b1cb5f9a9ddc18f3c3431835f2bc3701d7da5aa2e295f1526046b,305,312,8,3b0d0dada580aa71d410ec532d73b847ae72ffefbc6b9115ea4735cab2578489,494712,وصية -بناء مسجد -وفاة املويص -طلب حجز مبلغ من تركته -إقرار الورثة -قرار قسم اخلرباء -تقدير تكلفة بناء املسجد -إلزام بحجز املبلغ للوصية.,,,34228374,,وبيوت املال بمحكمة االستئناف بمكة املكرمة واملتضمن ما نصه( :وبدراسة الصك,ألصحاب الفضيلة قضاة الدائرة األوىل لألحوال الشخصية واألوقاف والقصار والوصايا,f26b69434b8b6cca540a80c806e6a1f9c73498f441ac0955e4b1eb862166af17,metadata_incomplete_pending_review
collector-1435-v7-p313-13670,extracted/collector-judgments-pdf/collector-1435-v7-p313-13670.pdf,moj-judgments-1435-volume-7.pdf,3adbce6afc6b1cb5f9a9ddc18f3c3431835f2bc3701d7da5aa2e295f1526046b,313,315,3,f05068e422c7a715c827501ec0b74f01a8db54693f63336a21e36a705d91aa0a,473885,وصية -تأخر الناظر يف إنفاذها -طلب عزله -دفع بعدم التقصري -أسباب خارجة عن إرادته -عدم البينة عىل الدعوى -رفض يمني الناظر- رد الدعوى.,,,13670,,,,368bc64f83ede624217f2469c5bf53753479e43a58aeb9d051d3cd1b1c5cc517,metadata_incomplete_pending_review
collector-1435-v7-p319-33195090,extracted/collector-judgments-pdf/collector-1435-v7-p319-33195090.pdf,moj-judgments-1435-volume-7.pdf,3adbce6afc6b1cb5f9a9ddc18f3c3431835f2bc3701d7da5aa2e295f1526046b,319,328,10,29b8e6748afdba168d4d526ce81b0b666cdb4c11aacf00604cd5f2e6c96d999c,505971,وصية -معارضة عىل إهناء -طلب عزل األوصياء -ادعاء خيانتهم لألمانة -عدم البينة -األوصياء معينون برشط املويص -عدم موجب عزهلم - رصف النظر.,,,33195090,,,,dc24375d7341e5e7b847d36ccaa0da3e764c1ee5638243adabdd31480556e678,metadata_incomplete_pending_review
collector-1435-v7-p329-34391363,extracted/collector-judgments-pdf/collector-1435-v7-p329-34391363.pdf,moj-judgments-1435-volume-7.pdf,3adbce6afc6b1cb5f9a9ddc18f3c3431835f2bc3701d7da5aa2e295f1526046b,329,335,7,9d81363230949618c689980f20f7a2ee46797d59d575f6f4c297cd86ba2b52ac,1175394,وصية -جزء من الرتكة ألوالد االبن -طلب إنفاذ الوصية -دفع الويص برجوع املويص -إحلاق الرجوع بصك الوصية -ثبوت ذلك -رد الدعوى.,,,34391363,,,احلمد هلل وحده ،والصالة والسالم عىل من ال نبي بعده ،وبعد ،فنحن قضاة الدائرة األوىل,140634509cca5d3a6d376c6e246bb8d7e391e6d8cf1c0ea2159b2e8e96af4652,metadata_incomplete_pending_review
collector-1435-v7-p336-34301588,extracted/collector-judgments-pdf/collector-1435-v7-p336-34301588.pdf,moj-judgments-1435-volume-7.pdf,3adbce6afc6b1cb5f9a9ddc18f3c3431835f2bc3701d7da5aa2e295f1526046b,336,339,4,15c87f2f564c960b7c1c7e43b99ef0bc8e9c79b660b67278e07bf60b94810d44,493555,إثبات وصية -عقار -رصف غلته يف أعامل اخلري -وفاة املويص -استخالف -شهادة شهود عدول -صك ملكية -رسيان مفعوله -قصد وقف العقار -تعليقه عىل املوت -,,,34301588,,,,42c6f9607b0bdce53174873ac3863b9ef8fa52fdd7ce544fc57be7d0b245e151,metadata_incomplete_pending_review
collector-1435-v7-p340-34549158,extracted/collector-judgments-pdf/collector-1435-v7-p340-34549158.pdf,moj-judgments-1435-volume-7.pdf,3adbce6afc6b1cb5f9a9ddc18f3c3431835f2bc3701d7da5aa2e295f1526046b,340,344,5,589253ee851664735567c6c47d6911aaad6359332659304eedce3ef2f19db9a9,484500,إثبات وصية -عقار -رصف ثلثه يف أعامل اخلري -وفاة املويص -وصية مكتوبة -إنكار أحد الورثة لصحتها -شهادة شهود عدول -ثبوت الوصية.,,,34549158,1434/12/16,,,efe89c8f2fab7bf1e5bbcd5c4bb66ae1a9438c20f26ca30e0764dde1703c9e39,metadata_incomplete_pending_review
collector-1435-v7-p345-34398526,extracted/collector-judgments-pdf/collector-1435-v7-p345-34398526.pdf,moj-judgments-1435-volume-7.pdf,3adbce6afc6b1cb5f9a9ddc18f3c3431835f2bc3701d7da5aa2e295f1526046b,345,350,6,4200bec02ead73946c40c2711c4aefca43eafd70454db63d2fdaaf1ffb90c86b,489249,إثبات وقف ووصية -عقارات مشرتكة -وصية بجزء من الرتكة -وفاة أحد الرشيكني - إقرار الرشيك اآلخر - صكوك ملكية -رسيان مفعوهلا -شهادة شهود عدول -ثبوت الوصية والوقف.,,,34398526,,,الدائرة الثالثة لألحوال الشخصية واألوقاف والوصايا والقصار وبيوت املال بمحكمة,66b4aa6de753169e714a45875b182cda89401baf9bb4d095e140ac0abecf91a4,metadata_incomplete_pending_review
collector-1435-v7-p351-35100054,extracted/collector-judgments-pdf/collector-1435-v7-p351-35100054.pdf,moj-judgments-1435-volume-7.pdf,3adbce6afc6b1cb5f9a9ddc18f3c3431835f2bc3701d7da5aa2e295f1526046b,351,361,11,cbb3c253b3abb4a2e94a4e166a173f5f31d92b7c8aaa9bc0bf06e1878e0277c6,539393,إثبات وصية -تعيني ويص عىل قصار -وفاة املويص -اعرتاض والدة القارصين - شهادة شهود عدول -صالحية الويص .- ما جاء يف كشاف القناع ( „ :)8/383ثم تثبت الوالية عىل صغري وجمنون بعد األب,,,35100054,,,الدائرة الثالثة لألحوال الشخصية واألوقاف والوصايا والقصار وبيوت املال بمحكمة,bed5ada024bc38af1173eef04093eb8aae2035f668612984b2c1d0fe01bef34a,metadata_incomplete_pending_review
collector-1435-v7-p362-34471550,extracted/collector-judgments-pdf/collector-1435-v7-p362-34471550.pdf,moj-judgments-1435-volume-7.pdf,3adbce6afc6b1cb5f9a9ddc18f3c3431835f2bc3701d7da5aa2e295f1526046b,362,365,4,68d5948d035c67da69ce1f33b8253cfd10e064e4e1767099f3c8c53d91c016c5,484087,إذن رشاء عقار لوصية -صك ملكية -رسيان مفعوله -قرار قسم اخلرباء -شهادة شهود عدول -غبطة ومصلحة للوصية -موافقة مالك العقار -اإلذن للناظر بالرشاء.,,,34471550,,,,f50e874162ee4515a9cef23a4580bb445ca284e05b1487e84a22ba03bee8c779,metadata_incomplete_pending_review
collector-1435-v7-p366-3478124,extracted/collector-judgments-pdf/collector-1435-v7-p366-3478124.pdf,moj-judgments-1435-volume-7.pdf,3adbce6afc6b1cb5f9a9ddc18f3c3431835f2bc3701d7da5aa2e295f1526046b,366,370,5,ff95fd1c37cc46b346843de0509667afca403479db19642042e40aa5faadc3dd,485915,إنفاذ وصية -مسجد -توسعته من أموال الوصية -انطباق مرصفها -قرار قسم اخلرباء -شهادة شهود عدول -غبطة ومصلحة للوقف -اإلذن برصف الوصية.,,,3478124,,احلمد هلل وحده وبعد ،فقد اطلعنا نحن قضاة الدائرة احلقوقية الثانية بمحكمة االستئناف,احلمد هلل وحده وبعد ،فقد اطلعنا نحن قضاة الدائرة احلقوقية الثانية بمحكمة االستئناف,8e76959952f1ff0341f98e044c09ff5f84da35894438e623717c3a50308f61fc,metadata_incomplete_pending_review
collector-1435-v7-p371-3550108,extracted/collector-judgments-pdf/collector-1435-v7-p371-3550108.pdf,moj-judgments-1435-volume-7.pdf,3adbce6afc6b1cb5f9a9ddc18f3c3431835f2bc3701d7da5aa2e295f1526046b,371,374,4,ce4e0a572c5c39b82dacc23e7ee353626805649828e8cace4ea1c211ee00ab2d,483063,إنفاذ وصية -مسجد -بناؤه من أموال وصية -انطباق مرصفها -عقد مقاولة - قرار قسم اخلرباء -شهادة شهود عدول -مناسبة قيمة العقد -اإلذن برصف الوصية.,,,3550108,,بمحكمة االستئناف يف منطقة مكة املكرمة االطالع عىل املعاملة الواردة من فضيلة رئيس,قضاة الدائرة الثالثة لألحوال الشخصية واألوقاف والوصايا والقصار وبيوت املال,ce5868d15b13ef0bfa816bfb476baf7afbd9c99f331125413d8dce7aa19eea27,metadata_incomplete_pending_review
collector-1435-v7-p375-34128374,extracted/collector-judgments-pdf/collector-1435-v7-p375-34128374.pdf,moj-judgments-1435-volume-7.pdf,3adbce6afc6b1cb5f9a9ddc18f3c3431835f2bc3701d7da5aa2e295f1526046b,375,379,5,36b9f638fcbf9b5c9019f4d1bffdf6bb4fb4b6c0379feb9d72cabb70a79282c0,484993,إذن بيع -عقارات موىص هبا -صك ملكية -رسيان مفعوله -قرار قسم اخلرباء -إعالن يف الصحيفة -شهادة شهود عدول -غبطة ومصلحة للوصية -اإلذن للناظر بالبيع -حفظ,,,34128374,,احلمد هلل وحده وبعد ،فقد اطلعنا نحن قضاة الدائرة احلقوقية الثانية بمحكمة االستئناف,احلمد هلل وحده وبعد ،فقد اطلعنا نحن قضاة الدائرة احلقوقية الثانية بمحكمة االستئناف,44d22cc93708c14dfc5ba70c84489b765e1e36c85f89213138ed85175a6d3532,metadata_incomplete_pending_review
collector-1435-v7-p380-34166086,extracted/collector-judgments-pdf/collector-1435-v7-p380-34166086.pdf,moj-judgments-1435-volume-7.pdf,3adbce6afc6b1cb5f9a9ddc18f3c3431835f2bc3701d7da5aa2e295f1526046b,380,385,6,e17b09dfe9ed91b9a6d3bbc2ac3dc12267b5200b3686c296772675552e690477,488154,إذن بيع -نصيب وصية من عقار -تعطل منافعه -صك ملكية -رسيان مفعوله -إعالن يف الصحيفة -قرار قسم اخلرباء -شهادة شهود عدول -غبطة ومصلحة للوصية -اإلذن للناظر بالبيع -تصديق احلكم - إجراء املبايعة -حفظ نصيب الوصية.,,,34166086,,بمحكمة االستئناف بمنطقة القصيم.,وختمه ورئيس الدائرة ( )...توقيعه وختمه ،ولإلجابة عن مالحظات أصحاب الفضيلة,d7d634f97de8e15573bb2176f9ace0f874f2aafedd52a4ccac13925f0eb6bfab,metadata_incomplete_pending_review
collector-1435-v7-p386-34352117,extracted/collector-judgments-pdf/collector-1435-v7-p386-34352117.pdf,moj-judgments-1435-volume-7.pdf,3adbce6afc6b1cb5f9a9ddc18f3c3431835f2bc3701d7da5aa2e295f1526046b,386,392,7,ecc60d915527a16702e750e548a3d4c8f7f9419c98f1003b2dc2cb92e19b69bc,492413,إذن بيع -عقار موىص به -عدم وجود ريع له -قرار قسم اخلرباء -غبطة ومصلحة للوصية -صك ملكية -رسيان مفعوله -إعالن يف الصحيفة -شهادة شهود عدول - اإلذن للناظر بالبيع -حفظ ثمن العقار.,,,34352117,,احلمد هلل وحده وبعد ،فقد اطلعنا نحن قضاة الدائرة احلقوقية الثانية بمحكمة االستئناف,( )...ورئيس الدائرة الشيخ ( ،) )...وعليه أجيب أصحاب الفضيلة وفقهم اهلل ،فأقول,de712efbaa96c7fe19aff5fb738a77e9b3981bc9d7b380805cc888edb3773ad1,metadata_incomplete_pending_review
collector-1435-v7-p393-34266279,extracted/collector-judgments-pdf/collector-1435-v7-p393-34266279.pdf,moj-judgments-1435-volume-7.pdf,3adbce6afc6b1cb5f9a9ddc18f3c3431835f2bc3701d7da5aa2e295f1526046b,393,401,9,fec22725a9b8caf565865e5dc556c3ece9bee233761c56a7475822e252c2b7e7,860704,إذن بيع -نصيب وصية وقارص من عقار -صك ملكية -رسيان مفعوله -قرار قسم اخلرباء -تثمني العقار -إعالن يف الصحيفة -شهادة شهود عدول -غبطة ومصلحة للوصية والقارص -اإلذن للناظر والويل -تصديق احلكم - إجراء املبايعة -حفظ نصيب القارص والوصية.,,,34266279,,احلمد هلل وحده وبعد ،فقد اطلعنا نحن قضاة الدائرة احلقوقية الثانية بمحكمة االستئناف,بالقصيم ومشفوعها قرار أصحاب الفضيلة قضاة الدائرة احلقوقية الثانية بمحكمة,d7fc9442dfe802f5515961e3fc8dd50467554de69d9e24e17a37ecae5c7a6b5d,metadata_incomplete_pending_review
collector-1435-v7-p402-33473849,extracted/collector-judgments-pdf/collector-1435-v7-p402-33473849.pdf,moj-judgments-1435-volume-7.pdf,3adbce6afc6b1cb5f9a9ddc18f3c3431835f2bc3701d7da5aa2e295f1526046b,402,404,3,c494756b07d3f1f1ff492deddeb01fe28b5bad17403ed546b7d478a023d81e65,480323,والية -قارص عقال -معارضة عىل إقامة ويل -طلب فسخها لعدم املوجب -إنكار الويل -تقرير طبي -إعاقة ذهنية بسيطة -حاجته إىل إقامة ويل -رصف النظر.,,,33473849,,,الدائرة الثالثة لألحوال الشخصية واألوقاف والوصايا والقصار وبيوت املال بمحكمة,900dcddb29c658c632597748c9befeed40f069c6d5eb4676c3ab96c5d3e05a44,metadata_incomplete_pending_review
collector-1435-v7-p405-34113100,extracted/collector-judgments-pdf/collector-1435-v7-p405-34113100.pdf,moj-judgments-1435-volume-7.pdf,3adbce6afc6b1cb5f9a9ddc18f3c3431835f2bc3701d7da5aa2e295f1526046b,405,412,8,861faf8f2b9b7d2ecb5c897d2c0d73487ff9c6eac6d029cebd397eb5d1d207a1,501375,ال -طلب عزل الويل -تقصري يف واجبات الوالية -عدم الطعن يف والية -قارص عق أمانة الويل -سبق ثبوت صالحيته -سابقة تعاطي مسكر - رد االعتبار منها -رد الدعوى.,,,34113100,,الثانية لألحوال الشخصية واألوقاف والوصايا والقصار وبيوت املال بمحكمة االستئناف,احلمد هلل والصالة والسالم عىل من ال نبي بعده وبعد ،فقد جرى منا نحن قضاة الدائرة,0f65bbd1fb60ea7d22c95453bd1abe8f72f602af9035e3feacb03ff4864952b2,metadata_incomplete_pending_review
collector-1435-v7-p413-34440602,extracted/collector-judgments-pdf/collector-1435-v7-p413-34440602.pdf,moj-judgments-1435-volume-7.pdf,3adbce6afc6b1cb5f9a9ddc18f3c3431835f2bc3701d7da5aa2e295f1526046b,413,417,5,1d7f58a93c94fbd6d190fc34af024c3946616762dac5d3e4dcf5617828209041,485466,والية -قارص سنا -معارضة عىل إهناء -تقصري يف واجبات الوالية -طلب عزل الويل - إقامة املدعية بدال عنه -قرار قسم اخلرباء -عدم وجود تفريط أو تعد -رد الدعوى.,,,34440602,,الشخصية واألوق��اف والوصايا والقصار وبيوت املال بمحكمة االستئناف بمنطقة,احلمد هلل وحده وبعد ،فقد اطلعنا نحن قضاة الدائرة املختصة بتدقيق قضايا األحوال,7c49da05400fa711d0fe27422dc32d32e4f8443ade9a15120d49e94ddeb3da17,metadata_incomplete_pending_review
collector-1435-v7-p418-35135425,extracted/collector-judgments-pdf/collector-1435-v7-p418-35135425.pdf,moj-judgments-1435-volume-7.pdf,3adbce6afc6b1cb5f9a9ddc18f3c3431835f2bc3701d7da5aa2e295f1526046b,418,421,4,1e6990471c30b71deb78c74992145648a8172ec8cc634f205bf4b3bff43012aa,486684,والية -قارص سن ا -تفريط يف شؤون القصار -طلب عزل الويل -إقامة املدعية بدال عنه -صك الوصية -املدعى عليه ويص -عدم وجود ما خيل بأمانته -رد الدعوى.,,,35135425,,,,35e3da9cabcc26f94b16dac962b56c3b77018ac51e5b0e24f633919d021dc0ad,metadata_incomplete_pending_review
collector-1435-v7-p422-33672335,extracted/collector-judgments-pdf/collector-1435-v7-p422-33672335.pdf,moj-judgments-1435-volume-7.pdf,3adbce6afc6b1cb5f9a9ddc18f3c3431835f2bc3701d7da5aa2e295f1526046b,422,422,1,1ee3d1acc0818f223e2e059ffba9ab970cb7c1c70013d2cc35694e774edb7dfe,371724,والية -قارص سن ا -طلب عزل الويل -خيانة األمانة -تزوير وكاالت -إقرار الويل بالتزوير - ثبوت عدم صالحيته -احلكم بفسخ الوالية.,,,33672335,,,,ffedc3e5ecfa785290ac6e79b7b5a019ed0c44e5e9db124ef32aa5ab1c5e6757,metadata_incomplete_pending_review
collector-1435-v7-p427-34190488,extracted/collector-judgments-pdf/collector-1435-v7-p427-34190488.pdf,moj-judgments-1435-volume-7.pdf,3adbce6afc6b1cb5f9a9ddc18f3c3431835f2bc3701d7da5aa2e295f1526046b,427,433,7,693f0ed4de5c45b14b9d39c7e9a80984df8b370a0ee74ca27e6c5cd2c23960cf,492506,والية -قارص عق ال -طلب عزل الويل -عدم األمانة -خماطبة اجلهات الرسمية -حتقق من املرصوفات -بينة غري موصلة -رفض يمني الويل -رصف النظر.,,,34190488,,,أعضاء الدائرة املوقرة سددهم اهلل ونفع بعلمهم فقد جرى سؤال املدعى عليه :هل لديه دفرت,3368f92e4dd5a539910c6b19d8dd386a8e63d51d1eb1a113debb902dddc7d80b,metadata_incomplete_pending_review
collector-1435-v7-p434-33695386,extracted/collector-judgments-pdf/collector-1435-v7-p434-33695386.pdf,moj-judgments-1435-volume-7.pdf,3adbce6afc6b1cb5f9a9ddc18f3c3431835f2bc3701d7da5aa2e295f1526046b,434,437,4,6c9efd75c15e1b310a4e878a5eea1aab848a642e30b6d09293bb01336fbabaff,482469,والية -قارص عق ال -معارضة عىل إهناء -طلب عزل الويل -إقامة املدعي بدال عنه - دفع بعدم صالحية املدعي -شهادة أقارب بذلك -سبق ثبوت صالحية الويل -عدم ثبوت ما خيالفها -رصف النظر.,,,33695386,,,,967fe5a2fa1db25733c0354b4f7a45d1ceed67640fb94347f5fdfc561f68ab43,metadata_incomplete_pending_review
collector-1435-v7-p438-34309327,extracted/collector-judgments-pdf/collector-1435-v7-p438-34309327.pdf,moj-judgments-1435-volume-7.pdf,3adbce6afc6b1cb5f9a9ddc18f3c3431835f2bc3701d7da5aa2e295f1526046b,438,443,6,f820160be30b2c1df0688770404137485e34362e25b5e70171090905716fc2ae,502700,والية -قارص سن ا -طلب عزل الويل -عدم صالحيته -سوابق جنائية -شهادة بصالحية املدعية -صك والية -احلكم بعزل الويل -إقامة املدعية ولية بدال عنه.,,,34309327,,,احلمد هلل وحده والصالة والسالم عىل من ال نبي بعده وبعد ،نحن قضاة الدائرة األوىل,8fe4fd592fdc46a022e7c8933e2028088090974a97c03222c911eec8b1ccf037,metadata_incomplete_pending_review
collector-1435-v7-p444-33680994,extracted/collector-judgments-pdf/collector-1435-v7-p444-33680994.pdf,moj-judgments-1435-volume-7.pdf,3adbce6afc6b1cb5f9a9ddc18f3c3431835f2bc3701d7da5aa2e295f1526046b,444,448,5,5c28f586c6f181339760f1ed90aa8717d5ec79a2cbd2cc7d42f7b14b3d89d6e3,485737,والية -قارص عق ال -طلب حماسبة الويل -بيان املمتلكات واإليرادات -الويل مؤمتن - عدم إساءته الترصف -رصف النظر .,,,33680994,1433/11/28,,,2eaa52feaab007fde1be78ca414919c65c722f9ff9c2f5616ddb8d10275358a9,metadata_incomplete_pending_review
collector-1435-v7-p449-34475219,extracted/collector-judgments-pdf/collector-1435-v7-p449-34475219.pdf,moj-judgments-1435-volume-7.pdf,3adbce6afc6b1cb5f9a9ddc18f3c3431835f2bc3701d7da5aa2e295f1526046b,449,468,20,4d959894050aafa900cda0ec291f4f5ecf30a8c86204a07de01ba8866c56f522,2011400,والية -جربية -مطالبة بامل قارص -هدية لصبي غري مميز -طلب تسليمها -إلزام بتسليم اهلدية للويل.,,,34475219,,الشخصية واألوقاف والوصايا والقصار وبيوت املال بمحكمة االستئناف بمنطقة عسري,احلمد هلل وحده وبعد ،فقد اطلعنا نحن قضاة الدائرة املختصة بتدقيق قضايا األحوال,db0a7344bb3bf0abe1c97cde5e284d2653c92cb77369e6dfcddaa192b29c8237,metadata_incomplete_pending_review
collector-1435-v8-p6-3596008,extracted/collector-judgments-pdf/collector-1435-v8-p6-3596008.pdf,moj-judgments-1435-volume-8.pdf,097abb7cd92931ad27d9e0a902a3f45bee357aebcfa416f972240682ade500cb,6,8,3,f4bdd3a08d6841b46012119c142bbdefac8f841ddd3478d3aa8b258a1d974d8d,480641,إثبات فقد -غيبة أب املنهية -حاجتها إىل التزويج -خماطبة اجلهات املختصة -شهادة شهود عدول -ثبوت الفقد -عدم اعتباره حك ام باملوت.,,,3596008,,,,0c3764f36e4a163f2ec7acd5a4bb65d33a5b44d7d70954d14a920fdbc3bf11c3,metadata_incomplete_pending_review
collector-1435-v8-p9-35230716,extracted/collector-judgments-pdf/collector-1435-v8-p9-35230716.pdf,moj-judgments-1435-volume-8.pdf,097abb7cd92931ad27d9e0a902a3f45bee357aebcfa416f972240682ade500cb,9,12,4,55e544cf23ee6b5c35ffb096ac66b3abf5d795a7b7e5d9b8f7774e3a7d76ff54,483281,إثبات فقد -غيبة ابن املنهي -تعطل مصالح أهله -خماطبة اجلهات املختصة -سفر االبن خارج البالد -شهادة شهود عدول -ثبوت الفقد -عدم اعتباره حك ام باملوت.,,,35230716,,,( ،)...ختم وتوقيع .رئيس الدائرة ،)...( :موقع عىل األصل وجماز) عليه فقد حرض يف,072c0d38213113da37f92e7d975fffa7b2ce1d30fc3faa536eb8a394629750d2,metadata_incomplete_pending_review
collector-1435-v8-p13-3451812,extracted/collector-judgments-pdf/collector-1435-v8-p13-3451812.pdf,moj-judgments-1435-volume-8.pdf,097abb7cd92931ad27d9e0a902a3f45bee357aebcfa416f972240682ade500cb,13,15,3,2e594124c237607f8137c1351b2d7cbcbf796be3219ce47b4439a41770066ce6,481081,إثبات فقد -غيبة ابن املنهي -خماطبة اجلهات املختصة -ترحيله عن البالد -األصل حياة اإلنسان -عدم ثبوت اإلهناء.,,,3451812,1434/02/02,الثانية لألحوال الشخصية واألوقاف والوصايا والقصار وبيوت املال بمحكمة االستئناف,الدائرة اإلهنائية األوىل باملحكمة العامة بمحافظة جدة ،وبناء عىل املعاملة املحالة إلينا من,ece0491f54a919deea7bec010ad8af464d2baa79ae74d3fbceb19baac6dd055a,metadata_incomplete_pending_review
collector-1435-v8-p16-3528423,extracted/collector-judgments-pdf/collector-1435-v8-p16-3528423.pdf,moj-judgments-1435-volume-8.pdf,097abb7cd92931ad27d9e0a902a3f45bee357aebcfa416f972240682ade500cb,16,18,3,0cd6fe16e843f9159fd952766dfd56ead62be113347eb56de89549a86a70916e,482143,إثبات فقد -غيبة أخ املنهي -خماطبة اجلهات املختصة -إعالن يف الصحيفة -شهادة شهود عدول -ثبوت الفقد -عدم اعتباره حك ام باملوت.,,,3528423,,,احلمد هلل وحده والصالة والسالم عىل من ال نبي بعده وبعد ،فنحن قضاة الدائرة األوىل,8619e925950c5344bce73184dfcc3ccd6eb234bd43f15c1eafa0897cb5bf146a,metadata_incomplete_pending_review
collector-1435-v8-p19-32251097,extracted/collector-judgments-pdf/collector-1435-v8-p19-32251097.pdf,moj-judgments-1435-volume-8.pdf,097abb7cd92931ad27d9e0a902a3f45bee357aebcfa416f972240682ade500cb,19,21,3,0d18c35f9e079d382c36ca6aefc5d689133bc0665993dbda62cb7646820c6d3d,481507,إثبات فقد -غيبة عم املنهي -عدم وجود أبناء له -خماطبة اجلهات املختصة -إعالن يف الصحيفة -شهادة شهود عدول -ثبوت الفقد -عدم اعتباره حك ام باملوت.,,,32251097,1432/6/27,الثانية لألحوال الشخصية واألوقاف والوصايا والقصار وبيوت املال بمحكمة االستئناف,احلمد هلل والصالة والسالم عىل من ال نبي بعده وبعد ،فقد جرى منا نحن قضاة الدائرة,8117b12dff610b7fa4d34dc6a0ff1acfb9e86d6139b59bba5216a6b612b4586f,metadata_incomplete_pending_review
collector-1435-v8-p22-3451880,extracted/collector-judgments-pdf/collector-1435-v8-p22-3451880.pdf,moj-judgments-1435-volume-8.pdf,097abb7cd92931ad27d9e0a902a3f45bee357aebcfa416f972240682ade500cb,22,25,4,8e4f0498a7cac9f478c07ef10ca698666dff4be02124b5bd810f22f106efa0d3,484162,إثبات فقد -غيبة مط لق املنهية -حاجة إىل تزويج بناهتا منه -خماطبة اجلهات املختصة - إعالن يف الصحيفة -شهادة شهود عدول -خماطبة قنصلية بلد املفقود -عدم توفر معلومات عنه -ثبوت الفقد -عدم اعتباره حك ام باملوت.,,,3451880,,الثانية لألحوال الشخصية واألوقاف والوصايا والقصار وبيوت املال بمحكمة االستئناف,الدائرة اإلهنائية األوىل باملحكمة العامة بمحافظة جدة ،وبناء عىل املعاملة املحالة إلينا,740b31b53ddca5acd512a90d6840c698b925addacc1e12f84be929a3dd3303b5,metadata_incomplete_pending_review
collector-1435-v8-p26-3446202,extracted/collector-judgments-pdf/collector-1435-v8-p26-3446202.pdf,moj-judgments-1435-volume-8.pdf,097abb7cd92931ad27d9e0a902a3f45bee357aebcfa416f972240682ade500cb,26,31,6,215c27a09eb644474f7b54d9b6bc04f1c2b497f9ff435e859396e577f7c1d8ef,488787,والية -قارص سن ا -طلب أمه الوالية عليه -معارضة األخ ألب -دفع بأحقيته بالوالية -شهادة شهود عدول -صالحية األم للوالية -تقديمها عىل األخ ألب -إقامتها ولية -رصف النظر عن املعارضة.,,,3446202,,,قايض استئناف ( )...ختمه وتوقيعه رئيس الدائرة ( )...ختمه وتوقيعه ) ا.ه ،ولوجاهة,effff43d04949933c62647ca18e532a4f821ed3480282dce6d2f82bf4803697c,metadata_incomplete_pending_review
collector-1435-v8-p32-34540046,extracted/collector-judgments-pdf/collector-1435-v8-p32-34540046.pdf,moj-judgments-1435-volume-8.pdf,097abb7cd92931ad27d9e0a902a3f45bee357aebcfa416f972240682ade500cb,32,34,3,5345401015bf9d5d0b39c6e6bae893230410fb72d838a5721182fb393528d8b6,480651,والية -قارص سن ا -طلب أمه الوالية عليه -ثبوت غيبة األب -سبق فسخ نكاحها منه -شهادة شهود عدول -إقامتها ولية عىل القارص.,,,34540046,1434/12/1,,احلمد هلل وحده والصالة والسالم عىل من ال نبي بعده وبعد ،فنحن قضاة الدائرة األوىل,bd0fad7a0f40afb8be05e0061e27af53fec6446dc1d63990a020c6f7b733a90a,metadata_incomplete_pending_review
collector-1435-v8-p35-34171083,extracted/collector-judgments-pdf/collector-1435-v8-p35-34171083.pdf,moj-judgments-1435-volume-8.pdf,097abb7cd92931ad27d9e0a902a3f45bee357aebcfa416f972240682ade500cb,35,40,6,69ed2a72c740715452a78244bb5bab9fad2624a10f1ffd1bd8dcce8ef1259f02,490329,والية -قارص عقال -طلب إقامة ويل -تقرير طبي -دفع وكيل القارصة بأهليتها - طلب إقامته ولي ا عليها -تناقض أقوال املعرتض -شهادة شهود عدول -ثبوت القصور العقيل - صالحية املنهية للوالية -إقامتها ولية -رد طلب املعرتض -فسخ وكالته عن,,,34171083,,والقصار وبيوت املال بمحكمة االستئناف يف منطقة مكة املكرمة برقم 35145476,احلمد هلل وحده والصالة والسالم عىل من ال نبي بعده وبعد ،فلدي أنا ( )...قايض الدائرة,59a736a638c605e937b8996b700a87bea39d108487be696b99fab7e4757254c1,metadata_incomplete_pending_review
collector-1435-v8-p41-35411870,extracted/collector-judgments-pdf/collector-1435-v8-p41-35411870.pdf,moj-judgments-1435-volume-8.pdf,097abb7cd92931ad27d9e0a902a3f45bee357aebcfa416f972240682ade500cb,41,43,3,115ad9517cbfa06771c1199b0ae1ff97e76cab8ebbe22b1d30c35ae8fc161c16,482636,نقل والية النكاح -غيبة األب ال��ويل -خماطبة اجلهات املختصة -سفره خارج البالد -شهادة شهود عدول -ثبوت غيبة الويل -عدم اعتباره حكام بموته -نقل الوالية إىل األخ الشقيق.,,,35411870,,,الدائرة اإلهنائية الرابعة باملحكمة العامة بمحافظة جدة ،وبناء عىل املعاملة املحالة إلينا من,9773e40ed011a3f16f0d1e08055e004f2d46bfc43d86c49b16a11c4bec1dc383,metadata_incomplete_pending_review
collector-1435-v8-p44-34557514,extracted/collector-judgments-pdf/collector-1435-v8-p44-34557514.pdf,moj-judgments-1435-volume-8.pdf,097abb7cd92931ad27d9e0a902a3f45bee357aebcfa416f972240682ade500cb,44,47,4,1276b1c0356a43c6a1f775c71600f79e51bdcc02f47b71a1556cd66eeb0ab6b5,485730,نقل والية النكاح -غيبة األب الويل -خماطبة اجلهات املختصة -سفره خارج البالد - إعالن يف الصحيفة -شهادة شهود عدول -إقرار بنات الغائب -ثبوت غيبة الويل -نقل الوالية إىل األخ الشقيق.,,,34557514,,,,815c43204ef1f6bd6fb6cd762ed695b23a7be797a6b9a99684bdbf012f90e82b,metadata_incomplete_pending_review
collector-1435-v8-p48-35100817,extracted/collector-judgments-pdf/collector-1435-v8-p48-35100817.pdf,moj-judgments-1435-volume-8.pdf,097abb7cd92931ad27d9e0a902a3f45bee357aebcfa416f972240682ade500cb,48,51,4,472ebc3c05d65abfb6ff1c5695c4e5c9b393ddc2a68207fc5d4b5eef9f29c7dc,485597,نقل والية النكاح -غيبة األب الويل -شهادة شهود عدول -ثبوت اإلهناء -نقل الوالية إىل األخ الشقيق.,,,35100817,1435/2/15,,الدائرة اإلهنائية الثانية باملحكمة العامة بالدمام ،بنا ء عىل املعاملة املحالة من فضيلة الرئيس,b1582cfcca06e97ef48932b8150c026dde72d8bc999b6768b5cfc0ae945a84df,metadata_incomplete_pending_review
collector-1435-v8-p52-35276047,extracted/collector-judgments-pdf/collector-1435-v8-p52-35276047.pdf,moj-judgments-1435-volume-8.pdf,097abb7cd92931ad27d9e0a902a3f45bee357aebcfa416f972240682ade500cb,52,55,4,8b56fec2da67114fc7c54c2f49d088904f6f38ebd2f071a0eff706ca4acd2bbb,483040,نقل والية النكاح -غيبة االبن الويل -ترضر املنهية -شهادة شهود عدول -خماطبة اجلهات املختصة -حرص ورثة -نقل الوالية إىل القايض -تزويج املنهية.,,,35276047,,,الدائرة الثالثة لألحوال الشخصية واألوقاف والوصايا والقصار وبيوت املال بمحكمة,d7b37c185b84ce6a31cbde4ecbce5d20fc14845756477669e86f30df0eaa0d12,metadata_incomplete_pending_review
collector-1435-v8-p56-34565342,extracted/collector-judgments-pdf/collector-1435-v8-p56-34565342.pdf,moj-judgments-1435-volume-8.pdf,097abb7cd92931ad27d9e0a902a3f45bee357aebcfa416f972240682ade500cb,56,61,6,2fdd16eed5568b12ca6a58287166e76f55040eaaa514394c3ddb847f52ee6b92,493497,نقل والية النكاح -انقطاع من األولياء -خلو املرأة من املوانع -عدم البينة عىل االنقطاع -قبول قوهلا يف ذلك -كفاءة اخلاطب -شهادة شاهدين -نقل الوالية إىل القايض -تزويج املنهية.,,,34565342,,,املعاملة من حمكمة االستئناف بمكة ،وبرفقها قرار مالحظة صادر من الدائرة األوىل,c154e6bff9f1f344ce075bd376a1b7bceb756b3e0b73819b3ca9f806a9a60f17,metadata_incomplete_pending_review
collector-1435-v8-p62-32371415,extracted/collector-judgments-pdf/collector-1435-v8-p62-32371415.pdf,moj-judgments-1435-volume-8.pdf,097abb7cd92931ad27d9e0a902a3f45bee357aebcfa416f972240682ade500cb,62,66,5,b2817f58725e3b4df93ec697b8dc69276b124a76087e4b9d26903f03ac6f4f42,486583,إذن نقل عقار قارص -نزع ملكية العقار -تعويض بعقار بديل - صك ملكية -رسيان مفعوله -قرار قسم اخلرباء -شهادة شهود عدول - غبطة ومصلحة للقارص -اإلذن للويل باملناقلة.,,,32371415,,,,ec6f69f0c24127f9707b1d5ea3b83ca438aa34d4ab746017768cba0bba568b82,metadata_incomplete_pending_review
collector-1435-v8-p67-34559738,extracted/collector-judgments-pdf/collector-1435-v8-p67-34559738.pdf,moj-judgments-1435-volume-8.pdf,097abb7cd92931ad27d9e0a902a3f45bee357aebcfa416f972240682ade500cb,67,71,5,be5e3a133a614db7b4cd94ad9974a1c6b0e75f140f2ef1e4800772e4d88a525c,481395,إذن نقل عقار قارص -عقارات قديمة -نقلها إىل عقار بديل -صك ملكية -رسيان مفعوله -قرار قسم اخلرباء -شهادة شهود عدول -غبطة ومصلحة للقارص -اإلذن للويل,,,34559738,,احلمد هلل وحده وبعد ،فقد اطلعنا نحن قضاة دائرة األحوال الشخصية بمحكمة االستئناف,,ccd4d6157300c29561d8c7ebb23d88a872a4333e9ed4f327f229b491bcc2f12c,metadata_incomplete_pending_review
collector-1435-v8-p72-34202718,extracted/collector-judgments-pdf/collector-1435-v8-p72-34202718.pdf,moj-judgments-1435-volume-8.pdf,097abb7cd92931ad27d9e0a902a3f45bee357aebcfa416f972240682ade500cb,72,76,5,40597ef75aefaf48fa9eff2bae25b08a053b67c69d693fbbdfc6d1ff436640bc,487522,إذن رشاء -عقار لقارص -صك ملكية -رسيان مفعوله - قرار قسم اخلرباء -شهادة شهود عدول -غبطة ومصلحة للقارص -اإلذن للويل بالرشاء.,,,34202718,,الثانية لألحوال الشخصية واألوقاف والوصايا والقصار وبيوت املال بمحكمة االستئناف,احلمد هلل والصالة والسالم عىل من ال نبي بعده وبعد ،فقد جرى منا نحن قضاة الدائرة,4299c77c270a4c0a710d5d751a5db2aefb98d15bb676b7c22c1efae2fa296e44,metadata_incomplete_pending_review
collector-1435-v8-p77-34551454,extracted/collector-judgments-pdf/collector-1435-v8-p77-34551454.pdf,moj-judgments-1435-volume-8.pdf,097abb7cd92931ad27d9e0a902a3f45bee357aebcfa416f972240682ade500cb,77,82,6,23166631a4062dc005ba50d1597a335c054708cd46789bc1d08456c7ddddbde1,489578,إذن رشاء -عقار لقارص -صك ملكية -رسيان مفعوله - قرار قسم اخلرباء -شهادة شهود عدول -غبطة ومصلحة للقارص -اإلذن للويل بالرشاء.,,,34551454,,احلمد هلل وحده وبعد ،فقد اطلعنا نحن قضاة الدائرة احلقوقية الثانية بمحكمة االستئناف,احلمد هلل وحده وبعد ،فقد اطلعنا نحن قضاة الدائرة احلقوقية الثانية بمحكمة االستئناف,0ee77496ba90aad6fa7ee4fc0d20a4a599f47ade9a16c455845ae6c212451b9d,metadata_incomplete_pending_review
collector-1435-v8-p83-34555177,extracted/collector-judgments-pdf/collector-1435-v8-p83-34555177.pdf,moj-judgments-1435-volume-8.pdf,097abb7cd92931ad27d9e0a902a3f45bee357aebcfa416f972240682ade500cb,83,86,4,c724ef08ec3f19c15cee8c0c039ea55481fa25931daff23bd24879d315024977,484324,إذن رشاء -عقار لقارص -صك ملكية -رسيان مفعوله - قرار قسم اخلرباء -شهادة شهود عدول -غبطة ومصلحة للقارص -اإلذن للويل بالرشاء.,,,34555177,,,الدائرة الثالثة لألحوال الشخصية واألوقاف والوصايا والقصار وبيوت املال بمحكمة,71a3a01c6abe0a00432816149964c6bed6524682c541dca1b3987d706df138e3,metadata_incomplete_pending_review
collector-1435-v8-p87-34246734,extracted/collector-judgments-pdf/collector-1435-v8-p87-34246734.pdf,moj-judgments-1435-volume-8.pdf,097abb7cd92931ad27d9e0a902a3f45bee357aebcfa416f972240682ade500cb,87,92,6,77e03ea9328506e70acf60e997bfc63f100ef4ea49d684b1cc35f2418f4e03ff,491417,إذن تعمري -بناء أرض من مال القارص -اشرتاكه يف ملكيتها -صك ملكية -رسيان مفعوله - قرار قسم اخلرباء -شهادة شهود عدول -غبطة ومصلحة للقارص -رشاكة بالنصف أرض ا وبناء -اإلذن للويل بذلك.,,,34246734,,واألوقاف والوصايا والقصار وبيوت املال بمحكمة االستئناف يف منطقة مكة املكرمة,قايض الدائرة اإلهنائية ( )...باملحكمة العامة بمحافظة جدة ،وبناء عىل املعاملة,d2789e810e50c5870f270b53c1fcd2a1dc60099a1074ff19d054ec178cd52286,metadata_incomplete_pending_review
collector-1435-v8-p93-35139333,extracted/collector-judgments-pdf/collector-1435-v8-p93-35139333.pdf,moj-judgments-1435-volume-8.pdf,097abb7cd92931ad27d9e0a902a3f45bee357aebcfa416f972240682ade500cb,93,97,5,3cdbce12c0a44029df3cb9e916c24694bd32969dbfd3f8482fbf57db4f6da1a2,486608,إذن تعمري -عقار لقارص -بناؤه من أمواله -صك ملكية -رسيان مفعوله - قرار قسم اخلرباء -شهادة شهود عدول -غبطة ومصلحة للقارص -اإلذن بالتعمري من أمواله - تصديق احلكم - تسليم املبلغ للويل.,,,35139333,,الشخصية واألوقاف والوصايا والقصار وبيوت املال بمحكمة االستئناف بمنطقة عسري,احلمد هلل وحده وبعد ،فقد اطلعنا نحن قضاة الدائرة املختصة بتدقيق قضايا األحوال,09ebcc69ac2e596292e48574987f25c31845781419ebeb5f6deaa8f8cae60aaf,metadata_incomplete_pending_review
collector-1435-v8-p98-34432564,extracted/collector-judgments-pdf/collector-1435-v8-p98-34432564.pdf,moj-judgments-1435-volume-8.pdf,097abb7cd92931ad27d9e0a902a3f45bee357aebcfa416f972240682ade500cb,98,101,4,fcc6cae04cff54df4cb12dd948724286883ad43517f3524b3b33e63880f88c0f,484699,إذن بيع -نصيب قارص من عقار -صك ملكية -رسيان مفعوله -إعالن يف الصحيفة - تقدم مزايد -قرار قسم اخلرباء -شهادة شهود عدول -غبطة ومصلحة للقارص -اإلذن ببيع العقار -حفظ نصيب القارص.,,,34432564,,,احلمد هلل وحده والصالة والسالم عىل من ال نبي بعده وبعد ،فنحن قضاة الدائرة األوىل,4c9b8c16fa658753f359cf33255b7e4a0355fb0b40280dc845f650f133aabb1d,metadata_incomplete_pending_review
collector-1435-v8-p102-34478770,extracted/collector-judgments-pdf/collector-1435-v8-p102-34478770.pdf,moj-judgments-1435-volume-8.pdf,097abb7cd92931ad27d9e0a902a3f45bee357aebcfa416f972240682ade500cb,102,106,5,ca55f49deb484d7d0f1cd1aeca6c2709fef7e74176cdbed9da7b85d378ceb146,489348,إذن بيع -نصيب قارص من عقار -صك ملكية -رسيان مفعوله -قرار قسم اخلرباء - شهادة شهود عدول -غبطة ومصلحة للقارص -اإلذن ببيع العقار -حفظ نصيب القارص - تصديق احلكم - إجراء املبايعة -هتميش عىل صك امللكية.,,,34478770,,الشخصية واإلهناءات بمحكمة االستئناف بالرياض عىل املعاملة الواردة من فضيلة رئيس,احلمد هلل وحده وبعد ،فقد اطلعنا نحن قضاة الدائرة األوىل لتمييز قضايا األحوال,41501b286b1daecec672dcbe7cda30e46679c36deedc875d47b75d5d30e55dce,metadata_incomplete_pending_review
collector-1435-v8-p107-35199594,extracted/collector-judgments-pdf/collector-1435-v8-p107-35199594.pdf,moj-judgments-1435-volume-8.pdf,097abb7cd92931ad27d9e0a902a3f45bee357aebcfa416f972240682ade500cb,107,113,7,39944fdfea60264243a9289636d69b7ad49e2549486c1de700205c80e1b9398c,493123,إذن بيع -نصيب قارص من عقارات -صك ملكية -رسيان مفعوله -إعالن يف الصحيفة -قرار قسم اخلرباء -شهادة شهود عدول -غبطة ومصلحة للقارص -رغبة املشرتي -اإلذن ببيع العقارات -بيان نصيب كل وارث -حفظ نصيب القارص.,,,35199594,,,الدائرة اإلهنائية الثانية باملحكمة العامة بمحافظة جدة ،وبناء عىل املعاملة املحالة إلينا من,bf569582f8c03c24c49dab4b17e0022f9a7e9af8bb2f406e6579e600f0191d88,metadata_incomplete_pending_review
collector-1435-v8-p114-35204129,extracted/collector-judgments-pdf/collector-1435-v8-p114-35204129.pdf,moj-judgments-1435-volume-8.pdf,097abb7cd92931ad27d9e0a902a3f45bee357aebcfa416f972240682ade500cb,114,121,8,6a299b90b0c30a516c26a21afe14ef4f87f31ab5369cf212331bd252b927f4cb,494740,إذن بيع -نصيب قارص من عقار -صك ملكية -رسيان مفعوله -إعالن يف الصحيفة - تقدم راغب يف الرشاء -قرار قسم اخلرباء -تقدير ثمن آخر - شهادة شهود عدول -غبطة ومصلحة للقارص -اإلذن ببيع العقار -بيان نصيب كل وارث -تصديق احلكم - إجراء املبايعة -هتميش عىل صك امللكية.,,,35204129,,,رقم 351006633يف 1435/8/3ه ،املتضمن أنه جرى تدقيق احلكم من الدائرة األوىل,75b483602228b14b50071f078220f905383c20ddd43cae7fcf6012d4b0dda3d9,metadata_incomplete_pending_review
collector-1435-v8-p122-35240727,extracted/collector-judgments-pdf/collector-1435-v8-p122-35240727.pdf,moj-judgments-1435-volume-8.pdf,097abb7cd92931ad27d9e0a902a3f45bee357aebcfa416f972240682ade500cb,122,128,7,5b7257e687532331c5593d8a60cad5700c7680d3c2242d766ca193e260cae9a2,493959,إذن بيع -نصيب قارص من عقار -صك ملكية -رسيان مفعوله -قرار قسم اخلرباء - شهادة شهود عدول -غبطة ومصلحة للقارص -اإلذن ببيع العقار -حفظ نصيب القارص - تصديق احلكم - إجراء املبايعة -هتميش عىل صك امللكية.,,,35240727,,بمحكمة االستئناف بمنطقة القصيم ،موجب القرار,1435/6/17ه من قضاة الدائرة املختصة بتدقيق قضايا األحوال الشخصية واإلهناءات,f212c4296f948aa889bb9c2f84bcf2a9daf681f6c5c3eee84ff1638ff007a589,metadata_incomplete_pending_review
collector-1435-v8-p129-35245659,extracted/collector-judgments-pdf/collector-1435-v8-p129-35245659.pdf,moj-judgments-1435-volume-8.pdf,097abb7cd92931ad27d9e0a902a3f45bee357aebcfa416f972240682ade500cb,129,134,6,bd75205814871cfbfb07bf5dfafbfdfdd948f72d1dd65c9cbe31517a0a290c70,490082,إذن بيع -نصيب قارص من عقار -صك ملكية -رسيان مفعوله -قرار قسم اخلرباء - شهادة شهود عدول -غبطة ومصلحة للقارص -رغبة املشرتي -اإلذن ببيع العقار -بيان نصيب كل وارث -تسليم نصيب القارص لوليه -تصديق احلكم - إجراء املبايعة -هتميش عىل صك امللكية.,,,35245659,,الشخصية واإلهناءات بمحكمة االستئناف بمنطقة القصيم عىل املعاملة الواردة من فضيلة,احلمد هلل وحده وبعد ،فقد اطلعنا نحن قضاة الدائرة املختصة بتدقيق قضايا األحوال,7ae2d11390d6db1543fdcbfa01d3d2825ad4165f731a52ad3cfe3adaad492efc,metadata_incomplete_pending_review
collector-1435-v8-p135-35276588,extracted/collector-judgments-pdf/collector-1435-v8-p135-35276588.pdf,moj-judgments-1435-volume-8.pdf,097abb7cd92931ad27d9e0a902a3f45bee357aebcfa416f972240682ade500cb,135,138,4,2bd39c87e10b482d7f14a5b63d61d34b3550b8a037cbb77a537a2663c3c6d59e,483679,إذن بيع -نصيب قارص من عقار -صك ملكية -رسيان مفعوله -إعالن يف الصحيفة - قرار قسم اخلرباء -شهادة شهود عدول -غبطة ومصلحة للقارص -اإلذن ببيع العقار - بيان نصيب كل وارث -حفظ نصيب القارص.,,,35276588,,,الدائرة اإلهنائية ( )...باملحكمة العامة بمحافظة جدة والقائم بعمل الدائرة اإلهنائية,b5c2cd9aeba487f8ab00fa53a240a480f29498bb260298c1011aea6fc99a2d8c,metadata_incomplete_pending_review
collector-1435-v8-p139-35283620,extracted/collector-judgments-pdf/collector-1435-v8-p139-35283620.pdf,moj-judgments-1435-volume-8.pdf,097abb7cd92931ad27d9e0a902a3f45bee357aebcfa416f972240682ade500cb,139,153,15,970403e6a0a45be9509f52cb701f99798622c5107cc9efe2b9dc4c9dd20433bb,514181,إذن بيع -نصيب قارص من أرض زراعية -صك ملكية -رسيان مفعوله -مزاد علني - قرار قسم اخلرباء -شهادة شهود عدول -غبطة ومصلحة للقارص -موافقة الصندوق الزراعي -اإلذن ببيع العقار -تصديق احلكم - إجراء املبايعة -هتميش عىل صك امللكية.,,,35283620,,الشخصية واإلهناءات بمحكمة االستئناف بمنطقة القصيم عىل املعاملة الواردة من فضيلة,احلمد هلل وحده وبعد ،فقد اطلعنا نحن قضاة الدائرة املختصة بتدقيق قضايا األحوال,bb544afb333efcd8a6b632a5ec8b1c1a71c7f91dd7fa47c2b9a3678a4f8698ff,metadata_incomplete_pending_review
collector-1435-v8-p154-35404435,extracted/collector-judgments-pdf/collector-1435-v8-p154-35404435.pdf,moj-judgments-1435-volume-8.pdf,097abb7cd92931ad27d9e0a902a3f45bee357aebcfa416f972240682ade500cb,154,158,5,acafdc7958993588cb8c7116e609ef3b14a16262358f0431f21ffc5fa8a65e31,486408,إذن بيع -نصيب قارص من عقار -صك ملكية -رسيان مفعوله -إعالن يف الصحيفة - قرار قسم اخلرباء -شهادة شهود عدول -غبطة ومصلحة للقارص -اإلذن بالبيع -بيان نصيب كل وارث -تسليم نصيب القارص لوليه.,,,35404435,,,,ebc2dcccfa4f602ad7caffda41888150520a52b3950778347f71f31aef7a8f05,metadata_incomplete_pending_review
collector-1435-v8-p159-3592477,extracted/collector-judgments-pdf/collector-1435-v8-p159-3592477.pdf,moj-judgments-1435-volume-8.pdf,097abb7cd92931ad27d9e0a902a3f45bee357aebcfa416f972240682ade500cb,159,162,4,083128c24caec976e8f5cb8210132a9aaeb1798384f03c291345d9d679076c4d,483033,إدخال قارص يف رشكة -حلوله حمل مورثه -طلب اإلذن بذلك -قرار قسم اخلرباء - غبطة ومصلحة للقارص -شهادة شهود عدول -اإلذن بدخول القارص -هتميش عىل قرار,,,3592477,,,احلمد هلل وحده والصالة والسالم عىل من ال نبي بعده وبعد ،نحن قضاة الدائرة األوىل,8f5498f2dffd5a58d3a196060bc298a5285f0e50dd0be87f3f063b2635a8da65,metadata_incomplete_pending_review
collector-1435-v8-p163-34431423,extracted/collector-judgments-pdf/collector-1435-v8-p163-34431423.pdf,moj-judgments-1435-volume-8.pdf,097abb7cd92931ad27d9e0a902a3f45bee357aebcfa416f972240682ade500cb,163,168,6,efdc0be6185c76ea20b9122142c581ab88c084d69352350bab376a15b5c91e5d,489191,فرز نصيب قارص من تركة -عقارات ومنقوالت -قرار قسم اخلرباء -تثمني نصيب القارص -شهادة شهود عدول -غبطة ومصلحة للقصار -اإلذن باملخارجة -حفظ نصيب,,,34431423,,االستئناف دائرة األحوال الشخصية بمحكمة االستئناف بمنطقة حائل رقم 34374188,الدائرة ( ،)...ختمه وتوقيعه )).انتهى .عليه أجيب أصحاب الفضيلة قضاة االستئناف عن,ffaf78851c22c82da5e871bc50c7be18288d81c886cdcec6ec5b29f0ab8a6372,metadata_incomplete_pending_review
collector-1435-v8-p169-35118620,extracted/collector-judgments-pdf/collector-1435-v8-p169-35118620.pdf,moj-judgments-1435-volume-8.pdf,097abb7cd92931ad27d9e0a902a3f45bee357aebcfa416f972240682ade500cb,169,173,5,4ba079942d362a811fa8eee8e5f268cac24954c28952699516759be963a9581b,851286,إذن بيع -عقار منزوع امللكية -تعويض -رسيان مفعول الصك -قرار قسم اخلرباء - شهادة شهود عدول -غبطة ومصلحة للقارص -اإلذن ببيع العقار -حفظ نصيب القارص.,,,35118620,,,احلمد هلل وحده والصالة والسالم عىل من ال نبي بعده وبعد ،فنحن قضاة الدائرة األوىل,b71352cfdc78851567d89479c81961c9464b1729ec127cf2ce44dc89d4ea86ec,metadata_incomplete_pending_review
collector-1435-v8-p174-34303415,extracted/collector-judgments-pdf/collector-1435-v8-p174-34303415.pdf,moj-judgments-1435-volume-8.pdf,097abb7cd92931ad27d9e0a902a3f45bee357aebcfa416f972240682ade500cb,174,181,8,b3a835693f3c973fe40fc33b7d638d02b8a07e8ab917abee9b586a8ac117cce0,893735,إبطال عقد نكاح -من دون ويل -دفع بموافقة الويل -عدم البينة عليه -شهادة شهود عدول -يمني الويل -ثبوت بطالن النكاح.,,,34303415,,,الدائرة الثالثة لألحوال الشخصية واألوقاف والوصايا والقصار وبيوت املال بمحكمة,854ef5e64ecc3bb33bb4fcc87f6e01e7b5f7548c9846e9abd30e6000f507b1fc,metadata_incomplete_pending_review
collector-1435-v8-p182-34123817,extracted/collector-judgments-pdf/collector-1435-v8-p182-34123817.pdf,moj-judgments-1435-volume-8.pdf,097abb7cd92931ad27d9e0a902a3f45bee357aebcfa416f972240682ade500cb,182,184,3,4bddfff525cd9d7451f6628710be4837ff66fc8d7a2d928a64c5c2d01e8e0bca,495992,والية نكاح -غيبة الويل األقرب -طلب نقل الوالية لألبعد -شهادة شهود عدول - بحث وحتري عن الغائب -إعالن يف الصحيفة -ثبوت غيبة الويل -نقل الوالية إىل األخ,,,34123817,,,احلمد هلل وحده والصالة والسالم عىل من ال نبي بعده وبعد ،نحن قضاة الدائرة األوىل,4e5128bad5b46eda5670fa3ee8938b5bc9d0ef66d6a042422ec6d97c4ec1db36,metadata_incomplete_pending_review
collector-1435-v8-p185-33439358,extracted/collector-judgments-pdf/collector-1435-v8-p185-33439358.pdf,moj-judgments-1435-volume-8.pdf,097abb7cd92931ad27d9e0a902a3f45bee357aebcfa416f972240682ade500cb,185,187,3,5060d8b04f5715f8c409ab07a27b02b8664ae6f9dea490fbd2c9db55f1ba838a,497373,خطاب -امتناع األولياء من التزويج -مغادرهتم البالد هنائيا -شهادة شهود عدول -إفادة اجلهة املختصة -حكم غيايب -ثبوت العضل -نقل والية النكاح,,,33439358,,,الدائرة الثالثة لألحوال الشخصية واألوقاف والوصايا والقصار وبيوت املال بمحكمة,2fff091244a5d49a8f25bda10ad017c0c5a37a1952437c96be424d4453554912,metadata_incomplete_pending_review
collector-1435-v8-p188-34298021,extracted/collector-judgments-pdf/collector-1435-v8-p188-34298021.pdf,moj-judgments-1435-volume-8.pdf,097abb7cd92931ad27d9e0a902a3f45bee357aebcfa416f972240682ade500cb,188,193,6,5198a7207662c867099e6ae98decb1be9c52448339a9318890a70b3da3f15dbf,498998,عضل -تقدم خاطب -رفض الويل تزوجيه -طلب نقل والية النكاح -دفع بعدم صالح اخلاطب -شهادة شهود عدول -تعديل اخلاطب -ثبوت العضل -نقل الوالية إىل القايض -عقد زواج املدعية.,,,34298021,,,الدائرة الثالثة لألحوال الشخصية واألوقاف والوصايا والقصار وبيوت املال بمحكمة,ab8cd9625a038f92895f4867329be3938c53173aa0220658def8f049cf8bfba7,metadata_incomplete_pending_review
collector-1435-v8-p194-34356743,extracted/collector-judgments-pdf/collector-1435-v8-p194-34356743.pdf,moj-judgments-1435-volume-8.pdf,097abb7cd92931ad27d9e0a902a3f45bee357aebcfa416f972240682ade500cb,194,196,3,fb9e81df874729f711e2010a28f3d15d848485d63847a518df4ad1f2062663ee,480056,عضل -تقدم خاطب -رفض الويل تزوجيه -طلب نقل والية النكاح -إقرار بالدعوى - دفع بسبق انسحاب اخلاطب -سبق املوافقة عليه -ثبوت العضل -نقل الوالية إىل القايض.,,,34356743,,الشخصية واألوقاف والوصايا والقصار وبيوت املال بمحكمة االستئناف بمنطقة عسري,احلمد هلل وحده ،وبعد ،فقد اطلعنا نحن قضاة الدائرة املختصة بتدقيق قضايا األحوال,e015b70fd025f908067562eaaa3e635876fe588e87ba6c739d0c5dd083041231,metadata_incomplete_pending_review
collector-1435-v8-p197-34397051,extracted/collector-judgments-pdf/collector-1435-v8-p197-34397051.pdf,moj-judgments-1435-volume-8.pdf,097abb7cd92931ad27d9e0a902a3f45bee357aebcfa416f972240682ade500cb,197,220,24,57130e197be3dd18b712b7990087eb0f7cd43002925937f419cc1fa26d499732,577238,عضل -تقدم خاطب -رفض الويل تزوجيه -حضور اخلاطب املتداخل -طلبه الزواج من املدعية -طعن يف دين اخلاطب وأمانته -الكفاءة رشط لزوم ال صحة -ثبوت العضل - نقل الوالية إىل القايض.,,,34397051,,,الدائرة الثالثة لألحوال الشخصية واألوقاف والوصايا والقصار وبيوت املال بمحكمة,57a1b48bcc32126f1a94151b2f505c442f14aa93f38c1719828ed2e055e4fb1a,metadata_incomplete_pending_review
collector-1435-v8-p221-34457764,extracted/collector-judgments-pdf/collector-1435-v8-p221-34457764.pdf,moj-judgments-1435-volume-8.pdf,097abb7cd92931ad27d9e0a902a3f45bee357aebcfa416f972240682ade500cb,221,225,5,83b99b4857049f209ab914fcc1b8569e534767c4bd8f5258fe793311781fa06d,489089,عضل -تقدم خاطب -رفض الويل تزوجيها -طلب نقل والية النكاح -حضور اخلاطب -بينة عىل كفاءته وصالحه -شهادة شهود عدول -حكم حضوري -ثبوت العضل -نقل الوالية إىل القايض.,,,34457764,,الثانية لألحوال الشخصية واألوقاف والوصايا والقصار وبيوت املال بمحكمة االستئناف,احلمد هلل ،والصالة والسالم عىل من ال نبي بعده ،وبعد ،فقد جرى منا نحن قضاة الدائرة,8c66eed5493b439595889edb187fe19e7162c6ea653cb8ed9ecf2a9594ceb1a6,metadata_incomplete_pending_review
collector-1435-v8-p226-34531086,extracted/collector-judgments-pdf/collector-1435-v8-p226-34531086.pdf,moj-judgments-1435-volume-8.pdf,097abb7cd92931ad27d9e0a902a3f45bee357aebcfa416f972240682ade500cb,226,229,4,9bc6836223cd5a1fbed328dd1343c11ce69ac99f329babb6f77ae7a266dc4389,483189,عضل -تقدم خاطب -رفض الويل تزوجيه -طلب نقل والية النكاح -دفع بعدم صالح اخلاطب -إدخاله يف الدعوى -شهادة شهود عدول -بينة عىل كفاءته -ثبوت العضل - نقل الوالية إىل القايض.,,,34531086,,,الدائرة الثالثة لألحوال الشخصية واألوقاف والوصايا والقصار وبيوت املال بمحكمة,9513aa34877ab6497f9c08beda7b3fb1ac9df63ab569915b416f9b74e0053736,metadata_incomplete_pending_review
collector-1435-v8-p230-3584831,extracted/collector-judgments-pdf/collector-1435-v8-p230-3584831.pdf,moj-judgments-1435-volume-8.pdf,097abb7cd92931ad27d9e0a902a3f45bee357aebcfa416f972240682ade500cb,230,236,7,7200ac17d61d4a3f9e644a86da0e460fbc5d5cd53b22f15e736ba6c8f074dfe7,497352,عضل -تقدم خاطب -رفض الويل تزوجيه -طلب نقل والية النكاح -اخلاطب غري سعودي -موافقة اجلهة املختصة -حضور اخلاطب -بينة عىل كفاءته -شهادة شهود عدول -ثبوت العضل -نقل الوالية إىل القايض -إجراء عقد الزواج.,,,3584831,,,,0ee31ddc8cef44f83fa8b341fccef33d2c6d3a652f575aa442207835f999de5e,metadata_incomplete_pending_review
collector-1435-v8-p237-35128873,extracted/collector-judgments-pdf/collector-1435-v8-p237-35128873.pdf,moj-judgments-1435-volume-8.pdf,097abb7cd92931ad27d9e0a902a3f45bee357aebcfa416f972240682ade500cb,237,240,4,a03ae1619fc08fe7e98c532f57930d3123a83cc556fb5e4400de476f292dee80,490874,عضل -تقدم خاطب -رفض الويل تزوجيه -طلب نقل والية النكاح -شهادة شهود عدول -تبليغ شخيص -غياب املدعى عليه -ثبوت العضل -نقل الوالية إىل األخ الشقيق.,,,35128873,,الثانية لألحوال الشخصية واألوقاف والوصايا والقصار وبيوت املال بمحكمة االستئناف,احلمد هلل ،والصالة والسالم عىل من ال نبي بعده ،وبعد ،فقد جرى منا نحن قضاة الدائرة,a0f838e94b393902349c6c0ef5ce6d5354711da04405426c1836c79bdbfa6914,metadata_incomplete_pending_review
collector-1435-v8-p241-33672762,extracted/collector-judgments-pdf/collector-1435-v8-p241-33672762.pdf,moj-judgments-1435-volume-8.pdf,097abb7cd92931ad27d9e0a902a3f45bee357aebcfa416f972240682ade500cb,241,244,4,db9e7ff94b4bec77f93d0d5e79c9db037ce1eab1a10ab90a0b90fe43715bd960,486380,عضل -تقدم خاطب -رفض الويل تزوجيه -طلب نقل والية النكاح -شهادة شهود عدول -حضور اخلاطب -بينة عىل كفاءته وصالحه -تبليغ شخيص -حكم حضوري - ثبوت العضل -نقل الوالية إىل األخ الشقيق.,,,33672762,,,,dbd2220b817d9c64664e500d4b4c6600cae85bd39e5b39abe3d1bb87b6d05a9a,metadata_incomplete_pending_review
collector-1435-v8-p245-34556467,extracted/collector-judgments-pdf/collector-1435-v8-p245-34556467.pdf,moj-judgments-1435-volume-8.pdf,097abb7cd92931ad27d9e0a902a3f45bee357aebcfa416f972240682ade500cb,245,249,5,24cfa7e9d1437e9e6a7b5e42519e79514c0297cdf2b232650dfafd356c90703e,482418,خطاب -رفض الويل تزوجيهم - طلب نقل والية النكاح -شهادة شهودعضل -تقدم عدول -تبليغ شخيص -حكم غيايب -ثبوت العضل -نقل الوالية إىل األخ.,,,34556467,,الشخصية واإلهناءات بمحكمة االستئناف بمنطقة القصيم عىل املعاملة الواردة من فضيلة,احلمد هلل وحده ،وبعد ،فقد اطلعنا نحن قضاة الدائرة املختصة بتدقيق قضايا األحوال,18569cb82fc00c2602bd02cc839f46c5b73a8cea86405f93b1e19053705b9c11,metadata_incomplete_pending_review
collector-1435-v8-p250-34167039,extracted/collector-judgments-pdf/collector-1435-v8-p250-34167039.pdf,moj-judgments-1435-volume-8.pdf,097abb7cd92931ad27d9e0a902a3f45bee357aebcfa416f972240682ade500cb,250,253,4,04dfcf2934ce72b0d4bde3cacb1c8dc86dea4b8204ecbe4197ea51dba02c7446,479850,والية نكاح -طلب نزعها من األب -نقلها إىل األخ ألم -عدم انعقاد الوالية له -رد,,,34167039,,الشخصية واإلهناءات بمحكمة االستئناف بالرياض عىل املعاملة الواردة من فضيلة رئيس,احلمد هلل وحده وبعد ،فقد اطلعنا نحن قضاة الدائرة الثانية املختصة بنظر قضايا األحوال,acc566f642455d1fdebc0a578eb78659085dba39a92f5884fb6dac041a419941,metadata_incomplete_pending_review
collector-1435-v8-p254-34258154,extracted/collector-judgments-pdf/collector-1435-v8-p254-34258154.pdf,moj-judgments-1435-volume-8.pdf,097abb7cd92931ad27d9e0a902a3f45bee357aebcfa416f972240682ade500cb,254,257,4,e679ad97122325abf3b9b735140b94db3b4824ea0822b513526a2db06c28b035,480859,عضل -تقدم خاطب -رفض الويل تزوجيه -طلب نقل والية النكاح -إنكار الدعوى - استعداد الويل بتزويج األكفاء عدم ثبوت العضل -رصف النظر.,,,34258154,,,احلمد هلل وحده ،والصالة والسالم عىل من ال نبي بعده ،وبعد ،فنحن قضاة الدائرة,7f94107a9a7605715676f38656e61740d9e2fdc58bd83b2b16d1e48bab79edf7,metadata_incomplete_pending_review
collector-1435-v8-p258-34434725,extracted/collector-judgments-pdf/collector-1435-v8-p258-34434725.pdf,moj-judgments-1435-volume-8.pdf,097abb7cd92931ad27d9e0a902a3f45bee357aebcfa416f972240682ade500cb,258,263,6,f4e04fff46c63c2dcf8f243d3d7f1e16486172a46da5d7369c467c264567308b,1185197,عضل -تقدم خاطب -رفض الويل تزوجيه -طلب نقل والية النكاح -إنكار دعوى املدعية -رفضها الزواج من األكفاء -إدخال اخلاطب يف الدعوى -إقراره بعدم خطبة املدعية -عدم ثبوت العضل -رد الدعوى.,,,34434725,,الثانية لألحوال الشخصية واألوقاف والوصايا والقصار وبيوت املال بمحكمة االستئناف,احلمد هلل ،والصالة والسالم عىل من ال نبي بعده ،وبعد ،فقد جرى منا نحن قضاة الدائرة,ef9448155738c1b541981c632a18f89d24307f30305fb58882cee2377b3781ef,metadata_incomplete_pending_review
collector-1435-v8-p264-3528195,extracted/collector-judgments-pdf/collector-1435-v8-p264-3528195.pdf,moj-judgments-1435-volume-8.pdf,097abb7cd92931ad27d9e0a902a3f45bee357aebcfa416f972240682ade500cb,264,271,8,fc00d72365c56c9e324c9c3a031d475b22486f45f54795d790defd4fa5aa2a15,516879,صداق -عدول عن اخلطبة -طلب رد الصداق والذهب -دفع باشرتاط عدم الرد - الرشط مرتبط بالعقد -عدم انعقاد العقد -إلزام برد الصداق.,,,3528195,,احلقوقية بمحكمة االستئناف بمنطقة حائل عىل املعاملة الواردة من فضيلة رئيس املحكمة,ختمه وتوقيعه .رئيس الدائرة ( )...ختمه وتوقيعه؛ وعليه أجيب أصحاب الفضيلة قضاة,7e2a8f0183ced0a79181447c6ea4ac3f391faae511dade4eb42b517a5bb0bfe6,metadata_incomplete_pending_review
collector-1435-v8-p272-32525752,extracted/collector-judgments-pdf/collector-1435-v8-p272-32525752.pdf,moj-judgments-1435-volume-8.pdf,097abb7cd92931ad27d9e0a902a3f45bee357aebcfa416f972240682ade500cb,272,275,4,f84efaab06fc47edc8ed71753475a15a78f3dca31498ee75edf5dd5ae3d83ce3,497498,صداق -طلب تسليم نصفه -طالق قبل الدخول واخللوة -إقرار بالدعوى -دفع بطلب والدة املدعية تطليقها -إنكارها -إلزام بتسليم نصف الصداق.,,,32525752,,,,2c80dcaf98dbf532574b2bf3b047a60a182fc3419f5a3299c389bf009a350583,metadata_incomplete_pending_review
collector-1435-v8-p276-33319798,extracted/collector-judgments-pdf/collector-1435-v8-p276-33319798.pdf,moj-judgments-1435-volume-8.pdf,097abb7cd92931ad27d9e0a902a3f45bee357aebcfa416f972240682ade500cb,276,278,3,077ff6fdc020a2f4f0b76ba48a42d9afc95c56a45278f96506f430e07f2ac5a6,476102,صداق -طالق املدعية بعد الدخول -طلب تسليم املؤخر -دفع بطلبها الطالق -عدم إثباته -اشرتاط املؤخر يف العقد -حكم حضوري -إلزام بتسليم مؤخر الصداق.,,,33319798,,الثانية لألحوال الشخصية واألوقاف والوصايا والقصار وبيوت املال بمحكمة االستئناف,احلمد هلل ،والصالة والسالم عىل من ال نبي بعده ،وبعد ،فقد جرى منا نحن قضاة الدائرة,877615bc806beb3d7fa392941fd7462fb3c8d892e3dbbc2ea8b6f1acc9bcac4a,metadata_incomplete_pending_review
collector-1435-v8-p279-3411503,extracted/collector-judgments-pdf/collector-1435-v8-p279-3411503.pdf,moj-judgments-1435-volume-8.pdf,097abb7cd92931ad27d9e0a902a3f45bee357aebcfa416f972240682ade500cb,279,282,4,c284c954b247c01769a48a66faba348c12d01d3c27b921099466e3d665bd4979,482029,صداق -طالق املدعية بعد الدخول -طلب تسليم باقي الصداق -عقد نكاح -صك طالق -يمني املدعية -تعذر التبليغ -إعالن يف الصحيفة -حكم غيايب -إلزام بتسليم,,,3411503,,الثانية لألحوال الشخصية واألوقاف والوصايا والقصار وبيوت املال بمحكمة االستئناف,احلمد هلل ،والصالة والسالم عىل من ال نبي بعده ،وبعد ،فقد جرى منا نحن قضاة الدائرة,585f6ce2cde4810bb156e6d62685a1f85012a04fb459d681394276ccf7a31a8e,metadata_incomplete_pending_review
collector-1435-v8-p283-34308961,extracted/collector-judgments-pdf/collector-1435-v8-p283-34308961.pdf,moj-judgments-1435-volume-8.pdf,097abb7cd92931ad27d9e0a902a3f45bee357aebcfa416f972240682ade500cb,283,285,3,7daf9daf9036d82f54d6c6ca37f7c7f72b8169836e88fa8fa74f461d67e2142c,474731,صداق -طالق املدعية بعد الدخول -طلب تسليم املؤخر -دفع بتنازل املدعية - إنكارها -يمني النفي -إلزام بتسليم مؤخر الصداق.,,,34308961,,الثانية لألحوال الشخصية واألوقاف والوصايا والقصار وبيوت املال بمحكمة االستئناف,احلمد هلل ،والصالة والسالم عىل من ال نبي بعده ،وبعد ،فقد جرى منا نحن قضاة الدائرة,fc1f328897b2619cc88e9adbd412079908e3b107940ed6694aad3c9bcc1be9c2,metadata_incomplete_pending_review
collector-1435-v8-p286-34539380,extracted/collector-judgments-pdf/collector-1435-v8-p286-34539380.pdf,moj-judgments-1435-volume-8.pdf,097abb7cd92931ad27d9e0a902a3f45bee357aebcfa416f972240682ade500cb,286,289,4,31f110525e5f2bc68513088dbb386f434cdd931dd3787a244d1e6772a13f4a9c,484456,صداق -طلب تسليمه كامال -طالق بعد اخللوة -دفع بعدم الدخول -مبارشة بالتقبيل والضم - ثبوت الطالق بعد اخللوة -إلزام بتسليم كامل الصداق.,,,34539380,,,,d041ec8192cd9cff6458ea495e72a0d25f8e582b4aa9bad11c83a3fe04ed1dc6,metadata_incomplete_pending_review
collector-1435-v8-p290-3598590,extracted/collector-judgments-pdf/collector-1435-v8-p290-3598590.pdf,moj-judgments-1435-volume-8.pdf,097abb7cd92931ad27d9e0a902a3f45bee357aebcfa416f972240682ade500cb,290,293,4,ba68d409be6fa1caa5e4e3d241a0e5e30fc7918e9fbdd6c92fcf1affd16dccec,496248,صداق -طالق املدعية -طلب تسليم املؤخر -دفع بتنازهلا عنه -عجز عن إثبات الدفع -يمني النفي -إلزام بتسليم مؤخر الصداق.,,,3598590,,الثانية لألحوال الشخصية واألوقاف والوصايا والقصار وبيوت املال بمحكمة االستئناف,احلمد هلل ،والصالة والسالم عىل رسول اهلل ،وبعد ،فقد جرى منا نحن قضاة الدائرة,510dc1ffd2e18db3aa3fbd80aa07a08e3e62817c0700ff5774839bbacb449dc6,metadata_incomplete_pending_review
collector-1435-v8-p294-35180331,extracted/collector-judgments-pdf/collector-1435-v8-p294-35180331.pdf,moj-judgments-1435-volume-8.pdf,097abb7cd92931ad27d9e0a902a3f45bee357aebcfa416f972240682ade500cb,294,296,3,407e17941509c1204154228c288e54b56f2d98a72fc08e8b7ee657f77555a208,491721,صداق -طالق املدعية -طلب تسليم املؤخر -إقرار به يف صك الطالق -يمني االستظهار -تبليغ شخيص -حكم حضوري -إلزام بتسليم مؤخر الصداق.,,,35180331,,األحوال الشخصية واإلهناءات بمحكمة االستئناف بالرياض عىل املعاملة الواردة من,احلمد هلل وحده ،وبعد ،فقد اطلعنا نحن قضاة الدائرة الثانية املختصة بنظر قضايا,ffdb7110c125329bfdf4887571d43d8e0b5d344f7de23156c3acb7812172f320,metadata_incomplete_pending_review
collector-1435-v8-p297-352897,extracted/collector-judgments-pdf/collector-1435-v8-p297-352897.pdf,moj-judgments-1435-volume-8.pdf,097abb7cd92931ad27d9e0a902a3f45bee357aebcfa416f972240682ade500cb,297,301,5,231c155dfe32955574b2db8f0d9e30c43c3377a621735347716c1ba6a0a65588,488070,صداق -طالق املدعية -طلب تسليم املؤخر -دفع بالتنازل عن بعضه -تنازل مرشوط بمدة -عدم الوفاء بالرشط -إلزام بتسليم مؤخر الصداق.,,,352897,,,,510848fc452848cc3b155a178abb2a4bd239fad302d03f69e911a002a2f149d9,metadata_incomplete_pending_review
collector-1435-v8-p302-33612646,extracted/collector-judgments-pdf/collector-1435-v8-p302-33612646.pdf,moj-judgments-1435-volume-8.pdf,097abb7cd92931ad27d9e0a902a3f45bee357aebcfa416f972240682ade500cb,302,308,7,da63a31d80d61dd9a6da5c400ed1eb60ac8e58f669702a2ce745ef1bcac0d8a0,487792,صداق -طالق املدعية بعد الدخول -طلب تسليم املؤخر -دفع بتنازل املدعية - ادعاؤها اإلكراه عليه -شهادة شهود عدول -ثبوت التنازل باالختيار -رد الدعوى.,,,33612646,1433/11/28,,,f4e08decb6f2502209749d942fed84a20fd3a50fe75427486a09fb74549fc95d,metadata_incomplete_pending_review
collector-1435-v8-p309-33705843,extracted/collector-judgments-pdf/collector-1435-v8-p309-33705843.pdf,moj-judgments-1435-volume-8.pdf,097abb7cd92931ad27d9e0a902a3f45bee357aebcfa416f972240682ade500cb,309,313,5,2ebe666688126e610bb137f042f71fb697284908c1dce653470b7efa3fb805b6,491363,صداق -طالق املدعية بعد الدخول -طلب تسليم املؤخر -دفع بعدم استحقاقها - ترحيلها عن البالد جلريمة أخالقية -عدم سقوط حقها بذلك -إلزام بتسليم مؤخر,,,33705843,,الشخصية واإلهناءات بمحكمة االستئناف بالرياض عىل املعاملة الواردة من فضيلة,احلمد هلل وحده ،وبعد ،فقد اطلعنا نحن قضاة الدائرة الثانية املختصة بنظر قضايا األحوال,6b274dffd4ee94b75e8b27c4c4cc5f625245a0a6c090cece19724ef8d2457652,metadata_incomplete_pending_review
collector-1435-v8-p314-3416633,extracted/collector-judgments-pdf/collector-1435-v8-p314-3416633.pdf,moj-judgments-1435-volume-8.pdf,097abb7cd92931ad27d9e0a902a3f45bee357aebcfa416f972240682ade500cb,314,318,5,afc5dd81c5d7be2e1b9128db076827b4a49e22527078d086ce6cb806709f8abd,480753,صداق -طلب رده وتكاليف الزواج -عيب يف الزوجة -تغرير وليها املدعى عليه - معارشهتا بعد العلم بالعيب -سقوط حق املدعي -رصف النظر.,,,3416633,1434/01/11,الشخصية واألوقاف والوصايا والقصار وبيوت املال بمحكمة االستئناف بمنطقة عسري عىل,احلمد هلل وحده ،وبعد ،فقد اطلعنا نحن قضاة الدائرة املختصة بتدقيق قضايا األحوال,f0107d5f1cb7af38c8a1a25b812dbc0d4f1b56a13be54a8ef857415ffc515852,metadata_incomplete_pending_review
collector-1435-v8-p319-34201609,extracted/collector-judgments-pdf/collector-1435-v8-p319-34201609.pdf,moj-judgments-1435-volume-8.pdf,097abb7cd92931ad27d9e0a902a3f45bee357aebcfa416f972240682ade500cb,319,322,4,5fa2cdfceff8bc17dcb64a901bbf9d38e96addbd5761002fca4ffec68ac0f395,477627,صداق -طالق املدعي لزوجته -طلب رد املهر والشبكة -رفض املدعى عليها -الطالق باختيار املدعي -رصف النظر.,,,34201609,1434/05/01,,,7b3bc29e36c60d143f5a67b5fa5a36d103d4ca44b2aef30942e6ca4fdd5e0a95,metadata_incomplete_pending_review
collector-1435-v8-p323-34237683,extracted/collector-judgments-pdf/collector-1435-v8-p323-34237683.pdf,moj-judgments-1435-volume-8.pdf,097abb7cd92931ad27d9e0a902a3f45bee357aebcfa416f972240682ade500cb,323,327,5,4cd4d3754a953b7c99e620269a5f119efdb803d58fbfe3b1fa6016343296784c,482063,صداق -قبض الويل له -عدم تسليمه للمدعية -وفاة الويل -مطالبة ورثته بتسليمه من الرتكة -إنكار الورثة -عدم البينة -رفض يمني الورثة -رد الدعوى.,,,34237683,,الشخصية واألوق��اف والوصايا والقصار وبيوت املال بمحكمة االستئناف بمنطقة,ما أجاب به فضيلته ،وأحلقه بالضبط والصك وسجله؛ بناء عىل قرار الدائرة ذي الرقم,277d9599545042c67b107db72f8de92b78a044f0113e218830f20f76e17f83b5,metadata_incomplete_pending_review
collector-1435-v8-p328-34496631,extracted/collector-judgments-pdf/collector-1435-v8-p328-34496631.pdf,moj-judgments-1435-volume-8.pdf,097abb7cd92931ad27d9e0a902a3f45bee357aebcfa416f972240682ade500cb,328,331,4,e9f9c8f3c0b52d19376031d0ea43ce22555735f49ff8475dc934a0452d21adc8,841679,متعة طالق -نصف املهر املسمى بالعقد -دفع بطلب املدعية للطالق -عدم وجوب متعة الطالق -رصف النظر.,,,34496631,1434/11/05,الشخصية واإلهناءات بمحكمة االستئناف بمنطقة القصيم عىل املعاملة الواردة من فضيلة,احلمد هلل وحده ،وبعد ،فقد اطلعنا نحن قضاة الدائرة املختصة بتدقيق قضايا األحوال,5daae5aa1683a3b91b7d37fc51d61bb244dd82839ebb0a2c45984d955a1c9041,metadata_incomplete_pending_review
collector-1435-v8-p332-34310402,extracted/collector-judgments-pdf/collector-1435-v8-p332-34310402.pdf,moj-judgments-1435-volume-8.pdf,097abb7cd92931ad27d9e0a902a3f45bee357aebcfa416f972240682ade500cb,332,335,4,582596bb971b3a0e69be6233a837bf318855c82e78f882f7b4a66f820bdaf720,492607,جهاز الزوجية -طالق -مطالبة الزوجة بقيمة جهازها -شهادة شاهد عدل -إقرار مكتوب -يمني مكملة -سامع الدعوى غيابيا -حكم غيايب -إلزام بتسليم القيمة.,,,34310402,,بمحكمة االستئناف بالرياض عىل املعاملة الواردة من فضيلة رئيس املحكمة العامة,3550508يف 1435/1/17ه مرفقا هبا قرار الدائرة احلقوقية اخلامسة ذو الرقم,f74c4428128911089de2956060a6d90633702543aee8180f4fe8a06b8cb61c4c,metadata_incomplete_pending_review
collector-1435-v8-p336-35117146,extracted/collector-judgments-pdf/collector-1435-v8-p336-35117146.pdf,moj-judgments-1435-volume-8.pdf,097abb7cd92931ad27d9e0a902a3f45bee357aebcfa416f972240682ade500cb,336,339,4,da166b75965775b11e67fff4e6eda0fcc76d291a8d63c28e2360279aac78f5c5,854844,جهاز الزوجية -تطليق املدعي لزوجته -طلب رد ما أخذته -إقرارها بجزء منه -عدم البينة عىل ما أنكرته -يمني النفي -إلزام برد ا مل قر به -رد الدعوى يف الباقي.,,,35117146,,لألحوال الشخصية واألوقاف والوصايا والقصار وبيوت املال بمحكمة االستئناف يف,احلمد هلل ،والصالة والسالم عىل رسول اهلل ،وبعد ،فقد جرى منا نحن قضاة الدائرة الثانية,4d7f74d79c5d8ca8be5ec76523314002d8247bf82cbe67e7513d7292ab0db4a9,metadata_incomplete_pending_review
collector-1435-v8-p340-33614320,extracted/collector-judgments-pdf/collector-1435-v8-p340-33614320.pdf,moj-judgments-1435-volume-8.pdf,097abb7cd92931ad27d9e0a902a3f45bee357aebcfa416f972240682ade500cb,340,343,4,ed3c7c7a30f3de57034a460872bcb1f1624e4c78c9f43cb2344203c11bc94599,484739,خلع -عقد النكاح -عدم الدخول باملدعية -طلب إمتام النكاح -دفع بعدم القدرة - قرار قسم اخلرباء -صلح بني الزوجني -خلع مقابل النفقة املاضية -ثبوت املخالعة.,,,33614320,,,الدائرة الثالثة لألحوال الشخصية واألوقاف والوصايا والقصار وبيوت املال بمحكمة,1f846572d8e911a035fbfa49d4f4b22b161a5435e96b8f7803824f140c770fdb,metadata_incomplete_pending_review
collector-1435-v8-p344-33636857,extracted/collector-judgments-pdf/collector-1435-v8-p344-33636857.pdf,moj-judgments-1435-volume-8.pdf,097abb7cd92931ad27d9e0a902a3f45bee357aebcfa416f972240682ade500cb,344,349,6,d1dd29705d519d218c259c72cb1c29e52825a2f4c3b08bb22d05bbcf84cd82e7,882611,خلع -نشوز الزوجة -طلب انقيادها -دفع بسوء العرشة -عدم اإلنفاق -بعث حكمني -املخالعة عىل عوض -إجياب وقبول -ثبوت اخللع -بينونة صغرى -عدة,,,33636857,,واألوقاف والوصايا والقصار وبيوت املال بمحكمة االستئناف بمنطقة عسري عىل املعاملة,نظر) قايض استئناف ( )...ختمه وتوقيعه رئيس الدائرة ( )...ختمه وتوقيعه” .وجوابا عام,d96f03fda24c677da0d431fd8285affd7f97f4b2a182fd8b4fb8624cb037728e,metadata_incomplete_pending_review
collector-1435-v8-p350-34319423,extracted/collector-judgments-pdf/collector-1435-v8-p350-34319423.pdf,moj-judgments-1435-volume-8.pdf,097abb7cd92931ad27d9e0a902a3f45bee357aebcfa416f972240682ade500cb,350,352,3,5e274f019ddc170be7ece1cb195d7315a186616dd29b2978c9f32f725c703229,487683,إثبات طالق -وقوعه قبل الدخول -معارضة عىل اإلهناء -طلبها إثباته بعد الدخول - إقرار الزوج -ثبوت الطالق بعد الدخول.,,,34319423,1434/07/10,,( )...ضد )...( /يف قضية زوجية ،املالحظ عليه بقرار الدائرة ذي الرقم 35157354,82a27d1ee2fe92ce5750fbe28b81c5dd5b65c11e7392b954a58332616b600a5a,metadata_incomplete_pending_review
collector-1435-v8-p353-3550142,extracted/collector-judgments-pdf/collector-1435-v8-p353-3550142.pdf,moj-judgments-1435-volume-8.pdf,097abb7cd92931ad27d9e0a902a3f45bee357aebcfa416f972240682ade500cb,353,355,3,b9d49d69e953e791b17d072fcd95b4b4ff6fcf5e257171a16bb7ec1da61906b7,481764,إثبات طالق -اتصال هاتفي -ثالث طلقات -عدم اخللوة أو الدخول -غيبة الزوج - حتقق من الزوجية -شهادة شهود عدول -حكم غيايب -ثبوت الطالق -طلقة واحدة - بينونة صغرى -عدم العدة.,,,3550142,,الثانية لألحوال الشخصية واألوقاف والوصايا والقصار وبيوت املال بمحكمة االستئناف,احلمد هلل ،والصالة والسالم عىل رسول اهلل ،وبعد ،فقد جرى منا نحن قضاة الدائرة,7c18e670865140737746b786c3b5f3f82ec2fa0285012b661df96891c0d2d4a1,metadata_incomplete_pending_review
collector-1435-v8-p356-6601213,extracted/collector-judgments-pdf/collector-1435-v8-p356-6601213.pdf,moj-judgments-1435-volume-8.pdf,097abb7cd92931ad27d9e0a902a3f45bee357aebcfa416f972240682ade500cb,356,359,4,4485b22ab05e7c8580353bb8ca8069c2d4b41069997cb39bf8c6b0138effe6c8,488516,إثبات طالق -كتابته بلفظ البينونة الكربى -دفع باإلكراه -إكراه غري ملجئ -ثبوت الطالق -بينونة كربى -عدة الطالق.,,,6601213,,,الدائرة الثالثة لألحوال الشخصية واألوقاف والوصايا والقصار وبيوت املال بمحكمة,ccfadc37a5680f6f8d74e60825f2f112b392cae5cbfec26eb56125acf115b6bd,metadata_incomplete_pending_review
collector-1435-v8-p360-33690453,extracted/collector-judgments-pdf/collector-1435-v8-p360-33690453.pdf,moj-judgments-1435-volume-8.pdf,097abb7cd92931ad27d9e0a902a3f45bee357aebcfa416f972240682ade500cb,360,363,4,683e48ddd6812271fa0127e3e044d138d4b13d0e5f2ff9520a686bcecb9509b3,486023,إثبات طالق -تلفظ به وكتابته -طلقة ثالثة -دفع باإلكراه -عدم انطباق رشوطه -دفع باخلطأ يف الكتابة -قرينة احلال ال تدل عليه -ثبوت الطالق -بينونة كربى -عدة الطالق.,,,33690453,,الشخصية واإلهناءات بمحكمة االستئناف بالرياض عىل املعاملة الواردة من فضيلة رئيس,احلمد هلل وحده ،وبعد ،فقد اطلعنا نحن قضاة الدائرة الثانية املختصة بنظر قضايا األحوال,ca74f2e751793c89249e71094dec4318df64261883fb98487a04b104487de06f,metadata_incomplete_pending_review
collector-1435-v8-p364-34283705,extracted/collector-judgments-pdf/collector-1435-v8-p364-34283705.pdf,moj-judgments-1435-volume-8.pdf,097abb7cd92931ad27d9e0a902a3f45bee357aebcfa416f972240682ade500cb,364,367,4,fb128c7da7a615f6f7b8512889e0021c3db52702426f91eddac369df89276d86,488766,إثبات طالق -ثالث طلقات يف جملس واحد -فقد أهلية الزوج -تقرير طبي -فصام عقيل مزمن -عدم ثبوت الطالق -فسخ النكاح بال عوض -إقامة ويل عىل الزوج.,,,34283705,,الشخصية واألوقاف والوصايا والقصار وبيوت املال بمحكمة االستئناف بمنطقة عسري,احلمد هلل وحده ،وبعد ،فقد اطلعنا نحن قضاة الدائرة املختصة بتدقيق قضايا األحوال,dd454f29dd4bb236f2cddba59ba0c5173285ecbfd20e9b8d95bf99cbfe9b4b3a,metadata_incomplete_pending_review
collector-1435-v8-p368-3544607,extracted/collector-judgments-pdf/collector-1435-v8-p368-3544607.pdf,moj-judgments-1435-volume-8.pdf,097abb7cd92931ad27d9e0a902a3f45bee357aebcfa416f972240682ade500cb,368,374,7,5644c1d0e9520bf36107802d5b3ab4fe9a5e9e553026067180be5450bde90b4b,551036,إثبات طالق -ثالث طلقات يف جملس واحد -دفع بالغضب الشديد -قصد إيقاع الثالث -ثبوت الطالق -وقوعه طلقة واحدة -انتهاء العدة.,,,3544607,,,الدائرة الثالثة لألحوال الشخصية واألوقاف والوصايا والقصار وبيوت املال بمحكمة,2ade34a9c0f67fa17376992d72b6dd28e52ce6d9f7635b712f3a2954d40e3546,metadata_incomplete_pending_review
collector-1435-v8-p375-35205290,extracted/collector-judgments-pdf/collector-1435-v8-p375-35205290.pdf,moj-judgments-1435-volume-8.pdf,097abb7cd92931ad27d9e0a902a3f45bee357aebcfa416f972240682ade500cb,375,378,4,a245e76226e4525a422cc7b85d571c41c1245f55985361cfe2f3f6b59f0bca08,503335,بالس كر - عجز عن إثبات الدعوى -إقرار الزوج إثبات طالق -إنكار الزوج -دفع برشب اخلمر - طلب فسخ النكاح -عدم الكفاءة يف الدين -عدم ثبوت الطالق -فسخ النكاح بغري عوض -بينونة صغرى.,,,35205290,,,احلمد هلل وحده والصالة والسالم عىل من ال نبي بعده ،وبعد :نحن قضاة الدائرة األوىل,0ca9074fd726153f3eb715434268c4b6bafd6d6f5b5607af3da2f42fa2935a33,metadata_incomplete_pending_review
collector-1435-v8-p379-3556810,extracted/collector-judgments-pdf/collector-1435-v8-p379-3556810.pdf,moj-judgments-1435-volume-8.pdf,097abb7cd92931ad27d9e0a902a3f45bee357aebcfa416f972240682ade500cb,379,383,5,9d21054d599af852ae0db6c7cfe02499e492a6bb587ffa7cc01ad8f3598f64d5,490180,إثبات طالق -رسالة هاتفية -دفع باملراجعة يف العدة -عجز عن إثباته -قبول قول املدعية -يمينها عىل عدم الرجعة -ثبوت الطالق -بينونة صغرى.,,,3556810,,,,7ec654dd53ae34de6c2321aba1ebd50acc62ff6b96ed5e15fef29ca56ae70fff,metadata_incomplete_pending_review
collector-1435-v8-p384-34493351,extracted/collector-judgments-pdf/collector-1435-v8-p384-34493351.pdf,moj-judgments-1435-volume-8.pdf,097abb7cd92931ad27d9e0a902a3f45bee357aebcfa416f972240682ade500cb,384,387,4,fc3fb3022711764539fa4d4bc7e54263088b194ec5b6d7403b584519d61666a2,483000,إثبات طالق -طلقة ثالثة -رسالة جوال -إنكار الدعوى -عدم البينة عليها -يمني الزوج -ثبوت طلقتني -رد طلب إثبات الثالثة.,,,34493351,,,احلمد هلل وحده ،والصالة والسالم عىل من ال نبي بعده ،وبعد ،فنحن قضاة الدائرة األوىل,8ce8473ab6c91de321360c2b4150f211d42ce908ee9b452de7c355997a3a0bf3,metadata_incomplete_pending_review
collector-1435-v8-p388-34500855,extracted/collector-judgments-pdf/collector-1435-v8-p388-34500855.pdf,moj-judgments-1435-volume-8.pdf,097abb7cd92931ad27d9e0a902a3f45bee357aebcfa416f972240682ade500cb,388,392,5,e050d03a07d406c0065795908d52f5a23000e3b3183efbc2d93491b5e0927c02,493796,إثبات طالق -طلقة ثالثة - تعليقها عىل رشط -دفع بقصد املنع -لفظ حيتمل الطالق واليمني -يمني الزوج -عدم ثبوت الطالق -رد الدعوى -كفارة اليمني.,,,34500855,,الشخصية واألوقاف والوصايا والقصار وبيوت املال بمحكمة االستئناف بمنطقة عسري,احلمد هلل وحده ،وبعد ،فقد اطلعنا نحن قضاة الدائرة املختصة بتدقيق قضايا األحوال,8fb6662ab896ba22142b1ab9e12546107a1b0a48ff783957120099ef702801fd,metadata_incomplete_pending_review
collector-1435-v8-p393-35177107,extracted/collector-judgments-pdf/collector-1435-v8-p393-35177107.pdf,moj-judgments-1435-volume-8.pdf,097abb7cd92931ad27d9e0a902a3f45bee357aebcfa416f972240682ade500cb,393,398,6,97cd7b9fb124ab394071fd693255222e0638773f1f13ef9c7893623787d62dfb,505449,إثبات طالق -تعليقه عىل رشط -لفظ البينونة الكربى -دفع بقصد املنع -حقيقة الطالق وقوعه ال اليمني -انتهاء العدة -ثبوت الطالق -بينونة كربى.,,,35177107,1393/11/12,الشخصية واإلهناءات بمحكمة االستئناف بالرياض عىل املعاملة الواردة من فضيلة رئيس,احلمد هلل وحده ،وبعد ،فقد اطلعنا نحن قضاة الدائرة الثانية املختصة بنظر قضايا األحوال,cf9ff5fe463645ba5d1e191e709d0a56c1f0dac45835c5adcda29cfc1b3799d1,metadata_incomplete_pending_review
collector-1435-v8-p399-35156653,extracted/collector-judgments-pdf/collector-1435-v8-p399-35156653.pdf,moj-judgments-1435-volume-8.pdf,097abb7cd92931ad27d9e0a902a3f45bee357aebcfa416f972240682ade500cb,399,403,5,fbdb4d49d03c44ad17462124ff4ac6180e720287c1b4458427021ed3f5125bcc,540126,إثبات طالق -تعليق عىل رشط -دفع بعدم حتققه -عجز عن إثبات الدفع -عدم مراجعة الزوجة -انتهاء العدة -ثبوت الطالق - بينونة صغرى.,,,35156653,,,,e1f7cb19f59d8c9adc96bf385b19afb1f08691e3c7d8b8872b223cc8d4e4a9b0,metadata_incomplete_pending_review
collector-1435-v8-p404-3590162,extracted/collector-judgments-pdf/collector-1435-v8-p404-3590162.pdf,moj-judgments-1435-volume-8.pdf,097abb7cd92931ad27d9e0a902a3f45bee357aebcfa416f972240682ade500cb,404,408,5,58e049c503c62cb6c9c75836c0cf84a274cf79be5b8d2c87aa4138a98dafdb97,492030,إثبات طالق -ثالث طلقات متفرقة -إقرار الزوج بطلقتني -نشوز الزوجة -قرار جلنة الصلح -تفريق بينهام -فسخ النكاح بال عوض -بينونة صغرى -عدة الطالق.,,,3590162,,لألحوال الشخصية واألوقاف والوصايا والقصار وبيوت املال بمحكمة االستئناف يف,موافق عىل ما ذكر أعاله ،ويل إضافة .ختمه وتوقيعه .رئيس الدائرة ( )...موافق عىل احلكم,d6806097c22eff43e543c1ea85e8a9a5a4b744880de6f8471d1665bc573c87c1,metadata_incomplete_pending_review
collector-1435-v8-p409-3594222,extracted/collector-judgments-pdf/collector-1435-v8-p409-3594222.pdf,moj-judgments-1435-volume-8.pdf,097abb7cd92931ad27d9e0a902a3f45bee357aebcfa416f972240682ade500cb,409,416,8,10bd9fa50424830a39e4e7e9b6792b093b48f70883553067b949e304c4f0aa74,514081,إثبات طالق -ثالث طلقات يف جملس واحد -قصد إيقاع واحدة -دفع باملراجعة يف العدة -إقرار بطلقة أخرى -يمني الزوج عىل القصد -ثبوت طلقتني -ثبوت املراجعة.,,,3594222,,,,40203422eba01ca6abbacd4de77dc3f31c1f79b367e1ff94ed9170c7eb708684,metadata_incomplete_pending_review
collector-1435-v8-p417-34535352,extracted/collector-judgments-pdf/collector-1435-v8-p417-34535352.pdf,moj-judgments-1435-volume-8.pdf,097abb7cd92931ad27d9e0a902a3f45bee357aebcfa416f972240682ade500cb,417,421,5,2e0ecfe14156cedea708eeff80f00fac49b89e2530efb300cf05e89f3354f0ab,492367,إثبات طالق -طلقة ثالثة -إنكار الزوج -شهادة شهود عدول -شهادة ألحد األبوين عىل اآلخر - ثبوت الطالق -بينونة كربى -عدة الطالق.,,,34535352,,والقصار وبيوت املال بمحكمة االستئناف ذي الرقم 35233652يف 1435/5/5ه,1435/2/7ه؛ مظهر ا عليه بقرار الدائرة الثالثة لألحوال الشخصية واألوقاف والوصايا,321c259834648557f52b19d0d8356ab8f39a050d876de5ffcee1da44969b1264,metadata_incomplete_pending_review
collector-1435-v8-p422-3599048,extracted/collector-judgments-pdf/collector-1435-v8-p422-3599048.pdf,moj-judgments-1435-volume-8.pdf,097abb7cd92931ad27d9e0a902a3f45bee357aebcfa416f972240682ade500cb,422,426,5,4b9b73016551274cd82c4f82ee8ceb6a00a597bff5196bb4488d95c001b65512,490988,إثبات طالق -لفظ كناية -دفع بعدم قصد إيقاعه -تلفظ مرة واحدة -يمني الزوج - مراجعة بعد انتهاء العدة -يمني املدعية -ثبوت الطالق.,,,3599048,,,,ee75768db922e32087433b76154cb63e6c2d177821c2e7303407b0c03907fd4f,metadata_incomplete_pending_review
collector-1435-v8-p427-35136864,extracted/collector-judgments-pdf/collector-1435-v8-p427-35136864.pdf,moj-judgments-1435-volume-8.pdf,097abb7cd92931ad27d9e0a902a3f45bee357aebcfa416f972240682ade500cb,427,450,24,365d4320c940d94a0c9e0eb0a95172c9f5da1e6fa77a766c75fd40a090689aca,2185241,حمكمة الدرجة األوىل :دوائر األحوال الشخصية -املحكمة العامة بمحافظة جدة,,,35136864,,,الدائرة الثالثة لألحوال الشخصية واألوقاف والوصايا والقصار وبيوت املال بمحكمة,ea1518597b73f1bf51a0c0d0df3f04ec77feff9d31854955a687302413e63f35,metadata_incomplete_pending_review
collector-1435-v9-p6-3553255,extracted/collector-judgments-pdf/collector-1435-v9-p6-3553255.pdf,moj-judgments-1435-volume-9.pdf,47558539b3e76bb677fc71e8e3748c597cbe9caf169d5eb4d82f91e84929d822,6,10,5,50bbb1c4847392d98a7e32009369d0062bee9f22010865da7a37108d9555f0a3,501782,فسخ نكاح -عيب يف الزوجة -بلوغ سن اليأس -عدم القدرة عىل اإلنجاب -تغرير بالزوج -طلبه رد املهر والتعويض -دفع بالعلم قبل العقد -صلح بعد معرفة العيب - داللة عىل الرضا -سقوط اخليار -رصف النظر.,,,3553255,,,,db78606ef7610e5a84e5086bd24a3eafef05adadb4dfd1da7d2f17917f44c04a,metadata_incomplete_pending_review
collector-1435-v9-p11-33606097,extracted/collector-judgments-pdf/collector-1435-v9-p11-33606097.pdf,moj-judgments-1435-volume-9.pdf,47558539b3e76bb677fc71e8e3748c597cbe9caf169d5eb4d82f91e84929d822,11,16,6,f49c7422a9ec82eed9c8a42ec7cc8dbf958ba82b95d501d9ec065bb3ab53aa5e,497206,فسخ نكاح -عيب يف الزوج -عقم - استخالف -إقرار بضعف اإلنجاب -دفع بعلم املدعية قبل النكاح -عجز عن إثباته -تقرير طبي -ثبوت العقم - فسخ النكاح بال عوض.,,,33606097,,احلمد وحده وبعد ،فقد اطلعنا نحن قضاة دائرة األحوال الشخصية بمحكمة االستئناف,,bbf151de97cd97ed1d13f4c52b174c51a965984c43a81fa2758efb0c87b058f4,metadata_incomplete_pending_review
collector-1435-v9-p17-3487314,extracted/collector-judgments-pdf/collector-1435-v9-p17-3487314.pdf,moj-judgments-1435-volume-9.pdf,47558539b3e76bb677fc71e8e3748c597cbe9caf169d5eb4d82f91e84929d822,17,22,6,c552282b6042356193c91ae40b59178bae2f3c1cd476fffbee6ecfcc02bfd062,491608,فسخ نكاح -عيب يف الزوج -مرض نفيس -سوء عرشة -إنكار الدعوى -تقرير طبي -حكم غيايب -فسخ النكاح بال عوض -العدة الرشعية.,,,3487314,,,الدائرة الثالثة لألحوال الشخصية واألوقاف والوصايا والقصار وبيوت املال بمحكمة,8ebec9022bff1fb9b88ed484e360fb1f3ab50dd61863befa3376a4360e166234,metadata_incomplete_pending_review
collector-1435-v9-p23-3527743,extracted/collector-judgments-pdf/collector-1435-v9-p23-3527743.pdf,moj-judgments-1435-volume-9.pdf,47558539b3e76bb677fc71e8e3748c597cbe9caf169d5eb4d82f91e84929d822,23,27,5,87fc994fc688630c501162ad9fdf77dc9be2f73e8b37071c98dbf12db3f3c31e,490704,فسخ نكاح -عيب يف الزوج -فصام عقيل - صك والية -إقرار الويل -ثبوت اخليار للزوجة -اختيارها الفسخ -فسخ النكاح بال عوض -بينونة صغرى -العدة الرشعية.,,,3527743,,الثانية لألحوال الشخصية واألوقاف والوصايا والقصار وبيوت املال بمحكمة االستئناف,احلمد هلل ،والصالة والسالم عىل رسول اهلل ،وبعد ،فقد جرى منا نحن قضاة الدائرة,0932d478388d00daf6ae23aca82cb6b0a744c8d980a6546ce881ab3b689ee7f3,metadata_incomplete_pending_review
collector-1435-v9-p28-3563075,extracted/collector-judgments-pdf/collector-1435-v9-p28-3563075.pdf,moj-judgments-1435-volume-9.pdf,47558539b3e76bb677fc71e8e3748c597cbe9caf169d5eb4d82f91e84929d822,28,31,4,298351f9d87a9b5965361240cfc28cf4195b99a14bfaabeb4a44bd4c12b07d0e,490205,فسخ نكاح -عيب يف الزوج -مرض عقيل عدواين -إشهار السالح -تقرير طبي - فصام عقيل وجنون -خشية التعدي واجلناية -فسخ النكاح بال عوض -العدة الرشعية - حكم عىل قارص عقال­.,,,3563075,,,,368e7be9ed8076ba152dabbba3881d5302bd8335e72bb1fa8d2eb817c684151b,metadata_incomplete_pending_review
collector-1435-v9-p32-3578826,extracted/collector-judgments-pdf/collector-1435-v9-p32-3578826.pdf,moj-judgments-1435-volume-9.pdf,47558539b3e76bb677fc71e8e3748c597cbe9caf169d5eb4d82f91e84929d822,32,35,4,053e546ae53d7f501dafe588c509c4f6bb1a49f131b60856779f28e4bdc27f13,489036,فسخ نكاح -عيب يف الزوج -إصابته بجلطة دماغية -صك والية -إقرار الويل -ثبوت اخليار بفقد العقل -اختيار الزوجة الفسخ -فسخ النكاح بال عوض -العدة الرشعية - حكم عىل قارص عقال.,,,3578826,,احلمد هلل وحده ،وبعد ،فقد اطلعنا نحن قضاة دائرة األحوال الشخصية بمحكمة االستئناف,,d4d5a98d45cc27cf0823208f050a3802979536e5a9f3e76de7e7aa0a402f04d2,metadata_incomplete_pending_review
collector-1435-v9-p36-3419306,extracted/collector-judgments-pdf/collector-1435-v9-p36-3419306.pdf,moj-judgments-1435-volume-9.pdf,47558539b3e76bb677fc71e8e3748c597cbe9caf169d5eb4d82f91e84929d822,36,40,5,54dd2a74e00409ae8b5478d0bc2583a69d965d4fab0abee35bd1d1430ffa8d87,515227,فسخ نكاح -غيبة الزوج -مدة طويلة -عدم الدخول بالزوجة -شهادة شهود عدول - يمني االستظهار -تعذر التبليغ -إعالن يف الصحيفة -حكم غيايب -فسخ النكاح بال عوض -بينونة صغرى.,,,3419306,,,,38d18aa97736d1962347237d96963dfec6d4d401e52c12235d03618a55d57fe6,metadata_incomplete_pending_review
collector-1435-v9-p41-3493346,extracted/collector-judgments-pdf/collector-1435-v9-p41-3493346.pdf,moj-judgments-1435-volume-9.pdf,47558539b3e76bb677fc71e8e3748c597cbe9caf169d5eb4d82f91e84929d822,41,44,4,19e570037a206816f661f73af619354e61bf7ff9fc569c6ec693b49cd3df7843,488426,فسخ نكاح -سوء عرشة -عدم اإلنفاق -غيبة الزوج -مغادرة البالد -شهادة شهود عدول -تعذر التبليغ -حكم غيايب -فسخ النكاح بال عوض -بينونة صغرى -العدة,,,3493346,,,الدائرة الثالثة لألحوال الشخصية واألوقاف والوصايا والقصار وبيوت املال بمحكمة,5a6cdef24795eb2f034b660212ce42684f7ccf3df81003eba2be42c2b8c13c38,metadata_incomplete_pending_review
collector-1435-v9-p45-3496170,extracted/collector-judgments-pdf/collector-1435-v9-p45-3496170.pdf,moj-judgments-1435-volume-9.pdf,47558539b3e76bb677fc71e8e3748c597cbe9caf169d5eb4d82f91e84929d822,45,49,5,eb31f0ee1dab29548a57034c73e3ea1d8b7908d850c36543ee524a4609bc7bbc,489745,فسخ نكاح -غيبة الزوج -شهادة شهود عدول -تعذر التبليغ -إعالن يف الصحيفة - حكم غيايب -فسخ النكاح بال عوض -بينونة صغرى -العدة الرشعية.,,,3496170,,,احلمد هلل وحده ،والصالة والسالم عىل من ال نبي بعده ،وبعد ،فنحن قضاة الدائرة األوىل,02f7d875e38f65df54fb20a894ef1bf07532b93e785a112026466ce3f9ecf605,metadata_incomplete_pending_review
collector-1435-v9-p50-3512988,extracted/collector-judgments-pdf/collector-1435-v9-p50-3512988.pdf,moj-judgments-1435-volume-9.pdf,47558539b3e76bb677fc71e8e3748c597cbe9caf169d5eb4d82f91e84929d822,50,53,4,4705c318219b7ccc0a5d0bc000acf3222d30ab04dca839393b747ddfbb76a830,489537,فسخ نكاح -غيبة الزوج -عدم اإلنفاق -شهادة شهود عدول -تعذر التبليغ -إعالن يف الصحيفة -حكم غيايب -فسخ النكاح بال عوض -بينونة صغرى -عدة بحيضة واحدة.,,,3512988,,الثانية لألحوال الشخصية واألوقاف والوصايا والقصار وبيوت املال بمحكمة االستئناف يف,احلمد هلل ،والصالة والسالم عىل من ال نبي بعده ،وبعد ،فقد جرى منا نحن قضاة الدائرة,f6699144d3653bb0e37adc93b39ea843308a7e894b5bf60d95b9b8c4e7166eda,metadata_incomplete_pending_review
collector-1435-v9-p54-3538292,extracted/collector-judgments-pdf/collector-1435-v9-p54-3538292.pdf,moj-judgments-1435-volume-9.pdf,47558539b3e76bb677fc71e8e3748c597cbe9caf169d5eb4d82f91e84929d822,54,56,3,96f778de1c4d3d4ef6c7911dcc610d2f381529279c2a24bad06bcc50987d620f,485523,فسخ نكاح -غيبة الزوج -مغادرته البالد -عدم اإلنفاق -تعذر االستدانة عىل الزوج - عقد نكاح -شهادة شهود عدول -اإلذن للمدعية بفسخ نكاحها -حكم غيايب -ثبوت فسخ النكاح بال عوض -بينونة صغرى -العدة الرشعية.,,,3538292,,,احلمد هلل وحده ،والصالة والسالم عىل من ال نبي بعده ،وبعد ،فنحن قضاة الدائرة األوىل,c9dc21698517e91421f92bd42acb51be64619d26f6a9b9b46bd119b5d9a0b325,metadata_incomplete_pending_review
collector-1435-v9-p57-3544903,extracted/collector-judgments-pdf/collector-1435-v9-p57-3544903.pdf,moj-judgments-1435-volume-9.pdf,47558539b3e76bb677fc71e8e3748c597cbe9caf169d5eb4d82f91e84929d822,57,62,6,57f966f1207e711a7f8397ba9f210027b7d07673374b3cb061e6b3ed431a8f70,545488,فسخ نكاح -غيبة الزوج -عدم اإلنفاق -عقد نكاح -شهادة األصول للفروع -انتفاء التهمة فيها -يمني الزوجة -حكم غيايب -فسخ النكاح بال عوض -عدم وجوب العدة.,,,3544903,,الشخصية واإلهناءات والوصايا واألوقاف بمحكمة االستئناف بمنطقة اجلوف ()...,,a1c24ed583dbb98e0cfe14764f75b688721f8564f8c9556593020b709f897490,metadata_incomplete_pending_review
collector-1435-v9-p63-3546568,extracted/collector-judgments-pdf/collector-1435-v9-p63-3546568.pdf,moj-judgments-1435-volume-9.pdf,47558539b3e76bb677fc71e8e3748c597cbe9caf169d5eb4d82f91e84929d822,63,66,4,721a5ffca6de7b47b89f57263c551b478372c91fc547af97725d702822cbff4a,484585,فسخ نكاح -غيبة الزوج -مغادرته للبالد -عدم اإلنفاق -شهادة شهود عدول - إعالن يف الصحيفة -حكم غيايب -فسخ النكاح بال عوض -بينونة صغرى -العدة,,,3546568,,,احلمد هلل وحده ،والصالة والسالم عىل من ال نبي بعده ،وبعد ،فنحن قضاة الدائرة,d6c5d7c36e6056c80b64c0455f0f6736bac6b16ca162a2d22284cb8e617b4d60,metadata_incomplete_pending_review
collector-1435-v9-p67-3560602,extracted/collector-judgments-pdf/collector-1435-v9-p67-3560602.pdf,moj-judgments-1435-volume-9.pdf,47558539b3e76bb677fc71e8e3748c597cbe9caf169d5eb4d82f91e84929d822,67,71,5,22fe6ab0477cdc3a13c3ad2090d5575cc2da0c9402b476e66668955d2d1a9680,490039,فسخ نكاح -غيبة الزوج -عدم اإلنفاق -إقامته خارج اململكة -عقد نكاح -شهادة شهود عدول -خماطبة وزارة اخلارجية -إعالن يف الصحيفة -حكم غيايب -فسخ النكاح بال عوض -بينونة صغرى -العدة حيضة واحدة.,,,3560602,,الشخصية واألوقاف والوصايا والقصار وبيوت املال بمحكمة االستئناف بمنطقة عسري,ختم وتوقيع .قايض استئناف ( )...ختم وتوقيع .رئيس الدائرة ( )...ختم وتوقيع؛ وعليه,06b18d85f3755483ad31fe83be63a3f49771542b4d532762eb25da6818fded21,metadata_incomplete_pending_review
collector-1435-v9-p72-3566234,extracted/collector-judgments-pdf/collector-1435-v9-p72-3566234.pdf,moj-judgments-1435-volume-9.pdf,47558539b3e76bb677fc71e8e3748c597cbe9caf169d5eb4d82f91e84929d822,72,76,5,05d030f8b1c24eaded1cd3ca6e8ef59c48d3eaea182366a1c81eb9c0ce9bf4a2,488006,فسخ نكاح -غيبة الزوج -عدم اإلنفاق -عقد نكاح -شهادة شهود عدول -ختيري الزوجة بني الفسخ والصرب -إفادة اجلهة املختصة -مغادرة البالد -حكم غيايب -فسخ النكاح بال عوض -بينونة صغرى -العدة الرشعية.,,,3566234,,الشخصية واإلهناءات بمحكمة االستئناف بمنطقة القصيم عىل املعاملة الواردة من فضيلة,احلمد هلل وحده ،وبعد ،فقد اطلعنا نحن قضاة الدائرة املختصة بتدقيق قضايا األحوال,696e2cd2367f654af8ca12c4411891dc3fb03dbabbfa1aa8b61d74b6b4c3a8ce,metadata_incomplete_pending_review
collector-1435-v9-p77-3486138,extracted/collector-judgments-pdf/collector-1435-v9-p77-3486138.pdf,moj-judgments-1435-volume-9.pdf,47558539b3e76bb677fc71e8e3748c597cbe9caf169d5eb4d82f91e84929d822,77,81,5,e21b60b6d29e2dc511b52e61dfe667183e92d97389ba4826109e8f3d13c8c1eb,523521,فسخ نكاح -هجر الزوجة -عدم اإلنفاق -شهادة شهود عدول -تبليغ غري شخيص - حكم غيايب -فسخ النكاح بال عوض.,,,3486138,,الثانية لألحوال الشخصية واألوقاف والوصايا والقصار وبيوت املال بمحكمة االستئناف,احلمد هلل ،والصالة والسالم عىل من ال نبي بعده ،وبعد ،فقد جرى منا نحن قضاة الدائرة,01b1dd6fcfaad5e420d0c6addd6e659fcc84ae4e0f9272997005fa107400583e,metadata_incomplete_pending_review
collector-1435-v9-p82-3449627,extracted/collector-judgments-pdf/collector-1435-v9-p82-3449627.pdf,moj-judgments-1435-volume-9.pdf,47558539b3e76bb677fc71e8e3748c597cbe9caf169d5eb4d82f91e84929d822,82,87,6,933e40611bf97df40fb31ecd4386cd92b3fbec1e4ab29bfadf203545a217027f,497539,فسخ نكاح -غيبة الزوج -ترحيله عن البالد -عدم اإلنفاق -شهادة شهود عدول - تعذر التبليغ -فسخ النكاح بال عوض -بينونة صغرى -العدة الرشعية.,,,3449627,,,,f333be86fb047625a393f2bfed2d30f32a17a3212208bf6167f0ddf37e4241d8,metadata_incomplete_pending_review
collector-1435-v9-p88-3423368,extracted/collector-judgments-pdf/collector-1435-v9-p88-3423368.pdf,moj-judgments-1435-volume-9.pdf,47558539b3e76bb677fc71e8e3748c597cbe9caf169d5eb4d82f91e84929d822,88,91,4,40640da6b4469ca49a43179c081634eb3e1b8fc512aac1c5b3aeed03df6786c3,500883,فسخ نكاح -سوء عرشة -رضب الزوجة -سجن الزوج -إدانته بتعاطي املخدرات - وجود سابقة -بعث حكمني -فسخ النكاح بال عوض -بينونة صغرى -العدة الرشعية.,,,3423368,,,احلمد هلل وحده ،والصالة والسالم عىل من ال نبي بعده ،وبعد ،فنحن قضاة الدائرة األوىل,1a146b0b94abde33f8ddf3647fbd1ba58f7cb1280b330877051bc67c56165074,metadata_incomplete_pending_review
collector-1435-v9-p92-3468335,extracted/collector-judgments-pdf/collector-1435-v9-p92-3468335.pdf,moj-judgments-1435-volume-9.pdf,47558539b3e76bb677fc71e8e3748c597cbe9caf169d5eb4d82f91e84929d822,92,94,3,05100509a846dde0a2db8ce749b05f7ed2e35d2f57aba5c3bcd83db9160bb8c5,483126,فسخ نكاح -رشب املسكر - تعاطي احلشيش -إقرار بالدعوى -عيب يوجب الفسخ - عدم العلم به قبل العقد -فسخ النكاح بال عوض -عدة بحيضة واحدة.,,,3468335,,,,6158dc4caa4cfd6068804598174933d8e2ce96bb9ad723ef8891248f6185c4b6,metadata_incomplete_pending_review
collector-1435-v9-p95-3539865,extracted/collector-judgments-pdf/collector-1435-v9-p95-3539865.pdf,moj-judgments-1435-volume-9.pdf,47558539b3e76bb677fc71e8e3748c597cbe9caf169d5eb4d82f91e84929d822,95,99,5,798eddb3ba56ec6c986481e22dd0cf27e9f2fb59426c0a16569f58727c6e9ecc,522011,فسخ نكاح -سوء عرشة -عيب يف الزوج -تعاطيه املخدرات -إقراره بالدعوى - بعث حكمني -عدم جتاوبه معهام -ترضر الزوجة -فسخ نكاحها بال عوض -بينونة صغرى -العدة الرشعية.,,,3539865,,الشخصية واألوقاف والوصايا والقصار وبيوت املال بمحكمة االستئناف بمنطقة عسري,احلمد هلل وحده ،وبعد ،فقد اطلعنا نحن قضاة الدائرة املختصة بتدقيق قضايا األحوال,fee6ca19be83f5634b5d620681f691bf577469e37239d62332df60728102d7f3,metadata_incomplete_pending_review
collector-1435-v9-p100-3515033,extracted/collector-judgments-pdf/collector-1435-v9-p100-3515033.pdf,moj-judgments-1435-volume-9.pdf,47558539b3e76bb677fc71e8e3748c597cbe9caf169d5eb4d82f91e84929d822,100,104,5,e816ae3aff985d6b6611c8eaeb96d883c3d011d59ac2e4b4628006b85b3ca576,487587,فسخ نكاح -سوء عرشة -تعاطي خمدرات -دفع بالتوبة -وجود سوابق -تعذر اإلصالح -فسخ النكاح بال عوض -العدة الرشعية.,,,3515033,,الشخصية واإلهناءات بمحكمة االستئناف بمنطقة القصيم عىل املعاملة الواردة من فضيلة,احلمد هلل وحده ،وبعد ،فقد اطلعنا نحن قضاة الدائرة املختصة بتدقيق قضايا األحوال,e3148cda04223f3501da7809a35296c832b515bb61c374f919174994b71c2047,metadata_incomplete_pending_review
collector-1435-v9-p105-3565624,extracted/collector-judgments-pdf/collector-1435-v9-p105-3565624.pdf,moj-judgments-1435-volume-9.pdf,47558539b3e76bb677fc71e8e3748c597cbe9caf169d5eb4d82f91e84929d822,105,107,3,2004536686ac7188d9bd322c0e57b9da7a77006f996ae0481f103870fe29b204,482237,فسخ نكاح -سوء عرشة -تعاطي املخدرات -عدم اإلنفاق -عقد نكاح -إقرار بالدعوى -فسخ النكاح بال عوض -بينونة صغرى -العدة حيضة واحدة.,,,3565624,,,احلمد هلل وحده ،والصالة والسالم عىل من ال نبي بعده ،وبعد ،فنحن قضاة الدائرة,95ac8154e83bbb171ac516cbeef726a43f867632354770070597dfb823679666,metadata_incomplete_pending_review
collector-1435-v9-p108-3580627,extracted/collector-judgments-pdf/collector-1435-v9-p108-3580627.pdf,moj-judgments-1435-volume-9.pdf,47558539b3e76bb677fc71e8e3748c597cbe9caf169d5eb4d82f91e84929d822,108,113,6,86cfe3ad66f2144e15882035b610786955590ef637063baf3e2c4ac9aedae0c7,516149,فسخ نكاح -هجر الزوجة -عدم اإلنفاق -دفع بنشوزها -عدم مطالبته هلا باالنقياد - بعث حكمني -امتناع الزوج عن التحكيم - قصد املضارة -حكم حضوري -فسخ النكاح بال عوض -العدة الرشعية.,,,3580627,,,احلمد هلل وحده ،والصالة والسالم عىل من ال نبي بعده ،وبعد ،فنحن قضاة الدائرة,528c906c7244b79d364a5890190ccb8b82d7fc811377a3295afd6d988e26c736,metadata_incomplete_pending_review
collector-1435-v9-p114-3486983,extracted/collector-judgments-pdf/collector-1435-v9-p114-3486983.pdf,moj-judgments-1435-volume-9.pdf,47558539b3e76bb677fc71e8e3748c597cbe9caf169d5eb4d82f91e84929d822,114,122,9,c78bf267077f73feef8db18d39fbe688ea79c315092aa240496a98093b6cbce2,522758,فسخ نكاح -سوء عرشة -رضب وهتديد بالقتل -عدم البينة -بعث حكمني -تقرير الفسخ بال عوض -رأي اخلبري غري ملزم -وجود ما يستوجب رده -فسخ النكاح عىل عوض -بينونة صغرى -العدة الرشعية.,,,3486983,,الشخصية واإلهناءات بمحكمة االستئناف بمنطقة القصيم عىل املعاملة الواردة من فضيلة,والصك قرار الدائرة ذا الرقم 34368279والتاريخ 1434/11/24ه ،كام أن فضيلته,ce6163ec4f6db8a11543f718b9121576c2918bf5b1d32089941a18632e77cd23,metadata_incomplete_pending_review
collector-1435-v9-p123-3545105,extracted/collector-judgments-pdf/collector-1435-v9-p123-3545105.pdf,moj-judgments-1435-volume-9.pdf,47558539b3e76bb677fc71e8e3748c597cbe9caf169d5eb4d82f91e84929d822,123,134,12,1c4fd51639f824d4bcd201f96587e6cf20bf5e8653a02c414f268d102c9e0ba1,580516,فسخ نكاح -سوء عرشة -رضب الزوجة وحبسها -إنكار الدعوى -عدم البينة -يمني النفي -صلح سابق فيه إهبام -عدم صحة اإللزام به -نشوز الزوجة -بعث حكمني - تقدير قيمة العوض -فسخ النكاح عىل عوض -العدة الرشعية.,,,3545105,,,ونص احلاجة منه”: الدائرة نفسها برقم ( )35231285يف 1435/05/03ه، من,e96210738ebfac2934228dd8a8a2bb7dea575289a2d42e226326f41911a3c468,metadata_incomplete_pending_review
collector-1435-v9-p135-3515363,extracted/collector-judgments-pdf/collector-1435-v9-p135-3515363.pdf,moj-judgments-1435-volume-9.pdf,47558539b3e76bb677fc71e8e3748c597cbe9caf169d5eb4d82f91e84929d822,135,139,5,20edfb505be5a9989e6205de93cfa9ada6be7ee368cb44a4b02cb647f9b37777,527413,فسخ نكاح -سوء عرشة -ترك اإلنفاق -طلب االنقياد -وعظ الزوجني -بعث حكمني -قرار قسم اخلرباء -فسخ النكاح بال عوض -العدة الرشعية.,,,3515363,,الشخصية واألوق��اف والوصايا والقصار وبيوت املال بمحكمة االستئناف بمنطقة,احلمد هلل وحده ،وبعد ،فقد اطلعنا نحن قضاة الدائرة املختصة بتدقيق قضايا األحوال,4b64a6d363f7c8eb94313ea650eda7dd929259f9f68b58bd4b631209c11931ca,metadata_incomplete_pending_review
collector-1435-v9-p140-3539122,extracted/collector-judgments-pdf/collector-1435-v9-p140-3539122.pdf,moj-judgments-1435-volume-9.pdf,47558539b3e76bb677fc71e8e3748c597cbe9caf169d5eb4d82f91e84929d822,140,144,5,0e9734fabaa441b9e8a82c33a636ee727faf74cbf135582396912f20d5262a09,514280,فسخ نكاح -سوء عرشة -رضب الزوجة -إنكار الدعوى -عدم البينة -نشوز الزوجة -بعث حكمني -فسخ نكاح املدعية بال عوض -العدة الرشعية.,,,3539122,,,,973aa9660c9a4a210584ec5ca7ebaae32c77690c3747bf3912b1c80bfd07a0cc,metadata_incomplete_pending_review
collector-1435-v9-p145-3566157,extracted/collector-judgments-pdf/collector-1435-v9-p145-3566157.pdf,moj-judgments-1435-volume-9.pdf,47558539b3e76bb677fc71e8e3748c597cbe9caf169d5eb4d82f91e84929d822,145,150,6,31a7e89045196605f1a0f8b9bf9966f171d1c6b815b7cefd177c3a2d101fd8c5,495571,فسخ نكاح -سوء عرشة -رضب الزوجة -إقرار الزوج برضب الوجه -عدم موجب بعث حكمني -إقامة وكيل يف اجللسة -ثبوت الرضر -فسخ النكاح بال عوض -بينونة صغرى -العدة حيضة واحدة.,,,3566157,,,احلمد هلل وحده ،والصالة والسالم عىل من ال نبي بعده ،وبعد ،نحن قضاة الدائرة األوىل,3953a3902e96ffdaa9072122ab053d95cb42a442d2319d2f48b5991beea971e3,metadata_incomplete_pending_review
collector-1435-v9-p151-34382300,extracted/collector-judgments-pdf/collector-1435-v9-p151-34382300.pdf,moj-judgments-1435-volume-9.pdf,47558539b3e76bb677fc71e8e3748c597cbe9caf169d5eb4d82f91e84929d822,151,156,6,7d48e7a02331bdf197d0125003e85b13987a95765b31ef549924bdc30627e52e,495726,فسخ نكاح -رشط يف العقد -سكن الزوجة مع أهلها -امتناعها من ذلك -طلب الزوج فسخ النكاح -رشط باطل -رد الدعوى -إلزام بإجياد مسكن.,,,34382300,,,من الدائرة الثالثة لألحوال الشخصية واألوقاف والوصايا والقصار وبيوت املال برقم,57a2c5ad4fcc83624d7255d99fb41f032893d4e43c4a1924e2e3008f9fb23e3e,metadata_incomplete_pending_review
collector-1435-v9-p157-3526574,extracted/collector-judgments-pdf/collector-1435-v9-p157-3526574.pdf,moj-judgments-1435-volume-9.pdf,47558539b3e76bb677fc71e8e3748c597cbe9caf169d5eb4d82f91e84929d822,157,161,5,a8476b67eaed7333b2cfa2a0f9741927a567ac19332d44ecc431bb8daa008b9a,904620,فسخ نكاح -عيب يف الزوجة -اشرتطها بكرا فبانت ثيبا -إنكار الدعوى -عدم البينة - معارشة الزوجة بعد العلم بالعيب -داللة عىل الرضا به -رصف النظر.,,,3526574,,الثانية لألحوال الشخصية واألوقاف والوصايا والقصار وبيوت املال بمحكمة االستئناف,احلمد هلل ،والصالة والسالم عىل من ال نبي بعده ،وبعد ،فقد جرى منا نحن قضاة الدائرة,c07eb07354b3664d4db98f8400d96b4dc0220e208a99674ad9c0dbe9c9bdebb3,metadata_incomplete_pending_review
collector-1435-v9-p162-34116147,extracted/collector-judgments-pdf/collector-1435-v9-p162-34116147.pdf,moj-judgments-1435-volume-9.pdf,47558539b3e76bb677fc71e8e3748c597cbe9caf169d5eb4d82f91e84929d822,162,165,4,d734a0b6e7cae9a55c6ce0598d3ea14095d7e8a00217c2fcb12639b6efa9ab9e,504413,انقياد زوجة -دفع بسوء عرشة الزوج -عدم قدرته عىل اإلنجاب -رفض الزوج للكشف الطبي -بعث حكمني -فسخ النكاح بعوض.,,,34116147,1394/8/21,,,33d51715bf4306fbadc8b9911a57b98f8cd18be67e6b1ba648e9c479b3146ac9,metadata_incomplete_pending_review
collector-1435-v9-p166-34121653,extracted/collector-judgments-pdf/collector-1435-v9-p166-34121653.pdf,moj-judgments-1435-volume-9.pdf,47558539b3e76bb677fc71e8e3748c597cbe9caf169d5eb4d82f91e84929d822,166,171,6,a4a704604140889bbff16b09808d9b1dc31dff2f1607d3c91d0ea50c65837983,491907,انقياد زوجة -دفع بسوء عرشة الزوج -بعث حكمني -رشوط للزوجة -استعداد الزوج بتنفيذها -إلزام الزوجة باالنقياد.,,,34121653,,الشخصية واإلهناءات بمحكمة االستئناف بمنطقة القصيم عىل املعاملة الواردة من فضيلة,احلمد هلل وحده ،وبعد ،فقد اطلعنا نحن قضاة الدائرة املختصة بتدقيق قضايا األحوال,411c7da710779cba1dd2eee8c56edfeeda9d6521222ee7d8c23046d37782f377,metadata_incomplete_pending_review
collector-1435-v9-p172-34134206,extracted/collector-judgments-pdf/collector-1435-v9-p172-34134206.pdf,moj-judgments-1435-volume-9.pdf,47558539b3e76bb677fc71e8e3748c597cbe9caf169d5eb4d82f91e84929d822,172,179,8,e51f8b8a626cd74105dd25817cb85b7d28e0267a3a129e28d46b42674f66f4b8,505551,انقياد زوجة -دفع بسوء عرشة الزوج -طلب فسخ النكاح -استعداد برد املهر - رفض الزوج -بعث حكمني -فسخ النكاح بعوض.,,,34134206,,,,bd0c8e484ca1500eb979be5701a4bded5f2463e26983468e4ba6993af85513e9,metadata_incomplete_pending_review
collector-1435-v9-p180-34282474,extracted/collector-judgments-pdf/collector-1435-v9-p180-34282474.pdf,moj-judgments-1435-volume-9.pdf,47558539b3e76bb677fc71e8e3748c597cbe9caf169d5eb4d82f91e84929d822,180,182,3,a63d934a9c255d03ff9dde98ba190e98a041ff1e87cf34d0491890db6183d9ca,481729,انقياد زوجة -خروج من بيت الزوجية -طلب سكن مستقل -رشط السكن مع األهل -إقرار الزوجة بالرشط -إلزامها باالنقياد.,,,34282474,,,,7be627781273dc349815c31ff3526663ea6fb634a31c32622745b28e62fde2c3,metadata_incomplete_pending_review
collector-1435-v9-p183-34158398,extracted/collector-judgments-pdf/collector-1435-v9-p183-34158398.pdf,moj-judgments-1435-volume-9.pdf,47558539b3e76bb677fc71e8e3748c597cbe9caf169d5eb4d82f91e84929d822,183,189,7,67a4ce6133bfeed5df203312b52ddbd1225b107cffed14e2e2ca5afa95cde78e,517704,انقياد زوجة -مراجعتها بعد الطالق -انتهاء العدة -إنكار املراجعة - شهادة رجل وامرأة -عدم قبوهلا -اشرتاط شهادة رجلني -قبول قول الزوجة -يمينها عىل نفي الرجعة -رد الدعوى.,,,34158398,,الثانية لألحوال الشخصية واألوقاف والوصايا والقصار وبيوت املال بمحكمة االستئناف,والصالة والسالم عىل من ال نبي بعده ،وبعد ،فقد جرى منا نحن قضاة الدائرة الثانية,0060c491db5473a27dc47422163a39cce0f98b9af1894f33e571b235b995412b,metadata_incomplete_pending_review
collector-1435-v9-p190-34333887,extracted/collector-judgments-pdf/collector-1435-v9-p190-34333887.pdf,moj-judgments-1435-volume-9.pdf,47558539b3e76bb677fc71e8e3748c597cbe9caf169d5eb4d82f91e84929d822,190,193,4,8867b90dd0041c70d71396fd70d32ab9ffe6cf3f98bb14c2515d967867122b4e,505873,انقياد زوجة -دفع بطالقها بالثالث -قصد إيقاع طلقة واحدة -عدم انقضاء العدة - مراجعة الزوجة فيها -وقوع الثالث واحدة -ثبوت الطالق والرجعة -تنازل الزوج عن دعوى االنقياد.,,,34333887,,الثانية لألحوال الشخصية واألوقاف والوصايا والقصار وبيوت املال بمحكمة االستئناف,احلمد هلل ،والصالة والسالم عىل رسول اهلل ،وبعد ،فقد جرى منا نحن قضاة الدائرة,6f21890e0dc0ba019d169bb53534a9a7a8315a1a8737d290428de5673edec779,metadata_incomplete_pending_review
collector-1435-v9-p194-34551855,extracted/collector-judgments-pdf/collector-1435-v9-p194-34551855.pdf,moj-judgments-1435-volume-9.pdf,47558539b3e76bb677fc71e8e3748c597cbe9caf169d5eb4d82f91e84929d822,194,201,8,4608767925f02e9c13b00f8302c2f182245ad6e475e03692f4f361b4021aa1cc,885596,انقياد زوجة -دفع بعدم اإلنفاق -رشوط للزوجة -استعداد الزوج بتنفيذها -إقرار ه بالتقصري يف الصالة -رد الدعوى.,,,34551855,,الشخصية واألوقاف والوصايا والقصار وبيوت املال بمحكمة االستئناف بمنطقة عسري عىل,احلمد هلل وحده ،وبعد ،فقد اطلعنا نحن قضاة الدائرة املختصة بتدقيق قضايا األحوال,ee77e1e8dfe9096312395c6e8bf5e131be8dde9aa834d279e3af8fe46d4f5579,metadata_incomplete_pending_review
collector-1435-v9-p202-33647966,extracted/collector-judgments-pdf/collector-1435-v9-p202-33647966.pdf,moj-judgments-1435-volume-9.pdf,47558539b3e76bb677fc71e8e3748c597cbe9caf169d5eb4d82f91e84929d822,202,211,10,8e9186855aea2892f3012cc1cdafc588dfc99e567004bed8076489141d69b073,885525,نفي نسب -لعان -بنت مولودة بعد الطالق -قذف الزوجة بالزنا -عدم البينة عليه - حتقق رشوط اللعان -إيقاعه بني الطرفني -احلكم بنفي نسب البنت -يكون نسبها ألمها - حتريم مؤبد بني الطرفني.,,,33647966,,,الدائرة ()...؛ عليه أجيب أصحاب الفضيلة قضاة االستئناف -رعاهم اهلل -بام ييل :بالنسبة,d332a172c36535ea199cb90491b04dc13887131c32361155bfaef1e8755b3416,metadata_incomplete_pending_review
collector-1435-v9-p212-34191823,extracted/collector-judgments-pdf/collector-1435-v9-p212-34191823.pdf,moj-judgments-1435-volume-9.pdf,47558539b3e76bb677fc71e8e3748c597cbe9caf169d5eb4d82f91e84929d822,212,220,9,a261b525b2aa43c9d7afaca8f09791cf95ee7c2e0d2cf70e192e9dd6f04d2a75,508787,من املورث -شهادة إثبات نسب -بنوة املدعية ألب متوىف -إنكار الورثة -إقرار خطي شهود عدول -ثبوت النسب -إضافة يف األوراق الرسمية.,,,34191823,,,استئناف ختم وتوقيع ( .)...قايض استئناف ختم وتوقيع ( .)...رئيس الدائرة ختم وتوقيع,24884289a4ffba7b4c7b098bdb7b4a827668538176ef50aabf609a8d3b97a86a,metadata_incomplete_pending_review
collector-1435-v9-p221-34249843,extracted/collector-judgments-pdf/collector-1435-v9-p221-34249843.pdf,moj-judgments-1435-volume-9.pdf,47558539b3e76bb677fc71e8e3748c597cbe9caf169d5eb4d82f91e84929d822,221,225,5,e97953d9668623f0d7216c54e61b18cfb023e3823fb4770bd29893e7a9dc86ad,486613,إثبات نسب -بنت مولودة بعد الطالق -دفع بالشك يف نسبها -والدهتا يف وقت حيتمل كوهنا منه -وقائع تدل عىل اإلقرار بالنسب -ثبوت نسب البنت -إلزام بإضافتها يف األوراق الرسمية.,,,34249843,,,,4fd31cd461939889ee3db700365ee5fe871cf24e679242b6a09cd3f5554c3d6f,metadata_incomplete_pending_review
collector-1435-v9-p226-34532344,extracted/collector-judgments-pdf/collector-1435-v9-p226-34532344.pdf,moj-judgments-1435-volume-9.pdf,47558539b3e76bb677fc71e8e3748c597cbe9caf169d5eb4d82f91e84929d822,226,229,4,6dc40418ec8843c0c76178dc4603dc84b1987e90142437cf09cd17b2185928ea,492446,إثبات نسب -ولد زنا -تعرض املدعية لالغتصاب -إنكار الدعوى -حتليل احلمض النووي -عدم تطابق البصمة الوراثية -رد الدعوى.,,,34532344,,,قضاة الدائرة اجلزائية األوىل يف حمكمة االستئناف بمنطقة مكة املكرمة االطالع عىل املعاملة,4d1f0396b145654ff892c56787c0353c62fecd1867a1cbb9c32c343c447a2906,metadata_incomplete_pending_review
collector-1435-v9-p230-3419915,extracted/collector-judgments-pdf/collector-1435-v9-p230-3419915.pdf,moj-judgments-1435-volume-9.pdf,47558539b3e76bb677fc71e8e3748c597cbe9caf169d5eb4d82f91e84929d822,230,234,5,a2684ecdb184e080cd1d0c4243bf2e0df7f07713174e8a46c6ee263f62b41c55,496546,نفي نسب -ابن مضاف يف حرص ورثة -ادعاء بأنه متبنى -طلب إسقاطه منه -إنكار الدعوى -شهادة باالستفاضة -إقرار املورث بالنسب -إثباته يف احلفيظة -حلوق النسب بالشبهة -رد الدعوى.,,,3419915,,الثانية لألحوال الشخصية واألوقاف والوصايا والقصار وبيوت املال بمحكمة االستئناف يف,احلمد هلل ،والصالة والسالم عىل من ال نبي بعده ،وبعد ،فقد جرى منا نحن قضاة الدائرة,4207626e29ddabf1b3d02f485e0e6a2fcac1a87858df6b51ca24963f9c8640f2,metadata_incomplete_pending_review
collector-1435-v9-p235-3569362,extracted/collector-judgments-pdf/collector-1435-v9-p235-3569362.pdf,moj-judgments-1435-volume-9.pdf,47558539b3e76bb677fc71e8e3748c597cbe9caf169d5eb4d82f91e84929d822,235,237,3,a3206e81a3656551026f79eb81c5464f61f518635a5c26f4aa606318c06b1286,480821,نفي نسب -شك يف نسب االبن -طلب حتليل احلمض النووي -إقرار بالزوجية والدخول -مدة محل كافية -رشط املصلحة يف الدعوى -رصف النظر.,,,3569362,,,احلمد هلل وحده ،والصالة والسالم عىل من ال نبي بعده ،وبعد ،نحن قضاة الدائرة األوىل,681cc5fc15f23cefffd9935c8c78c07f735029f6fc722b97ed658253e85b902e,metadata_incomplete_pending_review
collector-1435-v9-p238-34384279,extracted/collector-judgments-pdf/collector-1435-v9-p238-34384279.pdf,moj-judgments-1435-volume-9.pdf,47558539b3e76bb677fc71e8e3748c597cbe9caf169d5eb4d82f91e84929d822,238,241,4,fc9277dcc6938f3bdc0d22f88db01efaf86bf45e36f60b9f71cac706bb24030d,1175646,نسب -طلب إثبات تسلسل النسب -عدم وروده من جهة حكومية -رصف النظر.,,,34384279,1410/08/08,,احلمد هلل وحده والصالة والسالم عىل من ال نبي بعده ،وبعد :نحن قضاة الدائرة األوىل,1b29f02b97d46eec31bce6582b1680abe61a440c4821b95cbe44c5979dad3439,metadata_incomplete_pending_review
collector-1435-v9-p242-33506718,extracted/collector-judgments-pdf/collector-1435-v9-p242-33506718.pdf,moj-judgments-1435-volume-9.pdf,47558539b3e76bb677fc71e8e3748c597cbe9caf169d5eb4d82f91e84929d822,242,245,4,12f368c60165593854b1b3b05c89ae45e86a20b3708bd8a30228264bbf85b443,501386,نفقة -زوجة وأوالد -طلب مسكن رشعي هلم - دفع بتوفري ملحق مستقل -قرار قسم اخلرباء -عدم صالحية امللحق -إلزام بإعداد سكن مناسب.,,,33506718,1433/08/05,,,0ef51f4f70e5dd28d3ee009766cce2fd451d1b623bd596150c2a032672186c52,metadata_incomplete_pending_review
collector-1435-v9-p246-3413022,extracted/collector-judgments-pdf/collector-1435-v9-p246-3413022.pdf,moj-judgments-1435-volume-9.pdf,47558539b3e76bb677fc71e8e3748c597cbe9caf169d5eb4d82f91e84929d822,246,249,4,e5c089ab33f2573db3ed49ce70e6b4b0b5c753950cf957d8e7499c3e9a297a08,507115,نفقة -أوالد من زوجة مطلقة -حضانتها هلم - طلب تأمني السكن -امتناع األب - استعداده بحضانة األوالد -رفض املدعية -قرار قسم اخلرباء -تقدير أجرة السكن -إلزام بتسليمها للحاضنة.,,,3413022,,,,ebfa87f34d1d557b5c90092001579f2c4048afac928de349dde59625eb461754,metadata_incomplete_pending_review
collector-1435-v9-p250-33704224,extracted/collector-judgments-pdf/collector-1435-v9-p250-33704224.pdf,moj-judgments-1435-volume-9.pdf,47558539b3e76bb677fc71e8e3748c597cbe9caf169d5eb4d82f91e84929d822,250,254,5,814d3b591b73b468b6941a7d7739d5d545205ee85f2bf5456057687ff6c61026,487347,نفقة -زوجة وأوالد -طلب مسكن رشعي هلم- ترضر املدعية وأوالدها -امتناع الزوج من احلضور -حكم حضوري -إلزام بإجياد السكن.,,,33704224,,,احلمد هلل ،والصالة والسالم عىل رسول اهلل ،وبعد ،نحن قضاة الدائرة األوىل لألحوال,6015f2b759ecda6aa0661548c53972e06ab36215d192bf557a573eab8afdfac8,metadata_incomplete_pending_review
collector-1435-v9-p255-3483910,extracted/collector-judgments-pdf/collector-1435-v9-p255-3483910.pdf,moj-judgments-1435-volume-9.pdf,47558539b3e76bb677fc71e8e3748c597cbe9caf169d5eb4d82f91e84929d822,255,260,6,7f698accbed40fef4192a319bd07dd602d12f9babfe37875f3f2343224111f94,490601,نفقة -زوجة وأوالد -ماضية ومستقبلية -استخالف يف سامع اجلواب -نشوز الزوجة - عدم استحقاقها النفقة -قرار قسم اخلرباء -تقدير نفقة األوالد -إلزام الزوج هبا.,,,3483910,,الشخصية واألوقاف والوصايا والقصار وبيوت املال بمحكمة االستئناف بمنطقة عسري,احلمد هلل وحده ،وبعد ،فقد اطلعنا نحن قضاة الدائرة املختصة بتدقيق قضايا األحوال,9b8f2d69ab5cf51f41f5ba65c2912e85c72baecddcc3894659f4f24275a42374,metadata_incomplete_pending_review
collector-1435-v9-p261-34207271,extracted/collector-judgments-pdf/collector-1435-v9-p261-34207271.pdf,moj-judgments-1435-volume-9.pdf,47558539b3e76bb677fc71e8e3748c597cbe9caf169d5eb4d82f91e84929d822,261,264,4,7292c1d974bf676837e2e6963df1b927ca42bdc837bcdbdfefdd3de7a2c22285,487230,نفقة -زوجة مطلقة -جمهولة اهلوية -تعريفها من املدعى عليه -مدة العدة غري حمددة - عدم استحقاق النفقة بعد البينونة -دعوى غري حمررة -رصف النظر.,,,34207271,,الشخصية واألوق��اف والوصايا والقصار وبيوت املال بمحكمة االستئناف بمنطقة,الفضيلة قضاة الدائرة املختصة بتدقيق قضايا األحوال الشخصية واألوقاف والوصايا,fa45c026cc164d88935b8c3d069bc2bdaf2ca5186da38459a664f2db006434fc,metadata_incomplete_pending_review
collector-1435-v9-p265-34311875,extracted/collector-judgments-pdf/collector-1435-v9-p265-34311875.pdf,moj-judgments-1435-volume-9.pdf,47558539b3e76bb677fc71e8e3748c597cbe9caf169d5eb4d82f91e84929d822,265,267,3,a219add2d0375606678f7605bef698d522c95daabb4559b52ea3fdf1cbb0d50e,500611,نفقة -بنات بالغات -إقامتهم مع والدهتم - إقرار األب -قرار قسم اخلرباء -تقدير النفقة -وجود ما يوجب رده -عدم تقيد املحكمة به -تعديل مقدار النفقة -إلزام األب,,,34311875,,الشخصية واألوقاف والوصايا والقصار وبيوت املال بمحكمة االستئناف بمنطقة عسري,احلمد هلل وحده ،وبعد ،فقد اطلعنا نحن قضاة الدائرة املختصة بتدقيق قضايا األحوال,42dee1da59d11bed28890ebc1df869be2946843e2d824cbeacb7fad37975ebe6,metadata_incomplete_pending_review
collector-1435-v9-p268-35141702,extracted/collector-judgments-pdf/collector-1435-v9-p268-35141702.pdf,moj-judgments-1435-volume-9.pdf,47558539b3e76bb677fc71e8e3748c597cbe9caf169d5eb4d82f91e84929d822,268,271,4,b9a042e11e0529f336c71776e54ad97614fa41d2c4dac8cb66cfea2c16446363,484642,نفقة -ابن يف حضانة املدعية -عدم اإلنفاق عليه -إقرار األب -حتقق من الراتب -قرار قسم اخلرباء -تقدير النفقة -إنفاق املدعية بنية الرجوع -إلزام بالنفقة املاضية واملستقبلية.,,,35141702,1433/5/25,الشخصية واألوقاف والوصايا والقصار وبيوت املال بمحكمة االستئناف بمنطقة عسري عىل,احلمد هلل وحده ،وبعد ،فقد اطلعنا نحن قضاة الدائرة املختصة بتدقيق قضايا األحوال,9af465ad03b21e7d904f8e9a2fb6941b7e37219c7fe1a5d1bca8b96e018eec24,metadata_incomplete_pending_review
collector-1435-v9-p272-32241196,extracted/collector-judgments-pdf/collector-1435-v9-p272-32241196.pdf,moj-judgments-1435-volume-9.pdf,47558539b3e76bb677fc71e8e3748c597cbe9caf169d5eb4d82f91e84929d822,272,283,12,d0b69dd53f6052b215daf557807a9830c396f9e5f5c47557d5772e567da7f69a,1200007,نفقة -زوجة وأوالد -دفع بنشوزها -عدم إثباته -تقوي جانب املدعية -يمينها عىل عدم اإلنفاق -قرار قسم اخلرباء -تقدير النفقة -حكم حضوري -إلزام بتسليمها.,,,32241196,,الشخصية واألوقاف والوصايا والقصار وبيوت املال بمحكمة االستئناف بمنطقة عسري عىل,احلمد هلل وحده ،وبعد ،فقد اطلعنا نحن قضاة الدائرة املختصة بتدقيق قضايا األحوال,7e6275b03cb0648feba8de6a1ee4bd45ff2d3b1b91844e97fcfb617919b03d92,metadata_incomplete_pending_review
collector-1435-v9-p284-33656540,extracted/collector-judgments-pdf/collector-1435-v9-p284-33656540.pdf,moj-judgments-1435-volume-9.pdf,47558539b3e76bb677fc71e8e3748c597cbe9caf169d5eb4d82f91e84929d822,284,288,5,aed1e9d9489c26315c53409dac3c60614e5242be1276162b3c201d0569da27fb,507267,مميز -أوالد دون سن التمييز -دفع بعدم صالحية حضانة -مطالبة األب هبا -ابن األب -عدم زواج األم -ختيري االبن املميز -اختيار األم -حضانة غري املميز ألمه -رد,,,33656540,,,,7f32619ea9fc3bb33070fd12cf10f0676e1a0e7346c18a5b5145ecfc17a54512,metadata_incomplete_pending_review
collector-1435-v9-p289-3525270,extracted/collector-judgments-pdf/collector-1435-v9-p289-3525270.pdf,moj-judgments-1435-volume-9.pdf,47558539b3e76bb677fc71e8e3748c597cbe9caf169d5eb4d82f91e84929d822,289,292,4,62c5fa0f177ce778da418f93a3f2be479b8c1097ad6b850659f7ccd36d70456f,488257,حضانة -مطالبة األب هبا -ختفي األم -قدح والدها يف صالحيتها -مصلحة املحضون - أحقية األب باحلضانة -حكم غيايب -إلزام األم بتسليم املحضون -نفاذ معجل.,,,3525270,,الثانية لألحوال الشخصية واألوقاف والوصايا والقصار وبيوت املال بمحكمة االستئناف,احلمد هلل ،والصالة والسالم عىل رسول اهلل ،وبعد ،فقد جرى منا نحن قضاة الدائرة,a63dc4910b19437bb1ab834c6454c8287c9938a8c3f835bc50196eed350dff81,metadata_incomplete_pending_review
collector-1435-v9-p293-3562646,extracted/collector-judgments-pdf/collector-1435-v9-p293-3562646.pdf,moj-judgments-1435-volume-9.pdf,47558539b3e76bb677fc71e8e3748c597cbe9caf169d5eb4d82f91e84929d822,293,295,3,60c84119aa0e63fc94fab2b66016c77dd63640d8a2cdf2dda50a82f06dee4c4b,480987,مميزين - دفع بمرض األم النفيس -عدم إرضارها حضانة - مطالبة األم هبا -ولدين غري بالغري -أحقيتها باحلضانة -ثبوت صالحيتها -احلكم لألم بحضانة الولدين.,,,3562646,,,الدائرة الثالثة لألحوال الشخصية واألوقاف والوصايا والقصار وبيوت املال بمحكمة,20440dde17ecd775c72b942a504539e1add9e6b1ae03a0fce42fd401e2d51a93,metadata_incomplete_pending_review
collector-1435-v9-p296-3575507,extracted/collector-judgments-pdf/collector-1435-v9-p296-3575507.pdf,moj-judgments-1435-volume-9.pdf,47558539b3e76bb677fc71e8e3748c597cbe9caf169d5eb4d82f91e84929d822,296,298,3,fd89c2a94fd6284d5067fc33578d0f08fe2b9b35c5a5b677545f5476d2b275b0,482874,حضانة -مطالبة األم هبا -ابن رضيع -عدم الطعن يف األم -أحقيتها باحلضانة -حاجة الطفل ألمه -احلكم هلا بحضانة ابنها.,,,3575507,,,احلمد هلل وحده ،والصالة والسالم عىل من ال نبي بعده ،وبعد ،فنحن قضاة الدائرة األوىل,34868e51cf09c71f61fed3d9aafa8ea0ecb7265c78df10853a09611367cc81cb,metadata_incomplete_pending_review
collector-1435-v9-p299-3461705,extracted/collector-judgments-pdf/collector-1435-v9-p299-3461705.pdf,moj-judgments-1435-volume-9.pdf,47558539b3e76bb677fc71e8e3748c597cbe9caf169d5eb4d82f91e84929d822,299,302,4,c955ef3486b178d959d62c5b5664445efe808f2232fa5eb632af357a67d3ed05,483620,مميزان -ختيريمها بني الوالدين -اختيارمها األم - حضانة -مطالبة األب هبا -ولدان احلكم هلا بحضانة الولدين.,,,3461705,,,الدائرة الثالثة لألحوال الشخصية واألوقاف والوصايا والقصار وبيوت املال بمحكمة,aeddb783e433d63bc23d7edd1622118c643f8a13d93ff9068dfe2ea5bedf72ca,metadata_incomplete_pending_review
collector-1435-v9-p303-34272410,extracted/collector-judgments-pdf/collector-1435-v9-p303-34272410.pdf,moj-judgments-1435-volume-9.pdf,47558539b3e76bb677fc71e8e3748c597cbe9caf169d5eb4d82f91e84929d822,303,306,4,1de7def88224b51276f8b4365c1ee9312e0b40d4247d2ea2c1bf187723a3f615,485949,مميزان -األم موظفة -عدم القدح يف صالحيتها - حضانة -مطالبة األب هبا -ولدان ختيري الولدين -اختيارمها لألم -احلكم لألم بحضانة الولدين.,,,34272410,,الثانية لألحوال الشخصية واألوقاف والوصايا والقصار وبيوت املال بمحكمة االستئناف,احلمد هلل ،والصالة والسالم عىل من ال نبي بعده ،وبعد ،فقد جرى منا نحن قضاة الدائرة,7487f9ef0982e47b40e3937f0af7fde9a78fce4f0ea61f11293d616ea7843f10,metadata_incomplete_pending_review
collector-1435-v9-p307-34385900,extracted/collector-judgments-pdf/collector-1435-v9-p307-34385900.pdf,moj-judgments-1435-volume-9.pdf,47558539b3e76bb677fc71e8e3748c597cbe9caf169d5eb4d82f91e84929d822,307,310,4,f69b3238d9c982707f8f1983ba800a678559db082e01b238cdb34e60685d9cb8,490008,مميز -سبق صدور حكم لألم -جتدد حق احلضانة - حضانة -مطالبة األب هبا -ابن ختيري االبن -اختياره ألمه -رصف النظر.,,,34385900,,,,dba24eb4cef3dc7c317d756e6d93f703025af1e0e6541401f0b45ae903269632,metadata_incomplete_pending_review
collector-1435-v9-p311-3557537,extracted/collector-judgments-pdf/collector-1435-v9-p311-3557537.pdf,moj-judgments-1435-volume-9.pdf,47558539b3e76bb677fc71e8e3748c597cbe9caf169d5eb4d82f91e84929d822,311,313,3,6feaf044329004f2aa7e7000669b8640ddc1c7f03d2ca3876b68dca7011148ad,484705,مميزة -ختيري املحضون -اختيار األم -عدم قيام مانع حضانة -مطالبة األب هبا -بنت هبا -أحقيتها باحلضانة -رد الدعوى.,,,3557537,,,والالئحة االعرتاضية ،وأوراق املعاملة قررت الدائرة باألكثرية املصادقة عىل ما حكم به,a76e01037f49f3e661633aea3b923a037355dfa3ab491328121ada3325a5150b,metadata_incomplete_pending_review
collector-1435-v9-p314-34195478,extracted/collector-judgments-pdf/collector-1435-v9-p314-34195478.pdf,moj-judgments-1435-volume-9.pdf,47558539b3e76bb677fc71e8e3748c597cbe9caf169d5eb4d82f91e84929d822,314,318,5,fd213905cbaea478e36679de480ffc902b6dfdfd8b1050e17e871f0716e6cb8a,510028,حضانة -مطالبة األم هبا -ابن رضيع -رفع الرضر عن املحضون -حكم غيايب - حضانة األم للرضيع -إلزام األب بتسليمه -نفاذ معجل.,,,34195478,,,,468fbc936a4eb22b4a17f1b4f6f04419694f91a708d9f2eb9940d16feb713afe,metadata_incomplete_pending_review
collector-1435-v9-p319-34215517,extracted/collector-judgments-pdf/collector-1435-v9-p319-34215517.pdf,moj-judgments-1435-volume-9.pdf,47558539b3e76bb677fc71e8e3748c597cbe9caf169d5eb4d82f91e84929d822,319,321,3,7d3b753f203b4ec2dba7a5c8170b8256cd7c1bdcee34c366357c0d888fdc0f2e,481399,مميزة -سبق صدور حكم لألم -أحقيتها ما مل تنكح - حضانة -مطالبة األب هبا -بنت عدم الطعن فيها -رصف النظر.,,,34215517,,,الدائرة الثالثة لألحوال الشخصية واألوقاف والوصايا والقصار وبيوت املال بمحكمة,1daa6759c966cad08f5f71e798ef53cf9bde9236e0c43fbe3354bf905550aa45,metadata_incomplete_pending_review
collector-1435-v9-p322-34339018,extracted/collector-judgments-pdf/collector-1435-v9-p322-34339018.pdf,moj-judgments-1435-volume-9.pdf,47558539b3e76bb677fc71e8e3748c597cbe9caf169d5eb4d82f91e84929d822,322,324,3,74f4eedc70a5acf95928a82511b01a03c9f2e6ce05b31ae4c7c516b179f5c17e,482414,مميزتان -دفع بزواج األب -أحقية األم ما مل تنكح - حضانة -مطالبة األب هبا -بنتان احلكم بحضانتها لبنتيها حتى زواجهام.,,,34339018,1434/07/22,,,18d583f96b9e5b12c8ab2b7ea857d31ea82d2ebcbddb80691dd36ef702ea61f0,metadata_incomplete_pending_review
collector-1435-v9-p325-34357140,extracted/collector-judgments-pdf/collector-1435-v9-p325-34357140.pdf,moj-judgments-1435-volume-9.pdf,47558539b3e76bb677fc71e8e3748c597cbe9caf169d5eb4d82f91e84929d822,325,327,3,f22a1b0303e6c0786256892729ec61ecaa197d5f4f343557407a105109204395,481302,مميزان -غيبة األب -شهادة شهود عدول -أحقيتها ما حضانة -مطالبة األم هبا -ابنان مل تنكح -حكم غيايب -حضانة األم البنيها.,,,34357140,1434/08/01,الثانية لألحوال الشخصية واألوقاف والوصايا والقصار وبيوت املال بمحكمة االستئناف,احلمد هلل ،والصالة والسالم عىل من ال نبي بعده ،وبعد ،فقد جرى منا نحن قضاة الدائرة,d75a2b499c65d5dfd819729178cc0568826c1cdba33cfdd4aac8c062ea946d92,metadata_incomplete_pending_review
collector-1435-v9-p328-34383118,extracted/collector-judgments-pdf/collector-1435-v9-p328-34383118.pdf,moj-judgments-1435-volume-9.pdf,47558539b3e76bb677fc71e8e3748c597cbe9caf169d5eb4d82f91e84929d822,328,331,4,41776caf102854547de74499a8b6b19223c8333d20fde68d452618e0cddad82f,490503,حضانة -مطالبة األم هبا -بنتان دون سن التمييز -األم مواطنة -األب مقيم - سفره بابنتيه خارج البالد -حكم غيايب -حضانة األم البنتيها -إلزام األب بتسليمهام -نفاذ,,,34383118,1434/06/05,الثانية لألحوال الشخصية واألوقاف والوصايا والقصار وبيوت املال بمحكمة االستئناف,احلمد هلل ،والصالة والسالم عىل من ال نبي بعده ،وبعد ،فقد جرى منا نحن قضاة الدائرة,366fbdf8ddc666232476bb1e9cd67f19d79b9b4b635c8f9abb2dced94087b870,metadata_incomplete_pending_review
collector-1435-v9-p332-3513409,extracted/collector-judgments-pdf/collector-1435-v9-p332-3513409.pdf,moj-judgments-1435-volume-9.pdf,47558539b3e76bb677fc71e8e3748c597cbe9caf169d5eb4d82f91e84929d822,332,335,4,17f8c224afdb8611619a2ac0d25e998198bf38b09aaf1c5e17ddae5bc6a5d229,495950,مميزين -دفع بتنازل األم عنها -عجز عن إثباته - حضانة -مطالبة األم هبا -أوالد غري رفض يمني املدعية -احلكم لألم بحضانة أوالدها -إلزام األب بتسليمهم - نفاذ معجل.,,,3513409,,الثانية لألحوال الشخصية واألوقاف والوصايا والقصار وبيوت املال بمحكمة االستئناف,احلمد هلل ،والصالة والسالم عىل من ال نبي بعده ،وبعد ،فقد جرى منا نحن قضاة الدائرة,d1dd3c56730c268b031ddaa2e0a787ca71ec91ea35554bafa493bdfa9c0cf6d2,metadata_incomplete_pending_review
collector-1435-v9-p336-34122008,extracted/collector-judgments-pdf/collector-1435-v9-p336-34122008.pdf,moj-judgments-1435-volume-9.pdf,47558539b3e76bb677fc71e8e3748c597cbe9caf169d5eb4d82f91e84929d822,336,341,6,f682c247e0f5f27e173194eaea1c4cd4aeae8ba5eb982b99e42d014e4b438597,500439,مميزة -عدم زواج األم -رد الدعوى -احلكم لألم حضانة -مطالبة األب هبا -بنت غري بحضانة ابنتها.,,,34122008,,,الدائرة الثالثة لألحوال الشخصية واألوقاف والوصايا والقصار وبيوت املال بمحكمة,c8e6e042a5051ffaa60bc4fd710f1dc946772d12791d6efda6a02fd9967fe44b,metadata_incomplete_pending_review
collector-1435-v9-p342-34307034,extracted/collector-judgments-pdf/collector-1435-v9-p342-34307034.pdf,moj-judgments-1435-volume-9.pdf,47558539b3e76bb677fc71e8e3748c597cbe9caf169d5eb4d82f91e84929d822,342,345,4,97b050d13e4f5568e7372f4921bb298980c8c2a646564121fdfcbea42c88fe1d,484921,مميز -حكم سابق -صلح عىل احلضانة -عدم حضانة -مطالبة األب هبا -ابن غري موجب نقضه -أحقية األم ما مل تنكح -رد الدعوى.,,,34307034,1434/7/3,,,82b2b31d350eb1312bbf1e0034191d811ace4954fa868897dc0d80f2c85afa7c,metadata_incomplete_pending_review
collector-1435-v9-p346-34296267,extracted/collector-judgments-pdf/collector-1435-v9-p346-34296267.pdf,moj-judgments-1435-volume-9.pdf,47558539b3e76bb677fc71e8e3748c597cbe9caf169d5eb4d82f91e84929d822,346,349,4,2c08b80ccd1283465fa274cc0422795e802ae08c47e3babd15b52f2fd74c57d1,488385,حضانة -مطالبة األم هبا -ولدان دون سن التمييز -أحقية األم ما مل تنكح -احلكم هلا بحضانة ولدهيا.,,,34296267,,,,e8e9582450f8878923748ade83c15ef8d1eab35a72cbdeeeff9c8ad23f189322,metadata_incomplete_pending_review
collector-1435-v9-p350-34205683,extracted/collector-judgments-pdf/collector-1435-v9-p350-34205683.pdf,moj-judgments-1435-volume-9.pdf,47558539b3e76bb677fc71e8e3748c597cbe9caf169d5eb4d82f91e84929d822,350,354,5,42839452b97f2cf334db8e9100b8bbe8903155dd922f8f93c6a6ac5673755b85,487423,مميزة -دفع بزواج األم -رضا زوجها باحلضانة -حضانة -مطالبة األم هبا -بنت غري زوال املانع -انتقال األم عن البلد -عدم تأثريه عىل احلضانة -احلكم لألم بحضانة بنتها.,,,34205683,,الشخصية واألوقاف والوصايا والقصار وبيوت املال بمحكمة االستئناف بمنطقة عسري,احلمد هلل وحده ،وبعد ،فقد اطلعنا نحن قضاة الدائرة املختصة بتدقيق قضايا األحوال,423093c87bdd338207ff534010640084b50a96a547199fa4e429690b7dd8ee46,metadata_incomplete_pending_review
collector-1435-v9-p355-34299245,extracted/collector-judgments-pdf/collector-1435-v9-p355-34299245.pdf,moj-judgments-1435-volume-9.pdf,47558539b3e76bb677fc71e8e3748c597cbe9caf169d5eb4d82f91e84929d822,355,358,4,fd4c4d2501a085b8d17a6e3f2d4a93757d6efeabfa59567a129c49c2728dccc4,484122,مميزة -زواج األم -رضا زوجها باحلضانة -عدم حضانة -مطالبة األب هبا -بنت غري الطعن فيهام -احلكم لألم بحضانة ابنتها.,,,34299245,1434/11/20,,احلمد هلل وحده ،والصالة والسالم عىل من ال نبي بعده ،وبعد ،فنحن قضاة الدائرة,c4fe274ad304af6ad36f1885f377560b653544a3fa93d1656bea1a0437bf671f,metadata_incomplete_pending_review
collector-1435-v9-p359-3523017,extracted/collector-judgments-pdf/collector-1435-v9-p359-3523017.pdf,moj-judgments-1435-volume-9.pdf,47558539b3e76bb677fc71e8e3748c597cbe9caf169d5eb4d82f91e84929d822,359,364,6,5e78f1578f04d1d4464dba50ee285ac99b637767e4bf77bd754e4fde4a189709,493080,حضانة -مطالبة األب هبا -بنت رضيعة -زواج األم -رضا زوجها باحلضانة -العربة بمصلحة املحضون -احلكم لألم باحلضانة.,,,3523017,,الشخصية واإلهناءات بمحكمة االستئناف بمنطقة القصيم عىل املعاملة الواردة من فضيلة,احلمد هلل وحده ،وبعد ،فقد اطلعنا نحن قضاة الدائرة املختصة بتدقيق قضايا األحوال,03112571c7e5cdfc4dc1beb1fcec190ed1ba1bf289740abf9a9edbc3cce647be,metadata_incomplete_pending_review
collector-1435-v9-p365-3560949,extracted/collector-judgments-pdf/collector-1435-v9-p365-3560949.pdf,moj-judgments-1435-volume-9.pdf,47558539b3e76bb677fc71e8e3748c597cbe9caf169d5eb4d82f91e84929d822,365,368,4,bf49e451ca2369fa7ac649b3e7325cbdd2ead7c9a056208fe93fc4aaa334a05c,483915,مميزة -زواج األم -دفع بعدم تأثريه -اشرتاط حضانة -مطالبة األب هبا -بنت غري احلضانة يف عقد النكاح -شهادة شهود عدول -عدم موجب سقوط احلضانة -رصف,,,3560949,,,الدائرة الثالثة لألحوال الشخصية واألوقاف والوصايا والقصار وبيوت املال بمحكمة,981bd95eac4e4e47b442109d38d3ae2b7a650f3bdf6d4989dd97ac99ccd5ee3e,metadata_incomplete_pending_review
collector-1435-v9-p369-34559765,extracted/collector-judgments-pdf/collector-1435-v9-p369-34559765.pdf,moj-judgments-1435-volume-9.pdf,47558539b3e76bb677fc71e8e3748c597cbe9caf169d5eb4d82f91e84929d822,369,372,4,0221bf908679756dad755090a610a47accec555bbed1c9a84d7b8749fbc54bef,490687,حضانة -مطالبة األب هبا -ابن غري مميز -احلاضنة أم األم -بعد مكان إقامتها -مشقة يف الزيارة -أحقية أم األم باحلضانة -رد الدعوى.,,,34559765,,الشخصية واإلهناءات بمحكمة االستئناف بالرياض عىل املعاملة الواردة من فضيلة رئيس,احلمد هلل وحده ،وبعد ،فقد اطلعنا نحن قضاة الدائرة األوىل لتدقيق قضايا األحوال,35308a637a0fe1bcb4d10e7ada1e375e705d2d73f56fbb4794e97495a9a84d2a,metadata_incomplete_pending_review
collector-1435-v9-p373-3554245,extracted/collector-judgments-pdf/collector-1435-v9-p373-3554245.pdf,moj-judgments-1435-volume-9.pdf,47558539b3e76bb677fc71e8e3748c597cbe9caf169d5eb4d82f91e84929d822,373,375,3,4618797e88e50dd9cd513d69db33804969fd68d3331c785fcb0674e3c8682ef1,483955,مميزة -سكنها مع ذكور بالغني -إخوة من حضانة -مطالبة أم األب هبا -بنت الرضاعة -عدم الطعن يف صالحية احلاضنة -تقديم أم األم يف احلضانة -رد الدعوى.,,,3554245,,,,8e24b243da5fe208116bb437c218e811ae12d004a169721a374b47419a4eea36,metadata_incomplete_pending_review
collector-1435-v9-p376-35266128,extracted/collector-judgments-pdf/collector-1435-v9-p376-35266128.pdf,moj-judgments-1435-volume-9.pdf,47558539b3e76bb677fc71e8e3748c597cbe9caf169d5eb4d82f91e84929d822,376,378,3,4eb7047c5257b4bb779190e93f40105b38993e5faef90ac4eab2fdb5e83c8d3e,481214,تسليم حمضون -أوالد دون سن التمييز -منع األم من رؤية ولدهيا -طلب تسليمهام هلا مؤقتا -احتفاظها بحق طلب احلضانة -قضاء مستعجل -إلزام بتسليم الولدين -نفاذ,,,35266128,1435/5/5,,,f918cb8d680162f32b9faab0ef992584217b49f2946ae38030dad4b4659c396f,metadata_incomplete_pending_review
collector-1435-v9-p379-35384760,extracted/collector-judgments-pdf/collector-1435-v9-p379-35384760.pdf,moj-judgments-1435-volume-9.pdf,47558539b3e76bb677fc71e8e3748c597cbe9caf169d5eb4d82f91e84929d822,379,381,3,29fb7330ef04f16c7a350d503ba5486d8e029a09ec4a1a549df1a427d17fd62d,482496,مميزتان -منع األم من رؤيتهام -طلب تسليمهام هلا مؤقتا - تسليم حمضون -بنتان احتفاظها بحق طلب احلضانة -قضاء مستعجل -إلزام بتسليم البنتني -نفاذ معجل.,,,35384760,1435/06/28,,,b0a07e5d5047e7009392b2323f1a25b6bdcb8aa75291a6f07a4c4722162d2a31,metadata_incomplete_pending_review
collector-1435-v9-p382-3582929,extracted/collector-judgments-pdf/collector-1435-v9-p382-3582929.pdf,moj-judgments-1435-volume-9.pdf,47558539b3e76bb677fc71e8e3748c597cbe9caf169d5eb4d82f91e84929d822,382,385,4,aa129fbcee0e1fc2b6129f7d7407f4b038ba850beaf42cd2b4c98e52fe18a97d,505733,ضم ورعاية -وفاة زوج البنت -طلب األب إلزامها بالسكنى معه -عدم انقضاء عدة الوفاة -سكن أوالد املرأة معها -األصل عدم التهمة -رد الدعوى.,,,3582929,,,الدائرة الثالثة لألحوال الشخصية واألوقاف والوصايا والقصار وبيوت املال بمحكمة,2db0c7f159b15acd852843af37d7560a882fa8061ace8760171099da9e837694,metadata_incomplete_pending_review
collector-1435-v9-p386-34562910,extracted/collector-judgments-pdf/collector-1435-v9-p386-34562910.pdf,moj-judgments-1435-volume-9.pdf,47558539b3e76bb677fc71e8e3748c597cbe9caf169d5eb4d82f91e84929d822,386,389,4,9043a11152277e609be62400a4ffdf5fa0f9e832bb78d6bc69199fa156f73a7d,846972,ضم ورعاية -ابنتان بالغتان -طالق املدعي ألمهام -حاجته للخدمة -طلب إلزامهام بالسكنى معه -دفع بزواج املدعي -حق اختيار مكان اإلقامة -رد الدعوى.,,,34562910,1434/9/23,,احلمد هلل وحده ،والصالة والسالم عىل من ال نبي بعده ،وبعد ،فنحن قضاة الدائرة األوىل,8afb7fbb2a0283a8a2bca83cc9655082eccfa1c6449afd5b48593bdbff175460,metadata_incomplete_pending_review
collector-1435-v9-p390-32217630,extracted/collector-judgments-pdf/collector-1435-v9-p390-32217630.pdf,moj-judgments-1435-volume-9.pdf,47558539b3e76bb677fc71e8e3748c597cbe9caf169d5eb4d82f91e84929d822,390,395,6,c8217a79d2038eda366e23fc94f4305c7a6bf36ca9e06e540510f2d095a0f4eb,493152,مميزة -دفع بترضر البنت -قرار قسم زيارة أوالد -طلب األم متكينها منها -بنت اخلرباء -عدم وجود رضر -تقدير مدة الزيارة -إلزام بتمكني املدعية منها -نفاذ معجل.,,,32217630,,الثانية لألحوال الشخصية واألوقاف والوصايا والقصار وبيوت املال بمحكمة االستئناف,يف 1434/7/9ه برفقة أوراق املعاملة من الدائرة الثانية لألحوال الشخصية واألوقاف,942d726943b466cca255c495848c34048cac67ea50153bc120b5e06458049c90,metadata_incomplete_pending_review
collector-1435-v9-p396-33224140,extracted/collector-judgments-pdf/collector-1435-v9-p396-33224140.pdf,moj-judgments-1435-volume-9.pdf,47558539b3e76bb677fc71e8e3748c597cbe9caf169d5eb4d82f91e84929d822,396,399,4,6b73989939ad4f24d7b04fc0858bcad005c12e2a6b2ebad28ab5da45100768ff,486921,مميزين -تقدير مدة الزيارة -تعذر زيارة أوالد -طلب األب متكينه منها -ولدان غري تبليغ األم -سامع الدعوى غيابيا -حكم غيايب -إلزام بالتمكني من الزيارة.,,,33224140,,الثانية لألحوال الشخصية واألوقاف والوصايا والقصار وبيوت املال بمحكمة االستئناف يف,استئناف ( )...ختمه وتوقيعه /رئيس الدائرة ( )...موافق عىل ما ذكر أعاله ويل إضافة.,07fe1b2cd936d0137442ae15efa0a6f9e3519306b10cc388c00739d332cfd239,metadata_incomplete_pending_review
collector-1435-v9-p400-32252137,extracted/collector-judgments-pdf/collector-1435-v9-p400-32252137.pdf,moj-judgments-1435-volume-9.pdf,47558539b3e76bb677fc71e8e3748c597cbe9caf169d5eb4d82f91e84929d822,400,404,5,8c04f369a7674e31e237f936e0525a48617f964b15450decc00c2b2653029f20,487395,مميز -السفر به إىل بلد األب -رفض زيارة أوالد -طلب األب متكينه منها -ابن غري املدعى عليها -مراعاة مصلحة املحضون -رد الدعوى.,,,32252137,,الثانية لألحوال الشخصية واألوقاف والوصايا والقصار وبيوت املال بمحكمة االستئناف,احلمد هلل ،والصالة والسالم عىل من ال نبي بعده ،وبعد ،فقد جرى منا نحن قضاة الدائرة,66de36eb236dcc80da2961f2109ad0dc5654de8e6d870fdb15bae8a735a0ed61,metadata_incomplete_pending_review
collector-1435-v9-p405-34371809,extracted/collector-judgments-pdf/collector-1435-v9-p405-34371809.pdf,moj-judgments-1435-volume-9.pdf,47558539b3e76bb677fc71e8e3748c597cbe9caf169d5eb4d82f91e84929d822,405,408,4,484683ad3dc8f29d45ea70ee5327c1b007335e4f62fadbcf047b8ca08fc47016,508616,مميز -طلب السفر به -صغر سنه -قرار زيارة أوالد -طلب األب متكينه منها -ابن غري قسم اخلرباء -عدم االعتداد به -إلزام بالتمكني من الزيارة -عدم السفر باملزور.,,,34371809,,الثانية لألحوال الشخصية واألوقاف والوصايا والقصار وبيوت املال بمحكمة االستئناف,احلمد هلل ،والصالة والسالم عىل من ال نبي بعده ،وبعد ،فقد جرى منا نحن قضاة الدائرة,aa63d9c3893fd677bc70c93b3cb7f42e6330a4169c69b8f6fc061d07c4b3e601,metadata_incomplete_pending_review
collector-1435-v9-p409-34487831,extracted/collector-judgments-pdf/collector-1435-v9-p409-34487831.pdf,moj-judgments-1435-volume-9.pdf,47558539b3e76bb677fc71e8e3748c597cbe9caf169d5eb4d82f91e84929d822,409,412,4,349b0fa563e1348e35476b17a2ef2fb8d998fe9c6ba338528db51a803e0728a5,507826,مميز -اشرتاط األم عدم املبيت -قرار زيارة أوالد -طلب األب متكينه منها - ابن غري قسم اخلرباء -عدم مالءمته لسن املزور -إلزام بالتمكني من الزيارة -نفاذ معجل.,,,34487831,,الثانية لألحوال الشخصية واألوقاف والوصايا والقصار وبيوت املال بمحكمة االستئناف يف,احلمد هلل ،والصالة والسالم عىل من ال نبي بعده ،وبعد ،فقد جرى منا نحن قضاة الدائرة,64ef64725184dd20cf69441093b14913036550a0fe4ce560dee083d96dbd08d7,metadata_incomplete_pending_review
collector-1435-v9-p413-3477482,extracted/collector-judgments-pdf/collector-1435-v9-p413-3477482.pdf,moj-judgments-1435-volume-9.pdf,47558539b3e76bb677fc71e8e3748c597cbe9caf169d5eb4d82f91e84929d822,413,415,3,e6e3ac4603b239bc3d39099bf05354cce2616e357ded2b6caa2eb080dc222bc2,485824,مميزون -اشرتاط الزيارة يف منزل األب - زيارة أوالد -طلب األم متكينها منها -أوالد رفض املدعية -إلزام بتمكينها من الزيارة.,,,3477482,,الشخصية واألوقاف والوصايا والقصار وبيوت املال بمحكمة االستئناف بمنطقة عسري,احلمد هلل وحده ،وبعد ،فقد اطلعنا نحن قضاة الدائرة املختصة بتدقيق قضايا األحوال,0570666607ef2c851bbd2f3acecf3bbdcc7755d5c17d1f960432d930255775a3,metadata_incomplete_pending_review
collector-1435-v9-p416-34327446,extracted/collector-judgments-pdf/collector-1435-v9-p416-34327446.pdf,moj-judgments-1435-volume-9.pdf,47558539b3e76bb677fc71e8e3748c597cbe9caf169d5eb4d82f91e84929d822,416,419,4,61af987268cc782513a3c9c502e01d1f933f839ddf83444926d6a9b107891f8d,484940,مميزين -خماطبة األحوال املدنية -قرار زيارة أوالد -طلب األم متكينها منها -ابنان غري قسم اخلرباء -تقدير مدة الزيارة -حكم حضوري -إلزام بالتمكني من الزيارة -نفاذ,,,34327446,,,,0f347bbcda00acb2ef4922c30ea9905e115e2a3343b3adcfc0fc67687239e380,metadata_incomplete_pending_review
collector-1435-v9-p420-34343062,extracted/collector-judgments-pdf/collector-1435-v9-p420-34343062.pdf,moj-judgments-1435-volume-9.pdf,47558539b3e76bb677fc71e8e3748c597cbe9caf169d5eb4d82f91e84929d822,420,423,4,f55ac144bf8966ed787f69325ecf4884d85d73bfe474816488baec8bcf50ca88,477032,مميزة -خالف عىل مكان الزيارة -دفع زيارة أوالد -طلب األم متكينها منها -بنت بوجود ذكور بالغني -عدم البينة -يمني النفي -إلزام بالتمكني من الزيارة.,,,34343062,,الثانية لألحوال الشخصية واألوقاف والوصايا والقصار وبيوت املال بمحكمة االستئناف,احلمد هلل ،والصالة والسالم عىل من ال نبي بعده ،وبعد ،فقد جرى منا نحن قضاة الدائرة,37b3496b52b0f382b7289569a20f948503cab4348de41ab81218750ad2a1a949,metadata_incomplete_pending_review
collector-1435-v9-p424-3520394,extracted/collector-judgments-pdf/collector-1435-v9-p424-3520394.pdf,moj-judgments-1435-volume-9.pdf,47558539b3e76bb677fc71e8e3748c597cbe9caf169d5eb4d82f91e84929d822,424,429,6,63cac41e22dfb262a0573bb3e7abf5c2bd34fc14c56e1301d742252c82ac927c,515054,مميزون -موافقة األب -اشرتاطه أخذ زيارة أوالد -طلب األم متكينها منها -أوالد األم هلم - قرار قسم اخلرباء -تقدير مدة الزيارة -حكم حضوري -إلزام بالتمكني من الزيارة -إلزام األب بتسلم األوالد وتسليمهم - نفاذ معجل.,,,3520394,,الثانية لألحوال الشخصية واألوقاف والوصايا والقصار وبيوت املال بمحكمة االستئناف,احلمد هلل ،والصالة والسالم عىل رسول اهلل ،وبعد ،فقد جرى منا نحن قضاة الدائرة,d4f1116a57a79c721c6a33dddccb0d8d080d028c462acfe2dfb7fcf6d2368c1b,metadata_incomplete_pending_review
collector-1435-v9-p430-34439899,extracted/collector-judgments-pdf/collector-1435-v9-p430-34439899.pdf,moj-judgments-1435-volume-9.pdf,47558539b3e76bb677fc71e8e3748c597cbe9caf169d5eb4d82f91e84929d822,430,434,5,698d0e2e5795de0d8e9756159469eb340196b90a9287142625fa155cdc604055,491191,مميزة -إقامة األم يف دولة أخرى -طلب زيارة أوالد -طلب األم متكينها منها -بنت السفر بالبنت إليها -قرار قسم اخلرباء -تقدير مدة الزيارة -اختصاص دويل -اتفاقية تنفيذ األحكام بني الدولتني -إلزام بالتمكني من الزيارة -نفاذ معجل.,,,34439899,,,,45ed0227a432b604d4725f228c4bfd355e027abed71b3b3497d5c94be6a621a6,metadata_incomplete_pending_review
collector-1435-v9-p435-34436417,extracted/collector-judgments-pdf/collector-1435-v9-p435-34436417.pdf,moj-judgments-1435-volume-9.pdf,47558539b3e76bb677fc71e8e3748c597cbe9caf169d5eb4d82f91e84929d822,435,440,6,a6c7daa5f24ca148306e6355cc9ac0a11aa95b92b0772d800fe8cdfd1e14d3a9,489562,زيارة أوالد -طلب األم متكينها منها -موافقة األب -قرار قسم اخلرباء -تقدير مدة الزيارة -إلزام بالتمكني منها.,,,34436417,1434/09/24,,342244627يف 1435/6/13ه ،وبرفقه قرار الدائرة الثالثة لألحوال الشخصية,8e36e5490f451d872f7b0cfd3cb6ebb9aa49a06bca01786f6e1e73ddcd4119e8,metadata_incomplete_pending_review
collector-1435-v9-p441-34270309,extracted/collector-judgments-pdf/collector-1435-v9-p441-34270309.pdf,moj-judgments-1435-volume-9.pdf,47558539b3e76bb677fc71e8e3748c597cbe9caf169d5eb4d82f91e84929d822,441,444,4,976d479d466eaafef890704fc97325afe8f04812a20fa0d71178887a8a2022c3,487025,زيارة أوالد -طلب األم متكينه منها -بنت مميزة -قرار قسم اخلرباء -تقدير مدة الزيارة - زواج األم -مقاربة البنت لسن البلوغ -جعل الزيارة ببيت أب األم -إلزام الطرفني بذلك.,,,34270309,,,احلمد هلل وحده ،والصالة والسالم عىل من ال نبي بعده ،وبعد ،فنحن قضاة الدائرة,786d16a165149c8025ccde44152b68a323cf042ef52d3a11f0ede83e25a72af8,metadata_incomplete_pending_review
collector-1435-v9-p445-34449435,extracted/collector-judgments-pdf/collector-1435-v9-p445-34449435.pdf,moj-judgments-1435-volume-9.pdf,47558539b3e76bb677fc71e8e3748c597cbe9caf169d5eb4d82f91e84929d822,445,450,6,418d11551f0ca4d69461c08234b3725702d4f05131353ba439a1549c9dca956f,493977,زيارة أوالد -طلب اجلد متكينه منها -ابن ابنه -وفاة األب -حضانة األم لالبن - موافقتها -قرار قسم اخلرباء -تقدير مدة الزيارة -إلزام بتمكني اجلد منها.,,,34449435,1434/10/13,,احلمد هلل وحده ،والصالة والسالم عىل من ال نبي بعده ،وبعد ،فنحن قضاة الدائرة,240baabd25058675c40c8a3d9aaf5ed9271b6889e32b7e508872a97b36d0af0c,metadata_incomplete_pending_review
collector-1435-v9-p451-34529794,extracted/collector-judgments-pdf/collector-1435-v9-p451-34529794.pdf,moj-judgments-1435-volume-9.pdf,47558539b3e76bb677fc71e8e3748c597cbe9caf169d5eb4d82f91e84929d822,451,453,3,df20d376154bf00c26296d94b1e8c3d89c89dded593bec7e201a3eceb911a71b,481721,زيارة أوالد -حضانة األم هلم - صدور حكم بالزيارة -طلب األب متديد وقتها -قرار قسم اخلرباء -متديد وقت الزيارة -إلزام بتمكني املدعي منها.,,,34529794,,,,71134d85ee7b9d8fbdddf304fd2c03634b7db13962997befc743c9fa617a734f,metadata_incomplete_pending_review
collector-1435-v9-p454-34575974,extracted/collector-judgments-pdf/collector-1435-v9-p454-34575974.pdf,moj-judgments-1435-volume-9.pdf,47558539b3e76bb677fc71e8e3748c597cbe9caf169d5eb4d82f91e84929d822,454,476,23,2fe03ff9f6f3ba655991c695e2648b04acb1191341d7d8afb92df37c91ed13f5,2124461,زيارة أوالد -طلب األب متكينه منها -ابن رضيع -نشوز والدته -قرار قسم اخلرباء - تقدير مدة الزيارة -تبليغ شخيص -حكم حضوري -إلزام بالتمكني من الزيارة.,,,34575974,,,,5ee048e430c5f4c44a5b97ff54c3818b00e10006a98be23cf4e3bdefb02b6138,metadata_incomplete_pending_review
