id,file,source_file,source_path,source_sha256,source_bytes,start_page,end_page,pages,file_sha256,file_bytes,text_sha256,status
recovered-moj-1434-v3-p5-34378268,extracted/recovered-moj-judgments-pdf/recovered-moj-1434-v3-p5-34378268.pdf,moj-judgments-1434-volume-3.pdf,archive-sources/moj/1434/moj-judgments-1434-volume-3.pdf,9c54034ce7d443535fdf40305b5ae8f64a1adb54cd89ff928d7040b006bb7fef,5898258,5,8,4,e7a313b6f76423a30f249301f9514290112f7d0515b602436949e72803e15545,488805,e7fcf15b5c81865ebf37ad6a834a86a63cfe4e84ec94523252103aec97d30a66,exact_duplicate_review
recovered-moj-1434-v3-p9-3464147,extracted/recovered-moj-judgments-pdf/recovered-moj-1434-v3-p9-3464147.pdf,moj-judgments-1434-volume-3.pdf,archive-sources/moj/1434/moj-judgments-1434-volume-3.pdf,9c54034ce7d443535fdf40305b5ae8f64a1adb54cd89ff928d7040b006bb7fef,5898258,9,19,11,1d6fc17dd726bd88cc12b15ad9e462da37b54c7814804a4ea76282fa27b6eb2c,504456,5df262f1e69cbbc2241267b38564e681c7a1eb4f4c4d4cb599365e64aa198895,exact_duplicate_review
recovered-moj-1434-v3-p20-33105340,extracted/recovered-moj-judgments-pdf/recovered-moj-1434-v3-p20-33105340.pdf,moj-judgments-1434-volume-3.pdf,archive-sources/moj/1434/moj-judgments-1434-volume-3.pdf,9c54034ce7d443535fdf40305b5ae8f64a1adb54cd89ff928d7040b006bb7fef,5898258,20,24,5,bc05f0579cf9f1a14fb1b47637b834679cdfaf3855e279fde1a0ef759005244f,497039,a533d0392700806bb7caa1e5bd67c3d17060d14864f79b421c2b8c558f505ff1,exact_duplicate_review
recovered-moj-1434-v3-p25-34259694,extracted/recovered-moj-judgments-pdf/recovered-moj-1434-v3-p25-34259694.pdf,moj-judgments-1434-volume-3.pdf,archive-sources/moj/1434/moj-judgments-1434-volume-3.pdf,9c54034ce7d443535fdf40305b5ae8f64a1adb54cd89ff928d7040b006bb7fef,5898258,25,28,4,7749d022235aa2db81fd4102df6ac91dde27719f76519ac691d57eb355c03568,496106,18a633ec9936ecd403ed589f61c7059a655c3c0cb3093669ff99f04c138eb97f,exact_duplicate_review
recovered-moj-1434-v3-p29-34317033,extracted/recovered-moj-judgments-pdf/recovered-moj-1434-v3-p29-34317033.pdf,moj-judgments-1434-volume-3.pdf,archive-sources/moj/1434/moj-judgments-1434-volume-3.pdf,9c54034ce7d443535fdf40305b5ae8f64a1adb54cd89ff928d7040b006bb7fef,5898258,29,34,6,1d9179cabcf708f05b520ced5cb89593a08b8ec684bbbf17e23bc0167ea8ef24,1241313,1ea5299b4e32a7229daa78abd218458d898f58786f77ba66649121ef9be0172e,exact_duplicate_review
recovered-moj-1434-v3-p35-32528560,extracted/recovered-moj-judgments-pdf/recovered-moj-1434-v3-p35-32528560.pdf,moj-judgments-1434-volume-3.pdf,archive-sources/moj/1434/moj-judgments-1434-volume-3.pdf,9c54034ce7d443535fdf40305b5ae8f64a1adb54cd89ff928d7040b006bb7fef,5898258,35,46,12,6cb0c1bfbcb5635a19bddfd1da22577cad5f8d970511175653c17a79a20e459d,1271884,483dae2c0ebfb66c1bd7e03d826ab3771acd48748aad9be350a318bf1e9c9e31,exact_duplicate_review
recovered-moj-1434-v3-p47-34252675,extracted/recovered-moj-judgments-pdf/recovered-moj-1434-v3-p47-34252675.pdf,moj-judgments-1434-volume-3.pdf,archive-sources/moj/1434/moj-judgments-1434-volume-3.pdf,9c54034ce7d443535fdf40305b5ae8f64a1adb54cd89ff928d7040b006bb7fef,5898258,47,56,10,afe66d206fdcb2c8e1db6454763f8d046ae196d0d9862ea9a62eb96efb55c0d9,1263981,dc3eb18edb25f957c327efd7dac173af9200898ca5e07993131a07a930b0755a,exact_duplicate_review
recovered-moj-1434-v3-p57-34353441,extracted/recovered-moj-judgments-pdf/recovered-moj-1434-v3-p57-34353441.pdf,moj-judgments-1434-volume-3.pdf,archive-sources/moj/1434/moj-judgments-1434-volume-3.pdf,9c54034ce7d443535fdf40305b5ae8f64a1adb54cd89ff928d7040b006bb7fef,5898258,57,62,6,1032e9b94fc6e0b5a3463750f06a26cf3d86fad02a6a1f36a8c6dc2483c167f1,1248700,847283e65c01269313a4099a3d89420e38eec607bd576f705031446e948736a5,exact_duplicate_review
recovered-moj-1434-v3-p63-33192872,extracted/recovered-moj-judgments-pdf/recovered-moj-1434-v3-p63-33192872.pdf,moj-judgments-1434-volume-3.pdf,archive-sources/moj/1434/moj-judgments-1434-volume-3.pdf,9c54034ce7d443535fdf40305b5ae8f64a1adb54cd89ff928d7040b006bb7fef,5898258,63,76,14,21174a52588732bdaa8ec1f3f736c84c169ba4bd67f88fef000efbcfdae9e74a,536201,eae2cff067e0162330f39a3b31ff22bef0cd5b6f34afec4f502def94393c9191,exact_duplicate_review
recovered-moj-1434-v3-p77-33324572,extracted/recovered-moj-judgments-pdf/recovered-moj-1434-v3-p77-33324572.pdf,moj-judgments-1434-volume-3.pdf,archive-sources/moj/1434/moj-judgments-1434-volume-3.pdf,9c54034ce7d443535fdf40305b5ae8f64a1adb54cd89ff928d7040b006bb7fef,5898258,77,92,16,5215e09be8ff74960ef28d57347c32dea89cef2fe846b3ea536417c2c79a7f78,531536,d26f6c81a36a929f71e05c45ce8889e84dfb0676ad52fa10cd01a6b78ba311bc,exact_duplicate_review
recovered-moj-1434-v3-p93-34265447,extracted/recovered-moj-judgments-pdf/recovered-moj-1434-v3-p93-34265447.pdf,moj-judgments-1434-volume-3.pdf,archive-sources/moj/1434/moj-judgments-1434-volume-3.pdf,9c54034ce7d443535fdf40305b5ae8f64a1adb54cd89ff928d7040b006bb7fef,5898258,93,102,10,66023d060eb600439a740feae0eee9d7e5f4a23f294c1ff409941daf0491d877,509962,6287c7e7c8561862a485b3288f9e8620acaf34d8fa0a72838702c0acb5b2aa6c,exact_duplicate_review
recovered-moj-1434-v3-p103-34262302,extracted/recovered-moj-judgments-pdf/recovered-moj-1434-v3-p103-34262302.pdf,moj-judgments-1434-volume-3.pdf,archive-sources/moj/1434/moj-judgments-1434-volume-3.pdf,9c54034ce7d443535fdf40305b5ae8f64a1adb54cd89ff928d7040b006bb7fef,5898258,103,107,5,0fd295d6c09a15d6e9acc00f3ddeb92f76d67f696e55635d7aac80bfb81312a5,484168,c172f392dfa230e47c9fa457cb76e20ef3bb1ad71e20db8087902155878f0595,exact_duplicate_review
recovered-moj-1434-v3-p108-343219,extracted/recovered-moj-judgments-pdf/recovered-moj-1434-v3-p108-343219.pdf,moj-judgments-1434-volume-3.pdf,archive-sources/moj/1434/moj-judgments-1434-volume-3.pdf,9c54034ce7d443535fdf40305b5ae8f64a1adb54cd89ff928d7040b006bb7fef,5898258,108,111,4,0dc874879231e5cdcc629f407fdea71972de79c6acbb33d26bee0b87c9c73f61,491855,a3f24b768f1de46e8709e9b63f460cfd217d3d3e5d7137bad4e625eddea4d1b0,exact_duplicate_review
recovered-moj-1434-v3-p112-34184985,extracted/recovered-moj-judgments-pdf/recovered-moj-1434-v3-p112-34184985.pdf,moj-judgments-1434-volume-3.pdf,archive-sources/moj/1434/moj-judgments-1434-volume-3.pdf,9c54034ce7d443535fdf40305b5ae8f64a1adb54cd89ff928d7040b006bb7fef,5898258,112,122,11,e8acf13883809c15836bba8a5e85b447e35717c747a401f24e4b8ee7dfff9a42,516311,09187b4da8837460212aa2985c1d69154af461436c3b885c21928fe01116261c,exact_duplicate_review
recovered-moj-1434-v3-p123-347621,extracted/recovered-moj-judgments-pdf/recovered-moj-1434-v3-p123-347621.pdf,moj-judgments-1434-volume-3.pdf,archive-sources/moj/1434/moj-judgments-1434-volume-3.pdf,9c54034ce7d443535fdf40305b5ae8f64a1adb54cd89ff928d7040b006bb7fef,5898258,123,127,5,d804945a28b347affba6ed991f19d73a52505e11637780f5029f787a9b5b286c,482985,cbe47c4cae8b50cfb41d9b3eab6553d2800fd84c0cd122937a4a1cca42e0b40d,exact_duplicate_review
recovered-moj-1434-v3-p128-33316247,extracted/recovered-moj-judgments-pdf/recovered-moj-1434-v3-p128-33316247.pdf,moj-judgments-1434-volume-3.pdf,archive-sources/moj/1434/moj-judgments-1434-volume-3.pdf,9c54034ce7d443535fdf40305b5ae8f64a1adb54cd89ff928d7040b006bb7fef,5898258,128,140,13,a98769965e1407c8f170577d1cc17a779e811b6f51936e711ddf6e3dcfcc2bc5,518189,5a20095bcfc724ce9d6309fe71973462b4ffef9a43a51d08b86ee5e6e3cae229,exact_duplicate_review
recovered-moj-1434-v3-p141-348978,extracted/recovered-moj-judgments-pdf/recovered-moj-1434-v3-p141-348978.pdf,moj-judgments-1434-volume-3.pdf,archive-sources/moj/1434/moj-judgments-1434-volume-3.pdf,9c54034ce7d443535fdf40305b5ae8f64a1adb54cd89ff928d7040b006bb7fef,5898258,141,150,10,eb0195831876f334206a4de1ce6ee66b0f05fb09919961c7d159ff6c402c8620,517744,779051d179392d481b36dfeef14c4627b0e64f0e88c805861062b913d496444e,exact_duplicate_review
recovered-moj-1434-v3-p151-33368850,extracted/recovered-moj-judgments-pdf/recovered-moj-1434-v3-p151-33368850.pdf,moj-judgments-1434-volume-3.pdf,archive-sources/moj/1434/moj-judgments-1434-volume-3.pdf,9c54034ce7d443535fdf40305b5ae8f64a1adb54cd89ff928d7040b006bb7fef,5898258,151,156,6,3cbda36b332613cd655482cf4d2a140e0322abb6a378b5ee7774891dabf3b673,500642,e122a0bc8584b003922a3df90070d780a8a665189bbacccd239d8f3991d9ca88,exact_duplicate_review
recovered-moj-1434-v3-p157-34201455,extracted/recovered-moj-judgments-pdf/recovered-moj-1434-v3-p157-34201455.pdf,moj-judgments-1434-volume-3.pdf,archive-sources/moj/1434/moj-judgments-1434-volume-3.pdf,9c54034ce7d443535fdf40305b5ae8f64a1adb54cd89ff928d7040b006bb7fef,5898258,157,162,6,8af68ec59a283a5f70e78e0566bc31705ad6b940be3dad743f3952e64dfbfe75,497892,7caa0365b7f68a6d2a20f478a02309ee2cc678449966b49d42d7bd74c9f49060,exact_duplicate_review
recovered-moj-1434-v3-p163-3436738,extracted/recovered-moj-judgments-pdf/recovered-moj-1434-v3-p163-3436738.pdf,moj-judgments-1434-volume-3.pdf,archive-sources/moj/1434/moj-judgments-1434-volume-3.pdf,9c54034ce7d443535fdf40305b5ae8f64a1adb54cd89ff928d7040b006bb7fef,5898258,163,170,8,a80b0b3df1e507f679a20433f1d084979a63523685cda295b5d7b38aed5a9535,506998,2988b6a8937d804b223b9ed25ca2f0c2ad7eafea9369f373d7d74d93358b7e6b,exact_duplicate_review
recovered-moj-1434-v3-p171-33451680,extracted/recovered-moj-judgments-pdf/recovered-moj-1434-v3-p171-33451680.pdf,moj-judgments-1434-volume-3.pdf,archive-sources/moj/1434/moj-judgments-1434-volume-3.pdf,9c54034ce7d443535fdf40305b5ae8f64a1adb54cd89ff928d7040b006bb7fef,5898258,171,175,5,6a1b2d8861a947d94af3347779fd3ee800f6be43bc208509758d3dbfeeb111b3,486291,8b80ad9129cd88d7d1b753a61c80c3b03177b01ecd06661808f1dc34238043b4,exact_duplicate_review
recovered-moj-1434-v3-p176-3410162,extracted/recovered-moj-judgments-pdf/recovered-moj-1434-v3-p176-3410162.pdf,moj-judgments-1434-volume-3.pdf,archive-sources/moj/1434/moj-judgments-1434-volume-3.pdf,9c54034ce7d443535fdf40305b5ae8f64a1adb54cd89ff928d7040b006bb7fef,5898258,176,181,6,f5a327be7f4781194a08ab644f937b69ee28320affe3cbbedfc0c5332f8bb7f2,498426,4f15a687979ed8dff0117a6000d9901180fe423b84a3a4a6239dd49fe28d1910,exact_duplicate_review
recovered-moj-1434-v3-p182-33411618,extracted/recovered-moj-judgments-pdf/recovered-moj-1434-v3-p182-33411618.pdf,moj-judgments-1434-volume-3.pdf,archive-sources/moj/1434/moj-judgments-1434-volume-3.pdf,9c54034ce7d443535fdf40305b5ae8f64a1adb54cd89ff928d7040b006bb7fef,5898258,182,190,9,042875a28d9023ad48df6111d8045fb63b1ddc7870338bec7d3c3ca695c6e7d3,520160,cb69c622e488ec94dffa00125abd9d98f0868b9448fa6ee4a4b8e3224f84078d,exact_duplicate_review
recovered-moj-1434-v3-p191-33442131,extracted/recovered-moj-judgments-pdf/recovered-moj-1434-v3-p191-33442131.pdf,moj-judgments-1434-volume-3.pdf,archive-sources/moj/1434/moj-judgments-1434-volume-3.pdf,9c54034ce7d443535fdf40305b5ae8f64a1adb54cd89ff928d7040b006bb7fef,5898258,191,202,12,94a93f6daf7c753344d39b49dc33618f1684e39c6663133ca0a2a62e6a20c0f1,520050,c115936e97a10a98c81d397b102f92573bab5bbb1a2684df07ab4d973421bb60,private_manual_review
recovered-moj-1434-v3-p203-34194629,extracted/recovered-moj-judgments-pdf/recovered-moj-1434-v3-p203-34194629.pdf,moj-judgments-1434-volume-3.pdf,archive-sources/moj/1434/moj-judgments-1434-volume-3.pdf,9c54034ce7d443535fdf40305b5ae8f64a1adb54cd89ff928d7040b006bb7fef,5898258,203,208,6,5aa2b7f2851eb01c59c97663a95f83176eb2aa934a3e9440b0dc638b30eadecb,501404,e31d7a6601508e798190e798051b081508ff9237acc2d0f5d184ef133dd4071e,exact_duplicate_review
recovered-moj-1434-v3-p209-34355584,extracted/recovered-moj-judgments-pdf/recovered-moj-1434-v3-p209-34355584.pdf,moj-judgments-1434-volume-3.pdf,archive-sources/moj/1434/moj-judgments-1434-volume-3.pdf,9c54034ce7d443535fdf40305b5ae8f64a1adb54cd89ff928d7040b006bb7fef,5898258,209,219,11,9f27ef08abdfa23b2ed634666666d966034e6b58496b224961c5b6ec6b0e885e,505873,1998f97bd950ca0cf656e508d40ad2ffef95c2193cc0820e3d5744ef558ea926,exact_duplicate_review
recovered-moj-1434-v3-p220-3437753,extracted/recovered-moj-judgments-pdf/recovered-moj-1434-v3-p220-3437753.pdf,moj-judgments-1434-volume-3.pdf,archive-sources/moj/1434/moj-judgments-1434-volume-3.pdf,9c54034ce7d443535fdf40305b5ae8f64a1adb54cd89ff928d7040b006bb7fef,5898258,220,226,7,966ba942dd12022f1a3ed2d58b575bb1b12e35f0f5d76ffe8a89a0337fe17504,513388,433a5e16f4bafe88bb3e36b6ae5bd8d82cbdab7f39f12bddc01398b9f5928cdf,exact_duplicate_review
recovered-moj-1434-v3-p227-33475191,extracted/recovered-moj-judgments-pdf/recovered-moj-1434-v3-p227-33475191.pdf,moj-judgments-1434-volume-3.pdf,archive-sources/moj/1434/moj-judgments-1434-volume-3.pdf,9c54034ce7d443535fdf40305b5ae8f64a1adb54cd89ff928d7040b006bb7fef,5898258,227,230,4,2a71061a5d557ed609af3d1f68a99fe32d13d7f66be10630d5991c9cd6880f89,494409,3452db4394917f3d1ba40118243404e85db38c57ccb9f37971feda5de88539a4,exact_duplicate_review
recovered-moj-1434-v3-p231-3420688,extracted/recovered-moj-judgments-pdf/recovered-moj-1434-v3-p231-3420688.pdf,moj-judgments-1434-volume-3.pdf,archive-sources/moj/1434/moj-judgments-1434-volume-3.pdf,9c54034ce7d443535fdf40305b5ae8f64a1adb54cd89ff928d7040b006bb7fef,5898258,231,235,5,f6992e2a35490c27ccff614fc41b1c5689b8263a583ce11b0c6b751f503890bb,486031,acf314db0f3987c2442ec72763119f5e511b4d55d4d126389b3da48bfcc542c8,exact_duplicate_review
recovered-moj-1434-v3-p236-3423451,extracted/recovered-moj-judgments-pdf/recovered-moj-1434-v3-p236-3423451.pdf,moj-judgments-1434-volume-3.pdf,archive-sources/moj/1434/moj-judgments-1434-volume-3.pdf,9c54034ce7d443535fdf40305b5ae8f64a1adb54cd89ff928d7040b006bb7fef,5898258,236,239,4,b29a78e29dbe4999d4009c42dea67c28fa49eb2c202d28b174c86c2457b43cdc,495744,96866e60112878243454c813cca79d65d618c29e3f2a4f5ec234b32c37e94a75,exact_duplicate_review
recovered-moj-1434-v3-p240-34236377,extracted/recovered-moj-judgments-pdf/recovered-moj-1434-v3-p240-34236377.pdf,moj-judgments-1434-volume-3.pdf,archive-sources/moj/1434/moj-judgments-1434-volume-3.pdf,9c54034ce7d443535fdf40305b5ae8f64a1adb54cd89ff928d7040b006bb7fef,5898258,240,247,8,e631fb919ad707ff214bb6bb27af896c9f0d5ff06cef400f44d8cad8244e319c,506916,bb296bf7f116d05bbc82a0083f64df005b4522d62982ab856b46869a0b572f59,exact_duplicate_review
recovered-moj-1434-v3-p248-34185130,extracted/recovered-moj-judgments-pdf/recovered-moj-1434-v3-p248-34185130.pdf,moj-judgments-1434-volume-3.pdf,archive-sources/moj/1434/moj-judgments-1434-volume-3.pdf,9c54034ce7d443535fdf40305b5ae8f64a1adb54cd89ff928d7040b006bb7fef,5898258,248,252,5,d9bd99c8204c9b595ab54d1408624103c97887bccfc6be614ab3d4eb6028953f,509598,e73cef331b8fa1c9b1da44511099ba80d6a2b1a1cd7ab7cd327d8d116d9af5f5,exact_duplicate_review
recovered-moj-1434-v3-p253-34227500,extracted/recovered-moj-judgments-pdf/recovered-moj-1434-v3-p253-34227500.pdf,moj-judgments-1434-volume-3.pdf,archive-sources/moj/1434/moj-judgments-1434-volume-3.pdf,9c54034ce7d443535fdf40305b5ae8f64a1adb54cd89ff928d7040b006bb7fef,5898258,253,258,6,87a39672cd3b81cfc95f7fd620cad83c037fd1d7e2601d201e3cac2f18181a78,500515,0ef32ff40212e20f36e26b41390c502448056a5e58c82a832ce37be097b1bd76,exact_duplicate_review
recovered-moj-1434-v3-p259-34234369,extracted/recovered-moj-judgments-pdf/recovered-moj-1434-v3-p259-34234369.pdf,moj-judgments-1434-volume-3.pdf,archive-sources/moj/1434/moj-judgments-1434-volume-3.pdf,9c54034ce7d443535fdf40305b5ae8f64a1adb54cd89ff928d7040b006bb7fef,5898258,259,262,4,cffdf9e8c009d3b07bbc49a1c0c7dd79c208a4b0103f6fb0163c60dba0370ac5,494620,1690eb6c84b1fee5c6ec4a54bf38325d7dfdfb88ad4f1e585e80d7ce74a98129,exact_duplicate_review
recovered-moj-1434-v3-p263-34293396,extracted/recovered-moj-judgments-pdf/recovered-moj-1434-v3-p263-34293396.pdf,moj-judgments-1434-volume-3.pdf,archive-sources/moj/1434/moj-judgments-1434-volume-3.pdf,9c54034ce7d443535fdf40305b5ae8f64a1adb54cd89ff928d7040b006bb7fef,5898258,263,268,6,5e2f421eec0f5f3bb78caeb8a8eece3dc78f175982764cdb13b37ee4e186fab9,502186,68ff0b1627fe16ee339e972defa8da863e58a57f49e4ddabd15483b404cd336c,exact_duplicate_review
recovered-moj-1434-v3-p269-33443865,extracted/recovered-moj-judgments-pdf/recovered-moj-1434-v3-p269-33443865.pdf,moj-judgments-1434-volume-3.pdf,archive-sources/moj/1434/moj-judgments-1434-volume-3.pdf,9c54034ce7d443535fdf40305b5ae8f64a1adb54cd89ff928d7040b006bb7fef,5898258,269,280,12,6f2b31df1f54be45c853d6675b28fbfbe0d2d0cc98636cdf8cf3cc21f2937882,1271121,2240ebdff32b8656eea9efc18d75166773ee8f7d3b02b7b11f6e833e8a9c34f6,exact_duplicate_review
recovered-moj-1434-v3-p281-34261913,extracted/recovered-moj-judgments-pdf/recovered-moj-1434-v3-p281-34261913.pdf,moj-judgments-1434-volume-3.pdf,archive-sources/moj/1434/moj-judgments-1434-volume-3.pdf,9c54034ce7d443535fdf40305b5ae8f64a1adb54cd89ff928d7040b006bb7fef,5898258,281,302,22,027df2cbeaf9e88e85d84fb374ff57814b1f6df268c493d8c090c11301a42a04,549127,bcb6570635b52e3958ce5aab950de157e07ce5176ec822bc55f6d39dfd9491da,exact_duplicate_review
recovered-moj-1434-v3-p303-3414283,extracted/recovered-moj-judgments-pdf/recovered-moj-1434-v3-p303-3414283.pdf,moj-judgments-1434-volume-3.pdf,archive-sources/moj/1434/moj-judgments-1434-volume-3.pdf,9c54034ce7d443535fdf40305b5ae8f64a1adb54cd89ff928d7040b006bb7fef,5898258,303,312,10,c31b7957083559da0e95b03202b29b92a78a629beb9cbd0602aaee9602e724b3,511463,5dd5e7be4bf3cd22c31720b5f36e2c69fd43faa1d8a87a44ac2f386cdc76154a,exact_duplicate_review
recovered-moj-1434-v3-p313-34167155,extracted/recovered-moj-judgments-pdf/recovered-moj-1434-v3-p313-34167155.pdf,moj-judgments-1434-volume-3.pdf,archive-sources/moj/1434/moj-judgments-1434-volume-3.pdf,9c54034ce7d443535fdf40305b5ae8f64a1adb54cd89ff928d7040b006bb7fef,5898258,313,318,6,262c130cf0f322de8e9142120236399573e9530570ad5fbe74b709de8c204f46,499937,26c6bfa6c6469ea32c5eee1dbbe0f559ae1938125d719c989084e0a128aac1cc,exact_duplicate_review
recovered-moj-1434-v3-p319-34260802,extracted/recovered-moj-judgments-pdf/recovered-moj-1434-v3-p319-34260802.pdf,moj-judgments-1434-volume-3.pdf,archive-sources/moj/1434/moj-judgments-1434-volume-3.pdf,9c54034ce7d443535fdf40305b5ae8f64a1adb54cd89ff928d7040b006bb7fef,5898258,319,331,13,c012380f6cc742c61dc9294d0f8aa954a25002693a0fd3a197ef85a9569c964d,509873,c12902c62418f042af3f022f8faf21f9cf6554f305f4e01f9fa04adff332def0,exact_duplicate_review
recovered-moj-1434-v3-p332-33474299,extracted/recovered-moj-judgments-pdf/recovered-moj-1434-v3-p332-33474299.pdf,moj-judgments-1434-volume-3.pdf,archive-sources/moj/1434/moj-judgments-1434-volume-3.pdf,9c54034ce7d443535fdf40305b5ae8f64a1adb54cd89ff928d7040b006bb7fef,5898258,332,338,7,dee1fd2870287cc9113c4ab7b9785e7e1022fe1bec038828f8cd41335702f1ef,504937,bbde9186572efd88bb88226fc888015f4ebc819c3cb1c24a6072b7ac0293ae1c,exact_duplicate_review
recovered-moj-1434-v3-p339-3414912,extracted/recovered-moj-judgments-pdf/recovered-moj-1434-v3-p339-3414912.pdf,moj-judgments-1434-volume-3.pdf,archive-sources/moj/1434/moj-judgments-1434-volume-3.pdf,9c54034ce7d443535fdf40305b5ae8f64a1adb54cd89ff928d7040b006bb7fef,5898258,339,345,7,efdf2e03e57df62ea8a824d3dbc88d16954cb5f66e3084de2e88756945d752d2,490222,8fdc32a2598edf7c3117898dd98c37ce3a76204dab82b36596e4bf0f7409459a,exact_duplicate_review
recovered-moj-1434-v3-p346-34239280,extracted/recovered-moj-judgments-pdf/recovered-moj-1434-v3-p346-34239280.pdf,moj-judgments-1434-volume-3.pdf,archive-sources/moj/1434/moj-judgments-1434-volume-3.pdf,9c54034ce7d443535fdf40305b5ae8f64a1adb54cd89ff928d7040b006bb7fef,5898258,346,349,4,e066d87cc0d1e63020ee5d29f19b9456965b673c4188186edaf22d0046b72fa1,493625,932f6b40364aecefefa72bdfd6afbf6c3484d03126b54640da3c2baa107a74f4,exact_duplicate_review
recovered-moj-1434-v3-p350-33462429,extracted/recovered-moj-judgments-pdf/recovered-moj-1434-v3-p350-33462429.pdf,moj-judgments-1434-volume-3.pdf,archive-sources/moj/1434/moj-judgments-1434-volume-3.pdf,9c54034ce7d443535fdf40305b5ae8f64a1adb54cd89ff928d7040b006bb7fef,5898258,350,353,4,e50a08f95892ba1e4ffa90d75b2f97ad067e7d2173c436aa605582a0f403cec4,493493,d263a9094389451e532eaa0360101cf8b60d146f941290fec6d9bd8770b34abc,exact_duplicate_review
recovered-moj-1434-v3-p354-3454717,extracted/recovered-moj-judgments-pdf/recovered-moj-1434-v3-p354-3454717.pdf,moj-judgments-1434-volume-3.pdf,archive-sources/moj/1434/moj-judgments-1434-volume-3.pdf,9c54034ce7d443535fdf40305b5ae8f64a1adb54cd89ff928d7040b006bb7fef,5898258,354,360,7,6e252ffeee9a77af786018f4b2fa6987c4db52d98de7e855b371c1b31d7b31af,513339,ab15b30c9b509feccebc55fbc878ee42d8f898c6e347a55bfe520d2d6957b094,exact_duplicate_review
recovered-moj-1434-v3-p361-34286925,extracted/recovered-moj-judgments-pdf/recovered-moj-1434-v3-p361-34286925.pdf,moj-judgments-1434-volume-3.pdf,archive-sources/moj/1434/moj-judgments-1434-volume-3.pdf,9c54034ce7d443535fdf40305b5ae8f64a1adb54cd89ff928d7040b006bb7fef,5898258,361,368,8,eaa297a28a265306ead764ca7c9cc3443898a5bb91977df3fbe2cc7b94730d20,1253432,0c7a1ac4f8133c5e6412004e591a5cd4048941abe3c4a38afdda35dfae4553d9,exact_duplicate_review
recovered-moj-1434-v3-p369-34319310,extracted/recovered-moj-judgments-pdf/recovered-moj-1434-v3-p369-34319310.pdf,moj-judgments-1434-volume-3.pdf,archive-sources/moj/1434/moj-judgments-1434-volume-3.pdf,9c54034ce7d443535fdf40305b5ae8f64a1adb54cd89ff928d7040b006bb7fef,5898258,369,380,12,8d0077f75b63f401f26fe903ca5a0face5cd0acdc3f748025bdd74279fc709d6,1380428,902b3515db1d454d9029cf04bebfd175ad1e3edcdb110a1ef92f94b6b0b16b05,exact_duplicate_review
recovered-moj-1434-v4-p5-34295094,extracted/recovered-moj-judgments-pdf/recovered-moj-1434-v4-p5-34295094.pdf,moj-judgments-1434-volume-4.pdf,archive-sources/moj/1434/moj-judgments-1434-volume-4.pdf,47d4c5054697335c8926799bd75ca40e51c5ddb31286a024defb7310e90e713e,4858612,5,22,18,46cdce05bad00f8a2cdf6980a048626992f72c99c5ff43ae37ebe37ab74de203,538158,b435a5ddd93052fb721abf7ee9175afcb48f643f78680b73e76cf21003e11db7,exact_duplicate_review
recovered-moj-1434-v4-p23-3427303,extracted/recovered-moj-judgments-pdf/recovered-moj-1434-v4-p23-3427303.pdf,moj-judgments-1434-volume-4.pdf,archive-sources/moj/1434/moj-judgments-1434-volume-4.pdf,47d4c5054697335c8926799bd75ca40e51c5ddb31286a024defb7310e90e713e,4858612,23,27,5,36082bb1bb326b937f32281f327adfa3b3aebab15886eabfec82772d0a97311b,489285,17fa9ea5d257580d852f4d14bcd42265be1082a59dd6d030c5376e367731d479,exact_duplicate_review
recovered-moj-1434-v4-p28-3435223,extracted/recovered-moj-judgments-pdf/recovered-moj-1434-v4-p28-3435223.pdf,moj-judgments-1434-volume-4.pdf,archive-sources/moj/1434/moj-judgments-1434-volume-4.pdf,47d4c5054697335c8926799bd75ca40e51c5ddb31286a024defb7310e90e713e,4858612,28,32,5,0c136e870fb629e00dc88ee81c5a999912c1f4fd760c374715371bce426a5acc,497979,9ca48c34524a6f69d9789f0c9c68dc7f3a9d1c91af868aa3791631e167223ab6,exact_duplicate_review
recovered-moj-1434-v4-p33-3436038,extracted/recovered-moj-judgments-pdf/recovered-moj-1434-v4-p33-3436038.pdf,moj-judgments-1434-volume-4.pdf,archive-sources/moj/1434/moj-judgments-1434-volume-4.pdf,47d4c5054697335c8926799bd75ca40e51c5ddb31286a024defb7310e90e713e,4858612,33,39,7,26d795297f4c452e782e94d201a0d62eab7e3e2f7f831216a9a2fcdaacad6d9d,495203,8735da07b806bf079b199b24b8f4522a70a63e570098233978d406587b3e0a17,exact_duplicate_review
recovered-moj-1434-v4-p40-3444104,extracted/recovered-moj-judgments-pdf/recovered-moj-1434-v4-p40-3444104.pdf,moj-judgments-1434-volume-4.pdf,archive-sources/moj/1434/moj-judgments-1434-volume-4.pdf,47d4c5054697335c8926799bd75ca40e51c5ddb31286a024defb7310e90e713e,4858612,40,44,5,d197eaa83a241e4a647bcd8b1f1bce2573f594d3806da70dcdeded5f871498fb,503737,d0eddf0c194c6a3818f9545065df9ba056809f7b64d661fbf49ca606774d9fa6,exact_duplicate_review
recovered-moj-1434-v4-p45-3455626,extracted/recovered-moj-judgments-pdf/recovered-moj-1434-v4-p45-3455626.pdf,moj-judgments-1434-volume-4.pdf,archive-sources/moj/1434/moj-judgments-1434-volume-4.pdf,47d4c5054697335c8926799bd75ca40e51c5ddb31286a024defb7310e90e713e,4858612,45,49,5,6800fe2a65cabb24b62e6ae0ff919e5966d2117a41c5943efa1761190d00f0a5,489421,b09daa865e3f9729496ed62ccb37028624adf7f54f78aff3d304990af44d289b,exact_duplicate_review
recovered-moj-1434-v4-p50-34168512,extracted/recovered-moj-judgments-pdf/recovered-moj-1434-v4-p50-34168512.pdf,moj-judgments-1434-volume-4.pdf,archive-sources/moj/1434/moj-judgments-1434-volume-4.pdf,47d4c5054697335c8926799bd75ca40e51c5ddb31286a024defb7310e90e713e,4858612,50,56,7,328383fb5b07b4de977cd36b4a1b3c889757dfe6795d3f4de870d905a7132c44,514036,92510909e64be4db3ee17d217e322b1cb645f4d2392baca26a1881a1a8e6acba,exact_duplicate_review
recovered-moj-1434-v4-p57-34309759,extracted/recovered-moj-judgments-pdf/recovered-moj-1434-v4-p57-34309759.pdf,moj-judgments-1434-volume-4.pdf,archive-sources/moj/1434/moj-judgments-1434-volume-4.pdf,47d4c5054697335c8926799bd75ca40e51c5ddb31286a024defb7310e90e713e,4858612,57,62,6,007498ab6075d81c276e705884648aa72d24bee31f2f4674d456c1c8cf7622a7,500320,5e86d97ed3a35bfdfa8957dd131fed962ed9e4230adc10e2c271df513ebadc3b,exact_duplicate_review
recovered-moj-1434-v4-p63-33347755,extracted/recovered-moj-judgments-pdf/recovered-moj-1434-v4-p63-33347755.pdf,moj-judgments-1434-volume-4.pdf,archive-sources/moj/1434/moj-judgments-1434-volume-4.pdf,47d4c5054697335c8926799bd75ca40e51c5ddb31286a024defb7310e90e713e,4858612,63,67,5,ccde0a7db46f4c93d10437ee7b316c46c0f2f6059caa3003266bdcfe4b70108b,489800,936c9757ba92468497cf740c4a5866bbf91579eced1c89699f5a07a2d6e5a991,exact_duplicate_review
recovered-moj-1434-v4-p68-3418117,extracted/recovered-moj-judgments-pdf/recovered-moj-1434-v4-p68-3418117.pdf,moj-judgments-1434-volume-4.pdf,archive-sources/moj/1434/moj-judgments-1434-volume-4.pdf,47d4c5054697335c8926799bd75ca40e51c5ddb31286a024defb7310e90e713e,4858612,68,71,4,4979adce3612976ae3e03ac072ec260322de5abb40b1d143d4e246eca80eb660,489912,a121646734665dcace34d45baccff7215a6066f99211c88e5d1f6ccf3da4469c,exact_duplicate_review
recovered-moj-1434-v4-p72-34293933,extracted/recovered-moj-judgments-pdf/recovered-moj-1434-v4-p72-34293933.pdf,moj-judgments-1434-volume-4.pdf,archive-sources/moj/1434/moj-judgments-1434-volume-4.pdf,47d4c5054697335c8926799bd75ca40e51c5ddb31286a024defb7310e90e713e,4858612,72,78,7,471d2272317cb4141122b44ed59752cc2064b42d8a383a03dd54bb2d206e6d06,502335,daac968b45470b8d5dfbd75eef960d565cf91c8fcbde378c5bfb285d4789a2cd,exact_duplicate_review
recovered-moj-1434-v4-p79-34275262,extracted/recovered-moj-judgments-pdf/recovered-moj-1434-v4-p79-34275262.pdf,moj-judgments-1434-volume-4.pdf,archive-sources/moj/1434/moj-judgments-1434-volume-4.pdf,47d4c5054697335c8926799bd75ca40e51c5ddb31286a024defb7310e90e713e,4858612,79,88,10,a020145477faa1d56eba04719f82e7172035ae0a2776c27b9961f8e2c4592c35,498820,fb238226cda3d0f1c4e74533d1260aa1cea69bc15e6f8d3f0ed01849350994e3,exact_duplicate_review
recovered-moj-1434-v4-p89-34240537,extracted/recovered-moj-judgments-pdf/recovered-moj-1434-v4-p89-34240537.pdf,moj-judgments-1434-volume-4.pdf,archive-sources/moj/1434/moj-judgments-1434-volume-4.pdf,47d4c5054697335c8926799bd75ca40e51c5ddb31286a024defb7310e90e713e,4858612,89,92,4,c2bcbcb0f47d5419c637ef5452ab102539f67206a05dc03070bc4c5e76cef080,489581,01c544614abc56c316a9e54c30880d8dc7aa9dcdcbe419a05417f89ed4e8eb36,exact_duplicate_review
recovered-moj-1434-v4-p93-34185871,extracted/recovered-moj-judgments-pdf/recovered-moj-1434-v4-p93-34185871.pdf,moj-judgments-1434-volume-4.pdf,archive-sources/moj/1434/moj-judgments-1434-volume-4.pdf,47d4c5054697335c8926799bd75ca40e51c5ddb31286a024defb7310e90e713e,4858612,93,99,7,9d31ca29b7ef00128d7277cd5a1b911c9b5deab3133fef30e0b8edf955aab23d,490754,117349ea54b4c993a44d4a4a82aea1752cef4c04314992975eef950233a5aed1,exact_duplicate_review
recovered-moj-1434-v4-p100-34207930,extracted/recovered-moj-judgments-pdf/recovered-moj-1434-v4-p100-34207930.pdf,moj-judgments-1434-volume-4.pdf,archive-sources/moj/1434/moj-judgments-1434-volume-4.pdf,47d4c5054697335c8926799bd75ca40e51c5ddb31286a024defb7310e90e713e,4858612,100,112,13,d88d2e3776616c4b6988ee58bc8696fe13a3494071f962eb7c7808c13d95a1ce,521374,5d94afa0397ead84a000b473fd339ca1649b5cf57bc0b446d82d95b9a6346847,exact_duplicate_review
recovered-moj-1434-v4-p113-34293616,extracted/recovered-moj-judgments-pdf/recovered-moj-1434-v4-p113-34293616.pdf,moj-judgments-1434-volume-4.pdf,archive-sources/moj/1434/moj-judgments-1434-volume-4.pdf,47d4c5054697335c8926799bd75ca40e51c5ddb31286a024defb7310e90e713e,4858612,113,116,4,ac0d852f6c6e294063ea6834fdec47c74ea3e09c6334cba59ad6eda2381fc7d9,482990,c50f295a0e085b030a7b74ddd7336a2f3eed054c5425401135260ff7c23b9409,exact_duplicate_review
recovered-moj-1434-v4-p117-34330175,extracted/recovered-moj-judgments-pdf/recovered-moj-1434-v4-p117-34330175.pdf,moj-judgments-1434-volume-4.pdf,archive-sources/moj/1434/moj-judgments-1434-volume-4.pdf,47d4c5054697335c8926799bd75ca40e51c5ddb31286a024defb7310e90e713e,4858612,117,127,11,55726c6c17789cfa763e11de87e8fb7778192610c011b135c4b62cc28f5a8c47,506418,4f900c996596e2b2668af0597a0a7092b3576af9725272f318e1ced9492954cb,exact_duplicate_review
recovered-moj-1434-v4-p128-331239103,extracted/recovered-moj-judgments-pdf/recovered-moj-1434-v4-p128-331239103.pdf,moj-judgments-1434-volume-4.pdf,archive-sources/moj/1434/moj-judgments-1434-volume-4.pdf,47d4c5054697335c8926799bd75ca40e51c5ddb31286a024defb7310e90e713e,4858612,128,138,11,8837a8ac62424e92e16468aaf022e15882658188bf669567303736eb4cfba9eb,1266197,008ebdbdc7ee56b1e8aec2441e8c0c2b36f2fbf9c6bdc78bba518b2b4552f326,exact_duplicate_review
recovered-moj-1434-v4-p139-33204799,extracted/recovered-moj-judgments-pdf/recovered-moj-1434-v4-p139-33204799.pdf,moj-judgments-1434-volume-4.pdf,archive-sources/moj/1434/moj-judgments-1434-volume-4.pdf,47d4c5054697335c8926799bd75ca40e51c5ddb31286a024defb7310e90e713e,4858612,139,144,6,cff5e372a0257f6c98b5bd37c7ebb459fb3fcdc412880b75d97c12c1331e79bf,492380,537307d9664cbc3cf6dbf11cae52c27ae6ec2b3fcd2c4d793e837bf941ae9be5,private_manual_review
recovered-moj-1434-v4-p145-347286,extracted/recovered-moj-judgments-pdf/recovered-moj-1434-v4-p145-347286.pdf,moj-judgments-1434-volume-4.pdf,archive-sources/moj/1434/moj-judgments-1434-volume-4.pdf,47d4c5054697335c8926799bd75ca40e51c5ddb31286a024defb7310e90e713e,4858612,145,153,9,9be2bc45da94d7cd4d747c5f227e9419571b8421450b1e56d32eb156eced5beb,500137,7b2a8ab5cfba66c581c504aaeb2f63916f4693f8e1972e2c62dc8a07ca53adb6,exact_duplicate_review
recovered-moj-1434-v4-p154-3314438,extracted/recovered-moj-judgments-pdf/recovered-moj-1434-v4-p154-3314438.pdf,moj-judgments-1434-volume-4.pdf,archive-sources/moj/1434/moj-judgments-1434-volume-4.pdf,47d4c5054697335c8926799bd75ca40e51c5ddb31286a024defb7310e90e713e,4858612,154,162,9,18b2cf7a9b7d27c0ad0be1bf77048abd3de2f7d3df7bc7155bdf1675d50ce854,516885,ac2bd37095adce67985319598f62fee7031d1ab355ad4df5bb42490a93114c14,exact_duplicate_review
recovered-moj-1434-v4-p163-3437750,extracted/recovered-moj-judgments-pdf/recovered-moj-1434-v4-p163-3437750.pdf,moj-judgments-1434-volume-4.pdf,archive-sources/moj/1434/moj-judgments-1434-volume-4.pdf,47d4c5054697335c8926799bd75ca40e51c5ddb31286a024defb7310e90e713e,4858612,163,172,10,ac6b1b6896e1e4ce463fb7ec33c1e3e7667f5226f03c48e97024d2a719223bb0,516805,4086196e65e49e78882990dc742828c2018753c872d3af507866502c1eed0631,exact_duplicate_review
recovered-moj-1434-v4-p173-3449400,extracted/recovered-moj-judgments-pdf/recovered-moj-1434-v4-p173-3449400.pdf,moj-judgments-1434-volume-4.pdf,archive-sources/moj/1434/moj-judgments-1434-volume-4.pdf,47d4c5054697335c8926799bd75ca40e51c5ddb31286a024defb7310e90e713e,4858612,173,176,4,c03e100d0bbe155ad9ebeb709f3b9be7fae02e7774fa912b330c81f6ed47409f,490086,f479a1bd038e6fec57caf76a8e9f56ca1a0c1600542c9554ac8baf889350b55c,exact_duplicate_review
recovered-moj-1434-v4-p177-33350955,extracted/recovered-moj-judgments-pdf/recovered-moj-1434-v4-p177-33350955.pdf,moj-judgments-1434-volume-4.pdf,archive-sources/moj/1434/moj-judgments-1434-volume-4.pdf,47d4c5054697335c8926799bd75ca40e51c5ddb31286a024defb7310e90e713e,4858612,177,183,7,2371b35dc727e1c8512d51332a884c079312ef2a614fd89608541732968f2a51,494731,ca75cd27c46dfccaeffe6c1936719fe3b382d5eaddc50abde3db6ee81aaf32cf,exact_duplicate_review
recovered-moj-1434-v4-p184-33429665,extracted/recovered-moj-judgments-pdf/recovered-moj-1434-v4-p184-33429665.pdf,moj-judgments-1434-volume-4.pdf,archive-sources/moj/1434/moj-judgments-1434-volume-4.pdf,47d4c5054697335c8926799bd75ca40e51c5ddb31286a024defb7310e90e713e,4858612,184,188,5,1139ca2f0b0363e89963b88777ee5721932e75ef623840adaaccff3b055effae,505288,69039c1412c88bb32291fc11109a8374d05fdd15115c15a82384b08549d806f5,exact_duplicate_review
recovered-moj-1434-v4-p189-33479731,extracted/recovered-moj-judgments-pdf/recovered-moj-1434-v4-p189-33479731.pdf,moj-judgments-1434-volume-4.pdf,archive-sources/moj/1434/moj-judgments-1434-volume-4.pdf,47d4c5054697335c8926799bd75ca40e51c5ddb31286a024defb7310e90e713e,4858612,189,194,6,9606599fcffe98bf2d56ddfa545d1d5bcd6e26b380c49542ee466d992a5694bb,498099,7406c22cf075931814ce3442279e25463bec18029845774fd72c034e512e82fc,exact_duplicate_review
recovered-moj-1434-v4-p195-34165422,extracted/recovered-moj-judgments-pdf/recovered-moj-1434-v4-p195-34165422.pdf,moj-judgments-1434-volume-4.pdf,archive-sources/moj/1434/moj-judgments-1434-volume-4.pdf,47d4c5054697335c8926799bd75ca40e51c5ddb31286a024defb7310e90e713e,4858612,195,204,10,b41eb6c25662c5aa74ae1f77d97d272929ac760aad2c28ab3b757d543d80a717,515361,3e02e1de4745fb26aee6565f9a4455daf487166db525c26b1edfe7c11ea6b5c7,exact_duplicate_review
recovered-moj-1434-v4-p205-34176729,extracted/recovered-moj-judgments-pdf/recovered-moj-1434-v4-p205-34176729.pdf,moj-judgments-1434-volume-4.pdf,archive-sources/moj/1434/moj-judgments-1434-volume-4.pdf,47d4c5054697335c8926799bd75ca40e51c5ddb31286a024defb7310e90e713e,4858612,205,209,5,e07a3943cdfd09a34d4c4e7efd0bdb691a50c2ab7fc4bcb7239d664e04101d9a,491551,ce0df9e60db3bcdc66ee22420c94ce1de888cd116a60d786b51a7f24d72c347c,exact_duplicate_review
recovered-moj-1434-v4-p210-34191872,extracted/recovered-moj-judgments-pdf/recovered-moj-1434-v4-p210-34191872.pdf,moj-judgments-1434-volume-4.pdf,archive-sources/moj/1434/moj-judgments-1434-volume-4.pdf,47d4c5054697335c8926799bd75ca40e51c5ddb31286a024defb7310e90e713e,4858612,210,215,6,2b123abed19bc612fba2bf46d028f861675cc1e896a137b00d7e534a6455ae2b,501290,a068195b491316df1b280c833fb73641fbc7360eb577e92761435bd38b00ac85,exact_duplicate_review
recovered-moj-1434-v4-p216-34229326,extracted/recovered-moj-judgments-pdf/recovered-moj-1434-v4-p216-34229326.pdf,moj-judgments-1434-volume-4.pdf,archive-sources/moj/1434/moj-judgments-1434-volume-4.pdf,47d4c5054697335c8926799bd75ca40e51c5ddb31286a024defb7310e90e713e,4858612,216,222,7,013aeb12f294ba68a0eee3873333824e85f568565013d48a5ccd61c6efcee539,517820,442c42442241a8f25dc8d609b8047d98d03752c41c8c87a10d47f305889a0679,exact_duplicate_review
recovered-moj-1434-v4-p223-34231347,extracted/recovered-moj-judgments-pdf/recovered-moj-1434-v4-p223-34231347.pdf,moj-judgments-1434-volume-4.pdf,archive-sources/moj/1434/moj-judgments-1434-volume-4.pdf,47d4c5054697335c8926799bd75ca40e51c5ddb31286a024defb7310e90e713e,4858612,223,228,6,1f281173124f1512c88f74d385b5007cc33f76f8ac768a38b7af7b6efc5f6bf2,507503,ecf28881445e5bbc85c7f1ac4dc9e5ff53e23c68cd9674ae5f98ead7eff76116,private_manual_review
recovered-moj-1434-v4-p229-34250292,extracted/recovered-moj-judgments-pdf/recovered-moj-1434-v4-p229-34250292.pdf,moj-judgments-1434-volume-4.pdf,archive-sources/moj/1434/moj-judgments-1434-volume-4.pdf,47d4c5054697335c8926799bd75ca40e51c5ddb31286a024defb7310e90e713e,4858612,229,234,6,5447e0075e5a9eadafd01b382a6b09ebe4565c676bc96fc2f9b509c8d6c14686,506448,505952e0db7b46f612ba54bfaccb703f6061a5a9c6f9b4eef6eb2c7e7a025b62,exact_duplicate_review
recovered-moj-1434-v4-p235-34290771,extracted/recovered-moj-judgments-pdf/recovered-moj-1434-v4-p235-34290771.pdf,moj-judgments-1434-volume-4.pdf,archive-sources/moj/1434/moj-judgments-1434-volume-4.pdf,47d4c5054697335c8926799bd75ca40e51c5ddb31286a024defb7310e90e713e,4858612,235,243,9,cf6f95517c71917fa8c7ec2186dbfb40667fede6119cff4ba0404150d9993976,501271,61d58a7afb0ffed101f404f32fe0febf53498652a0df58cef236db1176c58940,exact_duplicate_review
recovered-moj-1434-v4-p244-34309203,extracted/recovered-moj-judgments-pdf/recovered-moj-1434-v4-p244-34309203.pdf,moj-judgments-1434-volume-4.pdf,archive-sources/moj/1434/moj-judgments-1434-volume-4.pdf,47d4c5054697335c8926799bd75ca40e51c5ddb31286a024defb7310e90e713e,4858612,244,248,5,1625ce87d1ab028bae785e9470e35cd3ce57eb2b94f53c90b739c277ee9e7917,510885,9d54f016906e1bc44699a2dd5b0cd0666d708a10a2b014556c459e9448af63ad,exact_duplicate_review
recovered-moj-1434-v4-p249-34335085,extracted/recovered-moj-judgments-pdf/recovered-moj-1434-v4-p249-34335085.pdf,moj-judgments-1434-volume-4.pdf,archive-sources/moj/1434/moj-judgments-1434-volume-4.pdf,47d4c5054697335c8926799bd75ca40e51c5ddb31286a024defb7310e90e713e,4858612,249,253,5,b8f3ca534355df338712964e62f5a51514e2a66a9e18c8686a5a01222fec3999,488679,9f98e36e0ae98f7c48bbc203d15c8fd832044aec8a43e3be61d99e2be121ed5b,exact_duplicate_review
recovered-moj-1434-v4-p254-341487757,extracted/recovered-moj-judgments-pdf/recovered-moj-1434-v4-p254-341487757.pdf,moj-judgments-1434-volume-4.pdf,archive-sources/moj/1434/moj-judgments-1434-volume-4.pdf,47d4c5054697335c8926799bd75ca40e51c5ddb31286a024defb7310e90e713e,4858612,254,262,9,5406ee7078ef3833b93f142a5e0f6b569f97032b1b1638eead60b08671f399aa,1266912,3124c0da5abc6979c920d0d4c37267497cc3d27d477540abe4d4f2eaa8388609,private_manual_review
recovered-moj-1434-v4-p263-33430561,extracted/recovered-moj-judgments-pdf/recovered-moj-1434-v4-p263-33430561.pdf,moj-judgments-1434-volume-4.pdf,archive-sources/moj/1434/moj-judgments-1434-volume-4.pdf,47d4c5054697335c8926799bd75ca40e51c5ddb31286a024defb7310e90e713e,4858612,263,272,10,dbaa74877e691ab8293c34f530f8bfbcedfec5f06d4da65bc187fbeb96b27c07,1294738,cdec69c26ac6f0a2e3bf50921ef47f60049f4671845060413cabef578131550e,exact_duplicate_review
recovered-moj-1434-v4-p273-34176193,extracted/recovered-moj-judgments-pdf/recovered-moj-1434-v4-p273-34176193.pdf,moj-judgments-1434-volume-4.pdf,archive-sources/moj/1434/moj-judgments-1434-volume-4.pdf,47d4c5054697335c8926799bd75ca40e51c5ddb31286a024defb7310e90e713e,4858612,273,279,7,37b1c53af83855d37011f703016141d972c2d962f46ef81caf1a6dfff20ca85d,492780,d724cc1dadfe637b82976d0623bce0b0bf27ac3ffbc5e1fad39eade6b41cdef4,exact_duplicate_review
recovered-moj-1434-v4-p280-34196443,extracted/recovered-moj-judgments-pdf/recovered-moj-1434-v4-p280-34196443.pdf,moj-judgments-1434-volume-4.pdf,archive-sources/moj/1434/moj-judgments-1434-volume-4.pdf,47d4c5054697335c8926799bd75ca40e51c5ddb31286a024defb7310e90e713e,4858612,280,284,5,906de8ce16424f9f44bd0d8d28d3c223834d205826adad7f5b910941b16ad2a0,503605,e73e7da0e8559ffe85bfb7afe427cca9149742000ab23d5546b58b67aa0a5592,exact_duplicate_review
recovered-moj-1434-v4-p285-34223712,extracted/recovered-moj-judgments-pdf/recovered-moj-1434-v4-p285-34223712.pdf,moj-judgments-1434-volume-4.pdf,archive-sources/moj/1434/moj-judgments-1434-volume-4.pdf,47d4c5054697335c8926799bd75ca40e51c5ddb31286a024defb7310e90e713e,4858612,285,308,24,ec2b23474dc35495b0de84d39e8c4aae4f222ca8570ae2861f6d920ff27e1f75,556422,9f0ff07ff8d44e98feeffe7c18f2330fe9a14cddc723755f84e713b50ce4ba64,exact_duplicate_review
recovered-moj-1434-v4-p309-34193719,extracted/recovered-moj-judgments-pdf/recovered-moj-1434-v4-p309-34193719.pdf,moj-judgments-1434-volume-4.pdf,archive-sources/moj/1434/moj-judgments-1434-volume-4.pdf,47d4c5054697335c8926799bd75ca40e51c5ddb31286a024defb7310e90e713e,4858612,309,318,10,c3bfdff3c37d7a0e276e98d0ce763fbbc17d2080e1911a8c7af32e57171bf9fe,1220860,72e3c0283662502884979abeec1d1b2542855f5fbde006071b1761bc1c356044,exact_duplicate_review
recovered-moj-1434-v4-p319-34209994,extracted/recovered-moj-judgments-pdf/recovered-moj-1434-v4-p319-34209994.pdf,moj-judgments-1434-volume-4.pdf,archive-sources/moj/1434/moj-judgments-1434-volume-4.pdf,47d4c5054697335c8926799bd75ca40e51c5ddb31286a024defb7310e90e713e,4858612,319,330,12,1be01297e073298ea518bdf206ee07db286576935565093f737f509c84676eba,1263589,eb1ff0afb749da66bde1a434c420827d0b4ef80e83865a2cbc71de526a271b23,exact_duplicate_review
recovered-moj-1434-v4-p331-34221359,extracted/recovered-moj-judgments-pdf/recovered-moj-1434-v4-p331-34221359.pdf,moj-judgments-1434-volume-4.pdf,archive-sources/moj/1434/moj-judgments-1434-volume-4.pdf,47d4c5054697335c8926799bd75ca40e51c5ddb31286a024defb7310e90e713e,4858612,331,335,5,1084aa10b3efb5d48cf2a735d4f8b809317be97f8eba06f134b8873ce352f027,485406,1e8d99d121c628a5cb7d953197c5d276a8ad9458a07b014bca1abd07a10c7d05,exact_duplicate_review
recovered-moj-1434-v4-p336-34227273,extracted/recovered-moj-judgments-pdf/recovered-moj-1434-v4-p336-34227273.pdf,moj-judgments-1434-volume-4.pdf,archive-sources/moj/1434/moj-judgments-1434-volume-4.pdf,47d4c5054697335c8926799bd75ca40e51c5ddb31286a024defb7310e90e713e,4858612,336,343,8,bf8c571c7c88312c3a72891a861205cd9632a82160666cc8885c533cda053504,506969,d4f664a883906bf7d8123f2cf30088a35047de03dba8b7efbc3ff4f8bbfcbba3,exact_duplicate_review
recovered-moj-1434-v4-p344-34234533,extracted/recovered-moj-judgments-pdf/recovered-moj-1434-v4-p344-34234533.pdf,moj-judgments-1434-volume-4.pdf,archive-sources/moj/1434/moj-judgments-1434-volume-4.pdf,47d4c5054697335c8926799bd75ca40e51c5ddb31286a024defb7310e90e713e,4858612,344,356,13,9417405b21b5806f84696679838aa12a2e773f6634b235a0e343e42f79b83aa7,860293,4e9aa5dea91bb7a4c76989f5895a4c1a3b0cabd7a06a6fb5baea4713cf46c5eb,exact_duplicate_review
recovered-moj-1434-v6-p5-34187417,extracted/recovered-moj-judgments-pdf/recovered-moj-1434-v6-p5-34187417.pdf,moj-judgments-1434-volume-6.pdf,archive-sources/moj/1434/moj-judgments-1434-volume-6.pdf,d8164d23575435d9de8ae23e628410450521627312e060d519a1d069c0675e11,4364841,5,12,8,c70ebb4470e9ffa1f81c6375812b3841e221be43df3875d932a890b9293b5487,1259888,ca082ae58781a7e1de567be24103484440cb89ac88f4d22300380ece0e0767d6,exact_duplicate_review
recovered-moj-1434-v6-p13-34238642,extracted/recovered-moj-judgments-pdf/recovered-moj-1434-v6-p13-34238642.pdf,moj-judgments-1434-volume-6.pdf,archive-sources/moj/1434/moj-judgments-1434-volume-6.pdf,d8164d23575435d9de8ae23e628410450521627312e060d519a1d069c0675e11,4364841,13,20,8,4add7be85597e29794fcbc7ea8c8b40276609a7006f4050030f533eaa70122c6,1259451,08071aa703ab6150d0dc824d20704fa17079bd1c805a6a24834aa6348d301ccb,exact_duplicate_review
recovered-moj-1434-v6-p21-33431666,extracted/recovered-moj-judgments-pdf/recovered-moj-1434-v6-p21-33431666.pdf,moj-judgments-1434-volume-6.pdf,archive-sources/moj/1434/moj-judgments-1434-volume-6.pdf,d8164d23575435d9de8ae23e628410450521627312e060d519a1d069c0675e11,4364841,21,30,10,1148ecb75f69356d27c8d3c679c00e77bd06a3b745c6ccc9d79be82e68ec7dc7,523496,e5adbbbdcb7e548d877eb09c85abb0d821a395e269525d0ffd69878b7afe04b0,exact_duplicate_review
recovered-moj-1434-v6-p31-34354006,extracted/recovered-moj-judgments-pdf/recovered-moj-1434-v6-p31-34354006.pdf,moj-judgments-1434-volume-6.pdf,archive-sources/moj/1434/moj-judgments-1434-volume-6.pdf,d8164d23575435d9de8ae23e628410450521627312e060d519a1d069c0675e11,4364841,31,38,8,0cb35ee335871669a96debbe6682d166ad50157f06eea4cf1223b991910fdeb1,1257541,b2161c93abdf8eadcaf984b6280328489163705d7c665ef65332b2b0cf85d438,exact_duplicate_review
recovered-moj-1434-v6-p39-33252837,extracted/recovered-moj-judgments-pdf/recovered-moj-1434-v6-p39-33252837.pdf,moj-judgments-1434-volume-6.pdf,archive-sources/moj/1434/moj-judgments-1434-volume-6.pdf,d8164d23575435d9de8ae23e628410450521627312e060d519a1d069c0675e11,4364841,39,53,15,1f38649fbaf3640bca8c4ea9791af5463debe93db95b0bb8c038d1f23f76a926,534840,317700fcecf5d76179eb3f0b5fd5651031c7b1a508e43a33b319a0c27156081c,exact_duplicate_review
recovered-moj-1434-v6-p54-33415126,extracted/recovered-moj-judgments-pdf/recovered-moj-1434-v6-p54-33415126.pdf,moj-judgments-1434-volume-6.pdf,archive-sources/moj/1434/moj-judgments-1434-volume-6.pdf,d8164d23575435d9de8ae23e628410450521627312e060d519a1d069c0675e11,4364841,54,69,16,de40c66e0a636ea2ebfe365805332195155f445ff2d026cefb217aac920f42f8,543607,4b22aafaa234a22711a5135a4a075dbac7d1e8fec1c9073ea1076603b41a098a,exact_duplicate_review
recovered-moj-1434-v6-p70-33469025,extracted/recovered-moj-judgments-pdf/recovered-moj-1434-v6-p70-33469025.pdf,moj-judgments-1434-volume-6.pdf,archive-sources/moj/1434/moj-judgments-1434-volume-6.pdf,d8164d23575435d9de8ae23e628410450521627312e060d519a1d069c0675e11,4364841,70,77,8,e709982b4800ea6d825ca7638c5ca5c01a5e58cc32a5bcbe3654cc215f1903ec,505134,788b4d5122ae07065f9a3e8bd3fe63e89c3cdbee2aea3de11ba494678b3ea4ee,exact_duplicate_review
recovered-moj-1434-v6-p78-8746,extracted/recovered-moj-judgments-pdf/recovered-moj-1434-v6-p78-8746.pdf,moj-judgments-1434-volume-6.pdf,archive-sources/moj/1434/moj-judgments-1434-volume-6.pdf,d8164d23575435d9de8ae23e628410450521627312e060d519a1d069c0675e11,4364841,78,91,14,77ff674cdc25b31cb402b71a0460bbeda3865dc3e6873cf20929f1064567b227,528936,8b95800f42fa626888924fa3abc42238b48d5cad51b8bbda1ea22a48ba6e58ad,exact_duplicate_review
recovered-moj-1434-v6-p92-34254640,extracted/recovered-moj-judgments-pdf/recovered-moj-1434-v6-p92-34254640.pdf,moj-judgments-1434-volume-6.pdf,archive-sources/moj/1434/moj-judgments-1434-volume-6.pdf,d8164d23575435d9de8ae23e628410450521627312e060d519a1d069c0675e11,4364841,92,99,8,15adcc1332f9528e4b4a88b946bd66f43ecf09816bb8105f750d599717ce88de,506313,c58d18e854525bf12341705d6af58334ffb24e653a270bed8e2beade0e37d98c,exact_duplicate_review
recovered-moj-1434-v6-p100-33286548,extracted/recovered-moj-judgments-pdf/recovered-moj-1434-v6-p100-33286548.pdf,moj-judgments-1434-volume-6.pdf,archive-sources/moj/1434/moj-judgments-1434-volume-6.pdf,d8164d23575435d9de8ae23e628410450521627312e060d519a1d069c0675e11,4364841,100,111,12,6c29282862fb588d48dcc5e431594281f4650662abc27ed8779b2020cd741579,526621,10fade7adfae3a97259715a3976388d5c6d28bce6ab372b24140bd4091ccbf7a,exact_duplicate_review
recovered-moj-1434-v6-p112-32503,extracted/recovered-moj-judgments-pdf/recovered-moj-1434-v6-p112-32503.pdf,moj-judgments-1434-volume-6.pdf,archive-sources/moj/1434/moj-judgments-1434-volume-6.pdf,d8164d23575435d9de8ae23e628410450521627312e060d519a1d069c0675e11,4364841,112,118,7,e0ad1351f9275d030f9714fd6d7a35e716bb813df0acb2c1d9190f36492cec7a,513638,81f1d251bbea35bef9d20b8323714c08cd6f1ced2abe4f44bf02a54f4ecc2f8a,exact_duplicate_review
recovered-moj-1434-v6-p119-311048,extracted/recovered-moj-judgments-pdf/recovered-moj-1434-v6-p119-311048.pdf,moj-judgments-1434-volume-6.pdf,archive-sources/moj/1434/moj-judgments-1434-volume-6.pdf,d8164d23575435d9de8ae23e628410450521627312e060d519a1d069c0675e11,4364841,119,124,6,bcb54e3e19d68b1a178dac503d9562fd434d1e6597287e201ce42804a061b663,497044,39895c97af50254ebedc3338bbbf0d3d56c52562d467d49f8e86ee7021f8c09e,exact_duplicate_review
recovered-moj-1434-v6-p125-3416698,extracted/recovered-moj-judgments-pdf/recovered-moj-1434-v6-p125-3416698.pdf,moj-judgments-1434-volume-6.pdf,archive-sources/moj/1434/moj-judgments-1434-volume-6.pdf,d8164d23575435d9de8ae23e628410450521627312e060d519a1d069c0675e11,4364841,125,181,57,512688ecf8d7e7df1293326ed2700cdd44e68ec23e0fbcd17e3a56aec006ae7f,694972,f0706b29bdbe84a5c7a7063e7e1fabd746b1625b4a284bb8269011b5b9a8df21,exact_duplicate_review
recovered-moj-1434-v6-p182-3318281,extracted/recovered-moj-judgments-pdf/recovered-moj-1434-v6-p182-3318281.pdf,moj-judgments-1434-volume-6.pdf,archive-sources/moj/1434/moj-judgments-1434-volume-6.pdf,d8164d23575435d9de8ae23e628410450521627312e060d519a1d069c0675e11,4364841,182,189,8,533547d455cf83f022ebfaff2eee3baf1f342b98192cb3c361795b63dea45b55,508600,f23b0d32d20b6ebf6458268f35b79affec2eaf091b51bc855706589a9d207781,exact_duplicate_review
recovered-moj-1434-v6-p190-3346738,extracted/recovered-moj-judgments-pdf/recovered-moj-1434-v6-p190-3346738.pdf,moj-judgments-1434-volume-6.pdf,archive-sources/moj/1434/moj-judgments-1434-volume-6.pdf,d8164d23575435d9de8ae23e628410450521627312e060d519a1d069c0675e11,4364841,190,202,13,bc1bfc78aea880c6bffc68160dfa53eeaad3f2556a7c2d754efeb27de0724f64,536854,130f59dfc7c61fc0921acef4993aeddb699a4a15a834d0387a370706d5594d9b,exact_duplicate_review
recovered-moj-1434-v6-p203-3360065,extracted/recovered-moj-judgments-pdf/recovered-moj-1434-v6-p203-3360065.pdf,moj-judgments-1434-volume-6.pdf,archive-sources/moj/1434/moj-judgments-1434-volume-6.pdf,d8164d23575435d9de8ae23e628410450521627312e060d519a1d069c0675e11,4364841,203,207,5,624598045722ce4dd02091cac12307511fd4c8f02ae239e32e2fe7faab383949,496962,2e1f18d867695f4dafe9e2043085479b2b58c0bb612d79912dae4ebf129ee7d6,exact_duplicate_review
recovered-moj-1434-v6-p208-34224021,extracted/recovered-moj-judgments-pdf/recovered-moj-1434-v6-p208-34224021.pdf,moj-judgments-1434-volume-6.pdf,archive-sources/moj/1434/moj-judgments-1434-volume-6.pdf,d8164d23575435d9de8ae23e628410450521627312e060d519a1d069c0675e11,4364841,208,213,6,fac8968ffe9c6c47a1e3747f5bc8b73943b58cd6187eb09250205992af4f0312,499209,9a7d70a3dcf570a1ac39c9afc034b43552c1fecff3d2def2cda77ab3d2c5e189,exact_duplicate_review
recovered-moj-1434-v6-p214-33351548,extracted/recovered-moj-judgments-pdf/recovered-moj-1434-v6-p214-33351548.pdf,moj-judgments-1434-volume-6.pdf,archive-sources/moj/1434/moj-judgments-1434-volume-6.pdf,d8164d23575435d9de8ae23e628410450521627312e060d519a1d069c0675e11,4364841,214,221,8,f4bcb13bed603592f9bc85eb9dfcc4d7b14f8566d5efdac6bc8cb75c6ada99db,517124,62f9e9636c444f155bbb4f8bb6913da44120abf4524da1d04227a75aa8047781,exact_duplicate_review
recovered-moj-1434-v6-p222-3410059,extracted/recovered-moj-judgments-pdf/recovered-moj-1434-v6-p222-3410059.pdf,moj-judgments-1434-volume-6.pdf,archive-sources/moj/1434/moj-judgments-1434-volume-6.pdf,d8164d23575435d9de8ae23e628410450521627312e060d519a1d069c0675e11,4364841,222,225,4,7f8e86c8097ac5ef20f8fdc3cf52d828cc26757c536c9d49a58bd69e1224ae55,496213,84bf908ed5cabc772e7b0295df46f9934d731995f7f90942313e674981f738b4,exact_duplicate_review
recovered-moj-1434-v6-p226-3440021,extracted/recovered-moj-judgments-pdf/recovered-moj-1434-v6-p226-3440021.pdf,moj-judgments-1434-volume-6.pdf,archive-sources/moj/1434/moj-judgments-1434-volume-6.pdf,d8164d23575435d9de8ae23e628410450521627312e060d519a1d069c0675e11,4364841,226,229,4,60fa427bce926acfaaef3a9f46151258e5a15b62a2947605dce0fcb9db59be75,498877,733c709a9d62819c295c1972f1e6e509b3af2edc30b2dad268672c94cb4a0ca8,exact_duplicate_review
recovered-moj-1434-v6-p230-34233633,extracted/recovered-moj-judgments-pdf/recovered-moj-1434-v6-p230-34233633.pdf,moj-judgments-1434-volume-6.pdf,archive-sources/moj/1434/moj-judgments-1434-volume-6.pdf,d8164d23575435d9de8ae23e628410450521627312e060d519a1d069c0675e11,4364841,230,233,4,96e00e68430fc567d63e8ef2ebd775dc1894f7c27fc6c620fe8006005d1323f9,496246,f2544ab85cc3776339d9da23ccc8186a776d219ce0a3a497bc908c69125a3669,exact_duplicate_review
recovered-moj-1434-v6-p234-3422982,extracted/recovered-moj-judgments-pdf/recovered-moj-1434-v6-p234-3422982.pdf,moj-judgments-1434-volume-6.pdf,archive-sources/moj/1434/moj-judgments-1434-volume-6.pdf,d8164d23575435d9de8ae23e628410450521627312e060d519a1d069c0675e11,4364841,234,241,8,d88acd610761c8f0a8b9b479db620fabf9e1f9f0c368cb1d63dc0a3734396422,507308,9f41bdcfe8d44fd6c0ebe536ce7ddca24f5074bdcd617c3949234959c5074b47,exact_duplicate_review
recovered-moj-1434-v6-p242-3435758,extracted/recovered-moj-judgments-pdf/recovered-moj-1434-v6-p242-3435758.pdf,moj-judgments-1434-volume-6.pdf,archive-sources/moj/1434/moj-judgments-1434-volume-6.pdf,d8164d23575435d9de8ae23e628410450521627312e060d519a1d069c0675e11,4364841,242,252,11,04fa972e1a1dfdcadb215298e13d9aa3361a2883a2b28f18040c8302c7282c19,547033,4211256d77cdc483d1a54cc5d1b516c78b7375289b85bd979bf6733c09dcbd38,exact_duplicate_review
recovered-moj-1434-v6-p253-34293038,extracted/recovered-moj-judgments-pdf/recovered-moj-1434-v6-p253-34293038.pdf,moj-judgments-1434-volume-6.pdf,archive-sources/moj/1434/moj-judgments-1434-volume-6.pdf,d8164d23575435d9de8ae23e628410450521627312e060d519a1d069c0675e11,4364841,253,261,9,2e6b16312dffced61517b66915359f88d0e198c804194ab33d527681177c59e3,509041,35df2580d27e6b35ce95fbe485f77d7068269b72acd91158a32238ad5d4ddb0f,exact_duplicate_review
recovered-moj-1434-v6-p262-3438657,extracted/recovered-moj-judgments-pdf/recovered-moj-1434-v6-p262-3438657.pdf,moj-judgments-1434-volume-6.pdf,archive-sources/moj/1434/moj-judgments-1434-volume-6.pdf,d8164d23575435d9de8ae23e628410450521627312e060d519a1d069c0675e11,4364841,262,266,5,bccac8ae7e8ffd3fdbe0369c983fcd5dcbf3fd3543d5ba45a997ec1eedbf7afe,501008,c3844836ca00e0785944754372230d994419ceefa446c46ca96587436a3312e4,exact_duplicate_review
recovered-moj-1434-v6-p267-3441359,extracted/recovered-moj-judgments-pdf/recovered-moj-1434-v6-p267-3441359.pdf,moj-judgments-1434-volume-6.pdf,archive-sources/moj/1434/moj-judgments-1434-volume-6.pdf,d8164d23575435d9de8ae23e628410450521627312e060d519a1d069c0675e11,4364841,267,272,6,6ec2eac2e473b578d8dbe1df7ea667faea68145c794456b9d8a48a9ceddfcd2a,510583,b6faa4a9a882e06f1f76b74823baa6b4f8720946e0af18dfdc7fa64efabb94b5,exact_duplicate_review
recovered-moj-1434-v6-p273-3445113,extracted/recovered-moj-judgments-pdf/recovered-moj-1434-v6-p273-3445113.pdf,moj-judgments-1434-volume-6.pdf,archive-sources/moj/1434/moj-judgments-1434-volume-6.pdf,d8164d23575435d9de8ae23e628410450521627312e060d519a1d069c0675e11,4364841,273,276,4,b723efa71cade6442aa290b4f6406c4c74d2309931c48c724642289675b8c0bb,500955,84c1edecb93075fc15205d929e95a170a542bfeccf0b6e446ea120e43aea47fc,exact_duplicate_review
recovered-moj-1434-v6-p277-3449949,extracted/recovered-moj-judgments-pdf/recovered-moj-1434-v6-p277-3449949.pdf,moj-judgments-1434-volume-6.pdf,archive-sources/moj/1434/moj-judgments-1434-volume-6.pdf,d8164d23575435d9de8ae23e628410450521627312e060d519a1d069c0675e11,4364841,277,309,33,18d9a1c338d5e6464acb536d5d8c71ef50cf6e604c7694b87d06b3dcbfa46961,604037,df8e7b99d02364cc3ae477d90833d4bbc704106752cf58450135e3aaea0ed8ec,private_manual_review
recovered-moj-1434-v6-p310-34165513,extracted/recovered-moj-judgments-pdf/recovered-moj-1434-v6-p310-34165513.pdf,moj-judgments-1434-volume-6.pdf,archive-sources/moj/1434/moj-judgments-1434-volume-6.pdf,d8164d23575435d9de8ae23e628410450521627312e060d519a1d069c0675e11,4364841,310,315,6,293afd8bd958ec5c7f5d697d1f7a74b0c2425b12fbff1fbe952bc2732105a195,502915,d967a5562cfb9091507daa3fefd2533f733aed7c0611e670cee5323b56e64cf9,exact_duplicate_review
recovered-moj-1434-v6-p316-3466563,extracted/recovered-moj-judgments-pdf/recovered-moj-1434-v6-p316-3466563.pdf,moj-judgments-1434-volume-6.pdf,archive-sources/moj/1434/moj-judgments-1434-volume-6.pdf,d8164d23575435d9de8ae23e628410450521627312e060d519a1d069c0675e11,4364841,316,322,7,f2aef34706f73e2d1209db0ff2cdd13356b3b065c3a6051935964023f374ad75,515461,b8fd97dbac1a26e7fed9ce76d53bbdc0bc13e021f644440f39a135343e89eb10,exact_duplicate_review
recovered-moj-1434-v6-p323-34204225,extracted/recovered-moj-judgments-pdf/recovered-moj-1434-v6-p323-34204225.pdf,moj-judgments-1434-volume-6.pdf,archive-sources/moj/1434/moj-judgments-1434-volume-6.pdf,d8164d23575435d9de8ae23e628410450521627312e060d519a1d069c0675e11,4364841,323,329,7,63b6d48610d633dc279413d67b5794db1d17e8834df8dc3d3ece6a2df7c1188e,502038,4a2938b1493f0884f535559120140cfc630044d6d29edac486be42ecb77d7a3f,exact_duplicate_review
recovered-moj-1434-v6-p330-3489143,extracted/recovered-moj-judgments-pdf/recovered-moj-1434-v6-p330-3489143.pdf,moj-judgments-1434-volume-6.pdf,archive-sources/moj/1434/moj-judgments-1434-volume-6.pdf,d8164d23575435d9de8ae23e628410450521627312e060d519a1d069c0675e11,4364841,330,339,10,9f66d5112aef9d879707b500cb6d4dd5519180e36c0c7602a789a696a17e408e,521403,e5d1a6e3186caefe0e42cb07134e9f818c43fdd48dac37619df6d311363895ee,exact_duplicate_review
recovered-moj-1434-v6-p340-32156502,extracted/recovered-moj-judgments-pdf/recovered-moj-1434-v6-p340-32156502.pdf,moj-judgments-1434-volume-6.pdf,archive-sources/moj/1434/moj-judgments-1434-volume-6.pdf,d8164d23575435d9de8ae23e628410450521627312e060d519a1d069c0675e11,4364841,340,353,14,07658e6f602756794b03c307b77bdbbab59aba60823549d439b75329b178ea80,555652,ce36793c548cfcdf6267e8522cce07c6ef0401fd2785a03c123fbadb06ac24c2,exact_duplicate_review
recovered-moj-1434-v6-p354-33466110,extracted/recovered-moj-judgments-pdf/recovered-moj-1434-v6-p354-33466110.pdf,moj-judgments-1434-volume-6.pdf,archive-sources/moj/1434/moj-judgments-1434-volume-6.pdf,d8164d23575435d9de8ae23e628410450521627312e060d519a1d069c0675e11,4364841,354,362,9,dc3b6e19eaa46c0061f0fc7500f9e9001e416a2041ae6aa5dbda8eb64be1f7d3,518314,e83923df596fd93e6bfbb6805adb73cbc2f7c11575c32745a0a30b2a9e8b2239,exact_duplicate_review
recovered-moj-1434-v6-p363-32196203,extracted/recovered-moj-judgments-pdf/recovered-moj-1434-v6-p363-32196203.pdf,moj-judgments-1434-volume-6.pdf,archive-sources/moj/1434/moj-judgments-1434-volume-6.pdf,d8164d23575435d9de8ae23e628410450521627312e060d519a1d069c0675e11,4364841,363,374,12,f8b254f4f742ea159e16e5a5d20afba4c259c0e563ef58a30f461341b19b0ebe,523345,875cf4ab45c3cc5d40b5e7f26074bc540ebe22c9aece860c959fff13a8706680,exact_duplicate_review
recovered-moj-1434-v6-p375-3443385,extracted/recovered-moj-judgments-pdf/recovered-moj-1434-v6-p375-3443385.pdf,moj-judgments-1434-volume-6.pdf,archive-sources/moj/1434/moj-judgments-1434-volume-6.pdf,d8164d23575435d9de8ae23e628410450521627312e060d519a1d069c0675e11,4364841,375,383,9,48d401f45805726d0bb6f1319dc289ef21bf07ead43dda74dd32d51b854728ad,505860,d05b8f7b9c0e01810badc8348488744824f8e41f32aacb3537857681f0e6bc17,exact_duplicate_review
recovered-moj-1434-v6-p384-32516254,extracted/recovered-moj-judgments-pdf/recovered-moj-1434-v6-p384-32516254.pdf,moj-judgments-1434-volume-6.pdf,archive-sources/moj/1434/moj-judgments-1434-volume-6.pdf,d8164d23575435d9de8ae23e628410450521627312e060d519a1d069c0675e11,4364841,384,389,6,beef151b59d3ac0908413f9167b1816b120d40c389f0572eb0353bc5dd2d6ea6,501721,bfb17f74479e39dcfc4c5a3568c538883b1da1bf900a154f752a95fa67caf825,private_manual_review
recovered-moj-1434-v6-p390-32595864,extracted/recovered-moj-judgments-pdf/recovered-moj-1434-v6-p390-32595864.pdf,moj-judgments-1434-volume-6.pdf,archive-sources/moj/1434/moj-judgments-1434-volume-6.pdf,d8164d23575435d9de8ae23e628410450521627312e060d519a1d069c0675e11,4364841,390,396,7,d761657661703d681b420d24e9289fc58225e1e8b602fc462d38e4fc8d92bfbc,520309,e412bcba059b718df96f827aa435cef795667dfd331b9a9c330be343b7d9c572,exact_duplicate_review
recovered-moj-1434-v6-p397-33199624,extracted/recovered-moj-judgments-pdf/recovered-moj-1434-v6-p397-33199624.pdf,moj-judgments-1434-volume-6.pdf,archive-sources/moj/1434/moj-judgments-1434-volume-6.pdf,d8164d23575435d9de8ae23e628410450521627312e060d519a1d069c0675e11,4364841,397,410,14,b9b3f6c999349a401ee3244c2f0875af03f2593b1f070875f79f1df4bb04be7e,866463,0de991f0473b2285b909e616d2791990307b590b054effc8b3fa06835fcf76aa,exact_duplicate_review
recovered-moj-1434-v7-p5-34186236,extracted/recovered-moj-judgments-pdf/recovered-moj-1434-v7-p5-34186236.pdf,moj-judgments-1434-volume-7.pdf,archive-sources/moj/1434/moj-judgments-1434-volume-7.pdf,f5f2ad3c10d624ba478a766336b07bf999780bbca7c373f94c22b15ddcaea611,2681939,5,13,9,b2dbe2a903721de19dacee452963ca257c5bea773117b8534d439099e4276ec0,508043,6848c68aeffa2ea2d813395bd62c943fc97e32df08bf813a2d1f5b244ccbbf11,exact_duplicate_review
recovered-moj-1434-v7-p14-34356258,extracted/recovered-moj-judgments-pdf/recovered-moj-1434-v7-p14-34356258.pdf,moj-judgments-1434-volume-7.pdf,archive-sources/moj/1434/moj-judgments-1434-volume-7.pdf,f5f2ad3c10d624ba478a766336b07bf999780bbca7c373f94c22b15ddcaea611,2681939,14,24,11,fb978b64cd0599b25908120beedd6de1eddc69f6b6ad17534f1189e652317ed7,521344,4e08c245bfc980a55e97fee4532c4d253cee8dbac6b330039364f301917b33e7,exact_duplicate_review
recovered-moj-1434-v7-p25-34325602,extracted/recovered-moj-judgments-pdf/recovered-moj-1434-v7-p25-34325602.pdf,moj-judgments-1434-volume-7.pdf,archive-sources/moj/1434/moj-judgments-1434-volume-7.pdf,f5f2ad3c10d624ba478a766336b07bf999780bbca7c373f94c22b15ddcaea611,2681939,25,31,7,7b361146dc40a6e13d23c23589387bf9eb956eed575a2131b062bc85cde94141,501091,eed2671736741f9d11fb5bb8556c65f76f8e34fc18ce9eb19a347c43fb244a11,exact_duplicate_review
recovered-moj-1434-v7-p32-4311281,extracted/recovered-moj-judgments-pdf/recovered-moj-1434-v7-p32-4311281.pdf,moj-judgments-1434-volume-7.pdf,archive-sources/moj/1434/moj-judgments-1434-volume-7.pdf,f5f2ad3c10d624ba478a766336b07bf999780bbca7c373f94c22b15ddcaea611,2681939,32,52,21,71a48560d70976c7b6a81b31d24feca972091889fe29dfbd43dda933ad654192,560824,476d68ab51427653343683408434d7c44265c6d2008bb6f96a1c8610cac95594,exact_duplicate_review
recovered-moj-1434-v7-p53-33445093,extracted/recovered-moj-judgments-pdf/recovered-moj-1434-v7-p53-33445093.pdf,moj-judgments-1434-volume-7.pdf,archive-sources/moj/1434/moj-judgments-1434-volume-7.pdf,f5f2ad3c10d624ba478a766336b07bf999780bbca7c373f94c22b15ddcaea611,2681939,53,58,6,fd5bae561cf1d63f7b71cfa07f21e770c7fbb72be9e113b5bc0437424aff2031,503190,bd07496c178665dfae2cc933439699c55f9aab8168355b74b489d19d436ebbd3,exact_duplicate_review
recovered-moj-1434-v7-p59-33413765,extracted/recovered-moj-judgments-pdf/recovered-moj-1434-v7-p59-33413765.pdf,moj-judgments-1434-volume-7.pdf,archive-sources/moj/1434/moj-judgments-1434-volume-7.pdf,f5f2ad3c10d624ba478a766336b07bf999780bbca7c373f94c22b15ddcaea611,2681939,59,63,5,a4704aab12c594516dca85b7a7f520377fbc511b9f6eab53b0ad11ac70d7eba5,490765,41803b6d4a71e310a1bdb9b736b94333292c926e9deae6a9aab3e60b69a425ee,exact_duplicate_review
recovered-moj-1434-v7-p64-33476296,extracted/recovered-moj-judgments-pdf/recovered-moj-1434-v7-p64-33476296.pdf,moj-judgments-1434-volume-7.pdf,archive-sources/moj/1434/moj-judgments-1434-volume-7.pdf,f5f2ad3c10d624ba478a766336b07bf999780bbca7c373f94c22b15ddcaea611,2681939,64,80,17,f13a47c677127ef14b8ec333814a03d4c5b40569fcce5b976ca0d3c9a0a55f6c,547149,bf92a01f2b4e3b919715c10794d7667653dd881caf0085cc86f434fa33ec2474,exact_duplicate_review
recovered-moj-1434-v7-p81-3450435,extracted/recovered-moj-judgments-pdf/recovered-moj-1434-v7-p81-3450435.pdf,moj-judgments-1434-volume-7.pdf,archive-sources/moj/1434/moj-judgments-1434-volume-7.pdf,f5f2ad3c10d624ba478a766336b07bf999780bbca7c373f94c22b15ddcaea611,2681939,81,90,10,598e5c10093c3cfc0ce727ef63d753ef53f8c6b07fd733f5b6921dae003a0744,512841,2f05db186b26eb7fc23825edc9fbe4deeae287734238df32e35dc0073a65007b,exact_duplicate_review
recovered-moj-1434-v7-p91-33452634,extracted/recovered-moj-judgments-pdf/recovered-moj-1434-v7-p91-33452634.pdf,moj-judgments-1434-volume-7.pdf,archive-sources/moj/1434/moj-judgments-1434-volume-7.pdf,f5f2ad3c10d624ba478a766336b07bf999780bbca7c373f94c22b15ddcaea611,2681939,91,98,8,e0aa654aa22af9dff6c75274ef9c21ca43e7cd890e77c1e3de5359055c844113,504627,91c0167b4fb439a6c86cb29f969d80b6405c5f87027e0ad1832dc6720585670e,exact_duplicate_review
recovered-moj-1434-v7-p99-33456173,extracted/recovered-moj-judgments-pdf/recovered-moj-1434-v7-p99-33456173.pdf,moj-judgments-1434-volume-7.pdf,archive-sources/moj/1434/moj-judgments-1434-volume-7.pdf,f5f2ad3c10d624ba478a766336b07bf999780bbca7c373f94c22b15ddcaea611,2681939,99,103,5,f0561bf5100f63cd0f497a7d50f5c8954aa6e1596cfa6ecb39ba7d721d4dbeff,491316,5aebfa235fead8a167b8e9c04b048049bb7ecd0b8c83c6b9cb708a48c893fb29,exact_duplicate_review
recovered-moj-1434-v7-p104-33463120,extracted/recovered-moj-judgments-pdf/recovered-moj-1434-v7-p104-33463120.pdf,moj-judgments-1434-volume-7.pdf,archive-sources/moj/1434/moj-judgments-1434-volume-7.pdf,f5f2ad3c10d624ba478a766336b07bf999780bbca7c373f94c22b15ddcaea611,2681939,104,111,8,1a1157a25a6e7f195b36e6d2d7bec3b3fa7a20cd595bc558653735ec31dbdf89,509658,19366baac12b55d7ccf8c7a414ce75aa3bf355b3dba119c9f94f4a0c4ad27794,exact_duplicate_review
recovered-moj-1434-v7-p112-34256030,extracted/recovered-moj-judgments-pdf/recovered-moj-1434-v7-p112-34256030.pdf,moj-judgments-1434-volume-7.pdf,archive-sources/moj/1434/moj-judgments-1434-volume-7.pdf,f5f2ad3c10d624ba478a766336b07bf999780bbca7c373f94c22b15ddcaea611,2681939,112,117,6,ad8988e0b715e6751c1d4d538fe045e9ef7b68d29c38ded8ee4821b99435bc78,509411,bbd9fb25c9b91a597407acdce5c00ed7fe78800a0850d806761a9272713912b0,exact_duplicate_review
recovered-moj-1434-v7-p118-34231967,extracted/recovered-moj-judgments-pdf/recovered-moj-1434-v7-p118-34231967.pdf,moj-judgments-1434-volume-7.pdf,archive-sources/moj/1434/moj-judgments-1434-volume-7.pdf,f5f2ad3c10d624ba478a766336b07bf999780bbca7c373f94c22b15ddcaea611,2681939,118,130,13,41636ab0a0da46d8802c103e2fc45c7fa9d0e3adc8176d570a1c3fed2f2dd531,529114,395e72890e16dab6c5e24515a8ce1bb8dd7b860bcb76158bb3ed3a3019111088,exact_duplicate_review
recovered-moj-1434-v7-p131-332031116,extracted/recovered-moj-judgments-pdf/recovered-moj-1434-v7-p131-332031116.pdf,moj-judgments-1434-volume-7.pdf,archive-sources/moj/1434/moj-judgments-1434-volume-7.pdf,f5f2ad3c10d624ba478a766336b07bf999780bbca7c373f94c22b15ddcaea611,2681939,131,136,6,5d9fe553e883120fa9c30ac188d73c414576405f3e3e56e47d22d3937f3912a3,498287,6e36ab94bb23353e51631582d22c25d5159784e176046ee22e3aeb8263d0652e,exact_duplicate_review
recovered-moj-1434-v7-p137-34240533,extracted/recovered-moj-judgments-pdf/recovered-moj-1434-v7-p137-34240533.pdf,moj-judgments-1434-volume-7.pdf,archive-sources/moj/1434/moj-judgments-1434-volume-7.pdf,f5f2ad3c10d624ba478a766336b07bf999780bbca7c373f94c22b15ddcaea611,2681939,137,146,10,56e56810c8e9213dfa9ab963187550ea5332bba68bee68231f4258044652a9c2,513243,5215ab71843f1f96d55c1dfb1bfbcf05b1bdac3d07e894008d1ee6cf231aa0eb,exact_duplicate_review
recovered-moj-1434-v7-p147-34302116,extracted/recovered-moj-judgments-pdf/recovered-moj-1434-v7-p147-34302116.pdf,moj-judgments-1434-volume-7.pdf,archive-sources/moj/1434/moj-judgments-1434-volume-7.pdf,f5f2ad3c10d624ba478a766336b07bf999780bbca7c373f94c22b15ddcaea611,2681939,147,170,24,2a3c54830b5725f1b148f9703df4b9c0ab54d767625e1e01dc8c201fdd9f2a3e,549709,c16faf6b65091c9d56e1b938f2087594636d100431a307fe8bf6187f7808a108,exact_duplicate_review
recovered-moj-1434-v7-p171-3435968,extracted/recovered-moj-judgments-pdf/recovered-moj-1434-v7-p171-3435968.pdf,moj-judgments-1434-volume-7.pdf,archive-sources/moj/1434/moj-judgments-1434-volume-7.pdf,f5f2ad3c10d624ba478a766336b07bf999780bbca7c373f94c22b15ddcaea611,2681939,171,176,6,05afba5e8acb055f0d4d569b1ead051041dc43b10d6fe257f0d6afe169333b80,496476,a39d199c10141731d2f9c71bc9c0473c31d86fdde81937e75784b4261e736b39,exact_duplicate_review
recovered-moj-1434-v7-p177-344846,extracted/recovered-moj-judgments-pdf/recovered-moj-1434-v7-p177-344846.pdf,moj-judgments-1434-volume-7.pdf,archive-sources/moj/1434/moj-judgments-1434-volume-7.pdf,f5f2ad3c10d624ba478a766336b07bf999780bbca7c373f94c22b15ddcaea611,2681939,177,183,7,9214083e394c19c7a972bf783357aa21dec6bcb3f7a4ea595a538d2d7c0dd1a1,496220,654235303d7885dc3ad5eb61124ba403c5c99e6e75a446e02188345f9369fe8f,exact_duplicate_review
recovered-moj-1434-v7-p184-34271615,extracted/recovered-moj-judgments-pdf/recovered-moj-1434-v7-p184-34271615.pdf,moj-judgments-1434-volume-7.pdf,archive-sources/moj/1434/moj-judgments-1434-volume-7.pdf,f5f2ad3c10d624ba478a766336b07bf999780bbca7c373f94c22b15ddcaea611,2681939,184,191,8,9c853944660797d31ad6cd789eb0f30e88b860af5774999bf72a4bae2a3bc54a,510992,39b6603f7bb0b093581e8bf9cddd3db766fec5d80714df2b509fde2916243ed8,exact_duplicate_review
recovered-moj-1434-v7-p192-3463007,extracted/recovered-moj-judgments-pdf/recovered-moj-1434-v7-p192-3463007.pdf,moj-judgments-1434-volume-7.pdf,archive-sources/moj/1434/moj-judgments-1434-volume-7.pdf,f5f2ad3c10d624ba478a766336b07bf999780bbca7c373f94c22b15ddcaea611,2681939,192,197,6,d1d2a35fb245b277099339cff1dcf281e28fd843baf5a6a832201a9f59f015c0,499877,b4718ab4ed42300a5d678a1a1c10674458fc6a98a425a8c75810a9656c99561b,exact_duplicate_review
recovered-moj-1434-v7-p198-34182875,extracted/recovered-moj-judgments-pdf/recovered-moj-1434-v7-p198-34182875.pdf,moj-judgments-1434-volume-7.pdf,archive-sources/moj/1434/moj-judgments-1434-volume-7.pdf,f5f2ad3c10d624ba478a766336b07bf999780bbca7c373f94c22b15ddcaea611,2681939,198,201,4,1c1bc50105b81d84212586f13ccbaafdefdd74f28cce5e9502e860410444e341,500107,5933b2e763191771cb382fa28bc084340f91f5c5664c0ec714f6f22d8a41e289,exact_duplicate_review
recovered-moj-1434-v7-p202-34203864,extracted/recovered-moj-judgments-pdf/recovered-moj-1434-v7-p202-34203864.pdf,moj-judgments-1434-volume-7.pdf,archive-sources/moj/1434/moj-judgments-1434-volume-7.pdf,f5f2ad3c10d624ba478a766336b07bf999780bbca7c373f94c22b15ddcaea611,2681939,202,207,6,e0f4ad989e60b636d05227f0611640bd484ddbb379ed5dbd604d3581fa941669,507357,4779575b2112ebb12410df1e894609889d51cd44b34ad55433b47f5c4de92a04,exact_duplicate_review
recovered-moj-1434-v7-p208-34191964,extracted/recovered-moj-judgments-pdf/recovered-moj-1434-v7-p208-34191964.pdf,moj-judgments-1434-volume-7.pdf,archive-sources/moj/1434/moj-judgments-1434-volume-7.pdf,f5f2ad3c10d624ba478a766336b07bf999780bbca7c373f94c22b15ddcaea611,2681939,208,213,6,3e00e720bfba0e27031d28bb51c98cc7e10797ab23aa30c17bce4e16d58d390c,508244,1e9ed649a3c960ccc2091e2e3eadd5de3686cbcc9ca0008a7ade18c0a5431ee0,exact_duplicate_review
recovered-moj-1434-v7-p214-34300352,extracted/recovered-moj-judgments-pdf/recovered-moj-1434-v7-p214-34300352.pdf,moj-judgments-1434-volume-7.pdf,archive-sources/moj/1434/moj-judgments-1434-volume-7.pdf,f5f2ad3c10d624ba478a766336b07bf999780bbca7c373f94c22b15ddcaea611,2681939,214,229,16,5b445df5f071e8a3b3bd573a81d77abc51f61d2f7ffe9d679eaf2989ffd3fb6e,540451,8deef7eb26a37fc4c04b9f47a21152a39aae84f2737ac2637116bca52778e21d,exact_duplicate_review
recovered-moj-1434-v7-p230-34273960,extracted/recovered-moj-judgments-pdf/recovered-moj-1434-v7-p230-34273960.pdf,moj-judgments-1434-volume-7.pdf,archive-sources/moj/1434/moj-judgments-1434-volume-7.pdf,f5f2ad3c10d624ba478a766336b07bf999780bbca7c373f94c22b15ddcaea611,2681939,230,233,4,d97b8db89a6db20129ea27e349c9489566969049036d943f67c56e641bfc06eb,495520,602784ddcaaa787883159f1db4758068c4d26a50bd176a2fac46d3cb047b6cc0,exact_duplicate_review
recovered-moj-1434-v7-p234-34173556,extracted/recovered-moj-judgments-pdf/recovered-moj-1434-v7-p234-34173556.pdf,moj-judgments-1434-volume-7.pdf,archive-sources/moj/1434/moj-judgments-1434-volume-7.pdf,f5f2ad3c10d624ba478a766336b07bf999780bbca7c373f94c22b15ddcaea611,2681939,234,238,5,1ef5d5d47540f830826a4f06f0de0b65f2507b3e9a97eccf31a00971bdb57266,503130,3926439f7f69f6519c65c8b0b3c1b40548714ad6e63f88cdd63a77cf4533cd36,exact_duplicate_review
recovered-moj-1434-v7-p239-34176933,extracted/recovered-moj-judgments-pdf/recovered-moj-1434-v7-p239-34176933.pdf,moj-judgments-1434-volume-7.pdf,archive-sources/moj/1434/moj-judgments-1434-volume-7.pdf,f5f2ad3c10d624ba478a766336b07bf999780bbca7c373f94c22b15ddcaea611,2681939,239,242,4,89ec0dd866a8f0990f78153f043338f60073a3738dc3bdad02e068f2b93107ca,497143,d9b2bcf73f059d337478dfd28ffb0432b4bcfd30d43f2060d344340d0c4dbdac,exact_duplicate_review
recovered-moj-1434-v7-p243-34184071,extracted/recovered-moj-judgments-pdf/recovered-moj-1434-v7-p243-34184071.pdf,moj-judgments-1434-volume-7.pdf,archive-sources/moj/1434/moj-judgments-1434-volume-7.pdf,f5f2ad3c10d624ba478a766336b07bf999780bbca7c373f94c22b15ddcaea611,2681939,243,249,7,5cb4107899b0d022c6b49117508aaae42a1987a4432fcd9c01139c31ae9a9e64,498255,56a9ba0abeac860b2b236b7bc411fb190d3ed449c51ae613bc545848403b6a43,exact_duplicate_review
recovered-moj-1434-v7-p250-34184303,extracted/recovered-moj-judgments-pdf/recovered-moj-1434-v7-p250-34184303.pdf,moj-judgments-1434-volume-7.pdf,archive-sources/moj/1434/moj-judgments-1434-volume-7.pdf,f5f2ad3c10d624ba478a766336b07bf999780bbca7c373f94c22b15ddcaea611,2681939,250,267,18,a62b0982481de19fa2aeae7418efc70ca4c6894322aec71d6723938a548da996,546309,0ffe76397d43d2239a018eb6bf87811a63277cce94151f5437f6364c59889411,exact_duplicate_review
recovered-moj-1434-v7-p268-34188490,extracted/recovered-moj-judgments-pdf/recovered-moj-1434-v7-p268-34188490.pdf,moj-judgments-1434-volume-7.pdf,archive-sources/moj/1434/moj-judgments-1434-volume-7.pdf,f5f2ad3c10d624ba478a766336b07bf999780bbca7c373f94c22b15ddcaea611,2681939,268,275,8,601f88b8c6be23fd46009c7b422f6c435ea652803b1ce3c26488e82823a4e13b,505178,5c30af3c12cbe7729f99c04a062addb1629f162b3b161a52fe7805abed5edb51,exact_duplicate_review
recovered-moj-1434-v7-p276-34194141,extracted/recovered-moj-judgments-pdf/recovered-moj-1434-v7-p276-34194141.pdf,moj-judgments-1434-volume-7.pdf,archive-sources/moj/1434/moj-judgments-1434-volume-7.pdf,f5f2ad3c10d624ba478a766336b07bf999780bbca7c373f94c22b15ddcaea611,2681939,276,279,4,b5737220cc6c8c1b743dcce52b0bbea884096817809acea88d8d45cc5ba49b7f,493309,6e8af6d663a4d465b18606b5eeded20d415cf9c19c617d22cc54d1b19d418fb5,exact_duplicate_review
recovered-moj-1434-v7-p280-34251380,extracted/recovered-moj-judgments-pdf/recovered-moj-1434-v7-p280-34251380.pdf,moj-judgments-1434-volume-7.pdf,archive-sources/moj/1434/moj-judgments-1434-volume-7.pdf,f5f2ad3c10d624ba478a766336b07bf999780bbca7c373f94c22b15ddcaea611,2681939,280,285,6,b9e9d9f738e814983dacad0f5d366028520a366ac404289cb0f21b264d9e96be,498942,79f0e4bee2524efd120b8ed351dfffb65af89c912bd5bdc283fa8deda187b721,exact_duplicate_review
recovered-moj-1434-v7-p286-34309503,extracted/recovered-moj-judgments-pdf/recovered-moj-1434-v7-p286-34309503.pdf,moj-judgments-1434-volume-7.pdf,archive-sources/moj/1434/moj-judgments-1434-volume-7.pdf,f5f2ad3c10d624ba478a766336b07bf999780bbca7c373f94c22b15ddcaea611,2681939,286,290,5,63ddca1b27396299f3cdd11f61114a3f56e7df3a47fb19f136e919a24f94068d,504916,1ab3fa0cc875bb3d45b77292752ad7e419e8722000c253677074ca6b6bdd7eeb,exact_duplicate_review
recovered-moj-1434-v7-p291-34259894,extracted/recovered-moj-judgments-pdf/recovered-moj-1434-v7-p291-34259894.pdf,moj-judgments-1434-volume-7.pdf,archive-sources/moj/1434/moj-judgments-1434-volume-7.pdf,f5f2ad3c10d624ba478a766336b07bf999780bbca7c373f94c22b15ddcaea611,2681939,291,300,10,1e076086d2eae35d21ca148f78fd12ad29b2cb258f4109aba3867c3f1333898b,511889,eb37ebaf69797b526a64d81f3b1363537bc5e338dfb34221ec2a41047ad7fae0,exact_duplicate_review
recovered-moj-1434-v7-p301-34303751,extracted/recovered-moj-judgments-pdf/recovered-moj-1434-v7-p301-34303751.pdf,moj-judgments-1434-volume-7.pdf,archive-sources/moj/1434/moj-judgments-1434-volume-7.pdf,f5f2ad3c10d624ba478a766336b07bf999780bbca7c373f94c22b15ddcaea611,2681939,301,304,4,d214780d14088a51606caa7b4ce590540da544bbea50a50f3d38857023b9f69d,497874,bc33859c02ddad57020df84bb359fb75b9e7594d3b240f89fe0e942c4ea964e2,exact_duplicate_review
recovered-moj-1434-v7-p305-34276464,extracted/recovered-moj-judgments-pdf/recovered-moj-1434-v7-p305-34276464.pdf,moj-judgments-1434-volume-7.pdf,archive-sources/moj/1434/moj-judgments-1434-volume-7.pdf,f5f2ad3c10d624ba478a766336b07bf999780bbca7c373f94c22b15ddcaea611,2681939,305,312,8,d9c6bebe0b12c3fdf4ccc23878265fd26cf8e14ed3822fcb2737ffaf85d20a0a,518587,03d37ba2dd65c313fcc116589d837e060a9ddf4f976e40ddc904cea572860cfe,exact_duplicate_review
recovered-moj-1434-v7-p313-34285050,extracted/recovered-moj-judgments-pdf/recovered-moj-1434-v7-p313-34285050.pdf,moj-judgments-1434-volume-7.pdf,archive-sources/moj/1434/moj-judgments-1434-volume-7.pdf,f5f2ad3c10d624ba478a766336b07bf999780bbca7c373f94c22b15ddcaea611,2681939,313,318,6,fd08f58e563000beb432ee8425c713bf0929c5e61fbe1521e4db5d59d71dfe9c,507095,9d1a2b8cb7d886ec419eea39b03e7bea04f0809ac6736f249a88f4381563e7b8,exact_duplicate_review
recovered-moj-1434-v7-p319-34301207,extracted/recovered-moj-judgments-pdf/recovered-moj-1434-v7-p319-34301207.pdf,moj-judgments-1434-volume-7.pdf,archive-sources/moj/1434/moj-judgments-1434-volume-7.pdf,f5f2ad3c10d624ba478a766336b07bf999780bbca7c373f94c22b15ddcaea611,2681939,319,323,5,37bde6345279c5064d345862a0215e0138f5e3e53446169731b13a106f29f574,494408,2f0051423604d0d85a5834ffc6ee009fa6deae5edf12420afa8643268ee1868e,exact_duplicate_review
recovered-moj-1434-v7-p324-34304769,extracted/recovered-moj-judgments-pdf/recovered-moj-1434-v7-p324-34304769.pdf,moj-judgments-1434-volume-7.pdf,archive-sources/moj/1434/moj-judgments-1434-volume-7.pdf,f5f2ad3c10d624ba478a766336b07bf999780bbca7c373f94c22b15ddcaea611,2681939,324,330,7,25e925980cb99cd5c924f10205b55e74e970a3e43062f580cbaa60d5621d8e71,515304,a71538ccd8fd59ce8141882d21ea98a157da81e7a8c636d42ba947b955dff7b9,exact_duplicate_review
recovered-moj-1434-v7-p331-34324759,extracted/recovered-moj-judgments-pdf/recovered-moj-1434-v7-p331-34324759.pdf,moj-judgments-1434-volume-7.pdf,archive-sources/moj/1434/moj-judgments-1434-volume-7.pdf,f5f2ad3c10d624ba478a766336b07bf999780bbca7c373f94c22b15ddcaea611,2681939,331,343,13,6fbb5d4c140bd1730f56fb08c97b72dd3a002eac8d14b11bdc95df722122632b,517838,c2c86f97d276812b39193a392aa13a2b58cf8779c06999101cee42e7a657e67e,exact_duplicate_review
recovered-moj-1434-v7-p344-34340276,extracted/recovered-moj-judgments-pdf/recovered-moj-1434-v7-p344-34340276.pdf,moj-judgments-1434-volume-7.pdf,archive-sources/moj/1434/moj-judgments-1434-volume-7.pdf,f5f2ad3c10d624ba478a766336b07bf999780bbca7c373f94c22b15ddcaea611,2681939,344,347,4,ae07aa14225add11936adb60cc47840b4385b31b4fa6ea98f3d372fbab5fdee2,496738,2b1f7166e33008130fa936b6b1598c8494e4de75da780121af3415d14a1b564f,exact_duplicate_review
recovered-moj-1434-v7-p348-33480606,extracted/recovered-moj-judgments-pdf/recovered-moj-1434-v7-p348-33480606.pdf,moj-judgments-1434-volume-7.pdf,archive-sources/moj/1434/moj-judgments-1434-volume-7.pdf,f5f2ad3c10d624ba478a766336b07bf999780bbca7c373f94c22b15ddcaea611,2681939,348,357,10,daa5a5ba1d38f03dee2e0fe7effea49de4d3d762862e327720e710a570723082,511215,119e90819a13a6df655c3c2a4eb52b836d4c16294cc0b75f66bf3360ffb95f79,exact_duplicate_review
recovered-moj-1434-v7-p358-34185350,extracted/recovered-moj-judgments-pdf/recovered-moj-1434-v7-p358-34185350.pdf,moj-judgments-1434-volume-7.pdf,archive-sources/moj/1434/moj-judgments-1434-volume-7.pdf,f5f2ad3c10d624ba478a766336b07bf999780bbca7c373f94c22b15ddcaea611,2681939,358,365,8,11245107ae5faf1d5a56c52ba94942649bd32e5c21d1890fb85e129049798708,506390,4b5aafce9882a61019067cb822e847e144274befd2365a5b9f9a95f572715c8b,exact_duplicate_review
recovered-moj-1434-v7-p366-3414350,extracted/recovered-moj-judgments-pdf/recovered-moj-1434-v7-p366-3414350.pdf,moj-judgments-1434-volume-7.pdf,archive-sources/moj/1434/moj-judgments-1434-volume-7.pdf,f5f2ad3c10d624ba478a766336b07bf999780bbca7c373f94c22b15ddcaea611,2681939,366,380,15,29c728e625de4db6ba07b048384ad5e9834c2ebaf80e79e9b83c4d7464c7be0d,828901,1bad9c9afe094fafab9fff1036338b229235b527d0a216faf0ab0b7db329a5fa,exact_duplicate_review
recovered-moj-1434-v8-p5-33277087,extracted/recovered-moj-judgments-pdf/recovered-moj-1434-v8-p5-33277087.pdf,moj-judgments-1434-volume-8.pdf,archive-sources/moj/1434/moj-judgments-1434-volume-8.pdf,d868ebfe6fc973b4adfc66f247af5f505cca6891fa73560b410c21049cfdcd2b,3518655,5,10,6,63ec57482294ff5530a15fee6748993b27b216ef38cc9fc6e5bec8d0615fe7cf,502010,b89aec86ff8e9b39ea007036bebbda373ffb625332b1e2b1cbdd466d59fdfeba,exact_duplicate_review
recovered-moj-1434-v8-p11-34216111,extracted/recovered-moj-judgments-pdf/recovered-moj-1434-v8-p11-34216111.pdf,moj-judgments-1434-volume-8.pdf,archive-sources/moj/1434/moj-judgments-1434-volume-8.pdf,d868ebfe6fc973b4adfc66f247af5f505cca6891fa73560b410c21049cfdcd2b,3518655,11,14,4,d7c66d59ec1bcc08a5e9eb090865807c54cab04daa09fd51bf8d4ff59c83ee83,495837,3ecb8c33c1b851572104812c504b073750de50b0c9aa663e8e3038f28bb27e51,exact_duplicate_review
recovered-moj-1434-v8-p15-32350265,extracted/recovered-moj-judgments-pdf/recovered-moj-1434-v8-p15-32350265.pdf,moj-judgments-1434-volume-8.pdf,archive-sources/moj/1434/moj-judgments-1434-volume-8.pdf,d868ebfe6fc973b4adfc66f247af5f505cca6891fa73560b410c21049cfdcd2b,3518655,15,26,12,e03f7661e88928ab4a96473063ae1cbcd7a19856a31ca24f3576e51dfdbc71f0,1252434,223ba49b45d34a2f927231264104adaa78c262ead58c344c5e0e29ecee786a8d,exact_duplicate_review
recovered-moj-1434-v8-p27-33227400,extracted/recovered-moj-judgments-pdf/recovered-moj-1434-v8-p27-33227400.pdf,moj-judgments-1434-volume-8.pdf,archive-sources/moj/1434/moj-judgments-1434-volume-8.pdf,d868ebfe6fc973b4adfc66f247af5f505cca6891fa73560b410c21049cfdcd2b,3518655,27,32,6,3cf1efa1206a44fee9bd60471be5e6c9b9fd89b51432b912a4fa84833a0a172a,499335,49243bba65eb04a814aa8dc5175d308d6b059bc66a8ed11f771942fe90a5498e,exact_duplicate_review
recovered-moj-1434-v8-p33-349707,extracted/recovered-moj-judgments-pdf/recovered-moj-1434-v8-p33-349707.pdf,moj-judgments-1434-volume-8.pdf,archive-sources/moj/1434/moj-judgments-1434-volume-8.pdf,d868ebfe6fc973b4adfc66f247af5f505cca6891fa73560b410c21049cfdcd2b,3518655,33,39,7,7e39628daa13ce1bfa5ec45344ed4c40566d8e5e17593e58152c39a91140f002,497826,03c621d42625916c0a4b6807f92a43c29a10c2fde9a644f6684f9323ae3fca3d,exact_duplicate_review
recovered-moj-1434-v8-p40-34183132,extracted/recovered-moj-judgments-pdf/recovered-moj-1434-v8-p40-34183132.pdf,moj-judgments-1434-volume-8.pdf,archive-sources/moj/1434/moj-judgments-1434-volume-8.pdf,d868ebfe6fc973b4adfc66f247af5f505cca6891fa73560b410c21049cfdcd2b,3518655,40,56,17,45b99ec950fa2294add153c2f3d300c9213279eff1c57617f34c85d44ad65e26,549667,197230c4b6686bcbe080ea6e5c78d6b524f8b7eb9065bd3b4251ae50d72187e8,exact_duplicate_review
recovered-moj-1434-v8-p57-33449382,extracted/recovered-moj-judgments-pdf/recovered-moj-1434-v8-p57-33449382.pdf,moj-judgments-1434-volume-8.pdf,archive-sources/moj/1434/moj-judgments-1434-volume-8.pdf,d868ebfe6fc973b4adfc66f247af5f505cca6891fa73560b410c21049cfdcd2b,3518655,57,64,8,30b4bb6b60074d3b64c0b109a02c670816788db06180a37197e8753d30539519,513807,4711cd0c76877c6512f0c1daf844bccfb59dda97799d2286fd21af2c9d501ed5,exact_duplicate_review
recovered-moj-1434-v8-p65-33303974,extracted/recovered-moj-judgments-pdf/recovered-moj-1434-v8-p65-33303974.pdf,moj-judgments-1434-volume-8.pdf,archive-sources/moj/1434/moj-judgments-1434-volume-8.pdf,d868ebfe6fc973b4adfc66f247af5f505cca6891fa73560b410c21049cfdcd2b,3518655,65,83,19,a5e233ac83dcc292a503359f0838b8c02a90415296147ecd14522918166baadf,532492,8f43d37b1e9d4d5b9c71d3988ea1289ad16b94d1d512680d7c3e88bb05ba2492,exact_duplicate_review
recovered-moj-1434-v8-p84-3436836,extracted/recovered-moj-judgments-pdf/recovered-moj-1434-v8-p84-3436836.pdf,moj-judgments-1434-volume-8.pdf,archive-sources/moj/1434/moj-judgments-1434-volume-8.pdf,d868ebfe6fc973b4adfc66f247af5f505cca6891fa73560b410c21049cfdcd2b,3518655,84,91,8,c18ae9be666825957bfa200d97243f4fef8d58e17315e4e19d3d4840e4f06300,513704,06d4fe1dcedf693e2828d833d66228f1536edf5366f7dda19bfc2f6d3e8f2afe,exact_duplicate_review
recovered-moj-1434-v8-p92-3423919,extracted/recovered-moj-judgments-pdf/recovered-moj-1434-v8-p92-3423919.pdf,moj-judgments-1434-volume-8.pdf,archive-sources/moj/1434/moj-judgments-1434-volume-8.pdf,d868ebfe6fc973b4adfc66f247af5f505cca6891fa73560b410c21049cfdcd2b,3518655,92,97,6,66bcfc55a70fdd8fbc8eca5c1dc108f73cb70cd467692d4d34a0f266df82c25f,502386,d926874706cec23a771e1b421c8ef1f8e9058c5afcfdd61f00dbdd97098bf468,exact_duplicate_review
recovered-moj-1434-v8-p98-33173378,extracted/recovered-moj-judgments-pdf/recovered-moj-1434-v8-p98-33173378.pdf,moj-judgments-1434-volume-8.pdf,archive-sources/moj/1434/moj-judgments-1434-volume-8.pdf,d868ebfe6fc973b4adfc66f247af5f505cca6891fa73560b410c21049cfdcd2b,3518655,98,103,6,7b08771d351f60a7fb6f5dc54c927873b78b625746c5ae680ddf16e359ef46a6,503162,05837bbfc0c69828dbdf9d8335c8cadefa620049354c36c4491ac846c066cc8b,exact_duplicate_review
recovered-moj-1434-v8-p104-33313847,extracted/recovered-moj-judgments-pdf/recovered-moj-1434-v8-p104-33313847.pdf,moj-judgments-1434-volume-8.pdf,archive-sources/moj/1434/moj-judgments-1434-volume-8.pdf,d868ebfe6fc973b4adfc66f247af5f505cca6891fa73560b410c21049cfdcd2b,3518655,104,109,6,e76093cc35850b5fe4e9053c21da7e24a2c6821738637e5d96714a37a759e0e5,499404,e5e0ef02b9c563247c8a910e5b1ae14974cc780d6736a1e4b9dca0a118de7dee,exact_duplicate_review
recovered-moj-1434-v8-p110-34220573,extracted/recovered-moj-judgments-pdf/recovered-moj-1434-v8-p110-34220573.pdf,moj-judgments-1434-volume-8.pdf,archive-sources/moj/1434/moj-judgments-1434-volume-8.pdf,d868ebfe6fc973b4adfc66f247af5f505cca6891fa73560b410c21049cfdcd2b,3518655,110,200,91,981b572e05bb3d01f4969f7d367a88ee8d541226caab2784992865d77a50fc65,778320,7e85305d5c21a452d73605d0b93c2d78a51d1efd2a6e0aab008c07c5cbd41be8,private_manual_review
recovered-moj-1434-v8-p201-33459984,extracted/recovered-moj-judgments-pdf/recovered-moj-1434-v8-p201-33459984.pdf,moj-judgments-1434-volume-8.pdf,archive-sources/moj/1434/moj-judgments-1434-volume-8.pdf,d868ebfe6fc973b4adfc66f247af5f505cca6891fa73560b410c21049cfdcd2b,3518655,201,208,8,8ce42639919d11e383bc128e869a57c574dda563cb4081081b53392ea896cc62,506946,408841ede2385ca14b4671de3d7106a05903165f92ab7a18ee12d6e7c27eec6b,exact_duplicate_review
recovered-moj-1434-v8-p209-34193570,extracted/recovered-moj-judgments-pdf/recovered-moj-1434-v8-p209-34193570.pdf,moj-judgments-1434-volume-8.pdf,archive-sources/moj/1434/moj-judgments-1434-volume-8.pdf,d868ebfe6fc973b4adfc66f247af5f505cca6891fa73560b410c21049cfdcd2b,3518655,209,220,12,4a9808d68efd91849a3613f03d91d8437504415e9b9fa56ab2e39137e13107c8,526320,69cfbb58e6149b8c1d5ebf355eeccc723a7a28331bc95b56cead01abf60591ae,exact_duplicate_review
recovered-moj-1434-v8-p221-34168504,extracted/recovered-moj-judgments-pdf/recovered-moj-1434-v8-p221-34168504.pdf,moj-judgments-1434-volume-8.pdf,archive-sources/moj/1434/moj-judgments-1434-volume-8.pdf,d868ebfe6fc973b4adfc66f247af5f505cca6891fa73560b410c21049cfdcd2b,3518655,221,226,6,cd77ac394c2d29bd46719ce0a8703381c903a4708db44cffa4a654c6904ed841,506039,f6229fbca16c8cdb48a130039fccbe0f343d851712bb5cc839bfe36449a3210c,exact_duplicate_review
recovered-moj-1434-v8-p227-33204853,extracted/recovered-moj-judgments-pdf/recovered-moj-1434-v8-p227-33204853.pdf,moj-judgments-1434-volume-8.pdf,archive-sources/moj/1434/moj-judgments-1434-volume-8.pdf,d868ebfe6fc973b4adfc66f247af5f505cca6891fa73560b410c21049cfdcd2b,3518655,227,240,14,339cde50497482e22052b998009f25acb6c260d539289e9b749ed81acd8f1602,528435,4c3b6a665cdc40a4aa4cf6ec134c62782d840a80e63a8dfdece5766c70511723,exact_duplicate_review
recovered-moj-1434-v8-p241-33408025,extracted/recovered-moj-judgments-pdf/recovered-moj-1434-v8-p241-33408025.pdf,moj-judgments-1434-volume-8.pdf,archive-sources/moj/1434/moj-judgments-1434-volume-8.pdf,d868ebfe6fc973b4adfc66f247af5f505cca6891fa73560b410c21049cfdcd2b,3518655,241,259,19,bb951eefcbe3cedb3c8bb3d41b1c56ae66bcf7eccded22ab6d7e10f12f33ded5,537306,3cd23cbb2451c9ca8f5d34e69ff5585f80f734c561c669ccbbf7d96f05d70276,exact_duplicate_review
recovered-moj-1434-v8-p260-33447677,extracted/recovered-moj-judgments-pdf/recovered-moj-1434-v8-p260-33447677.pdf,moj-judgments-1434-volume-8.pdf,archive-sources/moj/1434/moj-judgments-1434-volume-8.pdf,d868ebfe6fc973b4adfc66f247af5f505cca6891fa73560b410c21049cfdcd2b,3518655,260,271,12,c2b57b87d4e7b71a28b8a617aca3c746a43d7c0a7eb34ff7bdbf0b3e3b8fd276,519490,b3ee6c833636a7a83a2a413ea86dd882464d68eb7ecbc92c2b9b30e45c8d48af,exact_duplicate_review
recovered-moj-1434-v8-p272-33407931,extracted/recovered-moj-judgments-pdf/recovered-moj-1434-v8-p272-33407931.pdf,moj-judgments-1434-volume-8.pdf,archive-sources/moj/1434/moj-judgments-1434-volume-8.pdf,d868ebfe6fc973b4adfc66f247af5f505cca6891fa73560b410c21049cfdcd2b,3518655,272,275,4,7d304a58a74da8ae7f3321fc0312d89f6eb02b219d03febf0bfc475090deed87,497556,27910d7596b231e85a3adf47f9022bf3af12df395b1199826dc1e290cfd92ad5,exact_duplicate_review
recovered-moj-1434-v8-p276-3461567,extracted/recovered-moj-judgments-pdf/recovered-moj-1434-v8-p276-3461567.pdf,moj-judgments-1434-volume-8.pdf,archive-sources/moj/1434/moj-judgments-1434-volume-8.pdf,d868ebfe6fc973b4adfc66f247af5f505cca6891fa73560b410c21049cfdcd2b,3518655,276,288,13,d518e34de175b4b34956e26503f0b39d905ab6bbd007d070d5d0264813978093,531155,1e953a4ba6e465e4c54683548194e48d689d149af819ebf4075dea613b3ed4c3,exact_duplicate_review
recovered-moj-1434-v8-p289-34546,extracted/recovered-moj-judgments-pdf/recovered-moj-1434-v8-p289-34546.pdf,moj-judgments-1434-volume-8.pdf,archive-sources/moj/1434/moj-judgments-1434-volume-8.pdf,d868ebfe6fc973b4adfc66f247af5f505cca6891fa73560b410c21049cfdcd2b,3518655,289,293,5,658f0225b9a5bd83b46e5868f02fa4dd0a36e29604bcfed46a99fffa741c5f8e,490256,0f3b54a45c58ad97905c6732c40ce84fb0fd712750621fe4123fcb8c5a047065,exact_duplicate_review
recovered-moj-1434-v8-p294-34279057,extracted/recovered-moj-judgments-pdf/recovered-moj-1434-v8-p294-34279057.pdf,moj-judgments-1434-volume-8.pdf,archive-sources/moj/1434/moj-judgments-1434-volume-8.pdf,d868ebfe6fc973b4adfc66f247af5f505cca6891fa73560b410c21049cfdcd2b,3518655,294,300,7,25b91d886c86f7d99ff6e6401577ec671e59983d406f551d02156ba4c1d4018d,518548,9be19c28659f3b4e08bb95812f3000364c3e1fbbab83f4fe0c20d61223a7f87f,exact_duplicate_review
recovered-moj-1434-v8-p301-34202987,extracted/recovered-moj-judgments-pdf/recovered-moj-1434-v8-p301-34202987.pdf,moj-judgments-1434-volume-8.pdf,archive-sources/moj/1434/moj-judgments-1434-volume-8.pdf,d868ebfe6fc973b4adfc66f247af5f505cca6891fa73560b410c21049cfdcd2b,3518655,301,304,4,b2f7291ddd22dcbc0eca421b5bfffe4acbe5cefce0cf1793f270a432a7e985af,492111,bf3ebd2d5809f3313edacdcf17967188dbcf51aa8d358479a4f08e028df61aea,exact_duplicate_review
recovered-moj-1434-v8-p305-34194135,extracted/recovered-moj-judgments-pdf/recovered-moj-1434-v8-p305-34194135.pdf,moj-judgments-1434-volume-8.pdf,archive-sources/moj/1434/moj-judgments-1434-volume-8.pdf,d868ebfe6fc973b4adfc66f247af5f505cca6891fa73560b410c21049cfdcd2b,3518655,305,315,11,17d6b6095646e19a7ecfc13bbd6522b62d9cbec84bd8029735e202f4433d7260,512889,7f4b6d3580ad955b5ff9f84aab6ce0b58fd6f713cf25f35010bc18b69ebaac3d,exact_duplicate_review
recovered-moj-1434-v8-p316-34305617,extracted/recovered-moj-judgments-pdf/recovered-moj-1434-v8-p316-34305617.pdf,moj-judgments-1434-volume-8.pdf,archive-sources/moj/1434/moj-judgments-1434-volume-8.pdf,d868ebfe6fc973b4adfc66f247af5f505cca6891fa73560b410c21049cfdcd2b,3518655,316,321,6,867a71298f2a21a2f3e33bf129cd7d2937cd84293ba8e82cf88e0c7d5f6ff553,508460,81799644c80f9266e6c8c79709e0ea57f36c4ac9070abd00243bbaa77cbc9eb1,exact_duplicate_review
recovered-moj-1434-v8-p322-34290714,extracted/recovered-moj-judgments-pdf/recovered-moj-1434-v8-p322-34290714.pdf,moj-judgments-1434-volume-8.pdf,archive-sources/moj/1434/moj-judgments-1434-volume-8.pdf,d868ebfe6fc973b4adfc66f247af5f505cca6891fa73560b410c21049cfdcd2b,3518655,322,329,8,482368451765954f1034202d4eca2e02267b6d1e3b03e57a3f4741d9f3cfa6e8,503252,71573645957e3b1183c839b3927d85d9af87956c553e64e322166a8af7f796f1,exact_duplicate_review
recovered-moj-1434-v8-p330-34291127,extracted/recovered-moj-judgments-pdf/recovered-moj-1434-v8-p330-34291127.pdf,moj-judgments-1434-volume-8.pdf,archive-sources/moj/1434/moj-judgments-1434-volume-8.pdf,d868ebfe6fc973b4adfc66f247af5f505cca6891fa73560b410c21049cfdcd2b,3518655,330,334,5,e282b16d18d20aa309b1fa6b824ecdc50cb8e131766e349513b3cf9c8c75b80d,500544,fcb548304e07b8b755ba26ca813c7343f93ffb4fe4e5f94001ef07202a885335,exact_duplicate_review
recovered-moj-1434-v8-p335-34368555,extracted/recovered-moj-judgments-pdf/recovered-moj-1434-v8-p335-34368555.pdf,moj-judgments-1434-volume-8.pdf,archive-sources/moj/1434/moj-judgments-1434-volume-8.pdf,d868ebfe6fc973b4adfc66f247af5f505cca6891fa73560b410c21049cfdcd2b,3518655,335,342,8,9588405fee63610c086b36851dceff1b73de24ea3dfc453542e96fc416ddca6b,1289992,04e92dc8fc1c8ce9e2d8cbce2c99b74c34e8a6c99cf60fa69961e07855b3dce4,exact_duplicate_review
recovered-moj-1434-v8-p343-3457090,extracted/recovered-moj-judgments-pdf/recovered-moj-1434-v8-p343-3457090.pdf,moj-judgments-1434-volume-8.pdf,archive-sources/moj/1434/moj-judgments-1434-volume-8.pdf,d868ebfe6fc973b4adfc66f247af5f505cca6891fa73560b410c21049cfdcd2b,3518655,343,358,16,b876c031ad15b8da7ffc43573b1ea0e57f48522f235086842b3180938666170d,564078,7a34af6738ac518c791f5a93120926113b353b23cfd3df59e32a02f6c8dc2485,exact_duplicate_review
recovered-moj-1434-v8-p359-3460931,extracted/recovered-moj-judgments-pdf/recovered-moj-1434-v8-p359-3460931.pdf,moj-judgments-1434-volume-8.pdf,archive-sources/moj/1434/moj-judgments-1434-volume-8.pdf,d868ebfe6fc973b4adfc66f247af5f505cca6891fa73560b410c21049cfdcd2b,3518655,359,366,8,3ebdb4749dfc92a304fa4f403d3283ece8f42ef088c50501082a34eb2a415fd5,536294,09e7b62cb5f771297c48c2f423630bfa165d11b1d1954a175097e553cba3c73c,exact_duplicate_review
recovered-moj-1434-v8-p367-34289201,extracted/recovered-moj-judgments-pdf/recovered-moj-1434-v8-p367-34289201.pdf,moj-judgments-1434-volume-8.pdf,archive-sources/moj/1434/moj-judgments-1434-volume-8.pdf,d868ebfe6fc973b4adfc66f247af5f505cca6891fa73560b410c21049cfdcd2b,3518655,367,377,11,0aee7666ee44c96e6b795dda957bddb828e4a424f38c2951ed11b7d9c43e760b,538710,f911b2df7b41397667c543317a5e4e006dd191f1c6713f88c57c8559d39d1da8,exact_duplicate_review
recovered-moj-1434-v8-p378-34232609,extracted/recovered-moj-judgments-pdf/recovered-moj-1434-v8-p378-34232609.pdf,moj-judgments-1434-volume-8.pdf,archive-sources/moj/1434/moj-judgments-1434-volume-8.pdf,d868ebfe6fc973b4adfc66f247af5f505cca6891fa73560b410c21049cfdcd2b,3518655,378,386,9,b374a062b01117554d09d3711ae6700e3c99f0b2727c3c23bdc71c172e988607,876112,7ba1398e0488dce3cab058e41e47bf36a22916ce1627dcfd05bc2e22b22d07c7,exact_duplicate_review
recovered-moj-1434-v9-p5-33439487,extracted/recovered-moj-judgments-pdf/recovered-moj-1434-v9-p5-33439487.pdf,moj-judgments-1434-volume-9.pdf,archive-sources/moj/1434/moj-judgments-1434-volume-9.pdf,a509db3eac4c6e5043bd1e587775ecc12c01e281056b276cdd6bca3275c8a9c1,3696508,5,29,25,094a82e91feaad1579ac8f65014851d470aa00c3907d195550af8609bf9e2693,546268,e5171fc6b0846aeca8a2bbd085a94a6f776e35f6a9bbf7fcea10a0090de2623c,private_manual_review
recovered-moj-1434-v9-p30-3418295,extracted/recovered-moj-judgments-pdf/recovered-moj-1434-v9-p30-3418295.pdf,moj-judgments-1434-volume-9.pdf,archive-sources/moj/1434/moj-judgments-1434-volume-9.pdf,a509db3eac4c6e5043bd1e587775ecc12c01e281056b276cdd6bca3275c8a9c1,3696508,30,56,27,dc8012111bab25497908563ed59e47059a366ddee398d0084e31e4e5c57e3508,561150,c3e7c76e50feee7dea5a4e15f5e49d83da0f4ca0ac21f1ecf97910ea87c252ca,exact_duplicate_review
recovered-moj-1434-v9-p57-32297345,extracted/recovered-moj-judgments-pdf/recovered-moj-1434-v9-p57-32297345.pdf,moj-judgments-1434-volume-9.pdf,archive-sources/moj/1434/moj-judgments-1434-volume-9.pdf,a509db3eac4c6e5043bd1e587775ecc12c01e281056b276cdd6bca3275c8a9c1,3696508,57,68,12,49dc549447885d5fbcc96fcf4182fe4ec3f3ec1ba4ecf776e541476c8073902f,526380,e5e1ecf69903f4b4a73fc934e946e01943a3251a2a837a234571a505a5f7f2d8,exact_duplicate_review
recovered-moj-1434-v9-p69-3449861,extracted/recovered-moj-judgments-pdf/recovered-moj-1434-v9-p69-3449861.pdf,moj-judgments-1434-volume-9.pdf,archive-sources/moj/1434/moj-judgments-1434-volume-9.pdf,a509db3eac4c6e5043bd1e587775ecc12c01e281056b276cdd6bca3275c8a9c1,3696508,69,77,9,16f7583fbbc240c2f2f3737205f83e215a20094241b06bac091e908f94822507,498707,14d7be295ed4f4224031b3b9d5f55aad7ecd3f7e4010daa1b2c8ffe83da0f3a2,exact_duplicate_review
recovered-moj-1434-v9-p78-34311046,extracted/recovered-moj-judgments-pdf/recovered-moj-1434-v9-p78-34311046.pdf,moj-judgments-1434-volume-9.pdf,archive-sources/moj/1434/moj-judgments-1434-volume-9.pdf,a509db3eac4c6e5043bd1e587775ecc12c01e281056b276cdd6bca3275c8a9c1,3696508,78,83,6,13ecbb7fbff50e50897ed3dd086cb33cae5499e7ba4ffd479902dd61337fccd7,504165,e2a8a944c5bc8a139088a2513fa47d9c1f85bf28c0925cd1bd47083e69eafab7,exact_duplicate_review
recovered-moj-1434-v9-p84-68050219,extracted/recovered-moj-judgments-pdf/recovered-moj-1434-v9-p84-68050219.pdf,moj-judgments-1434-volume-9.pdf,archive-sources/moj/1434/moj-judgments-1434-volume-9.pdf,a509db3eac4c6e5043bd1e587775ecc12c01e281056b276cdd6bca3275c8a9c1,3696508,84,234,151,1728dcd38dfe4f0964e5d907b13087ceb84867edeea71ed6160d84d78ccd71a5,1766043,a3bb0a1653cd2b85a4f442ef651a9b0cb111ace92a76545fa99d93842a30975e,private_manual_review
recovered-moj-1434-v9-p235-34146939,extracted/recovered-moj-judgments-pdf/recovered-moj-1434-v9-p235-34146939.pdf,moj-judgments-1434-volume-9.pdf,archive-sources/moj/1434/moj-judgments-1434-volume-9.pdf,a509db3eac4c6e5043bd1e587775ecc12c01e281056b276cdd6bca3275c8a9c1,3696508,235,244,10,037fe479968cf708dff44cf0c6b0a48aa80c9628202bff1cfede16c6c8abafe5,513922,1cf186d99a15cd173089cd9166f5b4b162917e69c973eb22932b702ad304fe96,exact_duplicate_review
recovered-moj-1434-v9-p245-34189207,extracted/recovered-moj-judgments-pdf/recovered-moj-1434-v9-p245-34189207.pdf,moj-judgments-1434-volume-9.pdf,archive-sources/moj/1434/moj-judgments-1434-volume-9.pdf,a509db3eac4c6e5043bd1e587775ecc12c01e281056b276cdd6bca3275c8a9c1,3696508,245,251,7,b3c6be89a80779ea0ca9ecb22dfe321ccb4495f01838015ddc3a9555b5dc336d,493683,fc230a500251e6c3a2cecb5cd11d380d2390ff781dc2d3c95dbac7308480bb5f,exact_duplicate_review
recovered-moj-1434-v9-p252-3431443,extracted/recovered-moj-judgments-pdf/recovered-moj-1434-v9-p252-3431443.pdf,moj-judgments-1434-volume-9.pdf,archive-sources/moj/1434/moj-judgments-1434-volume-9.pdf,a509db3eac4c6e5043bd1e587775ecc12c01e281056b276cdd6bca3275c8a9c1,3696508,252,259,8,98432fa0e5f0afcc6ebd060715d9be71c7abc854b57b9825c1423680e27f40d2,497350,87174d0ad1b09ceb79c7d3aef004f76dfefdabf3d893556cb58638d85e0c0833,exact_duplicate_review
recovered-moj-1434-v9-p260-3458940,extracted/recovered-moj-judgments-pdf/recovered-moj-1434-v9-p260-3458940.pdf,moj-judgments-1434-volume-9.pdf,archive-sources/moj/1434/moj-judgments-1434-volume-9.pdf,a509db3eac4c6e5043bd1e587775ecc12c01e281056b276cdd6bca3275c8a9c1,3696508,260,264,5,d2c0306d0400cd2933a7a1215ea4c69a151657ad59bdbe75b192a886c7f6f92b,532585,e6a3a624830ce78872e47f42a20bdf64481aee65ba74fe9ec3a65fc49e4a9082,exact_duplicate_review
recovered-moj-1434-v9-p265-34198975,extracted/recovered-moj-judgments-pdf/recovered-moj-1434-v9-p265-34198975.pdf,moj-judgments-1434-volume-9.pdf,archive-sources/moj/1434/moj-judgments-1434-volume-9.pdf,a509db3eac4c6e5043bd1e587775ecc12c01e281056b276cdd6bca3275c8a9c1,3696508,265,272,8,e214a77eeb6071d5636f1013fc04649746f0f3a4340c9fc4a6e03a2687e6b741,504901,a753cde1e72e155268bc576edce0280827a0bf51fa0cf6b47429dc1ea7d43e30,exact_duplicate_review
recovered-moj-1434-v9-p273-34260389,extracted/recovered-moj-judgments-pdf/recovered-moj-1434-v9-p273-34260389.pdf,moj-judgments-1434-volume-9.pdf,archive-sources/moj/1434/moj-judgments-1434-volume-9.pdf,a509db3eac4c6e5043bd1e587775ecc12c01e281056b276cdd6bca3275c8a9c1,3696508,273,278,6,c5f4edd53b522b59ef2f536e85d34025e0299b752219d840bb85b495a1373fbc,496572,3642da4235a97c52f85a065a60311429c571faaa5d36ad18b5449d2ea7758dc1,exact_duplicate_review
recovered-moj-1434-v9-p279-34259015,extracted/recovered-moj-judgments-pdf/recovered-moj-1434-v9-p279-34259015.pdf,moj-judgments-1434-volume-9.pdf,archive-sources/moj/1434/moj-judgments-1434-volume-9.pdf,a509db3eac4c6e5043bd1e587775ecc12c01e281056b276cdd6bca3275c8a9c1,3696508,279,284,6,99ee4cd11a56cb903023f4b260ea861d3479c0c8f5c88db8e89071774f5122c7,489151,9c9e5b7c9a71c1f08253dffef025f600932a96e81f2c99979668d6eadbb926bc,exact_duplicate_review
recovered-moj-1434-v9-p285-34265813,extracted/recovered-moj-judgments-pdf/recovered-moj-1434-v9-p285-34265813.pdf,moj-judgments-1434-volume-9.pdf,archive-sources/moj/1434/moj-judgments-1434-volume-9.pdf,a509db3eac4c6e5043bd1e587775ecc12c01e281056b276cdd6bca3275c8a9c1,3696508,285,294,10,cde150b4cd4e81891d42366839316a3ed7d7584d01dbadde39822d2e131f3f6c,1232322,b922fe4de5f721c91a39d6276cc4ab3b93bd275ba4536ba806089d49f40e6f8c,exact_duplicate_review
recovered-moj-1434-v9-p295-33358233,extracted/recovered-moj-judgments-pdf/recovered-moj-1434-v9-p295-33358233.pdf,moj-judgments-1434-volume-9.pdf,archive-sources/moj/1434/moj-judgments-1434-volume-9.pdf,a509db3eac4c6e5043bd1e587775ecc12c01e281056b276cdd6bca3275c8a9c1,3696508,295,298,4,ad964be4be64524137cc4324350821427c35cd3a1e9ae1b694eca1ba7e7662fc,489366,b31a16c22239eab4b03db412dd385e38e8b2a906b8cfc67b5903b218d83509ad,exact_duplicate_review
recovered-moj-1434-v9-p299-3448838,extracted/recovered-moj-judgments-pdf/recovered-moj-1434-v9-p299-3448838.pdf,moj-judgments-1434-volume-9.pdf,archive-sources/moj/1434/moj-judgments-1434-volume-9.pdf,a509db3eac4c6e5043bd1e587775ecc12c01e281056b276cdd6bca3275c8a9c1,3696508,299,338,40,c97a64cf6e2095a0a7126c2d5d70763a8ddb9bb71f3003a2c2259351c5683d63,609377,2ce82bf33196cd4236e6cd802c9f0c0da0709dbfc105de1c39ab6d4040e93fc0,private_manual_review
recovered-moj-1434-v9-p339-33334176,extracted/recovered-moj-judgments-pdf/recovered-moj-1434-v9-p339-33334176.pdf,moj-judgments-1434-volume-9.pdf,archive-sources/moj/1434/moj-judgments-1434-volume-9.pdf,a509db3eac4c6e5043bd1e587775ecc12c01e281056b276cdd6bca3275c8a9c1,3696508,339,364,26,5f6482f46707ed912a5f5d760987d0f62e1df8be686a1b4c04c4a34a4dd475d1,562598,b4b834e6d2281774e96f9d2a514f22295c129df9e62df11cd6dd878e303555b5,exact_duplicate_review
recovered-moj-1434-v9-p365-33363338,extracted/recovered-moj-judgments-pdf/recovered-moj-1434-v9-p365-33363338.pdf,moj-judgments-1434-volume-9.pdf,archive-sources/moj/1434/moj-judgments-1434-volume-9.pdf,a509db3eac4c6e5043bd1e587775ecc12c01e281056b276cdd6bca3275c8a9c1,3696508,365,373,9,02ca3a50866639528e788d5f0082a866ce0dbfd23c340bb67da6d29fb5b11f2a,497153,0391eccb09464347bc3592593ba81457f787157eef963e8860bc36805161f7f5,exact_duplicate_review
recovered-moj-1434-v9-p374-33411128,extracted/recovered-moj-judgments-pdf/recovered-moj-1434-v9-p374-33411128.pdf,moj-judgments-1434-volume-9.pdf,archive-sources/moj/1434/moj-judgments-1434-volume-9.pdf,a509db3eac4c6e5043bd1e587775ecc12c01e281056b276cdd6bca3275c8a9c1,3696508,374,389,16,d8c12609206a8c86413a4d9c72ca6925bd0a2fb9415174106e798813251a4467,531335,19008c0455106d61724ec42b61f12f2501ef5e26cc8793f822ac12ce5f6e4a66,exact_duplicate_review
recovered-moj-1434-v9-p390-33439471,extracted/recovered-moj-judgments-pdf/recovered-moj-1434-v9-p390-33439471.pdf,moj-judgments-1434-volume-9.pdf,archive-sources/moj/1434/moj-judgments-1434-volume-9.pdf,a509db3eac4c6e5043bd1e587775ecc12c01e281056b276cdd6bca3275c8a9c1,3696508,390,397,8,c4be1cd28015fb16794fe5a3cc90ba3195087c7f93ca21d54e68bc58fa9eed3e,505905,474bcb0287d423cc8e8824bd7cbaf3bfb1c802811ac7288e7c6c6d0446e0ef07,exact_duplicate_review
recovered-moj-1434-v9-p398-33461017,extracted/recovered-moj-judgments-pdf/recovered-moj-1434-v9-p398-33461017.pdf,moj-judgments-1434-volume-9.pdf,archive-sources/moj/1434/moj-judgments-1434-volume-9.pdf,a509db3eac4c6e5043bd1e587775ecc12c01e281056b276cdd6bca3275c8a9c1,3696508,398,407,10,d7c8b426529ea2a7925f6657ccb0e5ee299c111a612b13aefeb1c86f58a2e83f,513780,1e533d1730a2de32381df8da692f2e19f5910489b1da5a99610151bab6fa9bfb,exact_duplicate_review
recovered-moj-1434-v9-p408-34207864,extracted/recovered-moj-judgments-pdf/recovered-moj-1434-v9-p408-34207864.pdf,moj-judgments-1434-volume-9.pdf,archive-sources/moj/1434/moj-judgments-1434-volume-9.pdf,a509db3eac4c6e5043bd1e587775ecc12c01e281056b276cdd6bca3275c8a9c1,3696508,408,419,12,8658fa8135959093a10bd0c75bd8c364916030e7a3c555f8ae6a03f3fcd70b2c,524010,c65cfbad8babdf0b252406b1198e0fc6bdd487b6554838dee9e8489bd814ee41,exact_duplicate_review
recovered-moj-1434-v9-p420-34225205,extracted/recovered-moj-judgments-pdf/recovered-moj-1434-v9-p420-34225205.pdf,moj-judgments-1434-volume-9.pdf,archive-sources/moj/1434/moj-judgments-1434-volume-9.pdf,a509db3eac4c6e5043bd1e587775ecc12c01e281056b276cdd6bca3275c8a9c1,3696508,420,426,7,cc68e81ef6dc025ec47441131996ed8d4e1b0784850df02a885fcf20bd221960,516460,5f838940f2ed444af19ec75c77e2d0792265a31018de6c5032264142bd24114c,exact_duplicate_review
recovered-moj-1434-v9-p427-34324097,extracted/recovered-moj-judgments-pdf/recovered-moj-1434-v9-p427-34324097.pdf,moj-judgments-1434-volume-9.pdf,archive-sources/moj/1434/moj-judgments-1434-volume-9.pdf,a509db3eac4c6e5043bd1e587775ecc12c01e281056b276cdd6bca3275c8a9c1,3696508,427,433,7,9f2812138acb9242f45e78ca9cc8486baaece3b40bcafeea2972a4467f3a7db5,829371,9f1c0f63483e1b6a8c31239b768f5e294eda0a3a888b62f3ed29e62905d54ea6,exact_duplicate_review
recovered-moj-1434-v10-p5-344087,extracted/recovered-moj-judgments-pdf/recovered-moj-1434-v10-p5-344087.pdf,moj-judgments-1434-volume-10.pdf,archive-sources/moj/1434/moj-judgments-1434-volume-10.pdf,17172099759e4ae4a6305358e6d4d5bbec12444976069e1628e22ecb672ea010,3781511,5,14,10,75df77751841e810b43f2a4bbc1532d589f977daaf5de785e3a01f941cebf13a,509558,aadf9a37502ca26412259131a0ad6f08b5598c8c4d3ed2add622a34df31da055,exact_duplicate_review
recovered-moj-1434-v10-p15-3418933,extracted/recovered-moj-judgments-pdf/recovered-moj-1434-v10-p15-3418933.pdf,moj-judgments-1434-volume-10.pdf,archive-sources/moj/1434/moj-judgments-1434-volume-10.pdf,17172099759e4ae4a6305358e6d4d5bbec12444976069e1628e22ecb672ea010,3781511,15,20,6,5ae616454720e9972c2679db0861b5217c4687f8118dc4a52c96a384cf8c5880,500504,eaac51f108b9c93eb50e54cd9110ff88863e1cb356836b4db0cc6332f382d4e6,exact_duplicate_review
recovered-moj-1434-v10-p21-3422357,extracted/recovered-moj-judgments-pdf/recovered-moj-1434-v10-p21-3422357.pdf,moj-judgments-1434-volume-10.pdf,archive-sources/moj/1434/moj-judgments-1434-volume-10.pdf,17172099759e4ae4a6305358e6d4d5bbec12444976069e1628e22ecb672ea010,3781511,21,24,4,91d3fac5a4af735f2bff959145f1bc3f0cf389f5293a0120015d9b27373624cd,490038,1d36486e16f652a562dd51c6c8a25e419b0a36c326a283b21449cc97d343dbcf,exact_duplicate_review
recovered-moj-1434-v10-p25-33480821,extracted/recovered-moj-judgments-pdf/recovered-moj-1434-v10-p25-33480821.pdf,moj-judgments-1434-volume-10.pdf,archive-sources/moj/1434/moj-judgments-1434-volume-10.pdf,17172099759e4ae4a6305358e6d4d5bbec12444976069e1628e22ecb672ea010,3781511,25,32,8,5e6a0b6dc6615eb4d55fddfc6da3756acd7dbcd3e8cf2069ac22d9c602b3fa76,507926,1bb0b7c84ba5bbd1e89341f1e4a76e52e95021b43cdc9bc58c9e375594b6ecf4,exact_duplicate_review
recovered-moj-1434-v10-p33-33415596,extracted/recovered-moj-judgments-pdf/recovered-moj-1434-v10-p33-33415596.pdf,moj-judgments-1434-volume-10.pdf,archive-sources/moj/1434/moj-judgments-1434-volume-10.pdf,17172099759e4ae4a6305358e6d4d5bbec12444976069e1628e22ecb672ea010,3781511,33,39,7,146cd552ac67fd504b3d383059fbc9153b188afd79ccb9815977ebe9ec1cee81,501572,0215e5848a2f7f650053b6f22e79e58f9332204015b6bb987ea1a2fb1c76fe6c,exact_duplicate_review
recovered-moj-1434-v10-p40-33357527,extracted/recovered-moj-judgments-pdf/recovered-moj-1434-v10-p40-33357527.pdf,moj-judgments-1434-volume-10.pdf,archive-sources/moj/1434/moj-judgments-1434-volume-10.pdf,17172099759e4ae4a6305358e6d4d5bbec12444976069e1628e22ecb672ea010,3781511,40,44,5,f559811405d04474c78d994591060dc4c70ba92db7b028f58e6a9aefb54df8df,509553,7a2196fb4cf2cc2317f1c874ec61019379f55b4e5511eab78ba5dee3d93a64d3,exact_duplicate_review
recovered-moj-1434-v10-p45-33366840,extracted/recovered-moj-judgments-pdf/recovered-moj-1434-v10-p45-33366840.pdf,moj-judgments-1434-volume-10.pdf,archive-sources/moj/1434/moj-judgments-1434-volume-10.pdf,17172099759e4ae4a6305358e6d4d5bbec12444976069e1628e22ecb672ea010,3781511,45,52,8,7398084bc90047b4229c61e451f3f9758a841973853bc709a4c81f7c9ee4b4f2,507495,8616555a1ddb85eda4c59de6adb8bd4fd4f61dd7a8b77c6f830fff1e9aaabce0,exact_duplicate_review
recovered-moj-1434-v10-p53-33448197,extracted/recovered-moj-judgments-pdf/recovered-moj-1434-v10-p53-33448197.pdf,moj-judgments-1434-volume-10.pdf,archive-sources/moj/1434/moj-judgments-1434-volume-10.pdf,17172099759e4ae4a6305358e6d4d5bbec12444976069e1628e22ecb672ea010,3781511,53,60,8,98d6564831359f265a7c02ed89de4b6896f550b2a821bbc83b8d51218b1eedb8,503475,3f0ff461baaa35fad089d11dfd4e0252718f712a1917be6b474d201872976f25,exact_duplicate_review
recovered-moj-1434-v10-p61-33480601,extracted/recovered-moj-judgments-pdf/recovered-moj-1434-v10-p61-33480601.pdf,moj-judgments-1434-volume-10.pdf,archive-sources/moj/1434/moj-judgments-1434-volume-10.pdf,17172099759e4ae4a6305358e6d4d5bbec12444976069e1628e22ecb672ea010,3781511,61,69,9,c1a3acc8f07c7ff60a5d673f2f2bba9cdf16c9c37df903a05059e50a069c9d81,507722,06787e22dd2f877fcb558a6404605fb2170e45ec88dd8a4af6e3d74ae3c147a2,exact_duplicate_review
recovered-moj-1434-v10-p70-34178783,extracted/recovered-moj-judgments-pdf/recovered-moj-1434-v10-p70-34178783.pdf,moj-judgments-1434-volume-10.pdf,archive-sources/moj/1434/moj-judgments-1434-volume-10.pdf,17172099759e4ae4a6305358e6d4d5bbec12444976069e1628e22ecb672ea010,3781511,70,73,4,45ec4b613680e27da7d57fd86fbf4f17535116106b7757bd63ee68b22c38f3e5,494830,b9c66ccb96f6acc94519b4601d3c073156bee84c0b86fab634159f91d7be7285,exact_duplicate_review
recovered-moj-1434-v10-p74-34219920,extracted/recovered-moj-judgments-pdf/recovered-moj-1434-v10-p74-34219920.pdf,moj-judgments-1434-volume-10.pdf,archive-sources/moj/1434/moj-judgments-1434-volume-10.pdf,17172099759e4ae4a6305358e6d4d5bbec12444976069e1628e22ecb672ea010,3781511,74,79,6,cf9fec56e6bd59a5b65c6ba758fc8feb9bc6568748c446ab9d571a9d0f1780f9,499909,2ec91f589724377a9a6a167061d3545e51bca627d1a76a693fe95f5b587c2390,exact_duplicate_review
recovered-moj-1434-v10-p80-34278439,extracted/recovered-moj-judgments-pdf/recovered-moj-1434-v10-p80-34278439.pdf,moj-judgments-1434-volume-10.pdf,archive-sources/moj/1434/moj-judgments-1434-volume-10.pdf,17172099759e4ae4a6305358e6d4d5bbec12444976069e1628e22ecb672ea010,3781511,80,84,5,e6370ca96b00b9165c90ff3e56239fc2019b054a08a9c7ce95c220a4f0fe6830,505300,ecc83a8a5e7ca17d7c79fbf6dc2e160c4fa5376540ebc82db76f69455d301311,exact_duplicate_review
recovered-moj-1434-v10-p85-34338542,extracted/recovered-moj-judgments-pdf/recovered-moj-1434-v10-p85-34338542.pdf,moj-judgments-1434-volume-10.pdf,archive-sources/moj/1434/moj-judgments-1434-volume-10.pdf,17172099759e4ae4a6305358e6d4d5bbec12444976069e1628e22ecb672ea010,3781511,85,92,8,ff1eaae3537e6563b9d06149dcf2efbb93a6d12c1d016187550f04b2b7583777,1266820,d12fc91164a46713bba7423538733ca4024721b74a451da56544aaed701bed1a,exact_duplicate_review
recovered-moj-1434-v10-p93-3438447,extracted/recovered-moj-judgments-pdf/recovered-moj-1434-v10-p93-3438447.pdf,moj-judgments-1434-volume-10.pdf,archive-sources/moj/1434/moj-judgments-1434-volume-10.pdf,17172099759e4ae4a6305358e6d4d5bbec12444976069e1628e22ecb672ea010,3781511,93,102,10,b6c052a3ae2afcd8f9c49a25ca9bd8d12a5f94d6828bc9b366c215d1e4ec7fc3,511573,c8e81d511f5c3d8faa92be8aa889f87246908e3757ba415b4ce28b46c5a09427,exact_duplicate_review
recovered-moj-1434-v10-p103-33450534,extracted/recovered-moj-judgments-pdf/recovered-moj-1434-v10-p103-33450534.pdf,moj-judgments-1434-volume-10.pdf,archive-sources/moj/1434/moj-judgments-1434-volume-10.pdf,17172099759e4ae4a6305358e6d4d5bbec12444976069e1628e22ecb672ea010,3781511,103,112,10,2baea0249f1b6bf96d0bebe6e8879542cd0783ef8ea804b338891fdc68b20413,516429,2f2c7bf87a24ac15603ede9d62d88390d3a2bf1b820804bbe6e22fdd7f84ffb2,exact_duplicate_review
recovered-moj-1434-v10-p113-33422612,extracted/recovered-moj-judgments-pdf/recovered-moj-1434-v10-p113-33422612.pdf,moj-judgments-1434-volume-10.pdf,archive-sources/moj/1434/moj-judgments-1434-volume-10.pdf,17172099759e4ae4a6305358e6d4d5bbec12444976069e1628e22ecb672ea010,3781511,113,120,8,b1d25110f40be433ed8dc401d2d83f60ac015942af99027ab6b05583810dc988,514145,9cfd7c203692198e81ac35bbc31c002494e130d7772cc57a702478a3201746e0,exact_duplicate_review
recovered-moj-1434-v10-p121-34291518,extracted/recovered-moj-judgments-pdf/recovered-moj-1434-v10-p121-34291518.pdf,moj-judgments-1434-volume-10.pdf,archive-sources/moj/1434/moj-judgments-1434-volume-10.pdf,17172099759e4ae4a6305358e6d4d5bbec12444976069e1628e22ecb672ea010,3781511,121,129,9,9c166f011304459c1f0c8f49cd6e824b6bf249ce9dd467393fd6a01005f49712,505461,40eb4c2595fda0144e87e9208bdff4ce53edf002542f14bbe43efd1945a534f7,exact_duplicate_review
recovered-moj-1434-v10-p130-33333676,extracted/recovered-moj-judgments-pdf/recovered-moj-1434-v10-p130-33333676.pdf,moj-judgments-1434-volume-10.pdf,archive-sources/moj/1434/moj-judgments-1434-volume-10.pdf,17172099759e4ae4a6305358e6d4d5bbec12444976069e1628e22ecb672ea010,3781511,130,139,10,0276345c37c4f9151ab58f21718b7a7bde4611fcf2025638982ac28ef92c55dd,509129,c8e6bf9f01a60b3515bd09231300c676b8f3440115a4fac6a7802d80fc265005,exact_duplicate_review
recovered-moj-1434-v10-p140-3426340,extracted/recovered-moj-judgments-pdf/recovered-moj-1434-v10-p140-3426340.pdf,moj-judgments-1434-volume-10.pdf,archive-sources/moj/1434/moj-judgments-1434-volume-10.pdf,17172099759e4ae4a6305358e6d4d5bbec12444976069e1628e22ecb672ea010,3781511,140,147,8,c9195b97e4002fd53b3dda1cb013d050c95ab655253141249e3737f3a7039b9f,511163,46910b5e1f6ee4de53c18cbdf98fbf379abc5f2842fc5f63b3fd98f2c3633eb1,exact_duplicate_review
recovered-moj-1434-v10-p148-3460936,extracted/recovered-moj-judgments-pdf/recovered-moj-1434-v10-p148-3460936.pdf,moj-judgments-1434-volume-10.pdf,archive-sources/moj/1434/moj-judgments-1434-volume-10.pdf,17172099759e4ae4a6305358e6d4d5bbec12444976069e1628e22ecb672ea010,3781511,148,157,10,3e0c6f778ceac84c0effca2a2c455b7fa9b3835b0867adfa059903638dc2918d,516529,0a7d880631779c537fa345e3656f9255ad47987a7d689da9da7aa08f3ba38f83,exact_duplicate_review
recovered-moj-1434-v10-p158-34194085,extracted/recovered-moj-judgments-pdf/recovered-moj-1434-v10-p158-34194085.pdf,moj-judgments-1434-volume-10.pdf,archive-sources/moj/1434/moj-judgments-1434-volume-10.pdf,17172099759e4ae4a6305358e6d4d5bbec12444976069e1628e22ecb672ea010,3781511,158,166,9,ed367f35bd56c3e566c38662df469980f00c07ca9c21c3c702aa8ff9e3570542,1271428,8dcf7d229e061ade54b46428b10dc2b05b9c16d700fe821f5281c63304e28e78,exact_duplicate_review
recovered-moj-1434-v10-p167-33165950,extracted/recovered-moj-judgments-pdf/recovered-moj-1434-v10-p167-33165950.pdf,moj-judgments-1434-volume-10.pdf,archive-sources/moj/1434/moj-judgments-1434-volume-10.pdf,17172099759e4ae4a6305358e6d4d5bbec12444976069e1628e22ecb672ea010,3781511,167,174,8,9b12c485154f5903a61a08f236f04de002fbeb6fba369e9322c2d2a8a89f2267,514734,52fef3868df254c967d0019334dabac21e5443ba290f88624dad8c1a8df1bc57,exact_duplicate_review
recovered-moj-1434-v10-p175-33389019,extracted/recovered-moj-judgments-pdf/recovered-moj-1434-v10-p175-33389019.pdf,moj-judgments-1434-volume-10.pdf,archive-sources/moj/1434/moj-judgments-1434-volume-10.pdf,17172099759e4ae4a6305358e6d4d5bbec12444976069e1628e22ecb672ea010,3781511,175,185,11,5631443f12f757233dc14d3f9a5bc3d62c6952c217ec47b1d2eaeb6104eb948e,513105,270a03ca7cf32673ecda58567ab07e445dde789263b24e87a8108661056df527,exact_duplicate_review
recovered-moj-1434-v10-p186-34206957,extracted/recovered-moj-judgments-pdf/recovered-moj-1434-v10-p186-34206957.pdf,moj-judgments-1434-volume-10.pdf,archive-sources/moj/1434/moj-judgments-1434-volume-10.pdf,17172099759e4ae4a6305358e6d4d5bbec12444976069e1628e22ecb672ea010,3781511,186,191,6,6ef2c042f2c92b89a8ba5adb503f1963a879156ed50b7d7f4b955050f601b006,506836,4ebfa0af6cc0297d03ff27265e2ab3264c39dff4fd6c6059e6ed2990a604955e,exact_duplicate_review
recovered-moj-1434-v10-p192-33319506,extracted/recovered-moj-judgments-pdf/recovered-moj-1434-v10-p192-33319506.pdf,moj-judgments-1434-volume-10.pdf,archive-sources/moj/1434/moj-judgments-1434-volume-10.pdf,17172099759e4ae4a6305358e6d4d5bbec12444976069e1628e22ecb672ea010,3781511,192,203,12,4a5a91291e09862e73ffde82de47397ac5f11123d0371fc359bdc3fb7e2f755f,510709,f82ee07e8ea9b50c49ead2f838d96e74d06df4455d03abdb9d85c7eecc329215,exact_duplicate_review
recovered-moj-1434-v10-p204-34177797,extracted/recovered-moj-judgments-pdf/recovered-moj-1434-v10-p204-34177797.pdf,moj-judgments-1434-volume-10.pdf,archive-sources/moj/1434/moj-judgments-1434-volume-10.pdf,17172099759e4ae4a6305358e6d4d5bbec12444976069e1628e22ecb672ea010,3781511,204,211,8,00ae8517acb1f8bf9c5a0457a1e3c748a4b831a2b17affd9bde379a0bf99bd31,508124,d9b4761c0ddd37a8c2f70d7644141f2d2b11ec35f42237ceffdfafcb7dea6028,exact_duplicate_review
recovered-moj-1434-v10-p212-34260752,extracted/recovered-moj-judgments-pdf/recovered-moj-1434-v10-p212-34260752.pdf,moj-judgments-1434-volume-10.pdf,archive-sources/moj/1434/moj-judgments-1434-volume-10.pdf,17172099759e4ae4a6305358e6d4d5bbec12444976069e1628e22ecb672ea010,3781511,212,218,7,9bb5480c386e842176568a6df4f8169fd1a7a4e7cca54358ab907f68deb35037,516173,4223d9021891309afc960779e25fd49212fac7d1b90e4929e21075e896c31488,exact_duplicate_review
recovered-moj-1434-v10-p219-34255305,extracted/recovered-moj-judgments-pdf/recovered-moj-1434-v10-p219-34255305.pdf,moj-judgments-1434-volume-10.pdf,archive-sources/moj/1434/moj-judgments-1434-volume-10.pdf,17172099759e4ae4a6305358e6d4d5bbec12444976069e1628e22ecb672ea010,3781511,219,223,5,e84bf74eaed6ab02df316f5a1df26d23813de50e50e0393f62619f895af20b78,488881,583b0629d678d8299dfa52b2bb44a6ff63a3509d4359b2a7a3ba6a56d5d7833b,exact_duplicate_review
recovered-moj-1434-v10-p224-33245589,extracted/recovered-moj-judgments-pdf/recovered-moj-1434-v10-p224-33245589.pdf,moj-judgments-1434-volume-10.pdf,archive-sources/moj/1434/moj-judgments-1434-volume-10.pdf,17172099759e4ae4a6305358e6d4d5bbec12444976069e1628e22ecb672ea010,3781511,224,232,9,87f7ce8ff0c0a269c538082815935dc22e33b32bbb7c17a91552fe38f336f3f4,508289,2dc4b84551dbba9a699749d7b7c4b56027909e916f79d4d65495d767507e6a42,exact_duplicate_review
recovered-moj-1434-v10-p233-3441536,extracted/recovered-moj-judgments-pdf/recovered-moj-1434-v10-p233-3441536.pdf,moj-judgments-1434-volume-10.pdf,archive-sources/moj/1434/moj-judgments-1434-volume-10.pdf,17172099759e4ae4a6305358e6d4d5bbec12444976069e1628e22ecb672ea010,3781511,233,240,8,7397b683e46b0bebc9aaa0dad6c4ffef21984472174c4710f13efe2654bb014a,502294,dfa43ccbb0a91db9c48ae2f2299229d4422076988c4b0f528414e292931c1a65,exact_duplicate_review
recovered-moj-1434-v10-p241-33108865,extracted/recovered-moj-judgments-pdf/recovered-moj-1434-v10-p241-33108865.pdf,moj-judgments-1434-volume-10.pdf,archive-sources/moj/1434/moj-judgments-1434-volume-10.pdf,17172099759e4ae4a6305358e6d4d5bbec12444976069e1628e22ecb672ea010,3781511,241,250,10,52d29b764532822ca84061fb67e207da09192df6aac4fe769599d2b0ddd18bdb,509714,56c7f3b7df755b2bdec5965bfe6155041ee06a40e9bd35eee35905522a62eeb1,exact_duplicate_review
recovered-moj-1434-v10-p251-33370559,extracted/recovered-moj-judgments-pdf/recovered-moj-1434-v10-p251-33370559.pdf,moj-judgments-1434-volume-10.pdf,archive-sources/moj/1434/moj-judgments-1434-volume-10.pdf,17172099759e4ae4a6305358e6d4d5bbec12444976069e1628e22ecb672ea010,3781511,251,263,13,cf7788d1fe3fbad232be57b5f00fb9e05ee4c6e6a027979bbe6322469e14cfb0,512643,ec0e759e54a7f8c79ec32b32a2786cec1a3560b1386a0b31c5792657349e0415,exact_duplicate_review
recovered-moj-1434-v10-p264-33412454,extracted/recovered-moj-judgments-pdf/recovered-moj-1434-v10-p264-33412454.pdf,moj-judgments-1434-volume-10.pdf,archive-sources/moj/1434/moj-judgments-1434-volume-10.pdf,17172099759e4ae4a6305358e6d4d5bbec12444976069e1628e22ecb672ea010,3781511,264,270,7,9deef37212b10d067e20d995bba07388e94c71f898f22af40a67fee0349237d9,501887,a2ef52ba3b8fffae21841e705ce6f10f4fd05d6cf62fe5ec445120240db4c4eb,exact_duplicate_review
recovered-moj-1434-v10-p271-33396666,extracted/recovered-moj-judgments-pdf/recovered-moj-1434-v10-p271-33396666.pdf,moj-judgments-1434-volume-10.pdf,archive-sources/moj/1434/moj-judgments-1434-volume-10.pdf,17172099759e4ae4a6305358e6d4d5bbec12444976069e1628e22ecb672ea010,3781511,271,281,11,fc091e8e8780ac61e5d259bb846b333c79484ba8548461a89ce3c0bec53cd6be,514146,f85fdacb36497e9090b56bf931dffb05742264ad8bed2ed8fed039a5a9a6ff80,private_manual_review
recovered-moj-1434-v10-p282-33483169,extracted/recovered-moj-judgments-pdf/recovered-moj-1434-v10-p282-33483169.pdf,moj-judgments-1434-volume-10.pdf,archive-sources/moj/1434/moj-judgments-1434-volume-10.pdf,17172099759e4ae4a6305358e6d4d5bbec12444976069e1628e22ecb672ea010,3781511,282,291,10,f88ad0bac72215ccb3f2ae18fb0f6e61a2c6672ddde022f46b0a596b1b85d12d,519148,922100592cf133f29a88b30ed8977477f5734cc3b0ae6ac3f5d8d370884cbef0,exact_duplicate_review
recovered-moj-1434-v10-p292-34168437,extracted/recovered-moj-judgments-pdf/recovered-moj-1434-v10-p292-34168437.pdf,moj-judgments-1434-volume-10.pdf,archive-sources/moj/1434/moj-judgments-1434-volume-10.pdf,17172099759e4ae4a6305358e6d4d5bbec12444976069e1628e22ecb672ea010,3781511,292,300,9,66988d719a0d7d629687ee3d4ab415d3ca219f7cce2f5598d95a4e0a26942e55,534122,016f151a862e62fff59349dfeeb733533aa8de27464ceb3606fbd2c20d158adc,exact_duplicate_review
recovered-moj-1434-v10-p301-344668,extracted/recovered-moj-judgments-pdf/recovered-moj-1434-v10-p301-344668.pdf,moj-judgments-1434-volume-10.pdf,archive-sources/moj/1434/moj-judgments-1434-volume-10.pdf,17172099759e4ae4a6305358e6d4d5bbec12444976069e1628e22ecb672ea010,3781511,301,306,6,cea6fa98c6a48dbf70f2b8799618ae35f8039f075379956690b65fa3ac7bd137,501765,70532992a2aab16fd240306afeebbe44cae67890e4a213726418ec1c4c50b798,exact_duplicate_review
recovered-moj-1434-v10-p307-33450924,extracted/recovered-moj-judgments-pdf/recovered-moj-1434-v10-p307-33450924.pdf,moj-judgments-1434-volume-10.pdf,archive-sources/moj/1434/moj-judgments-1434-volume-10.pdf,17172099759e4ae4a6305358e6d4d5bbec12444976069e1628e22ecb672ea010,3781511,307,315,9,0be8c3294f09bfdafb2b81ed150c2c5c417f4a0a9ad5a2ef8ab1f5c7e7411b8d,507915,4cb1b3e3fb8090ba05cf58dfd9ceb6da5c7771d36278bb2461294a55e1b6ab6b,exact_duplicate_review
recovered-moj-1434-v10-p316-34180146,extracted/recovered-moj-judgments-pdf/recovered-moj-1434-v10-p316-34180146.pdf,moj-judgments-1434-volume-10.pdf,archive-sources/moj/1434/moj-judgments-1434-volume-10.pdf,17172099759e4ae4a6305358e6d4d5bbec12444976069e1628e22ecb672ea010,3781511,316,322,7,5c1977604a1a14c83061bff11011e984bc2c2a00d74aa8f1877a852a5d04d0ce,509237,8b69644b09a707ea680f0389215b86330725fb7bbf125790c43ddc162855e04e,exact_duplicate_review
recovered-moj-1434-v10-p323-34234714,extracted/recovered-moj-judgments-pdf/recovered-moj-1434-v10-p323-34234714.pdf,moj-judgments-1434-volume-10.pdf,archive-sources/moj/1434/moj-judgments-1434-volume-10.pdf,17172099759e4ae4a6305358e6d4d5bbec12444976069e1628e22ecb672ea010,3781511,323,329,7,e551d6c9e4c3be10f806eabd35b510792d232251e4f8d1dd160512459c7d0123,498755,b801fa7be10348e6ec5063e0bec18a23a048884209a96b06d1184292cfbdfc9c,exact_duplicate_review
recovered-moj-1434-v10-p330-3457561,extracted/recovered-moj-judgments-pdf/recovered-moj-1434-v10-p330-3457561.pdf,moj-judgments-1434-volume-10.pdf,archive-sources/moj/1434/moj-judgments-1434-volume-10.pdf,17172099759e4ae4a6305358e6d4d5bbec12444976069e1628e22ecb672ea010,3781511,330,336,7,826ac2ed4f5672c5588fad918483d30b2f32b6d3513c43e2532540551aefbfbf,514355,ac192af3167510e72a4780536a19cf0f3fcd1cbdfa3c373ae22c23893b7cd6a1,exact_duplicate_review
recovered-moj-1434-v10-p337-33422293,extracted/recovered-moj-judgments-pdf/recovered-moj-1434-v10-p337-33422293.pdf,moj-judgments-1434-volume-10.pdf,archive-sources/moj/1434/moj-judgments-1434-volume-10.pdf,17172099759e4ae4a6305358e6d4d5bbec12444976069e1628e22ecb672ea010,3781511,337,344,8,93a2d955caf670940f29649ace06fc544692e10e6c062a242c420153031b71d4,493202,6107d609ef528fe7edb52955a706d8263941466932bb1c4b4d234eb5533471f6,exact_duplicate_review
recovered-moj-1434-v10-p345-34266092,extracted/recovered-moj-judgments-pdf/recovered-moj-1434-v10-p345-34266092.pdf,moj-judgments-1434-volume-10.pdf,archive-sources/moj/1434/moj-judgments-1434-volume-10.pdf,17172099759e4ae4a6305358e6d4d5bbec12444976069e1628e22ecb672ea010,3781511,345,355,11,856a9b967b6f2ac919b528c8e27b140c180a16839bd35f80b5fa8bb7521583c4,512399,f7102b8e52c789c63ecdf3e051eab88232a27c5a976c27e5cf1c9809abef4fc6,exact_duplicate_review
recovered-moj-1434-v10-p356-33455749,extracted/recovered-moj-judgments-pdf/recovered-moj-1434-v10-p356-33455749.pdf,moj-judgments-1434-volume-10.pdf,archive-sources/moj/1434/moj-judgments-1434-volume-10.pdf,17172099759e4ae4a6305358e6d4d5bbec12444976069e1628e22ecb672ea010,3781511,356,362,7,d212b2be6465161c29a881e79b7a270a1dce6d49a1f25d0694da0a0761b85839,501896,9f5638376d93494cab3c48962c4ac2a26a97276a58f480595e1701405ebac998,exact_duplicate_review
recovered-moj-1434-v10-p363-34305506,extracted/recovered-moj-judgments-pdf/recovered-moj-1434-v10-p363-34305506.pdf,moj-judgments-1434-volume-10.pdf,archive-sources/moj/1434/moj-judgments-1434-volume-10.pdf,17172099759e4ae4a6305358e6d4d5bbec12444976069e1628e22ecb672ea010,3781511,363,373,11,f69f291e267c322fabb750f94cd11fd6fde0b5c95f02f1578de13ddb98120acf,513700,12a1a6e1d30d9778b07e3c76f895b82f29ccad9a9243b5a74dd00d081c979fae,exact_duplicate_review
recovered-moj-1434-v10-p374-34308961,extracted/recovered-moj-judgments-pdf/recovered-moj-1434-v10-p374-34308961.pdf,moj-judgments-1434-volume-10.pdf,archive-sources/moj/1434/moj-judgments-1434-volume-10.pdf,17172099759e4ae4a6305358e6d4d5bbec12444976069e1628e22ecb672ea010,3781511,374,381,8,ff0f8fc000f4186cd322bbb1666171a90747d5ba2fce23e60810b72793fecf66,506859,cc6d0514e9555644bd843b2d11fb7dcd99d377ae95c245a7f3090d1c38e06742,exact_duplicate_review
recovered-moj-1434-v10-p382-34252367,extracted/recovered-moj-judgments-pdf/recovered-moj-1434-v10-p382-34252367.pdf,moj-judgments-1434-volume-10.pdf,archive-sources/moj/1434/moj-judgments-1434-volume-10.pdf,17172099759e4ae4a6305358e6d4d5bbec12444976069e1628e22ecb672ea010,3781511,382,387,6,199bcf0dd803357943d63dd9d9e8de9968077993b15f1ed43a1b2ad20825ec49,501456,5e6f1221a4306f56215002f7f14fc0e726c09587a20a6da7a75086435b781d38,exact_duplicate_review
recovered-moj-1434-v10-p388-34258948,extracted/recovered-moj-judgments-pdf/recovered-moj-1434-v10-p388-34258948.pdf,moj-judgments-1434-volume-10.pdf,archive-sources/moj/1434/moj-judgments-1434-volume-10.pdf,17172099759e4ae4a6305358e6d4d5bbec12444976069e1628e22ecb672ea010,3781511,388,393,6,5018482114d4f11f595ac75ddcaaac47f3c117cee1b0280320ee02632a0a2d10,502851,23907bd869decc2379b059fea047d9d257068adec6b39e9a9a890b1c9f6dc614,exact_duplicate_review
recovered-moj-1434-v10-p394-34270704,extracted/recovered-moj-judgments-pdf/recovered-moj-1434-v10-p394-34270704.pdf,moj-judgments-1434-volume-10.pdf,archive-sources/moj/1434/moj-judgments-1434-volume-10.pdf,17172099759e4ae4a6305358e6d4d5bbec12444976069e1628e22ecb672ea010,3781511,394,399,6,9f6ca60498a2f39e6ac4043af4b81eecbc4aac5567f310d5e0207b6086836ea3,504131,05e8109e7e0d6924b75448e9136460fde56c06529a5323335389a92c9c1267c1,private_manual_review
recovered-moj-1434-v10-p400-34325443,extracted/recovered-moj-judgments-pdf/recovered-moj-1434-v10-p400-34325443.pdf,moj-judgments-1434-volume-10.pdf,archive-sources/moj/1434/moj-judgments-1434-volume-10.pdf,17172099759e4ae4a6305358e6d4d5bbec12444976069e1628e22ecb672ea010,3781511,400,412,13,cb24b06ddfd7e03f336c35e12cc54e2d0aa9945f1fc9562ed732cab97bcfdaac,823152,f571dcd71389bb4d28564a688f3466ef2223dafc705af4e5adedc842442b4b45,exact_duplicate_review
recovered-moj-1434-v12-p5-347261,extracted/recovered-moj-judgments-pdf/recovered-moj-1434-v12-p5-347261.pdf,moj-judgments-1434-volume-12.pdf,archive-sources/moj/1434/moj-judgments-1434-volume-12.pdf,7fbbefdb8b810d9daac796f824690c44b591184def9ac255751a20224fa7afc8,4104368,5,10,6,da8d69a9bc421ddeac7c65b3e44d279ef056efe338f16f8c985edfc9ff53192a,496191,d2881ebd009bfab3eeb103bebdd863e43851b537081d1e1d0b2fddc6b73dfa8f,exact_duplicate_review
recovered-moj-1434-v12-p11-3377548,extracted/recovered-moj-judgments-pdf/recovered-moj-1434-v12-p11-3377548.pdf,moj-judgments-1434-volume-12.pdf,archive-sources/moj/1434/moj-judgments-1434-volume-12.pdf,7fbbefdb8b810d9daac796f824690c44b591184def9ac255751a20224fa7afc8,4104368,11,19,9,2ba3efbf243494728c4da9c3590866dba981ac0c52ea6fb3402c4713fc0d016e,498708,ad9644ac35180a6d3e0afb3cabcce4afd3900de23e4c9aa4cb85cb35f0d2c73e,exact_duplicate_review
recovered-moj-1434-v12-p20-3396987,extracted/recovered-moj-judgments-pdf/recovered-moj-1434-v12-p20-3396987.pdf,moj-judgments-1434-volume-12.pdf,archive-sources/moj/1434/moj-judgments-1434-volume-12.pdf,7fbbefdb8b810d9daac796f824690c44b591184def9ac255751a20224fa7afc8,4104368,20,29,10,a5f2397e2ba23d96ede42173774c74d4882cda1c7b33a9fe9c81be4af94cd168,509729,a000780528bdc31c2169e7b7e4074e8cbdec77deaf60d39e2bf0d279cefdbcd4,exact_duplicate_review
recovered-moj-1434-v12-p30-3418724,extracted/recovered-moj-judgments-pdf/recovered-moj-1434-v12-p30-3418724.pdf,moj-judgments-1434-volume-12.pdf,archive-sources/moj/1434/moj-judgments-1434-volume-12.pdf,7fbbefdb8b810d9daac796f824690c44b591184def9ac255751a20224fa7afc8,4104368,30,37,8,f97468183887f447af56e6708776413594a318b3748b4682c24d783b137a62da,499348,8ffd41306e4d7a2d1bc61358cbc062cb771e67f5fea9b3c18ec9bff8c4bda3e0,exact_duplicate_review
recovered-moj-1434-v12-p38-3440861,extracted/recovered-moj-judgments-pdf/recovered-moj-1434-v12-p38-3440861.pdf,moj-judgments-1434-volume-12.pdf,archive-sources/moj/1434/moj-judgments-1434-volume-12.pdf,7fbbefdb8b810d9daac796f824690c44b591184def9ac255751a20224fa7afc8,4104368,38,44,7,35f778cd3247792304d240d72dc1f652332b4fa6666f935f1d527ef955387bd2,498066,23221b372581632c35019f4c223c3a09e23791850b39d22c33dca081776ed9c5,exact_duplicate_review
recovered-moj-1434-v12-p45-32191315,extracted/recovered-moj-judgments-pdf/recovered-moj-1434-v12-p45-32191315.pdf,moj-judgments-1434-volume-12.pdf,archive-sources/moj/1434/moj-judgments-1434-volume-12.pdf,7fbbefdb8b810d9daac796f824690c44b591184def9ac255751a20224fa7afc8,4104368,45,57,13,0178d01f9e3383950204a0567579be091a6c65fdfcdbc1beabfc2b11a4814955,520533,07d105de87866e6fa0bf435bdf497432fcf0cd847a5e7ab08b58d09c2c225ebc,exact_duplicate_review
recovered-moj-1434-v12-p58-33182259,extracted/recovered-moj-judgments-pdf/recovered-moj-1434-v12-p58-33182259.pdf,moj-judgments-1434-volume-12.pdf,archive-sources/moj/1434/moj-judgments-1434-volume-12.pdf,7fbbefdb8b810d9daac796f824690c44b591184def9ac255751a20224fa7afc8,4104368,58,65,8,665600e15c3d3503ff467932692ba83eba07b38d789652856f28ca1210a7bcab,497720,00106b85ae8b84dc45ce72107c1a22dfbaffc5f3eff53e0b96852fb09609ae62,exact_duplicate_review
recovered-moj-1434-v12-p66-34180121,extracted/recovered-moj-judgments-pdf/recovered-moj-1434-v12-p66-34180121.pdf,moj-judgments-1434-volume-12.pdf,archive-sources/moj/1434/moj-judgments-1434-volume-12.pdf,7fbbefdb8b810d9daac796f824690c44b591184def9ac255751a20224fa7afc8,4104368,66,70,5,5a4ec76ec805bcae7ca7d9de82f18728099eb70f7567cf31eae189a9b7ad5d15,500344,408a3db97dace8e43a08ae66d03d03dc7b7f6f3e2353b508d8121fb0d6dc24cc,exact_duplicate_review
recovered-moj-1434-v12-p71-33268658,extracted/recovered-moj-judgments-pdf/recovered-moj-1434-v12-p71-33268658.pdf,moj-judgments-1434-volume-12.pdf,archive-sources/moj/1434/moj-judgments-1434-volume-12.pdf,7fbbefdb8b810d9daac796f824690c44b591184def9ac255751a20224fa7afc8,4104368,71,77,7,c90698114724760b49c6dc03ba1b54ab3a13ff960e6fa6a52b6645673f5c9b2b,495063,5959d0f447b80221789fa4baa4cb83a8e544116d138585fadb87707d6d525abf,exact_duplicate_review
recovered-moj-1434-v12-p78-33345548,extracted/recovered-moj-judgments-pdf/recovered-moj-1434-v12-p78-33345548.pdf,moj-judgments-1434-volume-12.pdf,archive-sources/moj/1434/moj-judgments-1434-volume-12.pdf,7fbbefdb8b810d9daac796f824690c44b591184def9ac255751a20224fa7afc8,4104368,78,87,10,5372c3b671c9e683c07bbb223a5c6d80df18c32d04140657a127bc8a6e7c9bef,505943,0f531309a18dbcd905234d075f072f6f7c0a9f256252b8b028a6e02eec415be3,exact_duplicate_review
recovered-moj-1434-v12-p88-33353081,extracted/recovered-moj-judgments-pdf/recovered-moj-1434-v12-p88-33353081.pdf,moj-judgments-1434-volume-12.pdf,archive-sources/moj/1434/moj-judgments-1434-volume-12.pdf,7fbbefdb8b810d9daac796f824690c44b591184def9ac255751a20224fa7afc8,4104368,88,101,14,39e402f008e5e5e3e5729c89c6ef0a26c404c696ba115f7159c9f21187f12054,523314,5e98346ebff4873d177540b074791707dfa192c310971bfe6feb50ac403f8a2a,exact_duplicate_review
recovered-moj-1434-v12-p102-34259122,extracted/recovered-moj-judgments-pdf/recovered-moj-1434-v12-p102-34259122.pdf,moj-judgments-1434-volume-12.pdf,archive-sources/moj/1434/moj-judgments-1434-volume-12.pdf,7fbbefdb8b810d9daac796f824690c44b591184def9ac255751a20224fa7afc8,4104368,102,106,5,bd86b2a5be57b7df6231e67ed23b51b2d499c080f6979ba84bb5c28abaeb29a0,502217,7db21e5e90256a852ad4c0bd08f2b5f605a2bc50d4cc8b5213e334928e96c422,exact_duplicate_review
recovered-moj-1434-v12-p107-33395847,extracted/recovered-moj-judgments-pdf/recovered-moj-1434-v12-p107-33395847.pdf,moj-judgments-1434-volume-12.pdf,archive-sources/moj/1434/moj-judgments-1434-volume-12.pdf,7fbbefdb8b810d9daac796f824690c44b591184def9ac255751a20224fa7afc8,4104368,107,117,11,78a05524d5b63bc0ba03cb50c06f6d211d26c7ba3f1613c2c9ff0c9745411f58,508518,6d48ae90beb64d63d3af5f7c3817e474a49bbe4c624d92cdee8d770a48b8e0a2,exact_duplicate_review
recovered-moj-1434-v12-p118-33469973,extracted/recovered-moj-judgments-pdf/recovered-moj-1434-v12-p118-33469973.pdf,moj-judgments-1434-volume-12.pdf,archive-sources/moj/1434/moj-judgments-1434-volume-12.pdf,7fbbefdb8b810d9daac796f824690c44b591184def9ac255751a20224fa7afc8,4104368,118,122,5,822a24ba056e6c96242ef90d67971eef6458cc016b7080aaec450179f83aba8e,499340,515097929653370b7b1614a67fd85a4a028fef4c9cb456d3c8c21e1f2db5f385,exact_duplicate_review
recovered-moj-1434-v12-p123-33407511,extracted/recovered-moj-judgments-pdf/recovered-moj-1434-v12-p123-33407511.pdf,moj-judgments-1434-volume-12.pdf,archive-sources/moj/1434/moj-judgments-1434-volume-12.pdf,7fbbefdb8b810d9daac796f824690c44b591184def9ac255751a20224fa7afc8,4104368,123,130,8,63918b9a25f9ff65fe4a431dcbd4894d2a281cef63442331ee9dea56cd28fb4a,508899,c49a61f3c853d8fca5a1d8c9e905cecbf6b0eb58dc4ee1c7a9285b4b2aa25ba6,exact_duplicate_review
recovered-moj-1434-v12-p131-33420807,extracted/recovered-moj-judgments-pdf/recovered-moj-1434-v12-p131-33420807.pdf,moj-judgments-1434-volume-12.pdf,archive-sources/moj/1434/moj-judgments-1434-volume-12.pdf,7fbbefdb8b810d9daac796f824690c44b591184def9ac255751a20224fa7afc8,4104368,131,136,6,6530ab85b6e27e2c6488b9a55b4bd8094114c1866d8e7c90e9bf3bc6b030ff30,497025,2f9f25b5bd43c247f03b52f7e937533809d4d2956f74ac14f16a7840c708080f,exact_duplicate_review
recovered-moj-1434-v12-p137-34181745,extracted/recovered-moj-judgments-pdf/recovered-moj-1434-v12-p137-34181745.pdf,moj-judgments-1434-volume-12.pdf,archive-sources/moj/1434/moj-judgments-1434-volume-12.pdf,7fbbefdb8b810d9daac796f824690c44b591184def9ac255751a20224fa7afc8,4104368,137,144,8,0699d05668fc59b6b46ed741710ba47e28bda1fa451ed20b5e86e79446f43854,515151,c7e07db01c8709c9c2c88856e231a139b858ef946f1f06f8aca7ed3d3aabaae0,exact_duplicate_review
recovered-moj-1434-v12-p145-33461612,extracted/recovered-moj-judgments-pdf/recovered-moj-1434-v12-p145-33461612.pdf,moj-judgments-1434-volume-12.pdf,archive-sources/moj/1434/moj-judgments-1434-volume-12.pdf,7fbbefdb8b810d9daac796f824690c44b591184def9ac255751a20224fa7afc8,4104368,145,154,10,bf149c61c333e17231579ad7991ad464ace793de5443c97daab4816db31f0a8a,515907,0401fea85152afb90815453be661f6c1703757ea0afc33fa2d01e75b52431521,exact_duplicate_review
recovered-moj-1434-v12-p155-34166698,extracted/recovered-moj-judgments-pdf/recovered-moj-1434-v12-p155-34166698.pdf,moj-judgments-1434-volume-12.pdf,archive-sources/moj/1434/moj-judgments-1434-volume-12.pdf,7fbbefdb8b810d9daac796f824690c44b591184def9ac255751a20224fa7afc8,4104368,155,159,5,cffd79ee9328005ea7133e80dbb389c132ce1ef7692936998643ccb26d6fae89,489778,667747e362a0db6f5b5ebbc35df9134447ede54c70a7275255a9f38e7a5e28ad,exact_duplicate_review
recovered-moj-1434-v12-p160-33467099,extracted/recovered-moj-judgments-pdf/recovered-moj-1434-v12-p160-33467099.pdf,moj-judgments-1434-volume-12.pdf,archive-sources/moj/1434/moj-judgments-1434-volume-12.pdf,7fbbefdb8b810d9daac796f824690c44b591184def9ac255751a20224fa7afc8,4104368,160,169,10,b8379190c295908f2e6137febe6072469e706acf2b2f586c634924b222c6d1ae,506288,a986c2ab99aebb427a65a5867639887bb76dbc7f01019b0ad20c8c3f842322ce,private_manual_review
recovered-moj-1434-v12-p170-33473430,extracted/recovered-moj-judgments-pdf/recovered-moj-1434-v12-p170-33473430.pdf,moj-judgments-1434-volume-12.pdf,archive-sources/moj/1434/moj-judgments-1434-volume-12.pdf,7fbbefdb8b810d9daac796f824690c44b591184def9ac255751a20224fa7afc8,4104368,170,174,5,7d1cd89bbd84f9a9b33962395d54ce3e08e75c842c097ad4d303a4f5543ef460,503940,f7e7594b9b39ee2c3dc37356bf17803ed35669911d9d3d9a76fa03271dd59950,exact_duplicate_review
recovered-moj-1434-v12-p175-34166629,extracted/recovered-moj-judgments-pdf/recovered-moj-1434-v12-p175-34166629.pdf,moj-judgments-1434-volume-12.pdf,archive-sources/moj/1434/moj-judgments-1434-volume-12.pdf,7fbbefdb8b810d9daac796f824690c44b591184def9ac255751a20224fa7afc8,4104368,175,180,6,a05bb3e6c19bfab9419c224628a85e91108a16b1c7c6dc9d7abe0d68e2f663c7,502006,0dc19e9562fe8a94df3c9ace749057b73ed9113906d4ed576ff12c9cb9522f85,exact_duplicate_review
recovered-moj-1434-v12-p181-3419050,extracted/recovered-moj-judgments-pdf/recovered-moj-1434-v12-p181-3419050.pdf,moj-judgments-1434-volume-12.pdf,archive-sources/moj/1434/moj-judgments-1434-volume-12.pdf,7fbbefdb8b810d9daac796f824690c44b591184def9ac255751a20224fa7afc8,4104368,181,185,5,eda93dd401238c406851c9ab5f246b269c24189f959f1fd134be1285e256e756,491571,2506a9e461f9d7218255359fa1439005c67306d5b9730aec0e8f7d4de7fcc8ca,exact_duplicate_review
recovered-moj-1434-v12-p186-34207900,extracted/recovered-moj-judgments-pdf/recovered-moj-1434-v12-p186-34207900.pdf,moj-judgments-1434-volume-12.pdf,archive-sources/moj/1434/moj-judgments-1434-volume-12.pdf,7fbbefdb8b810d9daac796f824690c44b591184def9ac255751a20224fa7afc8,4104368,186,189,4,eb45b477541cecef859349936068e9d36bea43c1a6577e9452fdc34942c09e25,485053,80e7e17f3333f87e51dca4f0f22a2d22237b4d16967586ec493f1624918428b9,exact_duplicate_review
recovered-moj-1434-v12-p190-34250214,extracted/recovered-moj-judgments-pdf/recovered-moj-1434-v12-p190-34250214.pdf,moj-judgments-1434-volume-12.pdf,archive-sources/moj/1434/moj-judgments-1434-volume-12.pdf,7fbbefdb8b810d9daac796f824690c44b591184def9ac255751a20224fa7afc8,4104368,190,196,7,210aa61b51b565edae03abc785717de38310aac3824c2317e227b28ee70c7333,513022,32beac7e18468642aa3578b7095a80d73a2315ba2a1c3dab450c1bf5e0b8b5f4,exact_duplicate_review
recovered-moj-1434-v12-p197-34167121,extracted/recovered-moj-judgments-pdf/recovered-moj-1434-v12-p197-34167121.pdf,moj-judgments-1434-volume-12.pdf,archive-sources/moj/1434/moj-judgments-1434-volume-12.pdf,7fbbefdb8b810d9daac796f824690c44b591184def9ac255751a20224fa7afc8,4104368,197,203,7,771b58a78814730a631eb04bd5173ff654af6d1a2e6529ca5f48be40ccefaf9c,491190,3ed79d67ec0cf23d269a36f1b5481cf61dd5d49f9693232bde5a89a86552b21e,exact_duplicate_review
recovered-moj-1434-v12-p204-34172149,extracted/recovered-moj-judgments-pdf/recovered-moj-1434-v12-p204-34172149.pdf,moj-judgments-1434-volume-12.pdf,archive-sources/moj/1434/moj-judgments-1434-volume-12.pdf,7fbbefdb8b810d9daac796f824690c44b591184def9ac255751a20224fa7afc8,4104368,204,207,4,9813344d99b637d014daa266a5e38c9a565628a80e191c2589a05b5e5c2fe3a3,492980,73350da0494a359e0a98aecf9434fa377f866822e8a5175fd565d09ec6399a2d,exact_duplicate_review
recovered-moj-1434-v12-p208-33462627,extracted/recovered-moj-judgments-pdf/recovered-moj-1434-v12-p208-33462627.pdf,moj-judgments-1434-volume-12.pdf,archive-sources/moj/1434/moj-judgments-1434-volume-12.pdf,7fbbefdb8b810d9daac796f824690c44b591184def9ac255751a20224fa7afc8,4104368,208,211,4,1d49af5d4239e2c53c2577608eca8ba0fccc7e57ca5bbfd5961411387d13dfe2,494119,2fb6c8436058bebab97080e76d8c4a2bcd9f89b959d134236552e743c317532e,exact_duplicate_review
recovered-moj-1434-v12-p212-34270475,extracted/recovered-moj-judgments-pdf/recovered-moj-1434-v12-p212-34270475.pdf,moj-judgments-1434-volume-12.pdf,archive-sources/moj/1434/moj-judgments-1434-volume-12.pdf,7fbbefdb8b810d9daac796f824690c44b591184def9ac255751a20224fa7afc8,4104368,212,218,7,b431785b330bd3ac37c5f75bd118e4267e94d382de9e7d7ee3e2f00877874844,514946,4cc529b3619dfee167fef2edcc1454fa57d4fa398b48ca19484e972802d7d49e,exact_duplicate_review
recovered-moj-1434-v12-p219-34266103,extracted/recovered-moj-judgments-pdf/recovered-moj-1434-v12-p219-34266103.pdf,moj-judgments-1434-volume-12.pdf,archive-sources/moj/1434/moj-judgments-1434-volume-12.pdf,7fbbefdb8b810d9daac796f824690c44b591184def9ac255751a20224fa7afc8,4104368,219,223,5,c91a452215ba805a9e516f9fcb05fd17d03a13c69d3b8a4e5570398c6e04e35d,484330,58360fede10c8059f20834654f97338253b9fed66b2a03a58d6bfd51963e7b8b,exact_duplicate_review
recovered-moj-1434-v12-p224-34183664,extracted/recovered-moj-judgments-pdf/recovered-moj-1434-v12-p224-34183664.pdf,moj-judgments-1434-volume-12.pdf,archive-sources/moj/1434/moj-judgments-1434-volume-12.pdf,7fbbefdb8b810d9daac796f824690c44b591184def9ac255751a20224fa7afc8,4104368,224,229,6,0060eee5dc4c8ae6106a62a6698e5f0d684d442ae7c3a3d117ea6afe797dd501,496699,85f8a699a8d6698da144506e357e1d62ae5e7228bc52c75eff723c543e6bbfb1,exact_duplicate_review
recovered-moj-1434-v12-p230-34343086,extracted/recovered-moj-judgments-pdf/recovered-moj-1434-v12-p230-34343086.pdf,moj-judgments-1434-volume-12.pdf,archive-sources/moj/1434/moj-judgments-1434-volume-12.pdf,7fbbefdb8b810d9daac796f824690c44b591184def9ac255751a20224fa7afc8,4104368,230,236,7,5faaaf260dc1771c944f03ba0c46b316aacfcf2e9c89330e300b41a0d9b00587,507500,a738c284f684be0aa8b7ce514cbdaea743088be7f2434eca9e9d7dd9d4369ffa,exact_duplicate_review
recovered-moj-1434-v12-p237-34283903,extracted/recovered-moj-judgments-pdf/recovered-moj-1434-v12-p237-34283903.pdf,moj-judgments-1434-volume-12.pdf,archive-sources/moj/1434/moj-judgments-1434-volume-12.pdf,7fbbefdb8b810d9daac796f824690c44b591184def9ac255751a20224fa7afc8,4104368,237,244,8,559b10d4d7e65f092bf9a708fff2d0bbfc270bfa4f10c76a238647d7b11ef53b,508980,25bec1369dc6243227dbf8c60864eb80934de3d9496c7727122b7ba69d14c448,exact_duplicate_review
recovered-moj-1434-v12-p245-34171996,extracted/recovered-moj-judgments-pdf/recovered-moj-1434-v12-p245-34171996.pdf,moj-judgments-1434-volume-12.pdf,archive-sources/moj/1434/moj-judgments-1434-volume-12.pdf,7fbbefdb8b810d9daac796f824690c44b591184def9ac255751a20224fa7afc8,4104368,245,251,7,61075a6c79df381c5f3978c64210a37b9c84e2ae50e0b7cc3870b22c81532855,495139,45885febfd852e89c32060fc8c2217db7c7c3fb999a04468113d31d4535a9ce6,exact_duplicate_review
recovered-moj-1434-v12-p252-34177730,extracted/recovered-moj-judgments-pdf/recovered-moj-1434-v12-p252-34177730.pdf,moj-judgments-1434-volume-12.pdf,archive-sources/moj/1434/moj-judgments-1434-volume-12.pdf,7fbbefdb8b810d9daac796f824690c44b591184def9ac255751a20224fa7afc8,4104368,252,258,7,f958e41d3899f0c2b278be47e0c1ba5b159d991a9e745d0b73dd74891431efcf,512783,f0cc37490dfce2735e80be696b3ab0efbc641982962f45c58ca35d044c62fbe6,exact_duplicate_review
recovered-moj-1434-v12-p259-34185311,extracted/recovered-moj-judgments-pdf/recovered-moj-1434-v12-p259-34185311.pdf,moj-judgments-1434-volume-12.pdf,archive-sources/moj/1434/moj-judgments-1434-volume-12.pdf,7fbbefdb8b810d9daac796f824690c44b591184def9ac255751a20224fa7afc8,4104368,259,263,5,10753ced4fe1aa8917a5cbc15ab2c7781a3634491b3712e433da18f56583da7a,486166,a0c6390d28541c60734779371612a73291d061aca7a9b78acc693b10345b87ec,exact_duplicate_review
recovered-moj-1434-v12-p264-34194787,extracted/recovered-moj-judgments-pdf/recovered-moj-1434-v12-p264-34194787.pdf,moj-judgments-1434-volume-12.pdf,archive-sources/moj/1434/moj-judgments-1434-volume-12.pdf,7fbbefdb8b810d9daac796f824690c44b591184def9ac255751a20224fa7afc8,4104368,264,271,8,39ae41054e6793aaac295b56bf6cf17bc90a76217bf517805e098cb78c5bb490,501914,6af70265b3f57cbba355bd7bf1296ae914fc1243b161228b5db26cc2ba5253e6,exact_duplicate_review
recovered-moj-1434-v12-p272-34199029,extracted/recovered-moj-judgments-pdf/recovered-moj-1434-v12-p272-34199029.pdf,moj-judgments-1434-volume-12.pdf,archive-sources/moj/1434/moj-judgments-1434-volume-12.pdf,7fbbefdb8b810d9daac796f824690c44b591184def9ac255751a20224fa7afc8,4104368,272,279,8,23d72f4cd74549108218fd3eadfc88f83f91d9703f9d07d4629b5e784a3f9d77,502075,021cc653c34bf6ec6e043a383386a588338a8d71c282b3693c391aa3ebd82ebe,exact_duplicate_review
recovered-moj-1434-v12-p280-34209196,extracted/recovered-moj-judgments-pdf/recovered-moj-1434-v12-p280-34209196.pdf,moj-judgments-1434-volume-12.pdf,archive-sources/moj/1434/moj-judgments-1434-volume-12.pdf,7fbbefdb8b810d9daac796f824690c44b591184def9ac255751a20224fa7afc8,4104368,280,286,7,9541b35abed6b64dafa624d8544de317bdf69be6f3eb57d6b366499ff9eff3ac,502311,9a5367d2a1a1af1983f74a6b184c6cdb32cdc9d40ab6171ebbe2e813356216dd,exact_duplicate_review
recovered-moj-1434-v12-p287-34243280,extracted/recovered-moj-judgments-pdf/recovered-moj-1434-v12-p287-34243280.pdf,moj-judgments-1434-volume-12.pdf,archive-sources/moj/1434/moj-judgments-1434-volume-12.pdf,7fbbefdb8b810d9daac796f824690c44b591184def9ac255751a20224fa7afc8,4104368,287,292,6,4f9b86ad75f7b0dae3f37af5789fb7a3ad6983220ec95c2aba2fdbc1356ce2a5,502244,7fee17e17760eca0bd51ff32b8244a79258d18e96ea15d661061626b19521fce,exact_duplicate_review
recovered-moj-1434-v12-p293-34263198,extracted/recovered-moj-judgments-pdf/recovered-moj-1434-v12-p293-34263198.pdf,moj-judgments-1434-volume-12.pdf,archive-sources/moj/1434/moj-judgments-1434-volume-12.pdf,7fbbefdb8b810d9daac796f824690c44b591184def9ac255751a20224fa7afc8,4104368,293,298,6,8a4a9209e03bfe3a6d8760d0add78632a6291b66b9ca26604cf5418ddc3ed030,493564,1b6c413728ae4214e831946db7c0dc46f0b8a2deb12fdf3821f3f3ffbd443c05,exact_duplicate_review
recovered-moj-1434-v12-p299-34268722,extracted/recovered-moj-judgments-pdf/recovered-moj-1434-v12-p299-34268722.pdf,moj-judgments-1434-volume-12.pdf,archive-sources/moj/1434/moj-judgments-1434-volume-12.pdf,7fbbefdb8b810d9daac796f824690c44b591184def9ac255751a20224fa7afc8,4104368,299,311,13,2fd9e1386a9116148dd6722d00ac2701644320d9ceacf3142c54df6037b4a581,514737,52df136a3ee00c8d3b02c9d3cc5a4d3bc69320e523500c4ffb0b4ce8cf8c3346,exact_duplicate_review
recovered-moj-1434-v12-p312-34295759,extracted/recovered-moj-judgments-pdf/recovered-moj-1434-v12-p312-34295759.pdf,moj-judgments-1434-volume-12.pdf,archive-sources/moj/1434/moj-judgments-1434-volume-12.pdf,7fbbefdb8b810d9daac796f824690c44b591184def9ac255751a20224fa7afc8,4104368,312,319,8,8c42733439e940960f5391428d0493daec16c7334fb76bda999dd3300db49120,498995,f3ef12f297e6599f615c7a46644ade2898535af36a8a16ffa81b415148d57c47,exact_duplicate_review
recovered-moj-1434-v12-p320-34302883,extracted/recovered-moj-judgments-pdf/recovered-moj-1434-v12-p320-34302883.pdf,moj-judgments-1434-volume-12.pdf,archive-sources/moj/1434/moj-judgments-1434-volume-12.pdf,7fbbefdb8b810d9daac796f824690c44b591184def9ac255751a20224fa7afc8,4104368,320,328,9,c5178ac539920b6bcd5f301f70f3a316892b2faf02e9905b6d2e9c640a24f187,515102,cea93634716f3da13ba9a977b1b1382da0dbd3031aac0b3b4a106cffb077290e,exact_duplicate_review
recovered-moj-1434-v12-p329-34222949,extracted/recovered-moj-judgments-pdf/recovered-moj-1434-v12-p329-34222949.pdf,moj-judgments-1434-volume-12.pdf,archive-sources/moj/1434/moj-judgments-1434-volume-12.pdf,7fbbefdb8b810d9daac796f824690c44b591184def9ac255751a20224fa7afc8,4104368,329,336,8,3b19f1c6385a0da166b7d8e8896c8089ad3463ccb4ea56d9df9c5fccba4cba5d,1273825,912bfb86a984650c58c49c8d58bb7ff0b0249a6bdf0151757beda7f6013e7f62,exact_duplicate_review
recovered-moj-1434-v12-p337-34352237,extracted/recovered-moj-judgments-pdf/recovered-moj-1434-v12-p337-34352237.pdf,moj-judgments-1434-volume-12.pdf,archive-sources/moj/1434/moj-judgments-1434-volume-12.pdf,7fbbefdb8b810d9daac796f824690c44b591184def9ac255751a20224fa7afc8,4104368,337,344,8,a2ed8836d954dc624ba3574d85a5b63503ba015e9ba5760cf4ee5c1132274621,1259203,d46f5d047bcc8b87b2b803914d91d4013a0a4f29d2ac417413291e74f0811e93,exact_duplicate_review
recovered-moj-1434-v12-p345-3462374,extracted/recovered-moj-judgments-pdf/recovered-moj-1434-v12-p345-3462374.pdf,moj-judgments-1434-volume-12.pdf,archive-sources/moj/1434/moj-judgments-1434-volume-12.pdf,7fbbefdb8b810d9daac796f824690c44b591184def9ac255751a20224fa7afc8,4104368,345,352,8,5ae131b4bbc97f7b3ee93b3e29e695f352850716fb1fe0a8b2bba3ebae8f7369,1261406,3e369c032106c91b3ca50f7f5eca8b804bdad1912f3976c5eb28c0916fa7688e,exact_duplicate_review
recovered-moj-1434-v12-p353-34167752,extracted/recovered-moj-judgments-pdf/recovered-moj-1434-v12-p353-34167752.pdf,moj-judgments-1434-volume-12.pdf,archive-sources/moj/1434/moj-judgments-1434-volume-12.pdf,7fbbefdb8b810d9daac796f824690c44b591184def9ac255751a20224fa7afc8,4104368,353,357,5,df69f39e3e9a5f2fd950ddf82f6a248517588b807668bcf8913b0e138e45439a,485263,128c19d254d72e677d778d2cc4d81327916ae671d969e5d4309a7e302fae23be,exact_duplicate_review
recovered-moj-1434-v12-p358-33675732,extracted/recovered-moj-judgments-pdf/recovered-moj-1434-v12-p358-33675732.pdf,moj-judgments-1434-volume-12.pdf,archive-sources/moj/1434/moj-judgments-1434-volume-12.pdf,7fbbefdb8b810d9daac796f824690c44b591184def9ac255751a20224fa7afc8,4104368,358,361,4,c35dc1dfab72b38b2936c71a4ccb8eb122b304d07c1f06a101df4e903164c71e,482895,16d070ed3375601ccff242a626826c824a597d44a6bb722329c132d7c2a7a7a8,exact_duplicate_review
recovered-moj-1434-v12-p362-34304332,extracted/recovered-moj-judgments-pdf/recovered-moj-1434-v12-p362-34304332.pdf,moj-judgments-1434-volume-12.pdf,archive-sources/moj/1434/moj-judgments-1434-volume-12.pdf,7fbbefdb8b810d9daac796f824690c44b591184def9ac255751a20224fa7afc8,4104368,362,365,4,92e51bac5ac29e8f5eb439e87d1b168ca947640b74f86ca12a6ccdcf05faf1fe,484875,3870f6acb947c07b5931ca1fa33633345fd18f8fffe88d19aa42127036bc1891,exact_duplicate_review
recovered-moj-1434-v12-p366-34346127,extracted/recovered-moj-judgments-pdf/recovered-moj-1434-v12-p366-34346127.pdf,moj-judgments-1434-volume-12.pdf,archive-sources/moj/1434/moj-judgments-1434-volume-12.pdf,7fbbefdb8b810d9daac796f824690c44b591184def9ac255751a20224fa7afc8,4104368,366,378,13,13742609b79085d20f60a89e2cf75aad33460c400f96eee7298a607c4cd13190,845741,379b7163c7bc9a2ae8f3f404058f6763bf2f32178eb795364785fcdcfa2dfd87,exact_duplicate_review
recovered-moj-1434-v14-p5-34185137,extracted/recovered-moj-judgments-pdf/recovered-moj-1434-v14-p5-34185137.pdf,moj-judgments-1434-volume-14.pdf,archive-sources/moj/1434/moj-judgments-1434-volume-14.pdf,0faac966c633e1dad8ee3f8223fa401525eafdf75d2803e8d35e6c072becc830,4476366,5,23,19,802ebb1a8a4b105c06a851b59b95c601419bf620a6de3f79bcc6cd692f6466dc,551105,0ccd23d19c1521aae86902fdcb881fe9ef4170f947617ef6fb276b6c618531d8,private_manual_review
recovered-moj-1434-v14-p24-34245891,extracted/recovered-moj-judgments-pdf/recovered-moj-1434-v14-p24-34245891.pdf,moj-judgments-1434-volume-14.pdf,archive-sources/moj/1434/moj-judgments-1434-volume-14.pdf,0faac966c633e1dad8ee3f8223fa401525eafdf75d2803e8d35e6c072becc830,4476366,24,28,5,8a46ddaafb00ff647e3d6db195f12f38c79b1e26d2e94e12a6d6f330629bfb8f,507864,586f0154610991666872449a49dc95d30a4ac81f454c8a927f2a89005aafb792,private_manual_review
recovered-moj-1434-v14-p29-3416746,extracted/recovered-moj-judgments-pdf/recovered-moj-1434-v14-p29-3416746.pdf,moj-judgments-1434-volume-14.pdf,archive-sources/moj/1434/moj-judgments-1434-volume-14.pdf,0faac966c633e1dad8ee3f8223fa401525eafdf75d2803e8d35e6c072becc830,4476366,29,38,10,602ab4de3f982d0ad86a1e5b5db56dcfb815be8098025f0511f3cf9a47f9014c,511170,50a6123bba6b64ed8d4a2bc60c6cd9abc04c53cd31db9a18751a8826c494584a,exact_duplicate_review
recovered-moj-1434-v14-p39-34215006,extracted/recovered-moj-judgments-pdf/recovered-moj-1434-v14-p39-34215006.pdf,moj-judgments-1434-volume-14.pdf,archive-sources/moj/1434/moj-judgments-1434-volume-14.pdf,0faac966c633e1dad8ee3f8223fa401525eafdf75d2803e8d35e6c072becc830,4476366,39,44,6,9eb4112d11719c76854c1d8b3aa9c54d95e6bb8fab2f720625ed9337e30a740c,502975,a01030f626e97213aea2f2852373d9e0a5a34734f19e7cd22383d149758e04fa,exact_duplicate_review
recovered-moj-1434-v14-p45-3452286,extracted/recovered-moj-judgments-pdf/recovered-moj-1434-v14-p45-3452286.pdf,moj-judgments-1434-volume-14.pdf,archive-sources/moj/1434/moj-judgments-1434-volume-14.pdf,0faac966c633e1dad8ee3f8223fa401525eafdf75d2803e8d35e6c072becc830,4476366,45,51,7,f2816043734f0a4d35d3e9cdc175acfd861c1a3ef27de1dc7674e3bd2fbd060c,492946,253c3ef29b0a335c11974df487648bc7b7dc05e33a81b2a39738475a3671a941,private_manual_review
recovered-moj-1434-v14-p52-33184397,extracted/recovered-moj-judgments-pdf/recovered-moj-1434-v14-p52-33184397.pdf,moj-judgments-1434-volume-14.pdf,archive-sources/moj/1434/moj-judgments-1434-volume-14.pdf,0faac966c633e1dad8ee3f8223fa401525eafdf75d2803e8d35e6c072becc830,4476366,52,59,8,73b22f7cfe74ef0aba7a22a130abe7debb8debb55c638c4f3681b1fe03f43ba4,516266,2e25358613834351c13931d7f03b5926e3de79168215a413bc81720d5b11c06b,private_manual_review
recovered-moj-1434-v14-p60-33414920,extracted/recovered-moj-judgments-pdf/recovered-moj-1434-v14-p60-33414920.pdf,moj-judgments-1434-volume-14.pdf,archive-sources/moj/1434/moj-judgments-1434-volume-14.pdf,0faac966c633e1dad8ee3f8223fa401525eafdf75d2803e8d35e6c072becc830,4476366,60,65,6,d7b94298134c38253b57784f2b05974bc69b25bead328471b0a3c64a0fc0c375,507900,d3c5846237cb07aba37f3573726fc59892187636a1ac870748e5a14f1fccbb6b,private_manual_review
recovered-moj-1434-v14-p66-3410235,extracted/recovered-moj-judgments-pdf/recovered-moj-1434-v14-p66-3410235.pdf,moj-judgments-1434-volume-14.pdf,archive-sources/moj/1434/moj-judgments-1434-volume-14.pdf,0faac966c633e1dad8ee3f8223fa401525eafdf75d2803e8d35e6c072becc830,4476366,66,80,15,28b3d67898d15e27cc6eca22749e9bf86b06c639788825c6b5d4a3cb241da6cf,1300638,28a188864c4eb5cd1d1e817a33c33a065a44f6ee3bf02b63b5780a655aacebce,exact_duplicate_review
recovered-moj-1434-v14-p81-34231206,extracted/recovered-moj-judgments-pdf/recovered-moj-1434-v14-p81-34231206.pdf,moj-judgments-1434-volume-14.pdf,archive-sources/moj/1434/moj-judgments-1434-volume-14.pdf,0faac966c633e1dad8ee3f8223fa401525eafdf75d2803e8d35e6c072becc830,4476366,81,88,8,d0a3cbab59b42876cffd015710e99e2866a7f6c5fe558be0ed1336126766c2fe,499133,9ef4b7234a150f96ac201da1bfe196cf4fcc0af707a1944c3e19599b1239207d,exact_duplicate_review
recovered-moj-1434-v14-p89-34214049,extracted/recovered-moj-judgments-pdf/recovered-moj-1434-v14-p89-34214049.pdf,moj-judgments-1434-volume-14.pdf,archive-sources/moj/1434/moj-judgments-1434-volume-14.pdf,0faac966c633e1dad8ee3f8223fa401525eafdf75d2803e8d35e6c072becc830,4476366,89,97,9,6fc3dc589be72274b33ccc33a12ac80cb26e10a20e71e6c56db58b98e06d59a3,500589,b453ff255fa679544b3406f47726e1d97bb1431927f4826e8b6bff2eed301451,private_manual_review
recovered-moj-1434-v14-p98-3427561,extracted/recovered-moj-judgments-pdf/recovered-moj-1434-v14-p98-3427561.pdf,moj-judgments-1434-volume-14.pdf,archive-sources/moj/1434/moj-judgments-1434-volume-14.pdf,0faac966c633e1dad8ee3f8223fa401525eafdf75d2803e8d35e6c072becc830,4476366,98,106,9,aaf6aa3cf687ce3cff510f8ee923361db37bed35f04b6e0e806c47687cafbd5d,518639,51e8905a2fc97ad55bd2627a960d0fff187e8c1cae7ebc1d51a2544decb2a4ce,exact_duplicate_review
recovered-moj-1434-v14-p107-34227320,extracted/recovered-moj-judgments-pdf/recovered-moj-1434-v14-p107-34227320.pdf,moj-judgments-1434-volume-14.pdf,archive-sources/moj/1434/moj-judgments-1434-volume-14.pdf,0faac966c633e1dad8ee3f8223fa401525eafdf75d2803e8d35e6c072becc830,4476366,107,112,6,22f7cb742e638ae712ed30205ee719902b2fe5d184984f74af8c9e4459ce39c4,503625,92ad846dc4d3bffd184fa5a63490f0218bf5c074237d5847e6dbadc6bd30044d,exact_duplicate_review
recovered-moj-1434-v14-p113-34190721,extracted/recovered-moj-judgments-pdf/recovered-moj-1434-v14-p113-34190721.pdf,moj-judgments-1434-volume-14.pdf,archive-sources/moj/1434/moj-judgments-1434-volume-14.pdf,0faac966c633e1dad8ee3f8223fa401525eafdf75d2803e8d35e6c072becc830,4476366,113,119,7,d0ed7cfcb1a5e4648ad6855ada47429d6588e6ec169cd4531259c1b1a4d0cb33,496836,72bf42ec3b86e25bdc21001195e7198d26073888123b2b87e9c45553c1581d3e,exact_duplicate_review
recovered-moj-1434-v14-p120-34314669,extracted/recovered-moj-judgments-pdf/recovered-moj-1434-v14-p120-34314669.pdf,moj-judgments-1434-volume-14.pdf,archive-sources/moj/1434/moj-judgments-1434-volume-14.pdf,0faac966c633e1dad8ee3f8223fa401525eafdf75d2803e8d35e6c072becc830,4476366,120,127,8,821f0f8ef3fcc85fb9b8f1b7e074f8d3671780ab65c497c4f35394c5de01c415,503618,610b4d11bd2264bbdbfc877a27c72eb5933145bc4fc13eecefdbfdb634b4148b,exact_duplicate_review
recovered-moj-1434-v14-p128-341325,extracted/recovered-moj-judgments-pdf/recovered-moj-1434-v14-p128-341325.pdf,moj-judgments-1434-volume-14.pdf,archive-sources/moj/1434/moj-judgments-1434-volume-14.pdf,0faac966c633e1dad8ee3f8223fa401525eafdf75d2803e8d35e6c072becc830,4476366,128,134,7,af8f1c7cb0fd429d87ea3314ecc50f8f561e05d7aaf563a21344b5fe8279fb5f,514194,529f4fa5729023124aae9bf70aac79751b0be7a1af357f74696d65f64c33c3cd,exact_duplicate_review
recovered-moj-1434-v14-p135-3453084,extracted/recovered-moj-judgments-pdf/recovered-moj-1434-v14-p135-3453084.pdf,moj-judgments-1434-volume-14.pdf,archive-sources/moj/1434/moj-judgments-1434-volume-14.pdf,0faac966c633e1dad8ee3f8223fa401525eafdf75d2803e8d35e6c072becc830,4476366,135,139,5,f790f04fa7bc0870243d287b9d640d3af0a784b77a8fff97968f4dc35963d221,490498,0ab3f6c5d54f15039998ab51527ab8282b2262c9cf712b26b06f6f7e6003d6de,exact_duplicate_review
recovered-moj-1434-v14-p140-34194906,extracted/recovered-moj-judgments-pdf/recovered-moj-1434-v14-p140-34194906.pdf,moj-judgments-1434-volume-14.pdf,archive-sources/moj/1434/moj-judgments-1434-volume-14.pdf,0faac966c633e1dad8ee3f8223fa401525eafdf75d2803e8d35e6c072becc830,4476366,140,150,11,b05cacaff4bf87f02efc1be91c1aa003b708793ed574dfb0b5c4323654754ea2,1272030,14a788a9e1c132e422cd35656b949efd351334031ae9d57344dcbca5e7ed181e,exact_duplicate_review
recovered-moj-1434-v14-p151-345654,extracted/recovered-moj-judgments-pdf/recovered-moj-1434-v14-p151-345654.pdf,moj-judgments-1434-volume-14.pdf,archive-sources/moj/1434/moj-judgments-1434-volume-14.pdf,0faac966c633e1dad8ee3f8223fa401525eafdf75d2803e8d35e6c072becc830,4476366,151,155,5,528e19acc26b60dc16d5b18d7feb8734bc62fd6ede11ac6a69727e5ba8acd403,486003,82f90086d063af2da1939456dcb391ce1bde95d0d939780c6e6e3aaec233ea5d,exact_duplicate_review
recovered-moj-1434-v14-p156-33268227,extracted/recovered-moj-judgments-pdf/recovered-moj-1434-v14-p156-33268227.pdf,moj-judgments-1434-volume-14.pdf,archive-sources/moj/1434/moj-judgments-1434-volume-14.pdf,0faac966c633e1dad8ee3f8223fa401525eafdf75d2803e8d35e6c072becc830,4476366,156,166,11,27b9a0a36a6a86cdaff66092b487f1879295de5d385a33f403720db2fb141989,523828,1acf284f226075d8cf3c4108e164bbc896347d92c6bba5d70dd05fcae4e98508,exact_duplicate_review
recovered-moj-1434-v14-p167-34248330,extracted/recovered-moj-judgments-pdf/recovered-moj-1434-v14-p167-34248330.pdf,moj-judgments-1434-volume-14.pdf,archive-sources/moj/1434/moj-judgments-1434-volume-14.pdf,0faac966c633e1dad8ee3f8223fa401525eafdf75d2803e8d35e6c072becc830,4476366,167,173,7,3e1c4fac8cea355fdbb97092e0eff8314ea5848d45e05105cc23f9d3e5efddd5,492506,b88e7fd297d544473507f17a1571aae63e9bff9d28ba58ba4a4618b359b33e3f,exact_duplicate_review
recovered-moj-1434-v14-p174-33300169,extracted/recovered-moj-judgments-pdf/recovered-moj-1434-v14-p174-33300169.pdf,moj-judgments-1434-volume-14.pdf,archive-sources/moj/1434/moj-judgments-1434-volume-14.pdf,0faac966c633e1dad8ee3f8223fa401525eafdf75d2803e8d35e6c072becc830,4476366,174,180,7,ebaa7da8e4ec83debe9807a43bf0f20189ec51f76e0c895fcc4e8ea9606ac67d,515734,ad932c05433b7011f1fa8e1273b733eb186404fa33e1215b9b885e02a2768381,exact_duplicate_review
recovered-moj-1434-v14-p181-33380550,extracted/recovered-moj-judgments-pdf/recovered-moj-1434-v14-p181-33380550.pdf,moj-judgments-1434-volume-14.pdf,archive-sources/moj/1434/moj-judgments-1434-volume-14.pdf,0faac966c633e1dad8ee3f8223fa401525eafdf75d2803e8d35e6c072becc830,4476366,181,211,31,f1b5d67ed58ba9ceefbd4751a2a06d37579efe78feff9558905b7a5a97c5c51e,575766,7bd664456389ca7ab736b6cdc2eeca77c6d6c01f71c6a3ca090a7c5d4473136f,private_manual_review
recovered-moj-1434-v14-p212-33440269,extracted/recovered-moj-judgments-pdf/recovered-moj-1434-v14-p212-33440269.pdf,moj-judgments-1434-volume-14.pdf,archive-sources/moj/1434/moj-judgments-1434-volume-14.pdf,0faac966c633e1dad8ee3f8223fa401525eafdf75d2803e8d35e6c072becc830,4476366,212,221,10,bddc0d09144f1ec00c79eec115f9666a1a53b9ab13fa3ceb6d1793f6ba1caf04,515571,f0b6214d9a4479f52deb4685d0c5dc0e3824fc3000f1b94feae7a7e250000812,exact_duplicate_review
recovered-moj-1434-v14-p222-33438000,extracted/recovered-moj-judgments-pdf/recovered-moj-1434-v14-p222-33438000.pdf,moj-judgments-1434-volume-14.pdf,archive-sources/moj/1434/moj-judgments-1434-volume-14.pdf,0faac966c633e1dad8ee3f8223fa401525eafdf75d2803e8d35e6c072becc830,4476366,222,227,6,980b1d91d14324d8706cbcd55cf49c515cd7087ed9a966ddfe24117b3804fa0f,505967,96838850b0fb2408a47d8f101ea95f9654f0413791f024ec47a4f766ef827875,private_manual_review
recovered-moj-1434-v14-p228-33446401,extracted/recovered-moj-judgments-pdf/recovered-moj-1434-v14-p228-33446401.pdf,moj-judgments-1434-volume-14.pdf,archive-sources/moj/1434/moj-judgments-1434-volume-14.pdf,0faac966c633e1dad8ee3f8223fa401525eafdf75d2803e8d35e6c072becc830,4476366,228,247,20,a6d7d797696733d731b39a58ec803b26e429e6d8ca30bd25d963cfeefc6c88e4,546601,2babf5942d3babc85bb2109c9bdb0c9e8d0c221eba85690e3f05eb9dc6262473,exact_duplicate_review
recovered-moj-1434-v14-p248-33466642,extracted/recovered-moj-judgments-pdf/recovered-moj-1434-v14-p248-33466642.pdf,moj-judgments-1434-volume-14.pdf,archive-sources/moj/1434/moj-judgments-1434-volume-14.pdf,0faac966c633e1dad8ee3f8223fa401525eafdf75d2803e8d35e6c072becc830,4476366,248,253,6,efadb6894ffc75ebf35eb7c8ec956894c245b17854a5a5b0f6a52c20bd3cc61c,498873,cf8fb49b85ab2298d2f24e124bf7adb6202813e582a80b0fcd958cc875eb61a0,exact_duplicate_review
recovered-moj-1434-v14-p254-34263569,extracted/recovered-moj-judgments-pdf/recovered-moj-1434-v14-p254-34263569.pdf,moj-judgments-1434-volume-14.pdf,archive-sources/moj/1434/moj-judgments-1434-volume-14.pdf,0faac966c633e1dad8ee3f8223fa401525eafdf75d2803e8d35e6c072becc830,4476366,254,259,6,993413e60bf536fc268f16c82879a1d8d4526757168e35b36b95d2f09474ca75,498403,113d0f6bdbb0e0292e137fde168ebccb89d0afb989688d48088c6cab77f73eea,exact_duplicate_review
recovered-moj-1434-v14-p260-34288327,extracted/recovered-moj-judgments-pdf/recovered-moj-1434-v14-p260-34288327.pdf,moj-judgments-1434-volume-14.pdf,archive-sources/moj/1434/moj-judgments-1434-volume-14.pdf,0faac966c633e1dad8ee3f8223fa401525eafdf75d2803e8d35e6c072becc830,4476366,260,270,11,15c5106e9c43e67d3541048a339f787840091bedb76887841f0fd609a1995dd4,1269780,e6604fd746b21c7e77bd484ad7aa0edaa9179bfd901074d999acffa1e9240501,exact_duplicate_review
recovered-moj-1434-v14-p271-3411182,extracted/recovered-moj-judgments-pdf/recovered-moj-1434-v14-p271-3411182.pdf,moj-judgments-1434-volume-14.pdf,archive-sources/moj/1434/moj-judgments-1434-volume-14.pdf,0faac966c633e1dad8ee3f8223fa401525eafdf75d2803e8d35e6c072becc830,4476366,271,275,5,17944af11a227922d0110f0cfbe10e21991e7062b46ddef1fe8de4d05b59adf9,491700,97eb1707058f0ef2a0388d302abf30d6c98ccc92136f07edbfc0691f23e41881,exact_duplicate_review
recovered-moj-1434-v14-p276-3445972,extracted/recovered-moj-judgments-pdf/recovered-moj-1434-v14-p276-3445972.pdf,moj-judgments-1434-volume-14.pdf,archive-sources/moj/1434/moj-judgments-1434-volume-14.pdf,0faac966c633e1dad8ee3f8223fa401525eafdf75d2803e8d35e6c072becc830,4476366,276,289,14,95bf4b70bdb81e6252bad0cf99dce110d1157e6273aedc13fb4b8ec3bf8c2078,518923,944769f57acbe4662d0e5694fc6e3ecb247f8bf31421d0015abee83f9ea2ea5d,private_manual_review
recovered-moj-1434-v14-p290-34349928,extracted/recovered-moj-judgments-pdf/recovered-moj-1434-v14-p290-34349928.pdf,moj-judgments-1434-volume-14.pdf,archive-sources/moj/1434/moj-judgments-1434-volume-14.pdf,0faac966c633e1dad8ee3f8223fa401525eafdf75d2803e8d35e6c072becc830,4476366,290,293,4,324a025f9105f7c44442a17aac489281ac75696f133211ddd08883f53646c455,489813,5e6489c3ddfd350af09c1622a6e53108bf9fe9bb04a978830e766971d41927b7,exact_duplicate_review
recovered-moj-1434-v14-p294-34334680,extracted/recovered-moj-judgments-pdf/recovered-moj-1434-v14-p294-34334680.pdf,moj-judgments-1434-volume-14.pdf,archive-sources/moj/1434/moj-judgments-1434-volume-14.pdf,0faac966c633e1dad8ee3f8223fa401525eafdf75d2803e8d35e6c072becc830,4476366,294,300,7,7206ddd19cb4846dcce37ddaa33823b8818bebbc57f723ad60e61a3fd1e9b1af,1264749,879644f4d562758cf12b46ff09c3a7e46b80b5037a4cbd3b920f242dd52b1c18,exact_duplicate_review
recovered-moj-1434-v14-p301-3420794,extracted/recovered-moj-judgments-pdf/recovered-moj-1434-v14-p301-3420794.pdf,moj-judgments-1434-volume-14.pdf,archive-sources/moj/1434/moj-judgments-1434-volume-14.pdf,0faac966c633e1dad8ee3f8223fa401525eafdf75d2803e8d35e6c072becc830,4476366,301,306,6,63719855aea6d839643b3d92a1921303c211ae00791c934290b2f989176c81ce,505214,2643121f6a120e106d20cba1f2069b36e4f0c3e0ca29d06135dac10c1d4bf0c7,exact_duplicate_review
recovered-moj-1434-v14-p307-3412775,extracted/recovered-moj-judgments-pdf/recovered-moj-1434-v14-p307-3412775.pdf,moj-judgments-1434-volume-14.pdf,archive-sources/moj/1434/moj-judgments-1434-volume-14.pdf,0faac966c633e1dad8ee3f8223fa401525eafdf75d2803e8d35e6c072becc830,4476366,307,314,8,ac11d659190a50eaf0d8da3246d47e89bccfc666babe703b0cfe2dfbdb491175,502926,2b692276535294e196f09ffa3468fb2a8a96646c716cbda6b7ef642eaa12e747,exact_duplicate_review
recovered-moj-1434-v14-p315-33299196,extracted/recovered-moj-judgments-pdf/recovered-moj-1434-v14-p315-33299196.pdf,moj-judgments-1434-volume-14.pdf,archive-sources/moj/1434/moj-judgments-1434-volume-14.pdf,0faac966c633e1dad8ee3f8223fa401525eafdf75d2803e8d35e6c072becc830,4476366,315,329,15,38de936dc0198916c78665d694baaf3721aed94672a85d55a60e3bf2f593f494,519462,fbb08e7136d636383ef424c822027bb0084b821cf9e4fda31d1387d8734a425c,exact_duplicate_review
recovered-moj-1434-v14-p330-33356003,extracted/recovered-moj-judgments-pdf/recovered-moj-1434-v14-p330-33356003.pdf,moj-judgments-1434-volume-14.pdf,archive-sources/moj/1434/moj-judgments-1434-volume-14.pdf,0faac966c633e1dad8ee3f8223fa401525eafdf75d2803e8d35e6c072becc830,4476366,330,336,7,95344221c84d137c99582f7374ae2d32b6cd5d9bc9c4fcfe41567a60a34988cb,516088,cf36880acf58a89cfd678dc00f0ba8927b22689d27bca72ee02a5793177726b0,exact_duplicate_review
recovered-moj-1434-v14-p337-34200178,extracted/recovered-moj-judgments-pdf/recovered-moj-1434-v14-p337-34200178.pdf,moj-judgments-1434-volume-14.pdf,archive-sources/moj/1434/moj-judgments-1434-volume-14.pdf,0faac966c633e1dad8ee3f8223fa401525eafdf75d2803e8d35e6c072becc830,4476366,337,341,5,752ab6f35eeabb53402df3fe7e3db920f639c3a0a9abf6213d166433e0cb1d6b,485724,834654c990e15fc28c3203021a06ed71601aa34b4d19fbd62bf110cdf9761d42,exact_duplicate_review
recovered-moj-1434-v14-p342-34209377,extracted/recovered-moj-judgments-pdf/recovered-moj-1434-v14-p342-34209377.pdf,moj-judgments-1434-volume-14.pdf,archive-sources/moj/1434/moj-judgments-1434-volume-14.pdf,0faac966c633e1dad8ee3f8223fa401525eafdf75d2803e8d35e6c072becc830,4476366,342,351,10,466bf0facd7f27beabfa255730709d593781b38ef9ece2adee8cd9af9ebb6e64,532004,775686c50e2d095f44a6ce532c8e725ca5125388a7eb0d8224845012cdea33d0,exact_duplicate_review
recovered-moj-1434-v14-p352-34209411,extracted/recovered-moj-judgments-pdf/recovered-moj-1434-v14-p352-34209411.pdf,moj-judgments-1434-volume-14.pdf,archive-sources/moj/1434/moj-judgments-1434-volume-14.pdf,0faac966c633e1dad8ee3f8223fa401525eafdf75d2803e8d35e6c072becc830,4476366,352,355,4,846f40a46d06e32174b48cd26bb94a141c1e9d4fefd7dab5e072691df6a96fea,498939,9e1b3290be594e5b5f5a1530b1865f94e4e1f65fc7b7e9972965f273229626e9,exact_duplicate_review
recovered-moj-1434-v14-p356-34367167,extracted/recovered-moj-judgments-pdf/recovered-moj-1434-v14-p356-34367167.pdf,moj-judgments-1434-volume-14.pdf,archive-sources/moj/1434/moj-judgments-1434-volume-14.pdf,0faac966c633e1dad8ee3f8223fa401525eafdf75d2803e8d35e6c072becc830,4476366,356,359,4,bafeb962f490f77598ac2c7c4d08a455289328f1e279f40a41339ff2483ac582,502822,495257ed38760f0581c69ce696e0df234397c27982f59a3b6805efeb6a40f4e2,exact_duplicate_review
recovered-moj-1434-v14-p360-34253942,extracted/recovered-moj-judgments-pdf/recovered-moj-1434-v14-p360-34253942.pdf,moj-judgments-1434-volume-14.pdf,archive-sources/moj/1434/moj-judgments-1434-volume-14.pdf,0faac966c633e1dad8ee3f8223fa401525eafdf75d2803e8d35e6c072becc830,4476366,360,376,17,2b899c2a9db9d2cc520b4b0740f692325e4ab96b55400994ed23cc824913acca,866315,66bebc9509b1006de5c9891059530b849f26353f554073e557472d0255df427d,exact_duplicate_review
recovered-moj-1434-v15-p5-3452447,extracted/recovered-moj-judgments-pdf/recovered-moj-1434-v15-p5-3452447.pdf,moj-judgments-1434-volume-15.pdf,archive-sources/moj/1434/moj-judgments-1434-volume-15.pdf,3e70236bdf469ad1869f69fe165b936b4af1b67d6540fa32c467ff95360207e8,4853226,5,8,4,de1182e9c24f37be6bf1bc5fd34351e9e8d69295d0ac076246f582f19387fc0b,492195,f67f653a1a7dfeba31d5f2d89a0799dede20b700bc9d2fa3d28c351a9942bfcc,exact_duplicate_review
recovered-moj-1434-v15-p9-34186223,extracted/recovered-moj-judgments-pdf/recovered-moj-1434-v15-p9-34186223.pdf,moj-judgments-1434-volume-15.pdf,archive-sources/moj/1434/moj-judgments-1434-volume-15.pdf,3e70236bdf469ad1869f69fe165b936b4af1b67d6540fa32c467ff95360207e8,4853226,9,16,8,5ec656e34cd206db3ebd515f85dbfe86bdbccbe72c96d6a3f7c12d058ee47789,513880,4e04b8e5cce7afc5e18b80b0b5fa4affd7d739a30c80cc740770ff67c15e6d41,exact_duplicate_review
recovered-moj-1434-v15-p17-34276758,extracted/recovered-moj-judgments-pdf/recovered-moj-1434-v15-p17-34276758.pdf,moj-judgments-1434-volume-15.pdf,archive-sources/moj/1434/moj-judgments-1434-volume-15.pdf,3e70236bdf469ad1869f69fe165b936b4af1b67d6540fa32c467ff95360207e8,4853226,17,26,10,f4a67fc57f324f9367b8dd9596446ca8dff041a48884d5b416384ce81ab9a4b4,1266508,693d444f864da734047b5856f37363260b17cef9ea4b8a98bbedb54271dae152,exact_duplicate_review
recovered-moj-1434-v15-p27-3436685,extracted/recovered-moj-judgments-pdf/recovered-moj-1434-v15-p27-3436685.pdf,moj-judgments-1434-volume-15.pdf,archive-sources/moj/1434/moj-judgments-1434-volume-15.pdf,3e70236bdf469ad1869f69fe165b936b4af1b67d6540fa32c467ff95360207e8,4853226,27,31,5,62e89d9dc6f7b3d0efa758ad794f905c89ac16ac2d27f4b47f4983fb25326f50,484231,944e13511de913f099556b04eb09753bde0aa8c02e1b7aca74d39ad613e24767,exact_duplicate_review
recovered-moj-1434-v15-p32-342288858,extracted/recovered-moj-judgments-pdf/recovered-moj-1434-v15-p32-342288858.pdf,moj-judgments-1434-volume-15.pdf,archive-sources/moj/1434/moj-judgments-1434-volume-15.pdf,3e70236bdf469ad1869f69fe165b936b4af1b67d6540fa32c467ff95360207e8,4853226,32,65,34,6060856af57332a59c5fbfa7526d6457e60d516ab2bc5187729adad33c58b02e,580405,a29fbd9b572364b4e79c7dbbf27a3f33cc59ad83276ec2fca5dbe63857243d93,exact_duplicate_review
recovered-moj-1434-v15-p66-33465824,extracted/recovered-moj-judgments-pdf/recovered-moj-1434-v15-p66-33465824.pdf,moj-judgments-1434-volume-15.pdf,archive-sources/moj/1434/moj-judgments-1434-volume-15.pdf,3e70236bdf469ad1869f69fe165b936b4af1b67d6540fa32c467ff95360207e8,4853226,66,70,5,fe9572e0da29adc96fa12afc374ce7c4dfa36c586d75dcb2f6d46b6f303bf7c1,503608,472c36996d06cc235b89547ebf18e392a8133f3d5143bf90b160b89d96ea11c4,exact_duplicate_review
recovered-moj-1434-v15-p71-34285562,extracted/recovered-moj-judgments-pdf/recovered-moj-1434-v15-p71-34285562.pdf,moj-judgments-1434-volume-15.pdf,archive-sources/moj/1434/moj-judgments-1434-volume-15.pdf,3e70236bdf469ad1869f69fe165b936b4af1b67d6540fa32c467ff95360207e8,4853226,71,78,8,a29bccbbd0a6800736477aa172c33e924b51c699f8ccbfda101c322dd59f5540,1251479,e80c62ad3200e7d2b80b6235767176a750896745f7a729b3b17b9af0cbaaa394,exact_duplicate_review
recovered-moj-1434-v15-p79-33481272,extracted/recovered-moj-judgments-pdf/recovered-moj-1434-v15-p79-33481272.pdf,moj-judgments-1434-volume-15.pdf,archive-sources/moj/1434/moj-judgments-1434-volume-15.pdf,3e70236bdf469ad1869f69fe165b936b4af1b67d6540fa32c467ff95360207e8,4853226,79,85,7,8c1d791399e26f924329eb47d00d8395cd3f581010307baf67429247c2dbd23c,490316,080db612bd6712fa645acb35d098d073bc1916639767f4c3b653e8f0beb5e155,exact_duplicate_review
recovered-moj-1434-v15-p86-3424400,extracted/recovered-moj-judgments-pdf/recovered-moj-1434-v15-p86-3424400.pdf,moj-judgments-1434-volume-15.pdf,archive-sources/moj/1434/moj-judgments-1434-volume-15.pdf,3e70236bdf469ad1869f69fe165b936b4af1b67d6540fa32c467ff95360207e8,4853226,86,91,6,7a07f5c333a048cf027c0b54d78d0957d9faddfba4703127807c854687b0ebfb,492955,f3592014b4a68d3971594771fd708d36a0bd35218ccd5522d63facbb2d70c4cd,exact_duplicate_review
recovered-moj-1434-v15-p92-344926,extracted/recovered-moj-judgments-pdf/recovered-moj-1434-v15-p92-344926.pdf,moj-judgments-1434-volume-15.pdf,archive-sources/moj/1434/moj-judgments-1434-volume-15.pdf,3e70236bdf469ad1869f69fe165b936b4af1b67d6540fa32c467ff95360207e8,4853226,92,98,7,de9ba7d7d75804cc34b437a6aa111ccb24bda8b89ca2b9067ea8061f9eb1666e,514137,ec4d58154b23a83469211b552a00bf223a63144be6f7ede8ddff585e77226c7f,exact_duplicate_review
recovered-moj-1434-v15-p99-34188141,extracted/recovered-moj-judgments-pdf/recovered-moj-1434-v15-p99-34188141.pdf,moj-judgments-1434-volume-15.pdf,archive-sources/moj/1434/moj-judgments-1434-volume-15.pdf,3e70236bdf469ad1869f69fe165b936b4af1b67d6540fa32c467ff95360207e8,4853226,99,102,4,4fdc96c41d27fe8a1191643ad6f84688f846c62760ebf3269d508b2b11d50dbf,492331,aef143e369be260905ab355e700c88c041a2cb788f388bb010372cf843fabf95,exact_duplicate_review
recovered-moj-1434-v15-p103-34303460,extracted/recovered-moj-judgments-pdf/recovered-moj-1434-v15-p103-34303460.pdf,moj-judgments-1434-volume-15.pdf,archive-sources/moj/1434/moj-judgments-1434-volume-15.pdf,3e70236bdf469ad1869f69fe165b936b4af1b67d6540fa32c467ff95360207e8,4853226,103,107,5,3a9203eb604fd7cd71bddedd60485fb7de6acd82834046eca7d75c7df8e7d942,484624,3f9ec236b2ad0f366dcd9ee6c1013f2bc4b70ad76fe3dde25bc9e253005bc9a4,exact_duplicate_review
recovered-moj-1434-v15-p108-34195303,extracted/recovered-moj-judgments-pdf/recovered-moj-1434-v15-p108-34195303.pdf,moj-judgments-1434-volume-15.pdf,archive-sources/moj/1434/moj-judgments-1434-volume-15.pdf,3e70236bdf469ad1869f69fe165b936b4af1b67d6540fa32c467ff95360207e8,4853226,108,111,4,5a9d3aac081ee6978921dd06f491ca3f5cab5935842211c28959dbebd7315da2,493407,86e50600f209e2492b57d98212ef3b108bc864e568150c6d3f68f53f609df35c,private_manual_review
recovered-moj-1434-v15-p112-34218358,extracted/recovered-moj-judgments-pdf/recovered-moj-1434-v15-p112-34218358.pdf,moj-judgments-1434-volume-15.pdf,archive-sources/moj/1434/moj-judgments-1434-volume-15.pdf,3e70236bdf469ad1869f69fe165b936b4af1b67d6540fa32c467ff95360207e8,4853226,112,115,4,048e6449c7aa0aebe954571b565fed184711d3fdacc0d62ef51eb944f2e376a4,493061,999160b82ae9fba41b0713506df5ef3abb8e7b4cb51bb8fa01a4d4590b5dc9d9,exact_duplicate_review
recovered-moj-1434-v15-p116-34192316,extracted/recovered-moj-judgments-pdf/recovered-moj-1434-v15-p116-34192316.pdf,moj-judgments-1434-volume-15.pdf,archive-sources/moj/1434/moj-judgments-1434-volume-15.pdf,3e70236bdf469ad1869f69fe165b936b4af1b67d6540fa32c467ff95360207e8,4853226,116,121,6,9470c60c7595decf571b28493e2aa937566cedf13dbfee8d007b1a315ce5cd94,496229,09d7b15db3e13f698a14a125a5795ba8f202568e4e41a65f5386535a37f8a496,exact_duplicate_review
recovered-moj-1434-v15-p122-34330734,extracted/recovered-moj-judgments-pdf/recovered-moj-1434-v15-p122-34330734.pdf,moj-judgments-1434-volume-15.pdf,archive-sources/moj/1434/moj-judgments-1434-volume-15.pdf,3e70236bdf469ad1869f69fe165b936b4af1b67d6540fa32c467ff95360207e8,4853226,122,129,8,4b121f53354bd2a434141746695e67c2129b9f55962709a60fb43d1eb5f0f5f6,505320,a794940f5487a5bbaa4c43d20188a22d500080aefa0c672b2987285dcc192900,exact_duplicate_review
recovered-moj-1434-v15-p130-34241950,extracted/recovered-moj-judgments-pdf/recovered-moj-1434-v15-p130-34241950.pdf,moj-judgments-1434-volume-15.pdf,archive-sources/moj/1434/moj-judgments-1434-volume-15.pdf,3e70236bdf469ad1869f69fe165b936b4af1b67d6540fa32c467ff95360207e8,4853226,130,137,8,904095b4a0042a9469b6596e6609dcd55c61e5f56689d1d1df50c439310d317a,503187,68ac6c9c2c70ce2e095b49586c7df208000ae9c8dda2da2765f9917647ab215c,exact_duplicate_review
recovered-moj-1434-v15-p138-34246414,extracted/recovered-moj-judgments-pdf/recovered-moj-1434-v15-p138-34246414.pdf,moj-judgments-1434-volume-15.pdf,archive-sources/moj/1434/moj-judgments-1434-volume-15.pdf,3e70236bdf469ad1869f69fe165b936b4af1b67d6540fa32c467ff95360207e8,4853226,138,146,9,a539c29ac74f84bc19fa8cc61e19b50c181614c94da56fceb5ef578de27e37ae,1268728,f8920966d8ea3f78d7263b965d15c529ff115bd6ffa4949c7adf13b9ea549d56,exact_duplicate_review
recovered-moj-1434-v15-p147-33269759,extracted/recovered-moj-judgments-pdf/recovered-moj-1434-v15-p147-33269759.pdf,moj-judgments-1434-volume-15.pdf,archive-sources/moj/1434/moj-judgments-1434-volume-15.pdf,3e70236bdf469ad1869f69fe165b936b4af1b67d6540fa32c467ff95360207e8,4853226,147,152,6,e6b78eb4835e29614e82a31200272aed13648a9d4fdd2766c69582427d5dace9,1245320,09fdd391a09cd0eed1de79cb2c6990dda9a4227b652bd435b06fb72031369c86,exact_duplicate_review
recovered-moj-1434-v15-p153-34176751,extracted/recovered-moj-judgments-pdf/recovered-moj-1434-v15-p153-34176751.pdf,moj-judgments-1434-volume-15.pdf,archive-sources/moj/1434/moj-judgments-1434-volume-15.pdf,3e70236bdf469ad1869f69fe165b936b4af1b67d6540fa32c467ff95360207e8,4853226,153,158,6,a695a63123379b7b6df815ec98e52b77a0626e4afe6b279dfcc58edfa25b4511,498036,8c57e0659f6fe38e0a0de3346ea1fd4330133f06acaeb4213e9fb8826f7f10e0,exact_duplicate_review
recovered-moj-1434-v15-p159-34222635,extracted/recovered-moj-judgments-pdf/recovered-moj-1434-v15-p159-34222635.pdf,moj-judgments-1434-volume-15.pdf,archive-sources/moj/1434/moj-judgments-1434-volume-15.pdf,3e70236bdf469ad1869f69fe165b936b4af1b67d6540fa32c467ff95360207e8,4853226,159,166,8,06b3d3ab7b7c83361a5fdb2c56f9e7226b020c61ad63f3087e4d21a0fa036c87,506717,6e3e3f2c4a74ebf9db18a0bef9843ff8ad73da1b59ba1c5b35122391d61b9600,exact_duplicate_review
recovered-moj-1434-v15-p167-34300748,extracted/recovered-moj-judgments-pdf/recovered-moj-1434-v15-p167-34300748.pdf,moj-judgments-1434-volume-15.pdf,archive-sources/moj/1434/moj-judgments-1434-volume-15.pdf,3e70236bdf469ad1869f69fe165b936b4af1b67d6540fa32c467ff95360207e8,4853226,167,169,3,72eb236de91b8b7bc470c36791a6816172ce3b50d8b898e0dfa8c93be2f08530,481207,46cb5232939547213bc932a97e82d5016ae02b77414c67491d20efed55102520,private_manual_review
recovered-moj-1434-v15-p170-34314511,extracted/recovered-moj-judgments-pdf/recovered-moj-1434-v15-p170-34314511.pdf,moj-judgments-1434-volume-15.pdf,archive-sources/moj/1434/moj-judgments-1434-volume-15.pdf,3e70236bdf469ad1869f69fe165b936b4af1b67d6540fa32c467ff95360207e8,4853226,170,176,7,7c05853465dc68e02dffaa50397e2bf1818aa31e7f203cda944b1004d166489f,1221926,72177e74e371491bee40caa501f1c7ed55a6379de7529b2e8ba896522f10502c,private_manual_review
recovered-moj-1434-v15-p177-341787359,extracted/recovered-moj-judgments-pdf/recovered-moj-1434-v15-p177-341787359.pdf,moj-judgments-1434-volume-15.pdf,archive-sources/moj/1434/moj-judgments-1434-volume-15.pdf,3e70236bdf469ad1869f69fe165b936b4af1b67d6540fa32c467ff95360207e8,4853226,177,180,4,c7a063e9f693b15ddf6290fa919f07e365035410f4b8f3be6b71d493d3564a8d,499675,2efd1a8f5441a8a4285f0a8cde64f08b72d2cf989d4f093246c56d717fed922d,exact_duplicate_review
recovered-moj-1434-v15-p181-34311083,extracted/recovered-moj-judgments-pdf/recovered-moj-1434-v15-p181-34311083.pdf,moj-judgments-1434-volume-15.pdf,archive-sources/moj/1434/moj-judgments-1434-volume-15.pdf,3e70236bdf469ad1869f69fe165b936b4af1b67d6540fa32c467ff95360207e8,4853226,181,182,2,57b82c7308bfefca1aa60af1a2c5c70aae1246b5c7b1398a1de2f516e018af28,480454,24c2b433ae76d369564bba7952f1d34d95f44acc3aa2502003ab64c834a59a40,exact_duplicate_review
recovered-moj-1434-v15-p183-34274834,extracted/recovered-moj-judgments-pdf/recovered-moj-1434-v15-p183-34274834.pdf,moj-judgments-1434-volume-15.pdf,archive-sources/moj/1434/moj-judgments-1434-volume-15.pdf,3e70236bdf469ad1869f69fe165b936b4af1b67d6540fa32c467ff95360207e8,4853226,183,187,5,e84791e5279f533c3f6978cefdb7ddc4fb57e74e5cca5678c0edfa768a917a1d,485948,8b71a3b54fba6057300250ec39a73d9436d362ccee39b0edca94b257064710f0,exact_duplicate_review
recovered-moj-1434-v15-p188-3467638,extracted/recovered-moj-judgments-pdf/recovered-moj-1434-v15-p188-3467638.pdf,moj-judgments-1434-volume-15.pdf,archive-sources/moj/1434/moj-judgments-1434-volume-15.pdf,3e70236bdf469ad1869f69fe165b936b4af1b67d6540fa32c467ff95360207e8,4853226,188,195,8,e75a09ac10dccb3ca6ce86f0f5f95f87201136c63c2b3db86a0834b9cb2922b8,507529,3698b73b3ec74eac06892f711ff38a716fd850fcbea474a3bc5c1ad8555590c9,exact_duplicate_review
recovered-moj-1434-v15-p196-34408552,extracted/recovered-moj-judgments-pdf/recovered-moj-1434-v15-p196-34408552.pdf,moj-judgments-1434-volume-15.pdf,archive-sources/moj/1434/moj-judgments-1434-volume-15.pdf,3e70236bdf469ad1869f69fe165b936b4af1b67d6540fa32c467ff95360207e8,4853226,196,200,5,51ca01aefdeaac1dcaef07fe99c7c59e60b1a9dbcf4abf4c4b73a3ec9e015c54,496982,05893839e668f79a24b0e0fd4eed5e2da5d8ad7b0a5375117a4dad2c9ab7cc3d,exact_duplicate_review
recovered-moj-1434-v15-p201-34329653,extracted/recovered-moj-judgments-pdf/recovered-moj-1434-v15-p201-34329653.pdf,moj-judgments-1434-volume-15.pdf,archive-sources/moj/1434/moj-judgments-1434-volume-15.pdf,3e70236bdf469ad1869f69fe165b936b4af1b67d6540fa32c467ff95360207e8,4853226,201,208,8,0cdb1a6c7e888816414228f65389935a08eab281ab97928161dd2d18399c7054,498134,5468752fb1d7bc6e985270198c2e69d0593dbba14948da06fb87a59dd714b222,exact_duplicate_review
recovered-moj-1434-v15-p209-33454757,extracted/recovered-moj-judgments-pdf/recovered-moj-1434-v15-p209-33454757.pdf,moj-judgments-1434-volume-15.pdf,archive-sources/moj/1434/moj-judgments-1434-volume-15.pdf,3e70236bdf469ad1869f69fe165b936b4af1b67d6540fa32c467ff95360207e8,4853226,209,212,4,59e6003408989e3657efbcb65b30db12e1fe57ddde4f2741f48be36f87a767d4,489270,03e09187db730022c78879d90969de5b1e609fc2a002aa324c513c3d65ef091b,exact_duplicate_review
recovered-moj-1434-v15-p213-34233705,extracted/recovered-moj-judgments-pdf/recovered-moj-1434-v15-p213-34233705.pdf,moj-judgments-1434-volume-15.pdf,archive-sources/moj/1434/moj-judgments-1434-volume-15.pdf,3e70236bdf469ad1869f69fe165b936b4af1b67d6540fa32c467ff95360207e8,4853226,213,221,9,36ad91e0495873e4716baa7c2c95677c2d2c111481d9299b1f0e1f94623aea3d,502327,c4982bffb4b2677e1fb08adc5e5b1c88c940f841d46fe224053f67b563be40dd,exact_duplicate_review
recovered-moj-1434-v15-p222-33361564,extracted/recovered-moj-judgments-pdf/recovered-moj-1434-v15-p222-33361564.pdf,moj-judgments-1434-volume-15.pdf,archive-sources/moj/1434/moj-judgments-1434-volume-15.pdf,3e70236bdf469ad1869f69fe165b936b4af1b67d6540fa32c467ff95360207e8,4853226,222,226,5,ae2898eb4d88034735c2c8a6391a55e301d672bd28636006cf4366ded24d92ec,496535,8b95ed4686bd5b174ae2d84829618b8f8de25f25e1da6aae53fe6d2ad0a98504,exact_duplicate_review
recovered-moj-1434-v15-p227-34168835,extracted/recovered-moj-judgments-pdf/recovered-moj-1434-v15-p227-34168835.pdf,moj-judgments-1434-volume-15.pdf,archive-sources/moj/1434/moj-judgments-1434-volume-15.pdf,3e70236bdf469ad1869f69fe165b936b4af1b67d6540fa32c467ff95360207e8,4853226,227,231,5,f75aa1db3bd1eb4a70bd560e804ac0e8c54bb5a5a304ed011ea1581b35cb2b68,485159,fff83d8d59853a7d71ea6f41c36d28a33bb031d3dbf0bfc04b6f5196111fa617,exact_duplicate_review
recovered-moj-1434-v15-p232-33470723,extracted/recovered-moj-judgments-pdf/recovered-moj-1434-v15-p232-33470723.pdf,moj-judgments-1434-volume-15.pdf,archive-sources/moj/1434/moj-judgments-1434-volume-15.pdf,3e70236bdf469ad1869f69fe165b936b4af1b67d6540fa32c467ff95360207e8,4853226,232,237,6,c05ec70dc5fcb7158ca733c36269123afcca247b68abbb160ee5c98528492ae7,496374,b2571353496ef3677edc159713097553ed5e94901f87f5a98c0908ed674bb906,exact_duplicate_review
recovered-moj-1434-v15-p238-3423764,extracted/recovered-moj-judgments-pdf/recovered-moj-1434-v15-p238-3423764.pdf,moj-judgments-1434-volume-15.pdf,archive-sources/moj/1434/moj-judgments-1434-volume-15.pdf,3e70236bdf469ad1869f69fe165b936b4af1b67d6540fa32c467ff95360207e8,4853226,238,242,5,69a12f7063af2e9b3858191106e9a230f32a862fa1a918c6d17548571a4d14d5,495414,a3debd85afbc813863157fe390b81d886797a3a01d0f3d526e0466a08f1beb75,exact_duplicate_review
recovered-moj-1434-v15-p243-3427654,extracted/recovered-moj-judgments-pdf/recovered-moj-1434-v15-p243-3427654.pdf,moj-judgments-1434-volume-15.pdf,archive-sources/moj/1434/moj-judgments-1434-volume-15.pdf,3e70236bdf469ad1869f69fe165b936b4af1b67d6540fa32c467ff95360207e8,4853226,243,248,6,3317193263d82102e402bdfcc0b81c73e743e32e4ae7fe33f2285916af256bb2,498839,fe065d66bd156e8cc50a07f2b47598f1a940e1356e3fd22ec921c0bd53734b87,exact_duplicate_review
recovered-moj-1434-v15-p249-33434440,extracted/recovered-moj-judgments-pdf/recovered-moj-1434-v15-p249-33434440.pdf,moj-judgments-1434-volume-15.pdf,archive-sources/moj/1434/moj-judgments-1434-volume-15.pdf,3e70236bdf469ad1869f69fe165b936b4af1b67d6540fa32c467ff95360207e8,4853226,249,252,4,548fb10eda59f4c5da2453d375de80784c62d3c2f11056c00fe2ed16a09c4978,493603,bac1b8f9aa52b0d229195b0d9e22b2fccfbf90cfe563a322d1f21a7d2d276ab6,exact_duplicate_review
recovered-moj-1434-v15-p253-34191050,extracted/recovered-moj-judgments-pdf/recovered-moj-1434-v15-p253-34191050.pdf,moj-judgments-1434-volume-15.pdf,archive-sources/moj/1434/moj-judgments-1434-volume-15.pdf,3e70236bdf469ad1869f69fe165b936b4af1b67d6540fa32c467ff95360207e8,4853226,253,260,8,a4ff712223f6d1333a4b827a7b1c876834b7f552cb0d30c6c91b84a04cf4ea88,505323,f9aa09c49cd064a0cafa2811f8835073ea8ff4652acc0ff05c029eecc2867e07,private_manual_review
recovered-moj-1434-v15-p261-34186344,extracted/recovered-moj-judgments-pdf/recovered-moj-1434-v15-p261-34186344.pdf,moj-judgments-1434-volume-15.pdf,archive-sources/moj/1434/moj-judgments-1434-volume-15.pdf,3e70236bdf469ad1869f69fe165b936b4af1b67d6540fa32c467ff95360207e8,4853226,261,267,7,055ced5190ef7f1aed185bb7b65c291b822f8cc6ded7c3d7cb432c58c0b8869f,496743,cf045bf3224f38ffa34a9a91024a368b457cc67e674bfd8c8a9689823f3cc592,exact_duplicate_review
recovered-moj-1434-v15-p268-33480435,extracted/recovered-moj-judgments-pdf/recovered-moj-1434-v15-p268-33480435.pdf,moj-judgments-1434-volume-15.pdf,archive-sources/moj/1434/moj-judgments-1434-volume-15.pdf,3e70236bdf469ad1869f69fe165b936b4af1b67d6540fa32c467ff95360207e8,4853226,268,272,5,3533babdc344f30814e2525c6b9ecc579159d72d156a6dcaf8380b7401809a48,497423,32a46d32bef08017f52cc93e3365a98a0198321813438d72eda224ea3373f3a6,exact_duplicate_review
recovered-moj-1434-v15-p273-34266049,extracted/recovered-moj-judgments-pdf/recovered-moj-1434-v15-p273-34266049.pdf,moj-judgments-1434-volume-15.pdf,archive-sources/moj/1434/moj-judgments-1434-volume-15.pdf,3e70236bdf469ad1869f69fe165b936b4af1b67d6540fa32c467ff95360207e8,4853226,273,277,5,76fccc27edb6f6aa0a7b83154f93c6dbe28cac481e2db92a04fdc1622ab534c7,489236,071bf3eb48886c5f39f3e34c6d20e7f3378672139f463d7642f1af15a4db1d98,exact_duplicate_review
recovered-moj-1434-v15-p278-34187322,extracted/recovered-moj-judgments-pdf/recovered-moj-1434-v15-p278-34187322.pdf,moj-judgments-1434-volume-15.pdf,archive-sources/moj/1434/moj-judgments-1434-volume-15.pdf,3e70236bdf469ad1869f69fe165b936b4af1b67d6540fa32c467ff95360207e8,4853226,278,287,10,cf191978343f966bb2e1129bc6d2b1f783404b14aa78ee089ef0aeb475752c4d,506567,645446322423475400db8d7d1d55104fca17ba2514c22a482b2fc76bacf0a926,exact_duplicate_review
recovered-moj-1434-v15-p288-332141993,extracted/recovered-moj-judgments-pdf/recovered-moj-1434-v15-p288-332141993.pdf,moj-judgments-1434-volume-15.pdf,archive-sources/moj/1434/moj-judgments-1434-volume-15.pdf,3e70236bdf469ad1869f69fe165b936b4af1b67d6540fa32c467ff95360207e8,4853226,288,301,14,a89f64384462e8c4f82ba8799cc81d11d7324688ac0ffaed0b063ad5beeaaa22,521170,4e60a36e0ffa2159035430ae7fb9dbef26d143173935179713197ebd8fa212ef,exact_duplicate_review
recovered-moj-1434-v15-p302-34265082,extracted/recovered-moj-judgments-pdf/recovered-moj-1434-v15-p302-34265082.pdf,moj-judgments-1434-volume-15.pdf,archive-sources/moj/1434/moj-judgments-1434-volume-15.pdf,3e70236bdf469ad1869f69fe165b936b4af1b67d6540fa32c467ff95360207e8,4853226,302,307,6,9d8c3cce99e3c2e8152bd6a5d85fabab263a39dcea7da286c4ffd698d0ce07a9,496281,7cfb0f261b36a8c699f7d564f4f59ad415246924db694dc249f4bfb586b3a2e4,exact_duplicate_review
recovered-moj-1434-v15-p308-34269659,extracted/recovered-moj-judgments-pdf/recovered-moj-1434-v15-p308-34269659.pdf,moj-judgments-1434-volume-15.pdf,archive-sources/moj/1434/moj-judgments-1434-volume-15.pdf,3e70236bdf469ad1869f69fe165b936b4af1b67d6540fa32c467ff95360207e8,4853226,308,311,4,266f93d1e81fb05090c02b9c8696fa8393d2c6bdb5c8465aa2bafc7c27519736,489667,8052b6820e40d143148201edc946dde93d895601e1790eee616129444d7d7a41,exact_duplicate_review
recovered-moj-1434-v15-p312-34240791,extracted/recovered-moj-judgments-pdf/recovered-moj-1434-v15-p312-34240791.pdf,moj-judgments-1434-volume-15.pdf,archive-sources/moj/1434/moj-judgments-1434-volume-15.pdf,3e70236bdf469ad1869f69fe165b936b4af1b67d6540fa32c467ff95360207e8,4853226,312,315,4,7128ae6463f6a662f7ab82151b4cf875bee8ec04bce90c2855218f5bbbe14ee3,496221,af68053ac1e42520a11b08390f4c6583ccd0b835e86efd52d46809ae5940e9d4,exact_duplicate_review
recovered-moj-1434-v15-p316-34175650,extracted/recovered-moj-judgments-pdf/recovered-moj-1434-v15-p316-34175650.pdf,moj-judgments-1434-volume-15.pdf,archive-sources/moj/1434/moj-judgments-1434-volume-15.pdf,3e70236bdf469ad1869f69fe165b936b4af1b67d6540fa32c467ff95360207e8,4853226,316,318,3,aac7e15239fbc39474a6c8a1670ad0d64c0db4a2e809eea7fd9d139a4d500493,501149,191e06fbdcf229e5cc81ad6e970a0bf5864b85afb5852aceb3a2ec775205c25c,exact_duplicate_review
recovered-moj-1434-v15-p319-3455790,extracted/recovered-moj-judgments-pdf/recovered-moj-1434-v15-p319-3455790.pdf,moj-judgments-1434-volume-15.pdf,archive-sources/moj/1434/moj-judgments-1434-volume-15.pdf,3e70236bdf469ad1869f69fe165b936b4af1b67d6540fa32c467ff95360207e8,4853226,319,322,4,79ce14f473dd9827890fd79494fd6d0000166e8c73d1893eb66bc4afb6b66bc0,493058,becc11103118e3001cee04c3f900efb564ff1709bc8223aa060a91fcecdec5d3,exact_duplicate_review
recovered-moj-1434-v15-p323-34219039,extracted/recovered-moj-judgments-pdf/recovered-moj-1434-v15-p323-34219039.pdf,moj-judgments-1434-volume-15.pdf,archive-sources/moj/1434/moj-judgments-1434-volume-15.pdf,3e70236bdf469ad1869f69fe165b936b4af1b67d6540fa32c467ff95360207e8,4853226,323,325,3,ff748310b1528b91777fff13be07e61355626ed2ded12c134cae3e68040ec016,483004,fc92799fa6ea8cd968e277ac9cfa5d0ea151af91b64acd3eb165422c7369c938,exact_duplicate_review
recovered-moj-1434-v15-p326-34259492,extracted/recovered-moj-judgments-pdf/recovered-moj-1434-v15-p326-34259492.pdf,moj-judgments-1434-volume-15.pdf,archive-sources/moj/1434/moj-judgments-1434-volume-15.pdf,3e70236bdf469ad1869f69fe165b936b4af1b67d6540fa32c467ff95360207e8,4853226,326,329,4,233cc85ca40063348a5906fa773aa889101a665b519cf561080fa4f2d674a60e,488261,e91956c8c11ec623026599455b10c43fc3642b6aa9b5d267c85dc8475ca2bdac,exact_duplicate_review
recovered-moj-1434-v15-p330-34248488,extracted/recovered-moj-judgments-pdf/recovered-moj-1434-v15-p330-34248488.pdf,moj-judgments-1434-volume-15.pdf,archive-sources/moj/1434/moj-judgments-1434-volume-15.pdf,3e70236bdf469ad1869f69fe165b936b4af1b67d6540fa32c467ff95360207e8,4853226,330,335,6,d8f51a03ca098a771a203fb7d12830ea871a39917191dadd5cec5dff2ebd509f,496321,d2fe72fced1d352d5c69d3abf194d3b2f49067ad403e97f47f0b143f179e9904,exact_duplicate_review
recovered-moj-1434-v15-p336-34281307,extracted/recovered-moj-judgments-pdf/recovered-moj-1434-v15-p336-34281307.pdf,moj-judgments-1434-volume-15.pdf,archive-sources/moj/1434/moj-judgments-1434-volume-15.pdf,3e70236bdf469ad1869f69fe165b936b4af1b67d6540fa32c467ff95360207e8,4853226,336,342,7,cc34b4a74103ef2c96334a306fba24c5f55be950060595b04c8b1e1b42d4d232,505451,5599bd13392f4ea10ddeb7957e5a4a7b31064e6243ccb378ba17652e52bebb9e,exact_duplicate_review
recovered-moj-1434-v15-p343-34308053,extracted/recovered-moj-judgments-pdf/recovered-moj-1434-v15-p343-34308053.pdf,moj-judgments-1434-volume-15.pdf,archive-sources/moj/1434/moj-judgments-1434-volume-15.pdf,3e70236bdf469ad1869f69fe165b936b4af1b67d6540fa32c467ff95360207e8,4853226,343,346,4,5cd9a86df14c0cb9e9af95434dc1ce9608175ede0d7c61f86b197e5529463b62,488955,01df9c0b1955f227cbec80720082966208d783c5fbd092cd9392bc408b3b3cc4,exact_duplicate_review
recovered-moj-1434-v15-p347-34264795,extracted/recovered-moj-judgments-pdf/recovered-moj-1434-v15-p347-34264795.pdf,moj-judgments-1434-volume-15.pdf,archive-sources/moj/1434/moj-judgments-1434-volume-15.pdf,3e70236bdf469ad1869f69fe165b936b4af1b67d6540fa32c467ff95360207e8,4853226,347,350,4,ed16812978529656b82606c3dc101ac7540f12a39c53fcd7ffffa780aba65faf,488849,7198d027e00a827c37493198d63e7a1ef4566437716bb96f123faeee079b0310,exact_duplicate_review
recovered-moj-1434-v15-p351-34288000,extracted/recovered-moj-judgments-pdf/recovered-moj-1434-v15-p351-34288000.pdf,moj-judgments-1434-volume-15.pdf,archive-sources/moj/1434/moj-judgments-1434-volume-15.pdf,3e70236bdf469ad1869f69fe165b936b4af1b67d6540fa32c467ff95360207e8,4853226,351,354,4,33c51a2a6afd09659fe79358b533512ada8a5b35c0eb7c75930384c7d70f89a0,495720,192822e60e0dbb7aaf4650e014b28bf8027b6c7dfe019d79bd2690485d4e60c9,exact_duplicate_review
recovered-moj-1434-v15-p355-34335558,extracted/recovered-moj-judgments-pdf/recovered-moj-1434-v15-p355-34335558.pdf,moj-judgments-1434-volume-15.pdf,archive-sources/moj/1434/moj-judgments-1434-volume-15.pdf,3e70236bdf469ad1869f69fe165b936b4af1b67d6540fa32c467ff95360207e8,4853226,355,358,4,8080c69a894d95f63d227e3849bf4ef445899f86d198004da0190b0b160bbedc,484908,663ac8feafc111137c7b67aa19397a98fd209851f10f557e1934b636370e1487,exact_duplicate_review
recovered-moj-1434-v15-p359-34359926,extracted/recovered-moj-judgments-pdf/recovered-moj-1434-v15-p359-34359926.pdf,moj-judgments-1434-volume-15.pdf,archive-sources/moj/1434/moj-judgments-1434-volume-15.pdf,3e70236bdf469ad1869f69fe165b936b4af1b67d6540fa32c467ff95360207e8,4853226,359,362,4,005e98dd26e53d702d1650dfa9a70b6e09083396d5f8600f3a8fbd17cd19aef3,492658,f5af4395eb935e3a69f6df8db87c4e14e1320c392bacb7a18daa8860424d4726,exact_duplicate_review
recovered-moj-1434-v15-p363-34283087,extracted/recovered-moj-judgments-pdf/recovered-moj-1434-v15-p363-34283087.pdf,moj-judgments-1434-volume-15.pdf,archive-sources/moj/1434/moj-judgments-1434-volume-15.pdf,3e70236bdf469ad1869f69fe165b936b4af1b67d6540fa32c467ff95360207e8,4853226,363,367,5,0a68d329f40fadaa2ce08f09ac298fd5120883bb7e9a9c493b7ef1dc6cf2b68b,488360,eba2b7361899f0e5400d50500bf51b3913c9dba57f7e3e88c5ad93e4f37d0d43,exact_duplicate_review
recovered-moj-1434-v15-p368-34348135,extracted/recovered-moj-judgments-pdf/recovered-moj-1434-v15-p368-34348135.pdf,moj-judgments-1434-volume-15.pdf,archive-sources/moj/1434/moj-judgments-1434-volume-15.pdf,3e70236bdf469ad1869f69fe165b936b4af1b67d6540fa32c467ff95360207e8,4853226,368,370,3,8438e039dcc6bf8a82b914d5ada3a124fc14fbffbf1d76d07c26b02a5d445917,498394,9beee776e5e4bf731316ed4db3a3f8108bb7a0a1274c6a9294a63c313ae53acb,exact_duplicate_review
recovered-moj-1434-v15-p371-34290521,extracted/recovered-moj-judgments-pdf/recovered-moj-1434-v15-p371-34290521.pdf,moj-judgments-1434-volume-15.pdf,archive-sources/moj/1434/moj-judgments-1434-volume-15.pdf,3e70236bdf469ad1869f69fe165b936b4af1b67d6540fa32c467ff95360207e8,4853226,371,375,5,2cfa7a1bfe3bcbd7ea293df281f91f02bef818b2efd82326f42ec62b82825afa,488169,d5dc4208ab0560e3a5c86c4b944564ee16c81027bddd1545a1655f958173dca0,exact_duplicate_review
recovered-moj-1434-v15-p376-34349902,extracted/recovered-moj-judgments-pdf/recovered-moj-1434-v15-p376-34349902.pdf,moj-judgments-1434-volume-15.pdf,archive-sources/moj/1434/moj-judgments-1434-volume-15.pdf,3e70236bdf469ad1869f69fe165b936b4af1b67d6540fa32c467ff95360207e8,4853226,376,387,12,41dea9921e922fff2fff060039690a34ffafcc0e7812a86e0147a5e03e7b7a56,813269,253a4f6bfd995d77873d5724de146443b1736f72805d48da929774c14ff5a21b,exact_duplicate_review
recovered-moj-1434-v16-p5-34351747,extracted/recovered-moj-judgments-pdf/recovered-moj-1434-v16-p5-34351747.pdf,moj-judgments-1434-volume-16.pdf,archive-sources/moj/1434/moj-judgments-1434-volume-16.pdf,fbdf36deb24184bcd1453d4528d8e766d8800c753b8f21cfc3f22d9a916a242f,4673339,5,9,5,22f3170a93757b5323dfd0938e0f8f16a2f83f1c812b262e4c0d99f5bca1f98d,484141,9d77dfc72138f5389285ebf959e9c8b74c2d7afca56bc0eda84b546eb874fd1d,exact_duplicate_review
recovered-moj-1434-v16-p10-34166404,extracted/recovered-moj-judgments-pdf/recovered-moj-1434-v16-p10-34166404.pdf,moj-judgments-1434-volume-16.pdf,archive-sources/moj/1434/moj-judgments-1434-volume-16.pdf,fbdf36deb24184bcd1453d4528d8e766d8800c753b8f21cfc3f22d9a916a242f,4673339,10,13,4,9adba19447e255b100de2c326e7519c408e7b9a23073ea1ac787c53c5db15c45,483456,555e9ee44722fb50d991d81cdb1e7785258fe7b6b8ec0cc7121e87f55c00fc63,exact_duplicate_review
recovered-moj-1434-v16-p14-3418751,extracted/recovered-moj-judgments-pdf/recovered-moj-1434-v16-p14-3418751.pdf,moj-judgments-1434-volume-16.pdf,archive-sources/moj/1434/moj-judgments-1434-volume-16.pdf,fbdf36deb24184bcd1453d4528d8e766d8800c753b8f21cfc3f22d9a916a242f,4673339,14,18,5,d80389a260daee1e9471c3ed8f2e2fab4bc449188cb39f5306769c533467d498,499796,ccd53b2af3180f30fb02f9c3b895605722e8ef74f1884688fa571cefb63348fc,exact_duplicate_review
recovered-moj-1434-v16-p19-34204097,extracted/recovered-moj-judgments-pdf/recovered-moj-1434-v16-p19-34204097.pdf,moj-judgments-1434-volume-16.pdf,archive-sources/moj/1434/moj-judgments-1434-volume-16.pdf,fbdf36deb24184bcd1453d4528d8e766d8800c753b8f21cfc3f22d9a916a242f,4673339,19,22,4,c4a778cba4a4aefed8a4a259f4daf906f3c9e29b837de3fa9b8920c213d6a7e2,497902,165f814c91709b961333ff3103e4b33c28191b7814f386738446e3aa64a1cfa1,exact_duplicate_review
recovered-moj-1434-v16-p23-346428,extracted/recovered-moj-judgments-pdf/recovered-moj-1434-v16-p23-346428.pdf,moj-judgments-1434-volume-16.pdf,archive-sources/moj/1434/moj-judgments-1434-volume-16.pdf,fbdf36deb24184bcd1453d4528d8e766d8800c753b8f21cfc3f22d9a916a242f,4673339,23,27,5,6f5f37acd02831d161a4401579bc4ab228a9bd31a0de2ccc565d5b9b53ba3b42,489582,b30696aa6d586ff867908511f247fdc095c51dd97136e90e867b7e33685ab89b,exact_duplicate_review
recovered-moj-1434-v16-p28-3463235,extracted/recovered-moj-judgments-pdf/recovered-moj-1434-v16-p28-3463235.pdf,moj-judgments-1434-volume-16.pdf,archive-sources/moj/1434/moj-judgments-1434-volume-16.pdf,fbdf36deb24184bcd1453d4528d8e766d8800c753b8f21cfc3f22d9a916a242f,4673339,28,33,6,1fbdb7b81b23c124e95fc5d54a6c4b78f8a5e8dc2a5d730f79154536938fd058,500085,350b357669d1c698327a0e5b66fb098007c57c303b73b945e08670c324a0b47f,exact_duplicate_review
recovered-moj-1434-v16-p34-34188189,extracted/recovered-moj-judgments-pdf/recovered-moj-1434-v16-p34-34188189.pdf,moj-judgments-1434-volume-16.pdf,archive-sources/moj/1434/moj-judgments-1434-volume-16.pdf,fbdf36deb24184bcd1453d4528d8e766d8800c753b8f21cfc3f22d9a916a242f,4673339,34,39,6,8c0f920bd2c2b5096bcc441f2f3e6a057ecf91e037ab07ba6132fe075a88d135,499542,ba5344fb7f6c763568076adfb259425a619a8d66520abccf3415594caa290c42,exact_duplicate_review
recovered-moj-1434-v16-p40-3441105,extracted/recovered-moj-judgments-pdf/recovered-moj-1434-v16-p40-3441105.pdf,moj-judgments-1434-volume-16.pdf,archive-sources/moj/1434/moj-judgments-1434-volume-16.pdf,fbdf36deb24184bcd1453d4528d8e766d8800c753b8f21cfc3f22d9a916a242f,4673339,40,43,4,5a86c76f386cbbbef877cb9eba942ff281284dcc75cff1524edf99059054ba21,494406,f17c474293eab9afc42ac2acb6723241343a2c496cf11ee49db24ea04b829811,exact_duplicate_review
recovered-moj-1434-v16-p44-34190599,extracted/recovered-moj-judgments-pdf/recovered-moj-1434-v16-p44-34190599.pdf,moj-judgments-1434-volume-16.pdf,archive-sources/moj/1434/moj-judgments-1434-volume-16.pdf,fbdf36deb24184bcd1453d4528d8e766d8800c753b8f21cfc3f22d9a916a242f,4673339,44,48,5,022eeb0908ba51c9d986c6c5f68a72103e0ed20ac9bd2112ad37cb8d6f3f2b3d,508296,0c80e8a41c0cc80535c7495bce32f7c4bee1e3f019d87a3780f4e0b68d7d323a,exact_duplicate_review
recovered-moj-1434-v16-p49-3439861,extracted/recovered-moj-judgments-pdf/recovered-moj-1434-v16-p49-3439861.pdf,moj-judgments-1434-volume-16.pdf,archive-sources/moj/1434/moj-judgments-1434-volume-16.pdf,fbdf36deb24184bcd1453d4528d8e766d8800c753b8f21cfc3f22d9a916a242f,4673339,49,54,6,dcfe8b5c1aa083f27d683f20baf154d800c59e6ae4f425ac6d79dad5ef5d7c9e,504546,86f2b3736b69e227155f82ea8ce39c318f5ab4c167f3426d6141304fbf17d4db,exact_duplicate_review
recovered-moj-1434-v16-p55-34349727,extracted/recovered-moj-judgments-pdf/recovered-moj-1434-v16-p55-34349727.pdf,moj-judgments-1434-volume-16.pdf,archive-sources/moj/1434/moj-judgments-1434-volume-16.pdf,fbdf36deb24184bcd1453d4528d8e766d8800c753b8f21cfc3f22d9a916a242f,4673339,55,60,6,8edf3a5c69dd6c4f3ce1c6ddf6fa07ed8a0a440d85830ba33b609001e17710c6,499978,7c915c4f01057fc879907a48a51bf451b52e1f40db4bd37cf2aaea01fc2add53,exact_duplicate_review
recovered-moj-1434-v16-p61-3421215,extracted/recovered-moj-judgments-pdf/recovered-moj-1434-v16-p61-3421215.pdf,moj-judgments-1434-volume-16.pdf,archive-sources/moj/1434/moj-judgments-1434-volume-16.pdf,fbdf36deb24184bcd1453d4528d8e766d8800c753b8f21cfc3f22d9a916a242f,4673339,61,65,5,cd9c924eab0a625f9ed79381bff74f8a921af5ff3f74630310199acd9b265de2,484296,25493ef641c5a32b032ac6e7e98d0f2cebf8c73e3a37aeda7d7931aca1d6ec3a,exact_duplicate_review
recovered-moj-1434-v16-p66-348062,extracted/recovered-moj-judgments-pdf/recovered-moj-1434-v16-p66-348062.pdf,moj-judgments-1434-volume-16.pdf,archive-sources/moj/1434/moj-judgments-1434-volume-16.pdf,fbdf36deb24184bcd1453d4528d8e766d8800c753b8f21cfc3f22d9a916a242f,4673339,66,71,6,762d45a4519f604edfea0599e4c332d081f9b94abcd66f379e459a6fa016c117,499603,b6a88493528210386d25530de5ee2c416bfeae23df0cb641e0f5af97a2ce111a,exact_duplicate_review
recovered-moj-1434-v16-p72-3432398,extracted/recovered-moj-judgments-pdf/recovered-moj-1434-v16-p72-3432398.pdf,moj-judgments-1434-volume-16.pdf,archive-sources/moj/1434/moj-judgments-1434-volume-16.pdf,fbdf36deb24184bcd1453d4528d8e766d8800c753b8f21cfc3f22d9a916a242f,4673339,72,78,7,6209879ea6e85d6e19edd8bff3ec548c1ca971aba3ae96e5c39dc471a4df10da,512796,88fb4bd551725499fa02fccf0c11b43a6ad3d28357cbfd46cdb8771ae443cb91,exact_duplicate_review
recovered-moj-1434-v16-p79-34254416,extracted/recovered-moj-judgments-pdf/recovered-moj-1434-v16-p79-34254416.pdf,moj-judgments-1434-volume-16.pdf,archive-sources/moj/1434/moj-judgments-1434-volume-16.pdf,fbdf36deb24184bcd1453d4528d8e766d8800c753b8f21cfc3f22d9a916a242f,4673339,79,82,4,cd50c81bbc1c027f5597ecc86ccab8fbde34187a5fb7175ef0c0fed73c23b445,494197,a2f8b9094897caf044a29228bca9c16b63622920ac7fc71e9c5776d1854bf1ff,exact_duplicate_review
recovered-moj-1434-v16-p83-33471037,extracted/recovered-moj-judgments-pdf/recovered-moj-1434-v16-p83-33471037.pdf,moj-judgments-1434-volume-16.pdf,archive-sources/moj/1434/moj-judgments-1434-volume-16.pdf,fbdf36deb24184bcd1453d4528d8e766d8800c753b8f21cfc3f22d9a916a242f,4673339,83,91,9,c9ae47830dd00e81f0b78ce835b175eb0c2338e40dbd0e1534b09365193bee96,498101,84fc0d4ea36024d438299c50940fcc8f156a97889dae51cdc047e898b3ba0955,exact_duplicate_review
recovered-moj-1434-v16-p92-3457183,extracted/recovered-moj-judgments-pdf/recovered-moj-1434-v16-p92-3457183.pdf,moj-judgments-1434-volume-16.pdf,archive-sources/moj/1434/moj-judgments-1434-volume-16.pdf,fbdf36deb24184bcd1453d4528d8e766d8800c753b8f21cfc3f22d9a916a242f,4673339,92,99,8,90747b398002338a2714557436d1567ce600e006acbc670986b96670a6b756c9,493944,c82a0df3cc6beace7d7b682a9601407e89cb2402af398d02818ff14296c93d92,exact_duplicate_review
recovered-moj-1434-v16-p100-3442764,extracted/recovered-moj-judgments-pdf/recovered-moj-1434-v16-p100-3442764.pdf,moj-judgments-1434-volume-16.pdf,archive-sources/moj/1434/moj-judgments-1434-volume-16.pdf,fbdf36deb24184bcd1453d4528d8e766d8800c753b8f21cfc3f22d9a916a242f,4673339,100,109,10,e7461f0726c927bd31ca56454d0c015bff9d90bce3f217e0f0b5577dc6409f50,505549,65b30eccd22d3a48d3f08c79a06a0ade037289b860c55f0bf70d0d4163e7b121,exact_duplicate_review
recovered-moj-1434-v16-p110-3447361,extracted/recovered-moj-judgments-pdf/recovered-moj-1434-v16-p110-3447361.pdf,moj-judgments-1434-volume-16.pdf,archive-sources/moj/1434/moj-judgments-1434-volume-16.pdf,fbdf36deb24184bcd1453d4528d8e766d8800c753b8f21cfc3f22d9a916a242f,4673339,110,115,6,10456d914994274eda2ce0cb51ce8dd779eed41674c7972997d93b7ad5da3bc8,492029,e08a3556174ec3e1dcf2c4502e2e452c192e9a7b086299d72e4d33193b65f72b,exact_duplicate_review
recovered-moj-1434-v16-p116-33455738,extracted/recovered-moj-judgments-pdf/recovered-moj-1434-v16-p116-33455738.pdf,moj-judgments-1434-volume-16.pdf,archive-sources/moj/1434/moj-judgments-1434-volume-16.pdf,fbdf36deb24184bcd1453d4528d8e766d8800c753b8f21cfc3f22d9a916a242f,4673339,116,120,5,00bced22f5729004573d487cb9ad801c42b7c2df0bced018ab4629be15a0af7b,497000,a52c28e5f63f47cb471d0e2a621bd258e87827d7d9d8d382984e436d972acf0c,exact_duplicate_review
recovered-moj-1434-v16-p121-34177873,extracted/recovered-moj-judgments-pdf/recovered-moj-1434-v16-p121-34177873.pdf,moj-judgments-1434-volume-16.pdf,archive-sources/moj/1434/moj-judgments-1434-volume-16.pdf,fbdf36deb24184bcd1453d4528d8e766d8800c753b8f21cfc3f22d9a916a242f,4673339,121,126,6,6bdab3d4bfff80710f16e807c1da82821ea2b5c3c109dbe45dcb5b75f0ecca49,500233,62e41d19074e42de4566fe1c6082f91be8e836174be47c691a0e8a132eb4ac91,exact_duplicate_review
recovered-moj-1434-v16-p127-34189034,extracted/recovered-moj-judgments-pdf/recovered-moj-1434-v16-p127-34189034.pdf,moj-judgments-1434-volume-16.pdf,archive-sources/moj/1434/moj-judgments-1434-volume-16.pdf,fbdf36deb24184bcd1453d4528d8e766d8800c753b8f21cfc3f22d9a916a242f,4673339,127,135,9,aef8ef5487fc5c5bad3084e85794f89ee7067dfc538cae820f9d4c2f84d46612,498392,d0de87faf794fc38ca27d3b58454fcf81eadaebd6f45422b14de5daa8f030949,exact_duplicate_review
recovered-moj-1434-v16-p136-34318006,extracted/recovered-moj-judgments-pdf/recovered-moj-1434-v16-p136-34318006.pdf,moj-judgments-1434-volume-16.pdf,archive-sources/moj/1434/moj-judgments-1434-volume-16.pdf,fbdf36deb24184bcd1453d4528d8e766d8800c753b8f21cfc3f22d9a916a242f,4673339,136,140,5,ddb9ed58a4ddec50c535be77f22859c192eb1d6e962ab1120e1984921fe388ff,497669,2956b1d5a272411519e0eeeffc128acbd983079ebd664e89058fab8ade5ab295,exact_duplicate_review
recovered-moj-1434-v16-p141-34365153,extracted/recovered-moj-judgments-pdf/recovered-moj-1434-v16-p141-34365153.pdf,moj-judgments-1434-volume-16.pdf,archive-sources/moj/1434/moj-judgments-1434-volume-16.pdf,fbdf36deb24184bcd1453d4528d8e766d8800c753b8f21cfc3f22d9a916a242f,4673339,141,145,5,78a3a0842f3ca3bcfde18cd24e7486d744ca92d3f3423f14cfe3317188ccbecf,486425,1991c258b981ab184e4a117a3754490be6e2995b658d237ec87e1b33939565c9,exact_duplicate_review
recovered-moj-1434-v16-p146-3418756,extracted/recovered-moj-judgments-pdf/recovered-moj-1434-v16-p146-3418756.pdf,moj-judgments-1434-volume-16.pdf,archive-sources/moj/1434/moj-judgments-1434-volume-16.pdf,fbdf36deb24184bcd1453d4528d8e766d8800c753b8f21cfc3f22d9a916a242f,4673339,146,150,5,188432cfd49c56930d2f90a1196bf0a2f25168aa1b6ffbcd4ab563d156c4bfd7,511875,55aca5fcd3adbb212a6aa58cf9f02edd5027e0b43d1d5a8990ffa7979adb9ff8,exact_duplicate_review
recovered-moj-1434-v16-p151-33468786,extracted/recovered-moj-judgments-pdf/recovered-moj-1434-v16-p151-33468786.pdf,moj-judgments-1434-volume-16.pdf,archive-sources/moj/1434/moj-judgments-1434-volume-16.pdf,fbdf36deb24184bcd1453d4528d8e766d8800c753b8f21cfc3f22d9a916a242f,4673339,151,156,6,7044bb2ba7926c438a2c695a6d5e20873002d390fef400fc6f8527ec443d1490,499016,f8f6c6eeefe6ec0014345028d89e226a1042f6fa837c62d94d0769885f7ebfff,exact_duplicate_review
recovered-moj-1434-v16-p157-34211904,extracted/recovered-moj-judgments-pdf/recovered-moj-1434-v16-p157-34211904.pdf,moj-judgments-1434-volume-16.pdf,archive-sources/moj/1434/moj-judgments-1434-volume-16.pdf,fbdf36deb24184bcd1453d4528d8e766d8800c753b8f21cfc3f22d9a916a242f,4673339,157,160,4,8519dc8fa16ff05c04c8a67cf37681dd4f13df0418ce5a8eb9a767dbbc809ecd,493207,46776945add73c9cd8b4dd4b1b74d0c12d4266c04662080201986d241d942ece,exact_duplicate_review
recovered-moj-1434-v16-p161-3458980,extracted/recovered-moj-judgments-pdf/recovered-moj-1434-v16-p161-3458980.pdf,moj-judgments-1434-volume-16.pdf,archive-sources/moj/1434/moj-judgments-1434-volume-16.pdf,fbdf36deb24184bcd1453d4528d8e766d8800c753b8f21cfc3f22d9a916a242f,4673339,161,166,6,cf627a5424ffe931febdc99c78d417266d2e87a665f254c4f09de97189bb51e0,500104,866be44886e29e19c553c7264257c194eda6017b7bef39b9fe304f070f67922d,exact_duplicate_review
recovered-moj-1434-v16-p167-3462422,extracted/recovered-moj-judgments-pdf/recovered-moj-1434-v16-p167-3462422.pdf,moj-judgments-1434-volume-16.pdf,archive-sources/moj/1434/moj-judgments-1434-volume-16.pdf,fbdf36deb24184bcd1453d4528d8e766d8800c753b8f21cfc3f22d9a916a242f,4673339,167,170,4,724e9d9bbc663dede25b245489b25fe2d4cb561df7edbf8df9f160882d042fb3,494472,10d64126177995f50c31d20a0dc6ba77f8dd08fc312e2f00f092e9b1b0a63f3b,exact_duplicate_review
recovered-moj-1434-v16-p171-34285497,extracted/recovered-moj-judgments-pdf/recovered-moj-1434-v16-p171-34285497.pdf,moj-judgments-1434-volume-16.pdf,archive-sources/moj/1434/moj-judgments-1434-volume-16.pdf,fbdf36deb24184bcd1453d4528d8e766d8800c753b8f21cfc3f22d9a916a242f,4673339,171,175,5,6180e6e6d1058fddf5f8b17d050809d4bbf66e7c5303453997f049522a903a99,485326,973ec58dbe959bd47c3799f7858ed5582ffeb9eb84053214a3e7a88764f43a28,exact_duplicate_review
recovered-moj-1434-v16-p176-34245564,extracted/recovered-moj-judgments-pdf/recovered-moj-1434-v16-p176-34245564.pdf,moj-judgments-1434-volume-16.pdf,archive-sources/moj/1434/moj-judgments-1434-volume-16.pdf,fbdf36deb24184bcd1453d4528d8e766d8800c753b8f21cfc3f22d9a916a242f,4673339,176,180,5,18a2ffcb044892eb0fd72830a834e44062f914441335ec635790d998de9e5714,503956,fcb714c3ece5874f4e73cb03270ab8494e822bedc7799d54f5aa4980a8bed604,exact_duplicate_review
recovered-moj-1434-v16-p181-34266776,extracted/recovered-moj-judgments-pdf/recovered-moj-1434-v16-p181-34266776.pdf,moj-judgments-1434-volume-16.pdf,archive-sources/moj/1434/moj-judgments-1434-volume-16.pdf,fbdf36deb24184bcd1453d4528d8e766d8800c753b8f21cfc3f22d9a916a242f,4673339,181,185,5,0653543cc85eebbb9f14c5fcb88758ba8c73e6431031618fb11073c36f16586a,485999,8c7a41be6cf1b1faf405e2322ee614b261933a9d451f093df12bfbdbdf4847f4,exact_duplicate_review
recovered-moj-1434-v16-p186-34276384,extracted/recovered-moj-judgments-pdf/recovered-moj-1434-v16-p186-34276384.pdf,moj-judgments-1434-volume-16.pdf,archive-sources/moj/1434/moj-judgments-1434-volume-16.pdf,fbdf36deb24184bcd1453d4528d8e766d8800c753b8f21cfc3f22d9a916a242f,4673339,186,191,6,e8d489653177e53b8399f3b7870d5cdb1825c2f8ad94d2f14500a39497485944,492801,813d42ee81232fc598719ef8b0ee96aa1a638e09d51471744544af989039f2ac,exact_duplicate_review
recovered-moj-1434-v16-p192-34217683,extracted/recovered-moj-judgments-pdf/recovered-moj-1434-v16-p192-34217683.pdf,moj-judgments-1434-volume-16.pdf,archive-sources/moj/1434/moj-judgments-1434-volume-16.pdf,fbdf36deb24184bcd1453d4528d8e766d8800c753b8f21cfc3f22d9a916a242f,4673339,192,197,6,0f290c6b6db179a2069a5d6667a004b1cc9ee9f812f60f94400c65119c364d41,491503,671b4406b7f52401fb7eaa74012e15fe673fbc7fa1126c972f8422ac27c347ee,exact_duplicate_review
recovered-moj-1434-v16-p198-34231311,extracted/recovered-moj-judgments-pdf/recovered-moj-1434-v16-p198-34231311.pdf,moj-judgments-1434-volume-16.pdf,archive-sources/moj/1434/moj-judgments-1434-volume-16.pdf,fbdf36deb24184bcd1453d4528d8e766d8800c753b8f21cfc3f22d9a916a242f,4673339,198,201,4,48c26d496593f5557e482a0ef1a538268f011a9c1b6905427e8e408d9366eb60,490776,0a7cc316b510e4b71d363e620e0548b12fef347ca70f3cbdac934a426b9ffad0,exact_duplicate_review
recovered-moj-1434-v16-p202-34210183,extracted/recovered-moj-judgments-pdf/recovered-moj-1434-v16-p202-34210183.pdf,moj-judgments-1434-volume-16.pdf,archive-sources/moj/1434/moj-judgments-1434-volume-16.pdf,fbdf36deb24184bcd1453d4528d8e766d8800c753b8f21cfc3f22d9a916a242f,4673339,202,207,6,ac79042731fae685cddefdb9f7eaa020caa2e93254d62219b9868646d1b6fd79,496485,6a7d5bba5e5cb9f0c5023bdff62dcf633301d29f713a4feb111832af67c13747,exact_duplicate_review
recovered-moj-1434-v16-p208-34211876,extracted/recovered-moj-judgments-pdf/recovered-moj-1434-v16-p208-34211876.pdf,moj-judgments-1434-volume-16.pdf,archive-sources/moj/1434/moj-judgments-1434-volume-16.pdf,fbdf36deb24184bcd1453d4528d8e766d8800c753b8f21cfc3f22d9a916a242f,4673339,208,215,8,ead9d6fa8eeddc95478373136a68c2029532a44a3cecaa0f775e06d8a4fc3413,501184,e62c4e99d18999f63fd63a9fe24a7b7cb4c834af40bb246d6ba2e72876518e58,exact_duplicate_review
recovered-moj-1434-v16-p216-34370781,extracted/recovered-moj-judgments-pdf/recovered-moj-1434-v16-p216-34370781.pdf,moj-judgments-1434-volume-16.pdf,archive-sources/moj/1434/moj-judgments-1434-volume-16.pdf,fbdf36deb24184bcd1453d4528d8e766d8800c753b8f21cfc3f22d9a916a242f,4673339,216,220,5,e95f534f6b5d7f4e774c4ac615ec05129e3cc574e8df00e82257a128ec7d093f,504837,a68ba5550a53dfbc5776e58d66c05ab4408f66754422fec7abb4c4e64b7790d3,exact_duplicate_review
recovered-moj-1434-v16-p221-34294519,extracted/recovered-moj-judgments-pdf/recovered-moj-1434-v16-p221-34294519.pdf,moj-judgments-1434-volume-16.pdf,archive-sources/moj/1434/moj-judgments-1434-volume-16.pdf,fbdf36deb24184bcd1453d4528d8e766d8800c753b8f21cfc3f22d9a916a242f,4673339,221,228,8,f893c36071be1261810499395823c32b936f1a11793e3189f991d5a1420b058f,508146,2e1dc486e13dbddab8e1cdd0f4315449126e1fab056233a823e1b9410c557a97,exact_duplicate_review
recovered-moj-1434-v16-p229-34233436,extracted/recovered-moj-judgments-pdf/recovered-moj-1434-v16-p229-34233436.pdf,moj-judgments-1434-volume-16.pdf,archive-sources/moj/1434/moj-judgments-1434-volume-16.pdf,fbdf36deb24184bcd1453d4528d8e766d8800c753b8f21cfc3f22d9a916a242f,4673339,229,235,7,2614b3f039a58137fe5e625be9a2f30fba0b013c53b6e6ed858f9d340b4d8845,492512,4214a3a66ec9c975bdc477392913d2be355a8e302a9be3ab01ebfba1eaec1a75,exact_duplicate_review
recovered-moj-1434-v16-p236-34253033,extracted/recovered-moj-judgments-pdf/recovered-moj-1434-v16-p236-34253033.pdf,moj-judgments-1434-volume-16.pdf,archive-sources/moj/1434/moj-judgments-1434-volume-16.pdf,fbdf36deb24184bcd1453d4528d8e766d8800c753b8f21cfc3f22d9a916a242f,4673339,236,244,9,715dca8c0b71d9877de3effb04ae488cdebe7fc0b03e8b8d2b2bcc23c6b101aa,512714,2f095876333105e8776afa4c12457bb4cd08cb2e05e6c5c98024a9bab64adc48,exact_duplicate_review
recovered-moj-1434-v16-p245-34263206,extracted/recovered-moj-judgments-pdf/recovered-moj-1434-v16-p245-34263206.pdf,moj-judgments-1434-volume-16.pdf,archive-sources/moj/1434/moj-judgments-1434-volume-16.pdf,fbdf36deb24184bcd1453d4528d8e766d8800c753b8f21cfc3f22d9a916a242f,4673339,245,249,5,6cda40fdfd77cec8e1137a29c06b4d633e64b3cb40a58721af27e4e535951d20,488287,ecf828f4e139a0ceb275e9481685cd13b238bcd8792864c475ae460580d19548,exact_duplicate_review
recovered-moj-1434-v16-p250-34326173,extracted/recovered-moj-judgments-pdf/recovered-moj-1434-v16-p250-34326173.pdf,moj-judgments-1434-volume-16.pdf,archive-sources/moj/1434/moj-judgments-1434-volume-16.pdf,fbdf36deb24184bcd1453d4528d8e766d8800c753b8f21cfc3f22d9a916a242f,4673339,250,255,6,2f162270c5b01d375ff33ef350a9af8b82fb7180ed7f3884d19d72a1c2e07236,504131,3b597fde6f43334002efecd111c0b161946c58d72fc0f8557b54964e4462fd01,exact_duplicate_review
recovered-moj-1434-v16-p256-34262201,extracted/recovered-moj-judgments-pdf/recovered-moj-1434-v16-p256-34262201.pdf,moj-judgments-1434-volume-16.pdf,archive-sources/moj/1434/moj-judgments-1434-volume-16.pdf,fbdf36deb24184bcd1453d4528d8e766d8800c753b8f21cfc3f22d9a916a242f,4673339,256,262,7,a7508255be261bbaad2d61664a1a333d649435811299f61333fac8af2b0c2dd4,513421,8a9ecfb82abeeba1f072b143ded4f79c911b92f8d19a797a76d76f2a29613d24,private_manual_review
recovered-moj-1434-v16-p263-34263461,extracted/recovered-moj-judgments-pdf/recovered-moj-1434-v16-p263-34263461.pdf,moj-judgments-1434-volume-16.pdf,archive-sources/moj/1434/moj-judgments-1434-volume-16.pdf,fbdf36deb24184bcd1453d4528d8e766d8800c753b8f21cfc3f22d9a916a242f,4673339,263,270,8,4c0f2a0d8e0453124dbe2b3f5eb60b6681a2727b2f10495f2858b6c6a17f9caf,512912,df12f245b71a91aee621524aa145cc31573fd93f52675477e152c85ee8b80dea,exact_duplicate_review
recovered-moj-1434-v16-p271-34271212,extracted/recovered-moj-judgments-pdf/recovered-moj-1434-v16-p271-34271212.pdf,moj-judgments-1434-volume-16.pdf,archive-sources/moj/1434/moj-judgments-1434-volume-16.pdf,fbdf36deb24184bcd1453d4528d8e766d8800c753b8f21cfc3f22d9a916a242f,4673339,271,276,6,b56625591f56e2f95542debdb4c9f0999129d795cf1d8abc923e028396636034,499847,006beb1aa2aa93dc1aa80989951cc09df7aca0e68148a0b1aa1d4176cdde5879,exact_duplicate_review
recovered-moj-1434-v16-p277-34332938,extracted/recovered-moj-judgments-pdf/recovered-moj-1434-v16-p277-34332938.pdf,moj-judgments-1434-volume-16.pdf,archive-sources/moj/1434/moj-judgments-1434-volume-16.pdf,fbdf36deb24184bcd1453d4528d8e766d8800c753b8f21cfc3f22d9a916a242f,4673339,277,282,6,769747152455c65f55c9ff6110c038cca44b8d8bf9331cad2604500211531763,509403,539be771d9eac5bb6273c8a2fbb4a0e9c9ba859e8e72f1afa0914b564e9888d8,exact_duplicate_review
recovered-moj-1434-v16-p283-34363365,extracted/recovered-moj-judgments-pdf/recovered-moj-1434-v16-p283-34363365.pdf,moj-judgments-1434-volume-16.pdf,archive-sources/moj/1434/moj-judgments-1434-volume-16.pdf,fbdf36deb24184bcd1453d4528d8e766d8800c753b8f21cfc3f22d9a916a242f,4673339,283,289,7,0710c917151676067dec6c204c6d8d7bbe0b42e2870df027a42eeb037f88f7ed,497238,814bcb60830c36fc00d5869bda479f48a58c594e1f82e428e0bd508826ece454,exact_duplicate_review
recovered-moj-1434-v16-p290-34332196,extracted/recovered-moj-judgments-pdf/recovered-moj-1434-v16-p290-34332196.pdf,moj-judgments-1434-volume-16.pdf,archive-sources/moj/1434/moj-judgments-1434-volume-16.pdf,fbdf36deb24184bcd1453d4528d8e766d8800c753b8f21cfc3f22d9a916a242f,4673339,290,298,9,ec63a22426eea7dc06966e939342284fca043833c83679e9ac9e388a4dc783e0,505686,4e4b64bbc41a2f813c57b89f4d077a533042e0ddb358ed5cc589b8d5f8e329d6,exact_duplicate_review
recovered-moj-1434-v16-p299-3443649,extracted/recovered-moj-judgments-pdf/recovered-moj-1434-v16-p299-3443649.pdf,moj-judgments-1434-volume-16.pdf,archive-sources/moj/1434/moj-judgments-1434-volume-16.pdf,fbdf36deb24184bcd1453d4528d8e766d8800c753b8f21cfc3f22d9a916a242f,4673339,299,306,8,82a821f52106d2a7df6ad57f986ff348d6a47fdef5b3a6da52073f0725044af2,1258794,beaa9552203f26998eb9889773d40bc2c2e561012c253cac614ae0ec689c0a5f,exact_duplicate_review
recovered-moj-1434-v16-p307-34202301,extracted/recovered-moj-judgments-pdf/recovered-moj-1434-v16-p307-34202301.pdf,moj-judgments-1434-volume-16.pdf,archive-sources/moj/1434/moj-judgments-1434-volume-16.pdf,fbdf36deb24184bcd1453d4528d8e766d8800c753b8f21cfc3f22d9a916a242f,4673339,307,314,8,d151b43aa0aa2dea97bb704f6007914475988e03c08cbffa83827bd2dae2b60b,506995,022f93e77988b22d58226d562ab602a1701268addfd8827f02ee451267ed5ac8,exact_duplicate_review
recovered-moj-1434-v16-p315-34221250,extracted/recovered-moj-judgments-pdf/recovered-moj-1434-v16-p315-34221250.pdf,moj-judgments-1434-volume-16.pdf,archive-sources/moj/1434/moj-judgments-1434-volume-16.pdf,fbdf36deb24184bcd1453d4528d8e766d8800c753b8f21cfc3f22d9a916a242f,4673339,315,325,11,d21797cea32ba6cc2af1d45bfadf8ab7ae7000122a1e1f8587fdde4e688a87c3,519140,c6aa7d8d9f089286ddc6a49e66bd1ede68b08cc2cc6d7a8bc6045d1ed7bb367e,exact_duplicate_review
recovered-moj-1434-v16-p326-34286877,extracted/recovered-moj-judgments-pdf/recovered-moj-1434-v16-p326-34286877.pdf,moj-judgments-1434-volume-16.pdf,archive-sources/moj/1434/moj-judgments-1434-volume-16.pdf,fbdf36deb24184bcd1453d4528d8e766d8800c753b8f21cfc3f22d9a916a242f,4673339,326,331,6,8acb409c4c90797754bce1812717aef2fe1ef6b2f4339e88172843e065a2a260,493764,ab92a1ba01a31cba65385b51a2193b2a65ca546bfdd711a6de1c42264618049b,exact_duplicate_review
recovered-moj-1434-v16-p332-34266037,extracted/recovered-moj-judgments-pdf/recovered-moj-1434-v16-p332-34266037.pdf,moj-judgments-1434-volume-16.pdf,archive-sources/moj/1434/moj-judgments-1434-volume-16.pdf,fbdf36deb24184bcd1453d4528d8e766d8800c753b8f21cfc3f22d9a916a242f,4673339,332,340,9,d974b7ee8c77e17f55eda7649c68bc0ccb50544720942929ffac8cc47433a3f6,1261410,7541ad5eabc627d3a2ee01ff9ea0690245d11e7358c1e4c9d55d025a2f4783ac,exact_duplicate_review
recovered-moj-1434-v16-p341-3435983,extracted/recovered-moj-judgments-pdf/recovered-moj-1434-v16-p341-3435983.pdf,moj-judgments-1434-volume-16.pdf,archive-sources/moj/1434/moj-judgments-1434-volume-16.pdf,fbdf36deb24184bcd1453d4528d8e766d8800c753b8f21cfc3f22d9a916a242f,4673339,341,354,14,56684147c5b08637a8ee350c4635e0ae62fbbeaa76d2bc5dcef7f5858a22cafe,523571,258306c938da462885f3abbd13490954c64d22f4c1a5064aaaebb025bafa7950,private_manual_review
recovered-moj-1434-v16-p355-3444894,extracted/recovered-moj-judgments-pdf/recovered-moj-1434-v16-p355-3444894.pdf,moj-judgments-1434-volume-16.pdf,archive-sources/moj/1434/moj-judgments-1434-volume-16.pdf,fbdf36deb24184bcd1453d4528d8e766d8800c753b8f21cfc3f22d9a916a242f,4673339,355,359,5,6bbb2c6956b97775b008a959165bce7233d38c3c2ecdaa0478d67bfe820e0a69,487196,3df6dac564288a9a68c8a7b922591170ae7a909eec7c5643d01ad01ba60e7d99,exact_duplicate_review
recovered-moj-1434-v16-p360-34171488,extracted/recovered-moj-judgments-pdf/recovered-moj-1434-v16-p360-34171488.pdf,moj-judgments-1434-volume-16.pdf,archive-sources/moj/1434/moj-judgments-1434-volume-16.pdf,fbdf36deb24184bcd1453d4528d8e766d8800c753b8f21cfc3f22d9a916a242f,4673339,360,365,6,3b93703510f52d66a9f591848b6ad6071fb0f611e257d0fc9aba372453501a2c,487982,bcb6bfdec2d49e5d7a1e36852f32fd13230696f8e2c7dd6e5feaa0f9b588cd3e,exact_duplicate_review
recovered-moj-1434-v16-p366-34175033,extracted/recovered-moj-judgments-pdf/recovered-moj-1434-v16-p366-34175033.pdf,moj-judgments-1434-volume-16.pdf,archive-sources/moj/1434/moj-judgments-1434-volume-16.pdf,fbdf36deb24184bcd1453d4528d8e766d8800c753b8f21cfc3f22d9a916a242f,4673339,366,371,6,01502ec2c787c11134766f7448cd4d55b561b942450345b960a2891582e3d295,488205,3b906320e1fee038f488c8627d8956c7045d3bae33669fd54e9c5fcd32c84c62,exact_duplicate_review
recovered-moj-1434-v16-p372-34176363,extracted/recovered-moj-judgments-pdf/recovered-moj-1434-v16-p372-34176363.pdf,moj-judgments-1434-volume-16.pdf,archive-sources/moj/1434/moj-judgments-1434-volume-16.pdf,fbdf36deb24184bcd1453d4528d8e766d8800c753b8f21cfc3f22d9a916a242f,4673339,372,376,5,a367fccb67021a9c02e8771d94f7fbb4f09023b73be0c708cd309d218cbd30d0,497514,35536751004cdc2c3bdabba313ffda74b221b8f68be23db58128be24cd99c825,exact_duplicate_review
recovered-moj-1434-v16-p377-34316777,extracted/recovered-moj-judgments-pdf/recovered-moj-1434-v16-p377-34316777.pdf,moj-judgments-1434-volume-16.pdf,archive-sources/moj/1434/moj-judgments-1434-volume-16.pdf,fbdf36deb24184bcd1453d4528d8e766d8800c753b8f21cfc3f22d9a916a242f,4673339,377,383,7,8ea7e1c46cefe7a956d8ffa130d886d127add910d0ca43d8f8e477c656f68718,497782,33cd41f390e2c208b7ccc96ccb845cb79b9ae4b6c4890b35786439037e275e53,exact_duplicate_review
recovered-moj-1434-v16-p384-34344352,extracted/recovered-moj-judgments-pdf/recovered-moj-1434-v16-p384-34344352.pdf,moj-judgments-1434-volume-16.pdf,archive-sources/moj/1434/moj-judgments-1434-volume-16.pdf,fbdf36deb24184bcd1453d4528d8e766d8800c753b8f21cfc3f22d9a916a242f,4673339,384,392,9,f1b2ba3553e2ae5586b7a4d2a9db94cd488b4779dd7ef34fb444856fc3ed4e38,1261426,273e896687c23f40263e709ea8ad522c97fa2759064d92de6e1587ca07e68753,exact_duplicate_review
recovered-moj-1434-v16-p393-3432016,extracted/recovered-moj-judgments-pdf/recovered-moj-1434-v16-p393-3432016.pdf,moj-judgments-1434-volume-16.pdf,archive-sources/moj/1434/moj-judgments-1434-volume-16.pdf,fbdf36deb24184bcd1453d4528d8e766d8800c753b8f21cfc3f22d9a916a242f,4673339,393,397,5,6709ffa4ce729f91f44e9ad705060e49b21b49f5351e174edab8f5d6e1b571e1,486094,e953edfd5e0a528534eae0ec7f39f82c324cefbc5c7ab07c0c439c135c44ef7b,exact_duplicate_review
recovered-moj-1434-v16-p398-3429911,extracted/recovered-moj-judgments-pdf/recovered-moj-1434-v16-p398-3429911.pdf,moj-judgments-1434-volume-16.pdf,archive-sources/moj/1434/moj-judgments-1434-volume-16.pdf,fbdf36deb24184bcd1453d4528d8e766d8800c753b8f21cfc3f22d9a916a242f,4673339,398,410,13,ab8d69801e4c3f9252be39e44336f72842cf291ef501cfa9178547eb9aeb0951,1283606,5acbd11c426d26d8cbfdcdb0c82ea2edbad30503241214e159a967cbb75a6925,exact_duplicate_review
recovered-moj-1434-v16-p411-34280904,extracted/recovered-moj-judgments-pdf/recovered-moj-1434-v16-p411-34280904.pdf,moj-judgments-1434-volume-16.pdf,archive-sources/moj/1434/moj-judgments-1434-volume-16.pdf,fbdf36deb24184bcd1453d4528d8e766d8800c753b8f21cfc3f22d9a916a242f,4673339,411,427,17,f3136f277aa05507038f9c4db8178619cbb028d81d4f3bad6ce7a7e4eeb77141,854240,396a5b944aa2be15fa4c6d7ac5537d7f4025c4a93728a497ca88cea4b6e7151b,exact_duplicate_review
recovered-moj-1434-v17-p5-3423184,extracted/recovered-moj-judgments-pdf/recovered-moj-1434-v17-p5-3423184.pdf,moj-judgments-1434-volume-17.pdf,archive-sources/moj/1434/moj-judgments-1434-volume-17.pdf,0fd12ae23184b837d4064d9481aed000ccba83493f30c15f7c271684d9768d3d,3563724,5,11,7,15aedd94757971389b35cfc76ed1b688331b2596878338bf1a8cfad4e6a83c8e,492790,b8cfdb542ef82155fb55efda0cdfdff964a88f51f124a1e3d456a0d08ba03306,exact_duplicate_review
recovered-moj-1434-v17-p12-33237852,extracted/recovered-moj-judgments-pdf/recovered-moj-1434-v17-p12-33237852.pdf,moj-judgments-1434-volume-17.pdf,archive-sources/moj/1434/moj-judgments-1434-volume-17.pdf,0fd12ae23184b837d4064d9481aed000ccba83493f30c15f7c271684d9768d3d,3563724,12,34,23,0e61e25fd5e7ce657be33a57b1679c2bd9f18ea5ca865ac3f07ee9a4fc1cea08,553421,c2c53fb83a72de170d953ae8dbd2baed7c04f0e903ce7c565db63943818c0d39,exact_duplicate_review
recovered-moj-1434-v17-p35-33345920,extracted/recovered-moj-judgments-pdf/recovered-moj-1434-v17-p35-33345920.pdf,moj-judgments-1434-volume-17.pdf,archive-sources/moj/1434/moj-judgments-1434-volume-17.pdf,0fd12ae23184b837d4064d9481aed000ccba83493f30c15f7c271684d9768d3d,3563724,35,48,14,41c7e57481331791764bde3f34d3ee75be54998ad45660ec2e3ac3e8ce29ac08,527440,ea7829b3d49ab39013fc8e344a3a2af0d98493452fbc2e0c01629768b57ae2c7,exact_duplicate_review
recovered-moj-1434-v17-p49-33331714,extracted/recovered-moj-judgments-pdf/recovered-moj-1434-v17-p49-33331714.pdf,moj-judgments-1434-volume-17.pdf,archive-sources/moj/1434/moj-judgments-1434-volume-17.pdf,0fd12ae23184b837d4064d9481aed000ccba83493f30c15f7c271684d9768d3d,3563724,49,55,7,206b66daacf62c3d97fca751a2ba992f5dabc151fb5bf5217120dc70f398a8ec,497136,084cdc4ef1f3a3d9b659ef92abd7a039e23ebdf33e4846a63f5bb081f31eb2a0,exact_duplicate_review
recovered-moj-1434-v17-p56-3452825,extracted/recovered-moj-judgments-pdf/recovered-moj-1434-v17-p56-3452825.pdf,moj-judgments-1434-volume-17.pdf,archive-sources/moj/1434/moj-judgments-1434-volume-17.pdf,0fd12ae23184b837d4064d9481aed000ccba83493f30c15f7c271684d9768d3d,3563724,56,69,14,ea4087659fb967c487ac8bb4c6f95cf8808ce074685e1fba892035872d878fd2,522751,65d63e1c8ccf8bc766b56a574eeeebc5eeeb06900cc28de9e50e59e4e659facc,exact_duplicate_review
recovered-moj-1434-v17-p70-3416899,extracted/recovered-moj-judgments-pdf/recovered-moj-1434-v17-p70-3416899.pdf,moj-judgments-1434-volume-17.pdf,archive-sources/moj/1434/moj-judgments-1434-volume-17.pdf,0fd12ae23184b837d4064d9481aed000ccba83493f30c15f7c271684d9768d3d,3563724,70,74,5,90da3695c695787aca4bdb41665fe4b072c5590fa8122a86d2734afb88d6f5cf,497935,869fcd5300ee0ba0bb535ec986ef6daf9ef7d4b6d7f299fde97a71e35dc4f6c2,exact_duplicate_review
recovered-moj-1434-v17-p75-3459890,extracted/recovered-moj-judgments-pdf/recovered-moj-1434-v17-p75-3459890.pdf,moj-judgments-1434-volume-17.pdf,archive-sources/moj/1434/moj-judgments-1434-volume-17.pdf,0fd12ae23184b837d4064d9481aed000ccba83493f30c15f7c271684d9768d3d,3563724,75,82,8,534f0c4ad43c738be8c358d4ef9b2efcbb196310d80bb08969547e7aa9e03b34,510073,48409718765c5faafe94e66da2a498ef9d66ce54e5d509d40f082f66cc95549d,exact_duplicate_review
recovered-moj-1434-v17-p83-33475491,extracted/recovered-moj-judgments-pdf/recovered-moj-1434-v17-p83-33475491.pdf,moj-judgments-1434-volume-17.pdf,archive-sources/moj/1434/moj-judgments-1434-volume-17.pdf,0fd12ae23184b837d4064d9481aed000ccba83493f30c15f7c271684d9768d3d,3563724,83,87,5,6f12f59cd077d949059e149928c059f4ded91b2318d0ce4c9faa4c7d6acb1af3,491749,f06b2c83e4f5446feade744dd61b4fc7f351169eac345de1d87046d5c40bf724,exact_duplicate_review
recovered-moj-1434-v17-p88-34198977,extracted/recovered-moj-judgments-pdf/recovered-moj-1434-v17-p88-34198977.pdf,moj-judgments-1434-volume-17.pdf,archive-sources/moj/1434/moj-judgments-1434-volume-17.pdf,0fd12ae23184b837d4064d9481aed000ccba83493f30c15f7c271684d9768d3d,3563724,88,93,6,d11c15c45bf10d8a74f89eadd2599d8a35aadd88de384ba90ade3d769adbf010,495327,6907a13c632e3a6d2642e2d36e541024c087e4bc010d6ed0835d2441478439a0,exact_duplicate_review
recovered-moj-1434-v17-p94-34279643,extracted/recovered-moj-judgments-pdf/recovered-moj-1434-v17-p94-34279643.pdf,moj-judgments-1434-volume-17.pdf,archive-sources/moj/1434/moj-judgments-1434-volume-17.pdf,0fd12ae23184b837d4064d9481aed000ccba83493f30c15f7c271684d9768d3d,3563724,94,105,12,c9da479bfa772ddf1877d2d4d0fa1d9571456fbe7739afb76a4dcca4f3a0dba1,517813,91717515d8be412fde116ddf492ccf57bbea5a1baa994ff4af43d3b1336d0aa6,exact_duplicate_review
recovered-moj-1434-v17-p106-34280698,extracted/recovered-moj-judgments-pdf/recovered-moj-1434-v17-p106-34280698.pdf,moj-judgments-1434-volume-17.pdf,archive-sources/moj/1434/moj-judgments-1434-volume-17.pdf,0fd12ae23184b837d4064d9481aed000ccba83493f30c15f7c271684d9768d3d,3563724,106,114,9,83ea777d0effc32ae8f13448f377eca93d01fd324ff9b89ea3db5bb6e0812f37,516778,324619678fdb904000c416a775f380bc951453745004e52df2970d4987a54398,exact_duplicate_review
recovered-moj-1434-v17-p115-34275215,extracted/recovered-moj-judgments-pdf/recovered-moj-1434-v17-p115-34275215.pdf,moj-judgments-1434-volume-17.pdf,archive-sources/moj/1434/moj-judgments-1434-volume-17.pdf,0fd12ae23184b837d4064d9481aed000ccba83493f30c15f7c271684d9768d3d,3563724,115,120,6,206e137e6888d0354ec0ff100114de6e1eccbfc1e15fdc859c498b344eed3801,499573,56db408846a0c33cc8b8f9851f8dd03b79954d4ac51f76df6f69630754bc46a7,exact_duplicate_review
recovered-moj-1434-v17-p121-34293408,extracted/recovered-moj-judgments-pdf/recovered-moj-1434-v17-p121-34293408.pdf,moj-judgments-1434-volume-17.pdf,archive-sources/moj/1434/moj-judgments-1434-volume-17.pdf,0fd12ae23184b837d4064d9481aed000ccba83493f30c15f7c271684d9768d3d,3563724,121,125,5,d250146fc3c012bd4b7ff258b12edb3196822a6e13f7e72a30ee68735a691a21,492363,c8af088e4346651596fdf1008afd38de754147ee2436a8bdd3f9eb3af0856b68,exact_duplicate_review
recovered-moj-1434-v17-p126-34292073,extracted/recovered-moj-judgments-pdf/recovered-moj-1434-v17-p126-34292073.pdf,moj-judgments-1434-volume-17.pdf,archive-sources/moj/1434/moj-judgments-1434-volume-17.pdf,0fd12ae23184b837d4064d9481aed000ccba83493f30c15f7c271684d9768d3d,3563724,126,130,5,ea8886d4a05645e906f1948702f01e5f05848710e9c9befc33b95a87be66d243,499848,d63ce3b0e121926bce82dc9bdd50356cba346c2e6985711a0f8e40313926594f,exact_duplicate_review
recovered-moj-1434-v17-p131-34312859,extracted/recovered-moj-judgments-pdf/recovered-moj-1434-v17-p131-34312859.pdf,moj-judgments-1434-volume-17.pdf,archive-sources/moj/1434/moj-judgments-1434-volume-17.pdf,0fd12ae23184b837d4064d9481aed000ccba83493f30c15f7c271684d9768d3d,3563724,131,138,8,953a7c4fe7713c2ecc393f93fba92e3cadfa6d455ba80c0cd5ae9969d6b0cd59,1270217,a50aa55a87c795b83a20ffe0ea4eb9ec7eb300909aae6d8d123151ff8190a282,exact_duplicate_review
recovered-moj-1434-v17-p139-34209535,extracted/recovered-moj-judgments-pdf/recovered-moj-1434-v17-p139-34209535.pdf,moj-judgments-1434-volume-17.pdf,archive-sources/moj/1434/moj-judgments-1434-volume-17.pdf,0fd12ae23184b837d4064d9481aed000ccba83493f30c15f7c271684d9768d3d,3563724,139,149,11,67c78ff7bec79909499267977366ac7fdd4fd6d074d401a9938ac0a4548983c1,513078,d31a9ef55e1e41951fc8596f9f38e55ca0d2df7614b9046d0b85cab96b4388ce,exact_duplicate_review
recovered-moj-1434-v17-p150-3394934,extracted/recovered-moj-judgments-pdf/recovered-moj-1434-v17-p150-3394934.pdf,moj-judgments-1434-volume-17.pdf,archive-sources/moj/1434/moj-judgments-1434-volume-17.pdf,0fd12ae23184b837d4064d9481aed000ccba83493f30c15f7c271684d9768d3d,3563724,150,159,10,d70be69c6b679fe49c490f5e9b7f6265fac5617d91c337744de47cec6a55fe13,512748,1835cc83d2d1bd222468166be94648def20ebb57a4da4ae5b37d34b8d0e0f096,exact_duplicate_review
recovered-moj-1434-v17-p160-33347139,extracted/recovered-moj-judgments-pdf/recovered-moj-1434-v17-p160-33347139.pdf,moj-judgments-1434-volume-17.pdf,archive-sources/moj/1434/moj-judgments-1434-volume-17.pdf,0fd12ae23184b837d4064d9481aed000ccba83493f30c15f7c271684d9768d3d,3563724,160,171,12,686b2e6fbb72f6a0d2daa1f960eca08ade7048ae7f5859ba09232deeb69f5b61,519349,4092496d15b918eb3d77c8dcd427d805146f52edac7d00f04f5da42ea442b155,exact_duplicate_review
recovered-moj-1434-v17-p172-34176202,extracted/recovered-moj-judgments-pdf/recovered-moj-1434-v17-p172-34176202.pdf,moj-judgments-1434-volume-17.pdf,archive-sources/moj/1434/moj-judgments-1434-volume-17.pdf,0fd12ae23184b837d4064d9481aed000ccba83493f30c15f7c271684d9768d3d,3563724,172,189,18,5bbdc6a86ba27f5c2f79f38f7f25eedd6f3639a693950cc5dc89e265d7180150,530540,723ca36b476f5da9f46df8437fdbd7e47d4d28ea26e91cf93aa9d3af9a08ae41,exact_duplicate_review
recovered-moj-1434-v17-p190-3441850,extracted/recovered-moj-judgments-pdf/recovered-moj-1434-v17-p190-3441850.pdf,moj-judgments-1434-volume-17.pdf,archive-sources/moj/1434/moj-judgments-1434-volume-17.pdf,0fd12ae23184b837d4064d9481aed000ccba83493f30c15f7c271684d9768d3d,3563724,190,198,9,70a21c47617eec82c1e4b95a412a11820ae7047722e561c228a1ae25d0b66bc3,516640,4aee398919697e3245077ab4b1fe522c0f3e1dcb4859c2345613bf499e3cb1e3,exact_duplicate_review
recovered-moj-1434-v17-p199-3381914,extracted/recovered-moj-judgments-pdf/recovered-moj-1434-v17-p199-3381914.pdf,moj-judgments-1434-volume-17.pdf,archive-sources/moj/1434/moj-judgments-1434-volume-17.pdf,0fd12ae23184b837d4064d9481aed000ccba83493f30c15f7c271684d9768d3d,3563724,199,207,9,53c01230eb7590dfdece388c2e77cb3c738530bbe829e04e0b0c5a69ae50e5ee,501261,58f1ecad40b6f4ad911bedd580e6daa57e9c50eb62607ecc130b332d4037c4a7,exact_duplicate_review
recovered-moj-1434-v17-p208-34265704,extracted/recovered-moj-judgments-pdf/recovered-moj-1434-v17-p208-34265704.pdf,moj-judgments-1434-volume-17.pdf,archive-sources/moj/1434/moj-judgments-1434-volume-17.pdf,0fd12ae23184b837d4064d9481aed000ccba83493f30c15f7c271684d9768d3d,3563724,208,213,6,536b3c86f116cb89ca1c22fbb0c3e17e50693e3842770ac78d65d0cc734c7f73,499048,4a67e3088675610b03629e15e3a9c72b33137e1c543370534f6eef1c756a7cd1,exact_duplicate_review
recovered-moj-1434-v17-p214-3432371,extracted/recovered-moj-judgments-pdf/recovered-moj-1434-v17-p214-3432371.pdf,moj-judgments-1434-volume-17.pdf,archive-sources/moj/1434/moj-judgments-1434-volume-17.pdf,0fd12ae23184b837d4064d9481aed000ccba83493f30c15f7c271684d9768d3d,3563724,214,230,17,579b72d0239922c2ba1f4ebeabb15de4e19b6545bf152579c0b4b9539e62f1c5,544737,452353cd26a99e64636f2991b8a57d898db0260565651b2e9c09571fe477b071,exact_duplicate_review
recovered-moj-1434-v17-p231-33297549,extracted/recovered-moj-judgments-pdf/recovered-moj-1434-v17-p231-33297549.pdf,moj-judgments-1434-volume-17.pdf,archive-sources/moj/1434/moj-judgments-1434-volume-17.pdf,0fd12ae23184b837d4064d9481aed000ccba83493f30c15f7c271684d9768d3d,3563724,231,248,18,ad6da0f0bc475fb396eb360515be6002bd069febf9432f539593245f5b053878,541610,c5f96496b692c18d837bf6ac5147a66dc119486e0d03c4ca56ad07e6e01a87df,private_manual_review
recovered-moj-1434-v17-p249-347121,extracted/recovered-moj-judgments-pdf/recovered-moj-1434-v17-p249-347121.pdf,moj-judgments-1434-volume-17.pdf,archive-sources/moj/1434/moj-judgments-1434-volume-17.pdf,0fd12ae23184b837d4064d9481aed000ccba83493f30c15f7c271684d9768d3d,3563724,249,257,9,1cc8202208a6b5ccc8a63e836cff44a51d2a65d12b4d9b99f9ecc422d85e8237,504370,6a664e0ac09597ecfe7e7ede2a933d392d2490379550d6dc536583aea6bfe8a7,exact_duplicate_review
recovered-moj-1434-v17-p258-3444750,extracted/recovered-moj-judgments-pdf/recovered-moj-1434-v17-p258-3444750.pdf,moj-judgments-1434-volume-17.pdf,archive-sources/moj/1434/moj-judgments-1434-volume-17.pdf,0fd12ae23184b837d4064d9481aed000ccba83493f30c15f7c271684d9768d3d,3563724,258,265,8,1fcf7d122adf15df54c36d9728a66b1a4411e52587c62d7cdebf5fefb23ffb58,508341,5466ffc692f13e6f54284751660b49a7699062227e67fd03fe4dde499d297d6a,exact_duplicate_review
recovered-moj-1434-v17-p266-34248603,extracted/recovered-moj-judgments-pdf/recovered-moj-1434-v17-p266-34248603.pdf,moj-judgments-1434-volume-17.pdf,archive-sources/moj/1434/moj-judgments-1434-volume-17.pdf,0fd12ae23184b837d4064d9481aed000ccba83493f30c15f7c271684d9768d3d,3563724,266,279,14,63f0811541927379a7cb1958dd98a5198a68d1fea33de461cdab11c48952f7e8,523053,b3ddcd4816a267bff7eceb3dde246226a44cd9bd779f7ad8d828229e904afa42,exact_duplicate_review
recovered-moj-1434-v17-p280-443813,extracted/recovered-moj-judgments-pdf/recovered-moj-1434-v17-p280-443813.pdf,moj-judgments-1434-volume-17.pdf,archive-sources/moj/1434/moj-judgments-1434-volume-17.pdf,0fd12ae23184b837d4064d9481aed000ccba83493f30c15f7c271684d9768d3d,3563724,280,287,8,e480773b31cd1197a1721be34275181436b6fec772294e640d5fdac2db731ea3,511901,86fd7267e542baf2a3668efd0411dc863589f3688340d38e3957a048fbccc2db,exact_duplicate_review
recovered-moj-1434-v17-p288-3465016,extracted/recovered-moj-judgments-pdf/recovered-moj-1434-v17-p288-3465016.pdf,moj-judgments-1434-volume-17.pdf,archive-sources/moj/1434/moj-judgments-1434-volume-17.pdf,0fd12ae23184b837d4064d9481aed000ccba83493f30c15f7c271684d9768d3d,3563724,288,298,11,48ed10d7385c599aae502437f8881b52c3282abd9182815df8b8c3ddc091ecdd,535397,b5dc7348a459d7f33f18f07755d1a3edd72ea94116a28cdfe496de0143c9a3d8,exact_duplicate_review
recovered-moj-1434-v17-p299-3416879,extracted/recovered-moj-judgments-pdf/recovered-moj-1434-v17-p299-3416879.pdf,moj-judgments-1434-volume-17.pdf,archive-sources/moj/1434/moj-judgments-1434-volume-17.pdf,0fd12ae23184b837d4064d9481aed000ccba83493f30c15f7c271684d9768d3d,3563724,299,308,10,3932ab5c2fdc6067486133fab1fc630a9fc45f5525fcd41f34a4658ab1bb46ff,519228,0f1b8c6f777f75dc7eea182a1095ed59e04c18220f1d930f6d50bca97c5552d7,exact_duplicate_review
recovered-moj-1434-v17-p309-3459136,extracted/recovered-moj-judgments-pdf/recovered-moj-1434-v17-p309-3459136.pdf,moj-judgments-1434-volume-17.pdf,archive-sources/moj/1434/moj-judgments-1434-volume-17.pdf,0fd12ae23184b837d4064d9481aed000ccba83493f30c15f7c271684d9768d3d,3563724,309,327,19,24f117cd944f347a663da556595441ac102789de3fe69819efbd2d8bf64e9bd7,533340,97046bed0add02134e25c829e68b34d0123bd418cf093039e618d07ae53fcc17,exact_duplicate_review
recovered-moj-1434-v17-p328-3459075,extracted/recovered-moj-judgments-pdf/recovered-moj-1434-v17-p328-3459075.pdf,moj-judgments-1434-volume-17.pdf,archive-sources/moj/1434/moj-judgments-1434-volume-17.pdf,0fd12ae23184b837d4064d9481aed000ccba83493f30c15f7c271684d9768d3d,3563724,328,345,18,f92336e482e4a390128c0d6f940ae1a1e80e9932614fe11ac5c451f4e4708418,546251,04457c4dc3808cdd1e54e70747713e5dbee766b739d333e8947d266df2a10c3f,exact_duplicate_review
recovered-moj-1434-v17-p346-33473663,extracted/recovered-moj-judgments-pdf/recovered-moj-1434-v17-p346-33473663.pdf,moj-judgments-1434-volume-17.pdf,archive-sources/moj/1434/moj-judgments-1434-volume-17.pdf,0fd12ae23184b837d4064d9481aed000ccba83493f30c15f7c271684d9768d3d,3563724,346,354,9,202d1fc2cd12c240d04738bfb0d50514bca78bbb3a7a071459866375aad904f8,527251,6e825d7967ffda89f1f7af0ffa7b11aeeedcc9eb733812b52788d0e35597b353,exact_duplicate_review
recovered-moj-1434-v17-p355-3427615,extracted/recovered-moj-judgments-pdf/recovered-moj-1434-v17-p355-3427615.pdf,moj-judgments-1434-volume-17.pdf,archive-sources/moj/1434/moj-judgments-1434-volume-17.pdf,0fd12ae23184b837d4064d9481aed000ccba83493f30c15f7c271684d9768d3d,3563724,355,362,8,7b90584a6a0775cebe4e07d4395bb719734acaf5f69f32b9706ccf3329711152,508848,fd35f69c80597cc012c3a239fe9508c893f3cc21b7681e95e3de3d85330f53cf,exact_duplicate_review
recovered-moj-1434-v17-p363-3430850,extracted/recovered-moj-judgments-pdf/recovered-moj-1434-v17-p363-3430850.pdf,moj-judgments-1434-volume-17.pdf,archive-sources/moj/1434/moj-judgments-1434-volume-17.pdf,0fd12ae23184b837d4064d9481aed000ccba83493f30c15f7c271684d9768d3d,3563724,363,374,12,0a7ef58165feef4f7fad1a2d23e158e238ae1c0d5724660b7c2096868020e3f3,520842,5c1c92d9ab65909cf1838af181b01a388bca7b8891447e15bb0e198b2a7e35dd,exact_duplicate_review
recovered-moj-1434-v17-p375-3422247,extracted/recovered-moj-judgments-pdf/recovered-moj-1434-v17-p375-3422247.pdf,moj-judgments-1434-volume-17.pdf,archive-sources/moj/1434/moj-judgments-1434-volume-17.pdf,0fd12ae23184b837d4064d9481aed000ccba83493f30c15f7c271684d9768d3d,3563724,375,382,8,afcc34fc29a399704a0ae1d9b690df52effe14b6d46373e502b4d81b6ef99739,511173,e1c31e2fe6f6b454b35b84f06453fda27504862a20fbd44f63ae64778a2798db,exact_duplicate_review
recovered-moj-1434-v17-p383-3432281,extracted/recovered-moj-judgments-pdf/recovered-moj-1434-v17-p383-3432281.pdf,moj-judgments-1434-volume-17.pdf,archive-sources/moj/1434/moj-judgments-1434-volume-17.pdf,0fd12ae23184b837d4064d9481aed000ccba83493f30c15f7c271684d9768d3d,3563724,383,388,6,af420f6c8f718495e8400074877b3e257ee76a298ef2179a9e1360da7913c928,502855,3fcc08f69d82ff390b7310aa64d49a7f8df5eb5f57ea6d85eb4e5db59c462284,exact_duplicate_review
recovered-moj-1434-v17-p389-3432301,extracted/recovered-moj-judgments-pdf/recovered-moj-1434-v17-p389-3432301.pdf,moj-judgments-1434-volume-17.pdf,archive-sources/moj/1434/moj-judgments-1434-volume-17.pdf,0fd12ae23184b837d4064d9481aed000ccba83493f30c15f7c271684d9768d3d,3563724,389,394,6,32c1e78b8c904ce9bc22367cc14fd65101544b66703a10f57a90359fa4dfd3ef,506079,ea09485db1d62e249004c4c3a54023faee4646c8c358a64899e31a04af7c8dca,exact_duplicate_review
recovered-moj-1434-v17-p395-3432242,extracted/recovered-moj-judgments-pdf/recovered-moj-1434-v17-p395-3432242.pdf,moj-judgments-1434-volume-17.pdf,archive-sources/moj/1434/moj-judgments-1434-volume-17.pdf,0fd12ae23184b837d4064d9481aed000ccba83493f30c15f7c271684d9768d3d,3563724,395,400,6,6816c9277586b702a9b179150f5ce73eaa2417d926746c2459aa75b009e56267,504482,25aa75712a843c09726f1c4d066797cc28e77e13ba525a4da4ee3b7d10979d3c,exact_duplicate_review
recovered-moj-1434-v17-p401-3425509,extracted/recovered-moj-judgments-pdf/recovered-moj-1434-v17-p401-3425509.pdf,moj-judgments-1434-volume-17.pdf,archive-sources/moj/1434/moj-judgments-1434-volume-17.pdf,0fd12ae23184b837d4064d9481aed000ccba83493f30c15f7c271684d9768d3d,3563724,401,407,7,3d32c5a28b9aceb64ed87555b3c723ed0a0ab761843ec9b68f4011a0f264ef10,494554,20f3c9f5bb07b77432b6ac21199b17d329bc81705463a962dfd0c74c0ddac4a1,exact_duplicate_review
recovered-moj-1434-v17-p408-3428687,extracted/recovered-moj-judgments-pdf/recovered-moj-1434-v17-p408-3428687.pdf,moj-judgments-1434-volume-17.pdf,archive-sources/moj/1434/moj-judgments-1434-volume-17.pdf,0fd12ae23184b837d4064d9481aed000ccba83493f30c15f7c271684d9768d3d,3563724,408,411,4,7c91e65a3ddc8058cfab8c0a8b64f88053afd69a911798391bb2b0c1f875f062,489422,2117ed855f8dbbf543cedd1d14809eef0fe7fd7a100a88a4c210eca8713aac61,exact_duplicate_review
recovered-moj-1434-v17-p412-34186346,extracted/recovered-moj-judgments-pdf/recovered-moj-1434-v17-p412-34186346.pdf,moj-judgments-1434-volume-17.pdf,archive-sources/moj/1434/moj-judgments-1434-volume-17.pdf,0fd12ae23184b837d4064d9481aed000ccba83493f30c15f7c271684d9768d3d,3563724,412,418,7,76bb6641225426ab11b06a97bf2eb10d276d61ac55101197ef7ffa0a9aa34511,513699,3fc4a82ab3d64f913696eaa91e336ccafb06d7486381451cb07613e7285a48ff,exact_duplicate_review
recovered-moj-1434-v17-p419-3435641,extracted/recovered-moj-judgments-pdf/recovered-moj-1434-v17-p419-3435641.pdf,moj-judgments-1434-volume-17.pdf,archive-sources/moj/1434/moj-judgments-1434-volume-17.pdf,0fd12ae23184b837d4064d9481aed000ccba83493f30c15f7c271684d9768d3d,3563724,419,424,6,462d39ceffe6eed21bca343b96cf301ae6e902c15b372b671623fc51b40e1d47,495687,b5e11a608275c5a6c6c6c6e31ccecd7b2cf4d4672d24d36ff6d90fde40063c5c,exact_duplicate_review
recovered-moj-1434-v17-p425-3457461,extracted/recovered-moj-judgments-pdf/recovered-moj-1434-v17-p425-3457461.pdf,moj-judgments-1434-volume-17.pdf,archive-sources/moj/1434/moj-judgments-1434-volume-17.pdf,0fd12ae23184b837d4064d9481aed000ccba83493f30c15f7c271684d9768d3d,3563724,425,436,12,83e29af83a8b404be6bff15724bc389227ed3fa4ddcdb0256467e2970ca79506,513044,b15deb2829237bbf9efb239f83278d747e3d3a2a60a664979ced40edd8c6eb91,exact_duplicate_review
recovered-moj-1434-v17-p437-34246749,extracted/recovered-moj-judgments-pdf/recovered-moj-1434-v17-p437-34246749.pdf,moj-judgments-1434-volume-17.pdf,archive-sources/moj/1434/moj-judgments-1434-volume-17.pdf,0fd12ae23184b837d4064d9481aed000ccba83493f30c15f7c271684d9768d3d,3563724,437,451,15,505d7914b7cdfc68e492bc6297b4585032c1655030495fc75228cc3f18de2329,527713,1a79353803827f0ca5ce669227184c466a089c3a074ccaff8b847529040eecd2,exact_duplicate_review
recovered-moj-1434-v17-p452-3430461,extracted/recovered-moj-judgments-pdf/recovered-moj-1434-v17-p452-3430461.pdf,moj-judgments-1434-volume-17.pdf,archive-sources/moj/1434/moj-judgments-1434-volume-17.pdf,0fd12ae23184b837d4064d9481aed000ccba83493f30c15f7c271684d9768d3d,3563724,452,458,7,a4a5a6cfcdbc669b8de49ff9cb9a4ff57f4fac8b2bea9f2ee79bf2187c3fc621,512558,2e9372bdd311371c5a4157d9e161acb9c8f408471eff718660e6e0507d290de4,exact_duplicate_review
recovered-moj-1434-v17-p459-34246874,extracted/recovered-moj-judgments-pdf/recovered-moj-1434-v17-p459-34246874.pdf,moj-judgments-1434-volume-17.pdf,archive-sources/moj/1434/moj-judgments-1434-volume-17.pdf,0fd12ae23184b837d4064d9481aed000ccba83493f30c15f7c271684d9768d3d,3563724,459,471,13,54b3ba921059b558f3111a5dec1d6dff9267a0def08b3c273ec2b29addc1e9a6,515860,3c5becbd1f852b0eb3adb7ddc40877cc2093bc7ce8ea7e1dae755e123388b93e,exact_duplicate_review
recovered-moj-1434-v17-p472-3433174,extracted/recovered-moj-judgments-pdf/recovered-moj-1434-v17-p472-3433174.pdf,moj-judgments-1434-volume-17.pdf,archive-sources/moj/1434/moj-judgments-1434-volume-17.pdf,0fd12ae23184b837d4064d9481aed000ccba83493f30c15f7c271684d9768d3d,3563724,472,477,6,3d55bf259ead5e42fe14aa3a587412d83de03908a11d9e6dbe513d55c4c4dfd8,506942,7ffaf7caaa4872eabbda82b382e405d323bd99540ca297ffc3bdf17e9524ca67,exact_duplicate_review
recovered-moj-1434-v17-p478-34172873,extracted/recovered-moj-judgments-pdf/recovered-moj-1434-v17-p478-34172873.pdf,moj-judgments-1434-volume-17.pdf,archive-sources/moj/1434/moj-judgments-1434-volume-17.pdf,0fd12ae23184b837d4064d9481aed000ccba83493f30c15f7c271684d9768d3d,3563724,478,484,7,0ac25b985ad4c312e45334299d2f378cd9802c8f5433d72b6290d5a335f9752d,515639,dfb0a5c2a431b9cdaccea6d5ef04661fe64ceb641a9c866530edb420f00e5908,exact_duplicate_review
recovered-moj-1434-v17-p485-34481568,extracted/recovered-moj-judgments-pdf/recovered-moj-1434-v17-p485-34481568.pdf,moj-judgments-1434-volume-17.pdf,archive-sources/moj/1434/moj-judgments-1434-volume-17.pdf,0fd12ae23184b837d4064d9481aed000ccba83493f30c15f7c271684d9768d3d,3563724,485,492,8,6f0eb89dcd64eb664cbbfd89a5813fe6a8fe066b2ab324f4bd6458c91b0e5a58,517903,b38ea364c676f21771b91d19fd29b9895204858cb83cf262c7ebe7a42b0b4f40,exact_duplicate_review
recovered-moj-1434-v17-p493-34232452,extracted/recovered-moj-judgments-pdf/recovered-moj-1434-v17-p493-34232452.pdf,moj-judgments-1434-volume-17.pdf,archive-sources/moj/1434/moj-judgments-1434-volume-17.pdf,0fd12ae23184b837d4064d9481aed000ccba83493f30c15f7c271684d9768d3d,3563724,493,512,20,79db182feb68c0bcc9d4f71414a5b7eb9a8273006a76637b5e92c6e729422907,875794,ffcd1ae66f8d023c5f6f4133791b1ad3c0259678b50cae626aa57a091a111eae,exact_duplicate_review
recovered-moj-1434-v18-p5-34179143,extracted/recovered-moj-judgments-pdf/recovered-moj-1434-v18-p5-34179143.pdf,moj-judgments-1434-volume-18.pdf,archive-sources/moj/1434/moj-judgments-1434-volume-18.pdf,78873a7fe67123a392d1d8ed904a3d8a9a83abfe3e85f1b0d16961538d28f9da,3123094,5,14,10,ad13b8b0571f7b22d1ff397105daf859b810d88761a13279f3d29151c9174547,513198,ee8b3f7749a8513589b3cf150f210f9e1312c3d71fd8e00067d025737171fe89,exact_duplicate_review
recovered-moj-1434-v18-p15-3382924,extracted/recovered-moj-judgments-pdf/recovered-moj-1434-v18-p15-3382924.pdf,moj-judgments-1434-volume-18.pdf,archive-sources/moj/1434/moj-judgments-1434-volume-18.pdf,78873a7fe67123a392d1d8ed904a3d8a9a83abfe3e85f1b0d16961538d28f9da,3123094,15,27,13,8bae748ef263be14589347be24a78b823cd94ccba6c604d291a7be608628237a,518082,1b9f4ede4318b5b765187b954135295af9288b6c3cc90b789b340f46af4c27d0,exact_duplicate_review
recovered-moj-1434-v18-p28-33358951,extracted/recovered-moj-judgments-pdf/recovered-moj-1434-v18-p28-33358951.pdf,moj-judgments-1434-volume-18.pdf,archive-sources/moj/1434/moj-judgments-1434-volume-18.pdf,78873a7fe67123a392d1d8ed904a3d8a9a83abfe3e85f1b0d16961538d28f9da,3123094,28,41,14,a6022454d4be0f388f920ef9ed01b29076e0c0bee7cc67669122b5fdc7023a06,556955,722e52d8e7a544d77ec217156e87d350082de93f2470ff4733c1e5ec18126cdf,exact_duplicate_review
recovered-moj-1434-v18-p42-33398313,extracted/recovered-moj-judgments-pdf/recovered-moj-1434-v18-p42-33398313.pdf,moj-judgments-1434-volume-18.pdf,archive-sources/moj/1434/moj-judgments-1434-volume-18.pdf,78873a7fe67123a392d1d8ed904a3d8a9a83abfe3e85f1b0d16961538d28f9da,3123094,42,49,8,3193181ba0ebd720ced3137b27e566729a1683d78c8ca0e32be4474a06b7d196,510587,9788933fb00121132165fe1f673e74d52449f3f605866f4fa0a9434a83b82a8b,exact_duplicate_review
recovered-moj-1434-v18-p50-33297215,extracted/recovered-moj-judgments-pdf/recovered-moj-1434-v18-p50-33297215.pdf,moj-judgments-1434-volume-18.pdf,archive-sources/moj/1434/moj-judgments-1434-volume-18.pdf,78873a7fe67123a392d1d8ed904a3d8a9a83abfe3e85f1b0d16961538d28f9da,3123094,50,67,18,19cafc18dcd3544860300082e4c36fada259fc2495f8330165052bcd2dccafee,539142,7cfe5a2f9b15ebf0dcd4285557b14852446ee7e0ab6ba44d990d9f0c0deab830,exact_duplicate_review
recovered-moj-1434-v18-p68-33348226,extracted/recovered-moj-judgments-pdf/recovered-moj-1434-v18-p68-33348226.pdf,moj-judgments-1434-volume-18.pdf,archive-sources/moj/1434/moj-judgments-1434-volume-18.pdf,78873a7fe67123a392d1d8ed904a3d8a9a83abfe3e85f1b0d16961538d28f9da,3123094,68,80,13,23104e5846c8822b2b70217497ac23f4b763ad4c1a2f2c59d8dc5bb793f3dd2a,538212,10cc49ae7707cba6806f46e93b40f93aaa1731a0416f914fbf6a13fb931dbaee,exact_duplicate_review
recovered-moj-1434-v18-p81-33335630,extracted/recovered-moj-judgments-pdf/recovered-moj-1434-v18-p81-33335630.pdf,moj-judgments-1434-volume-18.pdf,archive-sources/moj/1434/moj-judgments-1434-volume-18.pdf,78873a7fe67123a392d1d8ed904a3d8a9a83abfe3e85f1b0d16961538d28f9da,3123094,81,94,14,7108882ed22285e9bdf5a1d128faedf11137294b357710a26684c62eec3ac8de,527387,41db6dc0f9fd64cf8766345240288e317e96bf012b73f044cfc14e14589acad0,exact_duplicate_review
recovered-moj-1434-v18-p95-33450333,extracted/recovered-moj-judgments-pdf/recovered-moj-1434-v18-p95-33450333.pdf,moj-judgments-1434-volume-18.pdf,archive-sources/moj/1434/moj-judgments-1434-volume-18.pdf,78873a7fe67123a392d1d8ed904a3d8a9a83abfe3e85f1b0d16961538d28f9da,3123094,95,113,19,7413ac9879b94455da1a526f8285afd718b2a6c8948b5f69df5a3ffa8232cfcf,544199,710ccf72442842ec0a288ebf1d51b42ab821669bdfa06057e2f23473cd662d25,exact_duplicate_review
recovered-moj-1434-v18-p114-33431140,extracted/recovered-moj-judgments-pdf/recovered-moj-1434-v18-p114-33431140.pdf,moj-judgments-1434-volume-18.pdf,archive-sources/moj/1434/moj-judgments-1434-volume-18.pdf,78873a7fe67123a392d1d8ed904a3d8a9a83abfe3e85f1b0d16961538d28f9da,3123094,114,130,17,78d4a98c56f4050b816ce8f3a480bdefdb907b93051535fe0e0e2da3763bda34,548746,48c27e13fad93a06e491c3031950c4665579810d321e96b7b57348956caa6334,exact_duplicate_review
recovered-moj-1434-v18-p131-33302883,extracted/recovered-moj-judgments-pdf/recovered-moj-1434-v18-p131-33302883.pdf,moj-judgments-1434-volume-18.pdf,archive-sources/moj/1434/moj-judgments-1434-volume-18.pdf,78873a7fe67123a392d1d8ed904a3d8a9a83abfe3e85f1b0d16961538d28f9da,3123094,131,138,8,754280fdcaaab2985ad16bef0a90b2722c4d4686dffe7c290710f0c77a5b3265,505663,897b66e25844c6b26392677c7dd311aa755ec2c3cb8ca940895bba7c206261bb,exact_duplicate_review
recovered-moj-1434-v18-p139-33260798,extracted/recovered-moj-judgments-pdf/recovered-moj-1434-v18-p139-33260798.pdf,moj-judgments-1434-volume-18.pdf,archive-sources/moj/1434/moj-judgments-1434-volume-18.pdf,78873a7fe67123a392d1d8ed904a3d8a9a83abfe3e85f1b0d16961538d28f9da,3123094,139,147,9,703f7345ebb1f707c0476abb92b6d11011156a132b8ed2b311c603be12c8edc7,502301,7f2bb60746d3f8a801129d22fc0579bbab375c105960f8e44c9c5e535a3f627a,exact_duplicate_review
recovered-moj-1434-v18-p148-33266415,extracted/recovered-moj-judgments-pdf/recovered-moj-1434-v18-p148-33266415.pdf,moj-judgments-1434-volume-18.pdf,archive-sources/moj/1434/moj-judgments-1434-volume-18.pdf,78873a7fe67123a392d1d8ed904a3d8a9a83abfe3e85f1b0d16961538d28f9da,3123094,148,156,9,119ecb16865989c8e3d214366899114af1b93a5877fa5d428a509ef1004032cc,525492,c06b05e29be1e0ca3e88ddfc2d090b66b257d5095b59c9d86b477acf1162142c,exact_duplicate_review
recovered-moj-1434-v18-p157-3432274,extracted/recovered-moj-judgments-pdf/recovered-moj-1434-v18-p157-3432274.pdf,moj-judgments-1434-volume-18.pdf,archive-sources/moj/1434/moj-judgments-1434-volume-18.pdf,78873a7fe67123a392d1d8ed904a3d8a9a83abfe3e85f1b0d16961538d28f9da,3123094,157,164,8,d34de313b03dff73d75146d5e60400aa4d0922234dad97755cde59cd5e47dda6,513866,e77872658edbdd0e0672e74f90f41c3ad85768a63c5027fb196025be857ceb05,exact_duplicate_review
recovered-moj-1434-v18-p165-33357665,extracted/recovered-moj-judgments-pdf/recovered-moj-1434-v18-p165-33357665.pdf,moj-judgments-1434-volume-18.pdf,archive-sources/moj/1434/moj-judgments-1434-volume-18.pdf,78873a7fe67123a392d1d8ed904a3d8a9a83abfe3e85f1b0d16961538d28f9da,3123094,165,174,10,4673a576a0bb76c3d060223aee59629133bd0c5a0977606dc1fc4998aa89bf59,514911,e70c6fdda1429208209c6f9828f321f07cad57afee28a548dc6ccf167cea3a8d,exact_duplicate_review
recovered-moj-1434-v18-p175-33410812,extracted/recovered-moj-judgments-pdf/recovered-moj-1434-v18-p175-33410812.pdf,moj-judgments-1434-volume-18.pdf,archive-sources/moj/1434/moj-judgments-1434-volume-18.pdf,78873a7fe67123a392d1d8ed904a3d8a9a83abfe3e85f1b0d16961538d28f9da,3123094,175,181,7,246c908d16e47b985db108350520263144fb9c428716c372dd020476ca66bea9,502731,6009ebf7c42b959f10953eb157a89dbcb067cf27275ba95d23783956eb90c511,exact_duplicate_review
recovered-moj-1434-v18-p182-33439718,extracted/recovered-moj-judgments-pdf/recovered-moj-1434-v18-p182-33439718.pdf,moj-judgments-1434-volume-18.pdf,archive-sources/moj/1434/moj-judgments-1434-volume-18.pdf,78873a7fe67123a392d1d8ed904a3d8a9a83abfe3e85f1b0d16961538d28f9da,3123094,182,192,11,a696632f31361f6d0fc38e23f07517bcc5672599ad5923ad7b165674a62f8d90,521549,72ffebbc2f472429a20089ee5e6af984dfc1ce7564f8204db4101dcf16348e1c,exact_duplicate_review
recovered-moj-1434-v18-p193-33361642,extracted/recovered-moj-judgments-pdf/recovered-moj-1434-v18-p193-33361642.pdf,moj-judgments-1434-volume-18.pdf,archive-sources/moj/1434/moj-judgments-1434-volume-18.pdf,78873a7fe67123a392d1d8ed904a3d8a9a83abfe3e85f1b0d16961538d28f9da,3123094,193,200,8,679b286c0f7c208d5310fda98b8f03c2be2833fa38e4aad58dd76d95936a0927,508454,5590e082c8a6fda384bb226595d571038b6343f87b5db3a3751a45d1a3133d0f,exact_duplicate_review
recovered-moj-1434-v18-p201-33464331,extracted/recovered-moj-judgments-pdf/recovered-moj-1434-v18-p201-33464331.pdf,moj-judgments-1434-volume-18.pdf,archive-sources/moj/1434/moj-judgments-1434-volume-18.pdf,78873a7fe67123a392d1d8ed904a3d8a9a83abfe3e85f1b0d16961538d28f9da,3123094,201,207,7,a5e728d68996027cba073effec92baa3a1e01b57182dbea1d8d36f70b2342117,493677,a2b56d8799cd596c020db6229ab1b5329a43372514e0d080481c5e07ab1b091f,exact_duplicate_review
recovered-moj-1434-v18-p208-3433171,extracted/recovered-moj-judgments-pdf/recovered-moj-1434-v18-p208-3433171.pdf,moj-judgments-1434-volume-18.pdf,archive-sources/moj/1434/moj-judgments-1434-volume-18.pdf,78873a7fe67123a392d1d8ed904a3d8a9a83abfe3e85f1b0d16961538d28f9da,3123094,208,214,7,aef93214f763fec3fcddf57ca742542ea7fcb54273005329b334b65a5aedc66f,511979,9d2be8ee41273d3f3ac0a66711dadc0b0b820d0ccdc21d585d71d57ad67f5927,exact_duplicate_review
recovered-moj-1434-v18-p215-33412318,extracted/recovered-moj-judgments-pdf/recovered-moj-1434-v18-p215-33412318.pdf,moj-judgments-1434-volume-18.pdf,archive-sources/moj/1434/moj-judgments-1434-volume-18.pdf,78873a7fe67123a392d1d8ed904a3d8a9a83abfe3e85f1b0d16961538d28f9da,3123094,215,221,7,674ab83258bda72e9c8d111f118feb7ac7a6bd1a237f925dfe879a73ca2ea9a4,498589,fc8c2535f8b850d3f551b0f217b0255ece93ac55b6339c0a5e1c9cd4acc7b923,exact_duplicate_review
recovered-moj-1434-v18-p222-33462509,extracted/recovered-moj-judgments-pdf/recovered-moj-1434-v18-p222-33462509.pdf,moj-judgments-1434-volume-18.pdf,archive-sources/moj/1434/moj-judgments-1434-volume-18.pdf,78873a7fe67123a392d1d8ed904a3d8a9a83abfe3e85f1b0d16961538d28f9da,3123094,222,230,9,d853c06c8b9504e56d4d598ddf91fce57f090b1e82034e66d1d78f16b0f72a5f,522857,83cb3d89e63c32b06ba5cad354610a32d71a7324709dd593e843ea70c0641fb0,exact_duplicate_review
recovered-moj-1434-v18-p231-33483133,extracted/recovered-moj-judgments-pdf/recovered-moj-1434-v18-p231-33483133.pdf,moj-judgments-1434-volume-18.pdf,archive-sources/moj/1434/moj-judgments-1434-volume-18.pdf,78873a7fe67123a392d1d8ed904a3d8a9a83abfe3e85f1b0d16961538d28f9da,3123094,231,237,7,f44e7268dac595bc59cd5c4d7b6fde83673092208721e04a77fc8d90ee18693d,497035,2274a81d4f8c5e1bf6f0042b5a54f616be94e5af0109168a2d2c036298f51e32,exact_duplicate_review
recovered-moj-1434-v18-p238-33448152,extracted/recovered-moj-judgments-pdf/recovered-moj-1434-v18-p238-33448152.pdf,moj-judgments-1434-volume-18.pdf,archive-sources/moj/1434/moj-judgments-1434-volume-18.pdf,78873a7fe67123a392d1d8ed904a3d8a9a83abfe3e85f1b0d16961538d28f9da,3123094,238,243,6,a5467811092f07ebdbdef51c8eecf9ba761c657528fb8b98fadaca6627a098ec,500872,5a9d6fd4ceb214cf0701a7bfa01edf5e401f76073c7e248d71fd8b2d370a635f,exact_duplicate_review
recovered-moj-1434-v18-p244-33475878,extracted/recovered-moj-judgments-pdf/recovered-moj-1434-v18-p244-33475878.pdf,moj-judgments-1434-volume-18.pdf,archive-sources/moj/1434/moj-judgments-1434-volume-18.pdf,78873a7fe67123a392d1d8ed904a3d8a9a83abfe3e85f1b0d16961538d28f9da,3123094,244,254,11,d4b4e9dea4c5696715b1809e4d9c8554834866f543ac7724a3f22416d0d92ba0,526845,19ae5118e1406bb4d0a58c11297c74871d3dc8ca6ecd51998ef5ceea010cc86b,exact_duplicate_review
recovered-moj-1434-v18-p255-34341462,extracted/recovered-moj-judgments-pdf/recovered-moj-1434-v18-p255-34341462.pdf,moj-judgments-1434-volume-18.pdf,archive-sources/moj/1434/moj-judgments-1434-volume-18.pdf,78873a7fe67123a392d1d8ed904a3d8a9a83abfe3e85f1b0d16961538d28f9da,3123094,255,268,14,8a979f6a91ee9ce075547e098c3e6e7ebb3e9a6687a3e6d388c8a92e2aa0489c,521354,a109e03bd6ad5d96e73176076c8978c8dd1f885de8370833f31daf726a213097,exact_duplicate_review
recovered-moj-1434-v18-p269-33444872,extracted/recovered-moj-judgments-pdf/recovered-moj-1434-v18-p269-33444872.pdf,moj-judgments-1434-volume-18.pdf,archive-sources/moj/1434/moj-judgments-1434-volume-18.pdf,78873a7fe67123a392d1d8ed904a3d8a9a83abfe3e85f1b0d16961538d28f9da,3123094,269,275,7,462b9c933f3eaf5b008468e1eb39e04f4547b9c01f9b28048b58e7bb28e7c1cf,499735,c24455ffd47762242ef9ac4f3dd5d6a2a4f494c7035d01573f712e9f85173b41,exact_duplicate_review
recovered-moj-1434-v18-p276-34232119,extracted/recovered-moj-judgments-pdf/recovered-moj-1434-v18-p276-34232119.pdf,moj-judgments-1434-volume-18.pdf,archive-sources/moj/1434/moj-judgments-1434-volume-18.pdf,78873a7fe67123a392d1d8ed904a3d8a9a83abfe3e85f1b0d16961538d28f9da,3123094,276,280,5,7db058a08e6d38aa189eef8af83d36a29e4a84cf58066b1285ea7192bfb33c25,503222,3cb825d04072693b2f93434db2b5770f69d5e340159d61c7c97e1523f5bab6c5,exact_duplicate_review
recovered-moj-1434-v18-p281-341077,extracted/recovered-moj-judgments-pdf/recovered-moj-1434-v18-p281-341077.pdf,moj-judgments-1434-volume-18.pdf,archive-sources/moj/1434/moj-judgments-1434-volume-18.pdf,78873a7fe67123a392d1d8ed904a3d8a9a83abfe3e85f1b0d16961538d28f9da,3123094,281,289,9,a976875fdbc4306a3ce2bd4bae61b924512461af0a42f7ccbd3546b3ce3c3305,510743,cead7316185a4c328ce3db10b010df7f50d9ac88799c8c031181a1bc07d9a594,exact_duplicate_review
recovered-moj-1434-v18-p290-34330070,extracted/recovered-moj-judgments-pdf/recovered-moj-1434-v18-p290-34330070.pdf,moj-judgments-1434-volume-18.pdf,archive-sources/moj/1434/moj-judgments-1434-volume-18.pdf,78873a7fe67123a392d1d8ed904a3d8a9a83abfe3e85f1b0d16961538d28f9da,3123094,290,295,6,c4517d6212b678f7260e33052fdeccd3a594de805a8984a0745978d9bebb0949,503496,5a45449b8e622c37cf516d174e5d89df60fc2091d3c4f7acbe662289e477c4a5,exact_duplicate_review
recovered-moj-1434-v18-p296-3433346,extracted/recovered-moj-judgments-pdf/recovered-moj-1434-v18-p296-3433346.pdf,moj-judgments-1434-volume-18.pdf,archive-sources/moj/1434/moj-judgments-1434-volume-18.pdf,78873a7fe67123a392d1d8ed904a3d8a9a83abfe3e85f1b0d16961538d28f9da,3123094,296,301,6,1e06f386de4b531b3614f201bb805a9a6d7072e1a2728b9adf3969f33f44bfe9,501518,7e4107a6289dbb4c08bf69930bbcdcda7860a5985dbb4dce495d0f91cf67e250,exact_duplicate_review
recovered-moj-1434-v18-p302-3460741,extracted/recovered-moj-judgments-pdf/recovered-moj-1434-v18-p302-3460741.pdf,moj-judgments-1434-volume-18.pdf,archive-sources/moj/1434/moj-judgments-1434-volume-18.pdf,78873a7fe67123a392d1d8ed904a3d8a9a83abfe3e85f1b0d16961538d28f9da,3123094,302,306,5,0373f0ab52b0ac8b462b88471e92c8a29a8ee5988cf33448bafba882d431cbe6,499989,29099ebdda508aaffb970bad543c4a4b93117218e61d522f7805b22d3fedac98,exact_duplicate_review
recovered-moj-1434-v18-p307-34171068,extracted/recovered-moj-judgments-pdf/recovered-moj-1434-v18-p307-34171068.pdf,moj-judgments-1434-volume-18.pdf,archive-sources/moj/1434/moj-judgments-1434-volume-18.pdf,78873a7fe67123a392d1d8ed904a3d8a9a83abfe3e85f1b0d16961538d28f9da,3123094,307,312,6,3adf3707460b40729b7c5ccd14a00770936413304fa2fc96e1fab319f45346ea,496555,fcb722fa7ae38192c76f0dfbbe374b598b2bd51844b40a717a4e1a4541baa906,exact_duplicate_review
recovered-moj-1434-v18-p313-34232696,extracted/recovered-moj-judgments-pdf/recovered-moj-1434-v18-p313-34232696.pdf,moj-judgments-1434-volume-18.pdf,archive-sources/moj/1434/moj-judgments-1434-volume-18.pdf,78873a7fe67123a392d1d8ed904a3d8a9a83abfe3e85f1b0d16961538d28f9da,3123094,313,319,7,32c0cdd09f4dcd1a1efa0e3239caf1206c22cc2bf2058ae1633da5d7fee7af95,494897,70e4ff7515bab4df6faaa2b2298ed2bb1b10037daff874430c1736aa691f1fc4,exact_duplicate_review
recovered-moj-1434-v18-p320-34184623,extracted/recovered-moj-judgments-pdf/recovered-moj-1434-v18-p320-34184623.pdf,moj-judgments-1434-volume-18.pdf,archive-sources/moj/1434/moj-judgments-1434-volume-18.pdf,78873a7fe67123a392d1d8ed904a3d8a9a83abfe3e85f1b0d16961538d28f9da,3123094,320,326,7,8f0dc0c46f3bfe0fb1de7106614e8522d07627680e00aa005f00859e0d4810f6,506015,928fa2ce4105c51d2722dcab7046212927d75bfc3c2a26c8dc9c4b09e7c8e8e2,private_manual_review
recovered-moj-1434-v18-p327-34196192,extracted/recovered-moj-judgments-pdf/recovered-moj-1434-v18-p327-34196192.pdf,moj-judgments-1434-volume-18.pdf,archive-sources/moj/1434/moj-judgments-1434-volume-18.pdf,78873a7fe67123a392d1d8ed904a3d8a9a83abfe3e85f1b0d16961538d28f9da,3123094,327,336,10,5bc14ab6e093db8362e9c780945c99c1765e840496b183f7c2668ecc9a718b77,518310,259a0db91f6353ec36942459689642dff63e0ae99ea8b10136e62797289b8869,exact_duplicate_review
recovered-moj-1434-v18-p337-34215354,extracted/recovered-moj-judgments-pdf/recovered-moj-1434-v18-p337-34215354.pdf,moj-judgments-1434-volume-18.pdf,archive-sources/moj/1434/moj-judgments-1434-volume-18.pdf,78873a7fe67123a392d1d8ed904a3d8a9a83abfe3e85f1b0d16961538d28f9da,3123094,337,343,7,015dbb21e3975beaaba76b24af2c01a027559fb34751d178147daed55ac36ced,497608,a9dc7e242ad452da4c51237ca030b6d361ed173ebbb32db3bc29b5513a59991d,exact_duplicate_review
recovered-moj-1434-v18-p344-34197957,extracted/recovered-moj-judgments-pdf/recovered-moj-1434-v18-p344-34197957.pdf,moj-judgments-1434-volume-18.pdf,archive-sources/moj/1434/moj-judgments-1434-volume-18.pdf,78873a7fe67123a392d1d8ed904a3d8a9a83abfe3e85f1b0d16961538d28f9da,3123094,344,358,15,4632a34e37a07264ef123c7f1c48c9d1ddece8ae183343fccfc57f97645aba4a,527970,b405a6f3f93cf8ac03617e1ea8fb365b56f001c8dbc255b7df569db88c098e30,exact_duplicate_review
recovered-moj-1434-v18-p359-34246013,extracted/recovered-moj-judgments-pdf/recovered-moj-1434-v18-p359-34246013.pdf,moj-judgments-1434-volume-18.pdf,archive-sources/moj/1434/moj-judgments-1434-volume-18.pdf,78873a7fe67123a392d1d8ed904a3d8a9a83abfe3e85f1b0d16961538d28f9da,3123094,359,365,7,372622dbfc22498b9415e574965130df14e8ae0b38724dee98818647ebe100fa,494816,b45abfe0f74208b4e0aa0408d283342f08057dd89bc2187d646070ed43f5fbba,exact_duplicate_review
recovered-moj-1434-v18-p366-34197958,extracted/recovered-moj-judgments-pdf/recovered-moj-1434-v18-p366-34197958.pdf,moj-judgments-1434-volume-18.pdf,archive-sources/moj/1434/moj-judgments-1434-volume-18.pdf,78873a7fe67123a392d1d8ed904a3d8a9a83abfe3e85f1b0d16961538d28f9da,3123094,366,373,8,737c443bb862cc9b54aa5fccb9d448d19ed6b111dc6913c439c94837ce5be62d,500680,c573065cb97cfa722afe122de7ebd11e05e608e842213a4c82243b4354fdb9b0,exact_duplicate_review
recovered-moj-1434-v18-p374-34201368,extracted/recovered-moj-judgments-pdf/recovered-moj-1434-v18-p374-34201368.pdf,moj-judgments-1434-volume-18.pdf,archive-sources/moj/1434/moj-judgments-1434-volume-18.pdf,78873a7fe67123a392d1d8ed904a3d8a9a83abfe3e85f1b0d16961538d28f9da,3123094,374,382,9,faa5effa4f33f77a7fdcf45428e227d1e98ef6a7b98fb069d8fee3888e3621ae,508954,024ac241ee15d4450e34470b5a0e2b6a37ea4752d35dcad7e9288a3e2963b0cb,exact_duplicate_review
recovered-moj-1434-v18-p383-34194415,extracted/recovered-moj-judgments-pdf/recovered-moj-1434-v18-p383-34194415.pdf,moj-judgments-1434-volume-18.pdf,archive-sources/moj/1434/moj-judgments-1434-volume-18.pdf,78873a7fe67123a392d1d8ed904a3d8a9a83abfe3e85f1b0d16961538d28f9da,3123094,383,388,6,7e04a9ea70824ae4f4fe69f55e51259ab8aafb8cd5d32dc8a1d066f07833f130,500323,0dfb34b82299fac18ff1bc80f9b98177bf02a617dcfa826366296f47d0cb484e,exact_duplicate_review
recovered-moj-1434-v18-p389-34204202,extracted/recovered-moj-judgments-pdf/recovered-moj-1434-v18-p389-34204202.pdf,moj-judgments-1434-volume-18.pdf,archive-sources/moj/1434/moj-judgments-1434-volume-18.pdf,78873a7fe67123a392d1d8ed904a3d8a9a83abfe3e85f1b0d16961538d28f9da,3123094,389,397,9,28c16c5b5ae6c7346e7323558dabf5cd2d38320d42b73209159146ccabf633eb,504652,7a14c9fd4265326927889297a2145590bd814f61ba43d819c8f39df214cb6777,exact_duplicate_review
recovered-moj-1434-v18-p398-3425538,extracted/recovered-moj-judgments-pdf/recovered-moj-1434-v18-p398-3425538.pdf,moj-judgments-1434-volume-18.pdf,archive-sources/moj/1434/moj-judgments-1434-volume-18.pdf,78873a7fe67123a392d1d8ed904a3d8a9a83abfe3e85f1b0d16961538d28f9da,3123094,398,403,6,e3710751374dc764186533213fd9809886d15d0437f99df59abee18df486b555,494136,bcee52cbdd48482bcc7e104941d9b26424145df1be12094b2894532a2ef57284,exact_duplicate_review
recovered-moj-1434-v18-p404-34207894,extracted/recovered-moj-judgments-pdf/recovered-moj-1434-v18-p404-34207894.pdf,moj-judgments-1434-volume-18.pdf,archive-sources/moj/1434/moj-judgments-1434-volume-18.pdf,78873a7fe67123a392d1d8ed904a3d8a9a83abfe3e85f1b0d16961538d28f9da,3123094,404,410,7,0b7cf5bafd72b9acfb19f571d2224f2383f9dce280646468dbd565c8e870db63,506497,ac68b1dc8c0895acec2785a9a6e294808b4e027c5b972e9869d90a1c9d3f0764,exact_duplicate_review
recovered-moj-1434-v18-p411-34223849,extracted/recovered-moj-judgments-pdf/recovered-moj-1434-v18-p411-34223849.pdf,moj-judgments-1434-volume-18.pdf,archive-sources/moj/1434/moj-judgments-1434-volume-18.pdf,78873a7fe67123a392d1d8ed904a3d8a9a83abfe3e85f1b0d16961538d28f9da,3123094,411,417,7,40d244292fa54d43bf6711d0d73f0bc5186fc3d5dd7fd0a8ac37d292acefb929,496366,2d374e708102de6c68f08f7bdd71453bd8c59eba340fd5d146fe7c08129333f3,exact_duplicate_review
recovered-moj-1434-v18-p418-34243861,extracted/recovered-moj-judgments-pdf/recovered-moj-1434-v18-p418-34243861.pdf,moj-judgments-1434-volume-18.pdf,archive-sources/moj/1434/moj-judgments-1434-volume-18.pdf,78873a7fe67123a392d1d8ed904a3d8a9a83abfe3e85f1b0d16961538d28f9da,3123094,418,422,5,6eda26a999318e11fda5e5fcebe3b46704bd44c05132097d7e8ae2659e75c264,499386,e94d1e4d7a9e8c5e81cc6f39ed2b819336559a393c939e1359083cb6ee75168b,exact_duplicate_review
recovered-moj-1434-v18-p423-3427326,extracted/recovered-moj-judgments-pdf/recovered-moj-1434-v18-p423-3427326.pdf,moj-judgments-1434-volume-18.pdf,archive-sources/moj/1434/moj-judgments-1434-volume-18.pdf,78873a7fe67123a392d1d8ed904a3d8a9a83abfe3e85f1b0d16961538d28f9da,3123094,423,434,12,16dfa7291befc50497521e59a0d35ce124e4a144cd8760939fc934a8d2c226fd,521318,0369ac4c350ddfd677d9fa6f10dcdb907ba94d129a3283529a430b04d32dc310,exact_duplicate_review
recovered-moj-1434-v18-p435-34268398,extracted/recovered-moj-judgments-pdf/recovered-moj-1434-v18-p435-34268398.pdf,moj-judgments-1434-volume-18.pdf,archive-sources/moj/1434/moj-judgments-1434-volume-18.pdf,78873a7fe67123a392d1d8ed904a3d8a9a83abfe3e85f1b0d16961538d28f9da,3123094,435,443,9,8e8c70600aa580622a0bf4f3e564060dea4d0f7596e801f9f7445e1605a7a3b0,505073,bb5e756d0a77d7124dc584ae848fdc4c3e6e4d34148511a07e18426711d33063,exact_duplicate_review
recovered-moj-1434-v18-p444-34260464,extracted/recovered-moj-judgments-pdf/recovered-moj-1434-v18-p444-34260464.pdf,moj-judgments-1434-volume-18.pdf,archive-sources/moj/1434/moj-judgments-1434-volume-18.pdf,78873a7fe67123a392d1d8ed904a3d8a9a83abfe3e85f1b0d16961538d28f9da,3123094,444,448,5,5106f74ef7d14e674c2f49ef506f52163f9ba526bba4dafd2c83eb16674a9245,500702,4d373f2ba2427829fbb979f3d1d37d034ee293f6556628764e8c0eabdc06255d,exact_duplicate_review
recovered-moj-1434-v18-p449-34279956,extracted/recovered-moj-judgments-pdf/recovered-moj-1434-v18-p449-34279956.pdf,moj-judgments-1434-volume-18.pdf,archive-sources/moj/1434/moj-judgments-1434-volume-18.pdf,78873a7fe67123a392d1d8ed904a3d8a9a83abfe3e85f1b0d16961538d28f9da,3123094,449,455,7,7efd80053a3d5b64852edd9d94d2cf669a9d95976e19e4f282753ecb8252a2c0,498072,f3022f72d18baae830a3dd8dafed6ae6d9585d5ee0e7eb6fa87c9f39aeee3fe9,exact_duplicate_review
recovered-moj-1434-v18-p456-34351504,extracted/recovered-moj-judgments-pdf/recovered-moj-1434-v18-p456-34351504.pdf,moj-judgments-1434-volume-18.pdf,archive-sources/moj/1434/moj-judgments-1434-volume-18.pdf,78873a7fe67123a392d1d8ed904a3d8a9a83abfe3e85f1b0d16961538d28f9da,3123094,456,466,11,b1ad69d6ab8e1486cdd0e8ece7309ae9a18eeee07aa45f19771aef15df2ba2a1,515874,7f3879f202155ee87dce406c5b329b341eb00868a8158b22ec832d698f81fb53,exact_duplicate_review
recovered-moj-1434-v18-p467-34314670,extracted/recovered-moj-judgments-pdf/recovered-moj-1434-v18-p467-34314670.pdf,moj-judgments-1434-volume-18.pdf,archive-sources/moj/1434/moj-judgments-1434-volume-18.pdf,78873a7fe67123a392d1d8ed904a3d8a9a83abfe3e85f1b0d16961538d28f9da,3123094,467,481,15,7460ae7ae0c23d7333a2fc19154c72bdde4ebec2527e115a33fc104a9d97572a,530141,55cc58f945660dc0e053d0e17166549cd8cbb72229bc9808523eaeff9bcf65e4,private_manual_review
recovered-moj-1434-v18-p482-34205167,extracted/recovered-moj-judgments-pdf/recovered-moj-1434-v18-p482-34205167.pdf,moj-judgments-1434-volume-18.pdf,archive-sources/moj/1434/moj-judgments-1434-volume-18.pdf,78873a7fe67123a392d1d8ed904a3d8a9a83abfe3e85f1b0d16961538d28f9da,3123094,482,487,6,d23484dac894a94df215077c16f32fba52a920029b1cf7b1e269602875cd9c7f,499450,fdb6d3a4efa5145d9d2763c2792ca5634090acaba5ed6d426ad185c0fc2158b2,exact_duplicate_review
recovered-moj-1434-v18-p488-34340849,extracted/recovered-moj-judgments-pdf/recovered-moj-1434-v18-p488-34340849.pdf,moj-judgments-1434-volume-18.pdf,archive-sources/moj/1434/moj-judgments-1434-volume-18.pdf,78873a7fe67123a392d1d8ed904a3d8a9a83abfe3e85f1b0d16961538d28f9da,3123094,488,492,5,0ab84c87f87cb698567eb8b6641ee7f236bc5dcb6004eb716968f1647e34e6ee,500913,ad7438c0ec4d7d2779fce258a9223e3b5a926fb0bd61454598fafddad48faae7,private_manual_review
recovered-moj-1434-v18-p493-34368151,extracted/recovered-moj-judgments-pdf/recovered-moj-1434-v18-p493-34368151.pdf,moj-judgments-1434-volume-18.pdf,archive-sources/moj/1434/moj-judgments-1434-volume-18.pdf,78873a7fe67123a392d1d8ed904a3d8a9a83abfe3e85f1b0d16961538d28f9da,3123094,493,506,14,235dd412353f93c52245e77a979df140acf67a27ec6e1744d9735ea6acabcf24,822527,fb0f3179ccdeed667438aeb4513b19a958d39afe209ab14a4fea579201737fcb,exact_duplicate_review
recovered-moj-1434-v19-p5-3412799,extracted/recovered-moj-judgments-pdf/recovered-moj-1434-v19-p5-3412799.pdf,moj-judgments-1434-volume-19.pdf,archive-sources/moj/1434/moj-judgments-1434-volume-19.pdf,3b89f883e82d7873ba50f322388b29458eafbeb7548b6b06d6e5f32ce06c196e,2478577,5,8,4,0b182cbb512280a3375e194547733bd7a4089109a300bb4e1b2e657dac1db60a,496455,03bdcaa7b50d25bc81b5405323acbe46cadacb15ddab1199706b385533d7f370,exact_duplicate_review
recovered-moj-1434-v19-p9-34185966,extracted/recovered-moj-judgments-pdf/recovered-moj-1434-v19-p9-34185966.pdf,moj-judgments-1434-volume-19.pdf,archive-sources/moj/1434/moj-judgments-1434-volume-19.pdf,3b89f883e82d7873ba50f322388b29458eafbeb7548b6b06d6e5f32ce06c196e,2478577,9,15,7,95d1077cb50dfb9f85b1ea9cefd91f8eede8004e6826252720c8ceec4b1467af,497124,68d9343798f14fa11b23af79732d5375a1e79673ff5a54a4aba8c5c2e62b2400,exact_duplicate_review
recovered-moj-1434-v19-p16-342627,extracted/recovered-moj-judgments-pdf/recovered-moj-1434-v19-p16-342627.pdf,moj-judgments-1434-volume-19.pdf,archive-sources/moj/1434/moj-judgments-1434-volume-19.pdf,3b89f883e82d7873ba50f322388b29458eafbeb7548b6b06d6e5f32ce06c196e,2478577,16,21,6,de02463a87ffa729a6500d03aa6d4f4c043869ba904cbcb00bac304feb9d72d6,489885,ab5ba739e487afff91ed498fab780026907505be6da16717cc989df5c76bf8f3,exact_duplicate_review
recovered-moj-1434-v19-p22-3412095,extracted/recovered-moj-judgments-pdf/recovered-moj-1434-v19-p22-3412095.pdf,moj-judgments-1434-volume-19.pdf,archive-sources/moj/1434/moj-judgments-1434-volume-19.pdf,3b89f883e82d7873ba50f322388b29458eafbeb7548b6b06d6e5f32ce06c196e,2478577,22,29,8,c98b194945723f56644c21241886038e51427b0a1ed472f8f9734977d2374258,496303,9879ba0eec2b2941907645c545f4677560c6b5e80bdbf833e3065da9ab57882b,exact_duplicate_review
recovered-moj-1434-v19-p30-3435848,extracted/recovered-moj-judgments-pdf/recovered-moj-1434-v19-p30-3435848.pdf,moj-judgments-1434-volume-19.pdf,archive-sources/moj/1434/moj-judgments-1434-volume-19.pdf,3b89f883e82d7873ba50f322388b29458eafbeb7548b6b06d6e5f32ce06c196e,2478577,30,36,7,849e284342b5917b6d82de77a8405c2877055cb482aca9b1c7414056c88b150c,506996,20a9746e4024de05b1a10001d4492f3bd15f389d7046a3b64e21085e6eb1f8e8,exact_duplicate_review
recovered-moj-1434-v19-p37-34377717,extracted/recovered-moj-judgments-pdf/recovered-moj-1434-v19-p37-34377717.pdf,moj-judgments-1434-volume-19.pdf,archive-sources/moj/1434/moj-judgments-1434-volume-19.pdf,3b89f883e82d7873ba50f322388b29458eafbeb7548b6b06d6e5f32ce06c196e,2478577,37,44,8,d9b59013a40e2725c700bf5cde9afd83dbe04509e46edb3d3a4669d19378c3c3,510408,9458ce8db14fae1ad5968d5bfa1aec8a3f72ebe5db3af0aa9b356b91d6f69752,exact_duplicate_review
recovered-moj-1434-v19-p45-33123104,extracted/recovered-moj-judgments-pdf/recovered-moj-1434-v19-p45-33123104.pdf,moj-judgments-1434-volume-19.pdf,archive-sources/moj/1434/moj-judgments-1434-volume-19.pdf,3b89f883e82d7873ba50f322388b29458eafbeb7548b6b06d6e5f32ce06c196e,2478577,45,56,12,9cf73ad7d91ce5d08a0d98a026121af1936d01cefaece552bf095e1ee1c03206,527867,c36e700be335afd78fff52fb9dc5bff9abd4c50152120aa91c3a21956d89151e,exact_duplicate_review
recovered-moj-1434-v19-p57-3426395,extracted/recovered-moj-judgments-pdf/recovered-moj-1434-v19-p57-3426395.pdf,moj-judgments-1434-volume-19.pdf,archive-sources/moj/1434/moj-judgments-1434-volume-19.pdf,3b89f883e82d7873ba50f322388b29458eafbeb7548b6b06d6e5f32ce06c196e,2478577,57,67,11,308876690ba0ae0ac21ab897fa586c1363f25bb640230e36be09d75f4d919b5c,509235,0d3331ef51200a85314a7c0e82dc3e0f2523aa933368f790b732fb21132d69f0,exact_duplicate_review
recovered-moj-1434-v19-p68-3412393,extracted/recovered-moj-judgments-pdf/recovered-moj-1434-v19-p68-3412393.pdf,moj-judgments-1434-volume-19.pdf,archive-sources/moj/1434/moj-judgments-1434-volume-19.pdf,3b89f883e82d7873ba50f322388b29458eafbeb7548b6b06d6e5f32ce06c196e,2478577,68,77,10,b40a40409e915afb1defae442d51ae7a77460e6dc6ca3ae94c565039f3769ca0,506794,1a2babee638bef7a8865bce66a9dac2c77e7467beada9adf9aa4d5b827c1f8d6,exact_duplicate_review
recovered-moj-1434-v19-p78-3443176,extracted/recovered-moj-judgments-pdf/recovered-moj-1434-v19-p78-3443176.pdf,moj-judgments-1434-volume-19.pdf,archive-sources/moj/1434/moj-judgments-1434-volume-19.pdf,3b89f883e82d7873ba50f322388b29458eafbeb7548b6b06d6e5f32ce06c196e,2478577,78,86,9,e375d89b88481c95d496578ea2bec52aae7f722abd51ccc7aea40526da741d33,526181,a14cf990cc00f56150c8a94a50f837fc0de1d141625684540db51b222694b00b,exact_duplicate_review
recovered-moj-1434-v19-p87-34197431,extracted/recovered-moj-judgments-pdf/recovered-moj-1434-v19-p87-34197431.pdf,moj-judgments-1434-volume-19.pdf,archive-sources/moj/1434/moj-judgments-1434-volume-19.pdf,3b89f883e82d7873ba50f322388b29458eafbeb7548b6b06d6e5f32ce06c196e,2478577,87,91,5,6deae6c9c97d9e379ee0d56ed71d1756cec797c9b36e8318abf7cc4cc9e7c630,493901,895acf8b3aae299a8d2f912d35317beae0f9d6245baa508d67f97eba6f58a96d,exact_duplicate_review
recovered-moj-1434-v19-p92-3413958,extracted/recovered-moj-judgments-pdf/recovered-moj-1434-v19-p92-3413958.pdf,moj-judgments-1434-volume-19.pdf,archive-sources/moj/1434/moj-judgments-1434-volume-19.pdf,3b89f883e82d7873ba50f322388b29458eafbeb7548b6b06d6e5f32ce06c196e,2478577,92,108,17,98be018376817c760d72add6b44fcf54c196f9a592a6441589816480c7a4d400,547774,d021a54723ebc1b682b9156ead22a9d77a06bc6e07f2d6bf4003288cb1689ce3,private_manual_review
recovered-moj-1434-v19-p109-3417638,extracted/recovered-moj-judgments-pdf/recovered-moj-1434-v19-p109-3417638.pdf,moj-judgments-1434-volume-19.pdf,archive-sources/moj/1434/moj-judgments-1434-volume-19.pdf,3b89f883e82d7873ba50f322388b29458eafbeb7548b6b06d6e5f32ce06c196e,2478577,109,114,6,d3b43d4ab0257d7cc9c09b528b8682ce1e1b489711a21eba56c029584b711ce8,500710,c2a9c25ccf751318a93a12d4eb7a2f5471a9d092a1a146c4956c80670c0783b4,exact_duplicate_review
recovered-moj-1434-v19-p115-3430122,extracted/recovered-moj-judgments-pdf/recovered-moj-1434-v19-p115-3430122.pdf,moj-judgments-1434-volume-19.pdf,archive-sources/moj/1434/moj-judgments-1434-volume-19.pdf,3b89f883e82d7873ba50f322388b29458eafbeb7548b6b06d6e5f32ce06c196e,2478577,115,120,6,c224caef3a3f8f9092889e2cca7a2e03ec7e9bbc562a3222502e7a36b206abf2,499101,7e1e29fc8be3ed579abde556ec9c67c1801fd45c7a20cb773f1d24c6f727b231,exact_duplicate_review
recovered-moj-1434-v19-p121-3452025,extracted/recovered-moj-judgments-pdf/recovered-moj-1434-v19-p121-3452025.pdf,moj-judgments-1434-volume-19.pdf,archive-sources/moj/1434/moj-judgments-1434-volume-19.pdf,3b89f883e82d7873ba50f322388b29458eafbeb7548b6b06d6e5f32ce06c196e,2478577,121,130,10,b27f2b1b28077b7dba00cbc56158d5bed95eb3ad4fcd7274ebdec5f54191716c,513400,a3cc3e070571c40570c355f6e4fda4f7956e08baee334a5af43b3bef0e10ee9f,exact_duplicate_review
recovered-moj-1434-v19-p131-3422405,extracted/recovered-moj-judgments-pdf/recovered-moj-1434-v19-p131-3422405.pdf,moj-judgments-1434-volume-19.pdf,archive-sources/moj/1434/moj-judgments-1434-volume-19.pdf,3b89f883e82d7873ba50f322388b29458eafbeb7548b6b06d6e5f32ce06c196e,2478577,131,137,7,4083dbbb35589dda62faae42d9010884bcf1ba507b004062dd356769cfffa8ed,494967,58a9bc187bfa008e5173b5e8817f7cb154d9cee14423024c34ac1cf1e7431eea,exact_duplicate_review
recovered-moj-1434-v19-p138-3430406,extracted/recovered-moj-judgments-pdf/recovered-moj-1434-v19-p138-3430406.pdf,moj-judgments-1434-volume-19.pdf,archive-sources/moj/1434/moj-judgments-1434-volume-19.pdf,3b89f883e82d7873ba50f322388b29458eafbeb7548b6b06d6e5f32ce06c196e,2478577,138,142,5,9b32520a667862fc224bd47607c10c75dc7d711a1f5cc3435791d294e6c505ed,506438,7d0a0c48df8fb930f295aafe9eb95c2b17ed20386a1281101afa84dc2cc58306,exact_duplicate_review
recovered-moj-1434-v19-p143-34343483,extracted/recovered-moj-judgments-pdf/recovered-moj-1434-v19-p143-34343483.pdf,moj-judgments-1434-volume-19.pdf,archive-sources/moj/1434/moj-judgments-1434-volume-19.pdf,3b89f883e82d7873ba50f322388b29458eafbeb7548b6b06d6e5f32ce06c196e,2478577,143,147,5,aeb28fc10d1f62922e74436790fde586575893ca8ab0b3cf7e3031d2ee866fa2,487564,cdc97b3b29da0b1eb01dc4c2d23b8526977ea323749522f7b7dba3a8b0a72f35,exact_duplicate_review
recovered-moj-1434-v19-p148-3436702,extracted/recovered-moj-judgments-pdf/recovered-moj-1434-v19-p148-3436702.pdf,moj-judgments-1434-volume-19.pdf,archive-sources/moj/1434/moj-judgments-1434-volume-19.pdf,3b89f883e82d7873ba50f322388b29458eafbeb7548b6b06d6e5f32ce06c196e,2478577,148,154,7,8eef3b6664b5d63dae47cf9cd58d8ebf115b084895777028222d0d0098531677,510658,5bc877eccfce589e9f823e986212a9e9af2d15feabbea3a1c1ad76058dd4ca79,exact_duplicate_review
recovered-moj-1434-v19-p155-3452683,extracted/recovered-moj-judgments-pdf/recovered-moj-1434-v19-p155-3452683.pdf,moj-judgments-1434-volume-19.pdf,archive-sources/moj/1434/moj-judgments-1434-volume-19.pdf,3b89f883e82d7873ba50f322388b29458eafbeb7548b6b06d6e5f32ce06c196e,2478577,155,166,12,ba1e73d71762fbb9d5ef930b4cf3e7f02ea8f2bd46edd720cf208d8ecd8c1db5,526041,d68a792f1d750104dabaaba55f05e237ffcb116f7fbed50b2f3ab81c874990b6,exact_duplicate_review
recovered-moj-1434-v19-p167-34168438,extracted/recovered-moj-judgments-pdf/recovered-moj-1434-v19-p167-34168438.pdf,moj-judgments-1434-volume-19.pdf,archive-sources/moj/1434/moj-judgments-1434-volume-19.pdf,3b89f883e82d7873ba50f322388b29458eafbeb7548b6b06d6e5f32ce06c196e,2478577,167,181,15,008e3cd2328ad05d6a4f316472e17192e172678cbfb9caea962d343afce5244f,533830,7121fb86bc8482b081dabaa3d4b06a23487b0830855a8022cf441a46f92ba663,private_manual_review
recovered-moj-1434-v19-p182-342030072,extracted/recovered-moj-judgments-pdf/recovered-moj-1434-v19-p182-342030072.pdf,moj-judgments-1434-volume-19.pdf,archive-sources/moj/1434/moj-judgments-1434-volume-19.pdf,3b89f883e82d7873ba50f322388b29458eafbeb7548b6b06d6e5f32ce06c196e,2478577,182,194,13,723c0a72779accc37ec7fc24c6b66a4cdbe937674e8a639949057c6b85620a19,525899,3e8ce03c62de3fceab4e4c7e74ecb39207b351f901483ec9579d0547c23e577b,exact_duplicate_review
recovered-moj-1434-v19-p195-34252576,extracted/recovered-moj-judgments-pdf/recovered-moj-1434-v19-p195-34252576.pdf,moj-judgments-1434-volume-19.pdf,archive-sources/moj/1434/moj-judgments-1434-volume-19.pdf,3b89f883e82d7873ba50f322388b29458eafbeb7548b6b06d6e5f32ce06c196e,2478577,195,207,13,e61d2b5e7a63f722dc4313de7761fd919bde72ef07c3c3da070c4a877d7f2de9,515332,60ef7ae4e6b6424cf35b2d841a4c79d9ef3415550225bc70412b4e8f0770a6b4,exact_duplicate_review
recovered-moj-1434-v19-p208-34167139,extracted/recovered-moj-judgments-pdf/recovered-moj-1434-v19-p208-34167139.pdf,moj-judgments-1434-volume-19.pdf,archive-sources/moj/1434/moj-judgments-1434-volume-19.pdf,3b89f883e82d7873ba50f322388b29458eafbeb7548b6b06d6e5f32ce06c196e,2478577,208,213,6,59d0ae7e9c84046cc79d75c9011c1457753ac18b3ecdebc51ebae1edc6704de6,504434,5295ccc027faa2da44cb28370dfbe7733cb64cb7f6e9ca42b823416e0bb91594,exact_duplicate_review
recovered-moj-1434-v19-p214-34184286,extracted/recovered-moj-judgments-pdf/recovered-moj-1434-v19-p214-34184286.pdf,moj-judgments-1434-volume-19.pdf,archive-sources/moj/1434/moj-judgments-1434-volume-19.pdf,3b89f883e82d7873ba50f322388b29458eafbeb7548b6b06d6e5f32ce06c196e,2478577,214,220,7,2f21e258590aa76de0c1713cb9ed6cca0d5fe6e0e590ded5411c172cd5c09d7a,519173,828ef386763641b74b38da3362963bdb485cf4e5246d93fdd84ee79c69e5b9ab,exact_duplicate_review
recovered-moj-1434-v19-p221-34173841,extracted/recovered-moj-judgments-pdf/recovered-moj-1434-v19-p221-34173841.pdf,moj-judgments-1434-volume-19.pdf,archive-sources/moj/1434/moj-judgments-1434-volume-19.pdf,3b89f883e82d7873ba50f322388b29458eafbeb7548b6b06d6e5f32ce06c196e,2478577,221,226,6,ce3d0711ccb326d914ba6bb50f9ff204ae0cb9674a443e1e8dc36a3e3658676b,502431,e4e92e3137c888c464e32a5c80aa0ff4be33efbe833d3ae457020e73f792dcf3,exact_duplicate_review
recovered-moj-1434-v19-p227-3422718,extracted/recovered-moj-judgments-pdf/recovered-moj-1434-v19-p227-3422718.pdf,moj-judgments-1434-volume-19.pdf,archive-sources/moj/1434/moj-judgments-1434-volume-19.pdf,3b89f883e82d7873ba50f322388b29458eafbeb7548b6b06d6e5f32ce06c196e,2478577,227,231,5,b9c4d9bed75ff1ce53d4655f149e560a93997070f67ffd8cecd114616af57c31,485900,d277fbe47c7b77d1914d9a52115ec9d63f7b738a313066eedea366f5abb41dcb,exact_duplicate_review
recovered-moj-1434-v19-p232-343884,extracted/recovered-moj-judgments-pdf/recovered-moj-1434-v19-p232-343884.pdf,moj-judgments-1434-volume-19.pdf,archive-sources/moj/1434/moj-judgments-1434-volume-19.pdf,3b89f883e82d7873ba50f322388b29458eafbeb7548b6b06d6e5f32ce06c196e,2478577,232,239,8,2acf446f00fc4d6a6d3becc4789a66e398dd68a0863a18032316b79528d3d2f2,512688,7010b883292157ef44a0fda02685fb061a9ab08cf9a57de6a4659ef3ad7cb89f,exact_duplicate_review
recovered-moj-1434-v19-p240-34272983,extracted/recovered-moj-judgments-pdf/recovered-moj-1434-v19-p240-34272983.pdf,moj-judgments-1434-volume-19.pdf,archive-sources/moj/1434/moj-judgments-1434-volume-19.pdf,3b89f883e82d7873ba50f322388b29458eafbeb7548b6b06d6e5f32ce06c196e,2478577,240,259,20,9d73ba65c562976c00c07f94e3a320e3f3c29b3e757654f8e7534794d99d73a7,565173,8aa6b229747be0e59481b8818281483d76bb64c8d416a3863bc584005e5d69cf,private_manual_review
recovered-moj-1434-v19-p260-33292678,extracted/recovered-moj-judgments-pdf/recovered-moj-1434-v19-p260-33292678.pdf,moj-judgments-1434-volume-19.pdf,archive-sources/moj/1434/moj-judgments-1434-volume-19.pdf,3b89f883e82d7873ba50f322388b29458eafbeb7548b6b06d6e5f32ce06c196e,2478577,260,273,14,8160a2c981da5fda86dba0d6dfd49bfbfb7c175c12512badc5316e45556ea132,531126,db2efc36867ee5dadcc93f941da5d3eb8dbfabc0db1bfeeb776a719dd7d5dc43,exact_duplicate_review
recovered-moj-1434-v19-p274-34310422,extracted/recovered-moj-judgments-pdf/recovered-moj-1434-v19-p274-34310422.pdf,moj-judgments-1434-volume-19.pdf,archive-sources/moj/1434/moj-judgments-1434-volume-19.pdf,3b89f883e82d7873ba50f322388b29458eafbeb7548b6b06d6e5f32ce06c196e,2478577,274,279,6,0a42f1126a035d8ba9cf0d417cff1c21fb564fba6856e4fbce9fb78f06c207f1,507363,85ab1cf9b61e0de36615d8fa23f793e48307073350c591fdb0affe0dc9956990,private_manual_review
recovered-moj-1434-v19-p280-33366603,extracted/recovered-moj-judgments-pdf/recovered-moj-1434-v19-p280-33366603.pdf,moj-judgments-1434-volume-19.pdf,archive-sources/moj/1434/moj-judgments-1434-volume-19.pdf,3b89f883e82d7873ba50f322388b29458eafbeb7548b6b06d6e5f32ce06c196e,2478577,280,286,7,afe2f975d2fdb6829c9b785cd08b7d02f1ca3e6d9f491a7b5b3c6145db847602,517000,073886bedd497ad00ab3e6be9eba5b4e998717a943641336ec7983b252a1b072,exact_duplicate_review
recovered-moj-1434-v19-p287-33275897,extracted/recovered-moj-judgments-pdf/recovered-moj-1434-v19-p287-33275897.pdf,moj-judgments-1434-volume-19.pdf,archive-sources/moj/1434/moj-judgments-1434-volume-19.pdf,3b89f883e82d7873ba50f322388b29458eafbeb7548b6b06d6e5f32ce06c196e,2478577,287,294,8,2305597ee7e988fa031005e2fc8dc74713d928044ee6d8224705fdcdd372d895,508886,3fdd9a289ed34554100ca5421a694c5156bf36c583fec230f356aeaca0b09309,exact_duplicate_review
recovered-moj-1434-v19-p295-33314559,extracted/recovered-moj-judgments-pdf/recovered-moj-1434-v19-p295-33314559.pdf,moj-judgments-1434-volume-19.pdf,archive-sources/moj/1434/moj-judgments-1434-volume-19.pdf,3b89f883e82d7873ba50f322388b29458eafbeb7548b6b06d6e5f32ce06c196e,2478577,295,323,29,abea269059d9329b6fa40f7929df15634ccd8d671442ed5d4b31fded993212a0,582460,6bd0fbadc775d922c953bee89405629eb61d1259a27e327e7b82cfd111ba3562,private_manual_review
recovered-moj-1434-v19-p324-33374012,extracted/recovered-moj-judgments-pdf/recovered-moj-1434-v19-p324-33374012.pdf,moj-judgments-1434-volume-19.pdf,archive-sources/moj/1434/moj-judgments-1434-volume-19.pdf,3b89f883e82d7873ba50f322388b29458eafbeb7548b6b06d6e5f32ce06c196e,2478577,324,339,16,2f6a67667f38c5fcc56bff6de6001dffebc65929de690300ee644bd57fa7af1b,831063,5896d77f312c99a921579a53e01c4269f25a12feb88ef4ceab6ecba3209121e0,exact_duplicate_review
recovered-moj-1434-v20-p5-33337850,extracted/recovered-moj-judgments-pdf/recovered-moj-1434-v20-p5-33337850.pdf,moj-judgments-1434-volume-20.pdf,archive-sources/moj/1434/moj-judgments-1434-volume-20.pdf,da777c85ad04c163536bc394d58196b0cd50748a8bfa960b0ac0ce725ed69659,2478112,5,12,8,7e05a7ce5907710d1cd3f0ce3415b4f718918f32417c8e35d126fa960b9b3a42,506463,aeebf06716c358a8e948759680ef51429e2965e39fe2452660be6b5fb408babe,exact_duplicate_review
recovered-moj-1434-v20-p13-33354788,extracted/recovered-moj-judgments-pdf/recovered-moj-1434-v20-p13-33354788.pdf,moj-judgments-1434-volume-20.pdf,archive-sources/moj/1434/moj-judgments-1434-volume-20.pdf,da777c85ad04c163536bc394d58196b0cd50748a8bfa960b0ac0ce725ed69659,2478112,13,24,12,7ed0a06815c29fe9e8edd1e697f77767d6ef96e593390916b457c0919a583a06,517813,95c5b6632d9621ae0025c9e61ebd0945be8af1ec6bcaf46267168553187263e8,exact_duplicate_review
recovered-moj-1434-v20-p25-33339772,extracted/recovered-moj-judgments-pdf/recovered-moj-1434-v20-p25-33339772.pdf,moj-judgments-1434-volume-20.pdf,archive-sources/moj/1434/moj-judgments-1434-volume-20.pdf,da777c85ad04c163536bc394d58196b0cd50748a8bfa960b0ac0ce725ed69659,2478112,25,34,10,42556244af6f27eeef31e4ce8cfcebdc0731e02c6ad583e0b2c2a36d1bda11b7,512161,00bd5619ce42d91ae312c5eb5050c57180acc2cbd8c7b33ec8ff5ab97bac3298,exact_duplicate_review
recovered-moj-1434-v20-p35-33445090,extracted/recovered-moj-judgments-pdf/recovered-moj-1434-v20-p35-33445090.pdf,moj-judgments-1434-volume-20.pdf,archive-sources/moj/1434/moj-judgments-1434-volume-20.pdf,da777c85ad04c163536bc394d58196b0cd50748a8bfa960b0ac0ce725ed69659,2478112,35,39,5,c0013b9af75fc8e746e83df78fd41f09edaaa83652ede2bb2014b9e90b6dd97f,486362,b6de1ba129ef2d8785b9137d44bb029432e4b6ad06d53f2893f31e14a556c34c,exact_duplicate_review
recovered-moj-1434-v20-p40-3458629,extracted/recovered-moj-judgments-pdf/recovered-moj-1434-v20-p40-3458629.pdf,moj-judgments-1434-volume-20.pdf,archive-sources/moj/1434/moj-judgments-1434-volume-20.pdf,da777c85ad04c163536bc394d58196b0cd50748a8bfa960b0ac0ce725ed69659,2478112,40,48,9,1305ad0170df2c4a9caa275fe84eb18579397e50585e2ef33752c05202bb0e68,516195,5bcf1345ba35d3067905387b7a3c49753434bdbee60e7b713c4287c8a106d46f,exact_duplicate_review
recovered-moj-1434-v20-p49-33341688,extracted/recovered-moj-judgments-pdf/recovered-moj-1434-v20-p49-33341688.pdf,moj-judgments-1434-volume-20.pdf,archive-sources/moj/1434/moj-judgments-1434-volume-20.pdf,da777c85ad04c163536bc394d58196b0cd50748a8bfa960b0ac0ce725ed69659,2478112,49,56,8,6ad11081c4182c47d0bf5396ee69b4079187b49c6cce49c1493aec2e4cca2890,503696,40cb595bc45742abfba1ca13a84e2728c0b107de6bf5fd63dcbbb6f453d597bb,exact_duplicate_review
recovered-moj-1434-v20-p57-33321801,extracted/recovered-moj-judgments-pdf/recovered-moj-1434-v20-p57-33321801.pdf,moj-judgments-1434-volume-20.pdf,archive-sources/moj/1434/moj-judgments-1434-volume-20.pdf,da777c85ad04c163536bc394d58196b0cd50748a8bfa960b0ac0ce725ed69659,2478112,57,62,6,be73ce4bbdcc36efcbdbda2bd8fe4b4d8b8a9c8d905a10d42c85d88221e24047,500066,c115ef4f0c37f0d5a87880191688a3b476b936d88f33dfe8522f43e43c32212a,exact_duplicate_review
recovered-moj-1434-v20-p63-33447648,extracted/recovered-moj-judgments-pdf/recovered-moj-1434-v20-p63-33447648.pdf,moj-judgments-1434-volume-20.pdf,archive-sources/moj/1434/moj-judgments-1434-volume-20.pdf,da777c85ad04c163536bc394d58196b0cd50748a8bfa960b0ac0ce725ed69659,2478112,63,68,6,d8de72b41fad0b1201025ecc6aa831b35705d571068edc09085fda6a3578c68c,494615,2ef5fcc106532e7a1500e2501d3ddba129930c8aaa6b71bbba392ecefb7ea026,exact_duplicate_review
recovered-moj-1434-v20-p69-3461349,extracted/recovered-moj-judgments-pdf/recovered-moj-1434-v20-p69-3461349.pdf,moj-judgments-1434-volume-20.pdf,archive-sources/moj/1434/moj-judgments-1434-volume-20.pdf,da777c85ad04c163536bc394d58196b0cd50748a8bfa960b0ac0ce725ed69659,2478112,69,76,8,64ce4c540990ca1672cbbddf2a1b54b57cbc70228d336517cbc5fd9c7ce17b08,506481,08de600cf3763e206d511ea8427c40faf370919dfd15e7d2bdfb0e16b69a283f,exact_duplicate_review
recovered-moj-1434-v20-p77-3420010,extracted/recovered-moj-judgments-pdf/recovered-moj-1434-v20-p77-3420010.pdf,moj-judgments-1434-volume-20.pdf,archive-sources/moj/1434/moj-judgments-1434-volume-20.pdf,da777c85ad04c163536bc394d58196b0cd50748a8bfa960b0ac0ce725ed69659,2478112,77,86,10,5aae208001076217ffa98bac8ec1fb444633669922c5a37eedd160a1aa2739a2,515645,2fde91eec5de6667252473988062b4687773b63afaf0c65350c601759e4352d6,exact_duplicate_review
recovered-moj-1434-v20-p87-3452993,extracted/recovered-moj-judgments-pdf/recovered-moj-1434-v20-p87-3452993.pdf,moj-judgments-1434-volume-20.pdf,archive-sources/moj/1434/moj-judgments-1434-volume-20.pdf,da777c85ad04c163536bc394d58196b0cd50748a8bfa960b0ac0ce725ed69659,2478112,87,95,9,bdc1f36d5b9f9e7af04eb60cb89fcda4c34c9980538962b5e64957f32541251e,502423,dad3ce41af77d93a901ad4a90bcfdea7a997f2525d77b88c2b58fe2b77d762db,exact_duplicate_review
recovered-moj-1434-v20-p96-33388788,extracted/recovered-moj-judgments-pdf/recovered-moj-1434-v20-p96-33388788.pdf,moj-judgments-1434-volume-20.pdf,archive-sources/moj/1434/moj-judgments-1434-volume-20.pdf,da777c85ad04c163536bc394d58196b0cd50748a8bfa960b0ac0ce725ed69659,2478112,96,113,18,6b63cef25ceb7dc7012580c6d9f6380f564d8bf5dce000561d6c7172519875b2,539123,9e7ae18545c862149875f9ce7d8992b8b93aa1135a1894fa5e40f3e36d8eb8fa,private_manual_review
recovered-moj-1434-v20-p114-33409886,extracted/recovered-moj-judgments-pdf/recovered-moj-1434-v20-p114-33409886.pdf,moj-judgments-1434-volume-20.pdf,archive-sources/moj/1434/moj-judgments-1434-volume-20.pdf,da777c85ad04c163536bc394d58196b0cd50748a8bfa960b0ac0ce725ed69659,2478112,114,122,9,11c82ce9f6db502a04cbeaaf86297af7f04468cc43c02d8443a62201c238fa67,521928,f89e59eb80b351f6ab53b52245036ed1ef0b963616be3f7fd4959bf1f0d03422,exact_duplicate_review
recovered-moj-1434-v20-p123-33381189,extracted/recovered-moj-judgments-pdf/recovered-moj-1434-v20-p123-33381189.pdf,moj-judgments-1434-volume-20.pdf,archive-sources/moj/1434/moj-judgments-1434-volume-20.pdf,da777c85ad04c163536bc394d58196b0cd50748a8bfa960b0ac0ce725ed69659,2478112,123,133,11,1f85ebed8cfb732917b12b8b9278b2608b1503fcc45323349ed47e82f09a0d46,507094,07286b6da5aa60b88f97f1c548f502cfc199f635b53674b3edb6c53aece2a835,exact_duplicate_review
recovered-moj-1434-v20-p134-3412610,extracted/recovered-moj-judgments-pdf/recovered-moj-1434-v20-p134-3412610.pdf,moj-judgments-1434-volume-20.pdf,archive-sources/moj/1434/moj-judgments-1434-volume-20.pdf,da777c85ad04c163536bc394d58196b0cd50748a8bfa960b0ac0ce725ed69659,2478112,134,148,15,d3bcbe9541131b6566240014d809143d135bd7c323de955a38ebd67b5efefcf7,536338,f4ee597b6c24b3693f5997e28c1215088a779a32f0c875e19f8e65102b551259,exact_duplicate_review
recovered-moj-1434-v20-p149-34176897,extracted/recovered-moj-judgments-pdf/recovered-moj-1434-v20-p149-34176897.pdf,moj-judgments-1434-volume-20.pdf,archive-sources/moj/1434/moj-judgments-1434-volume-20.pdf,da777c85ad04c163536bc394d58196b0cd50748a8bfa960b0ac0ce725ed69659,2478112,149,157,9,39c1d89840ad7bbe4fa6b18c89cf43a2893861e770d2073944b3bfc8c5e235d3,503348,51ddbbe79c77edf729a88b60d767669ff7234b4a352ee3faf1aadee0ef9dbf7b,exact_duplicate_review
recovered-moj-1434-v20-p158-33482733,extracted/recovered-moj-judgments-pdf/recovered-moj-1434-v20-p158-33482733.pdf,moj-judgments-1434-volume-20.pdf,archive-sources/moj/1434/moj-judgments-1434-volume-20.pdf,da777c85ad04c163536bc394d58196b0cd50748a8bfa960b0ac0ce725ed69659,2478112,158,163,6,6bca1fe6a9ed1e528ab063ab4636996967d6d1803c95c091246f631180b99194,492875,473abc7ffd054718eb896e94c82c9d45098fed96c425bf5033d06a296999fdd4,exact_duplicate_review
recovered-moj-1434-v20-p164-34260118,extracted/recovered-moj-judgments-pdf/recovered-moj-1434-v20-p164-34260118.pdf,moj-judgments-1434-volume-20.pdf,archive-sources/moj/1434/moj-judgments-1434-volume-20.pdf,da777c85ad04c163536bc394d58196b0cd50748a8bfa960b0ac0ce725ed69659,2478112,164,170,7,e6fe0ba703ef15ff64c89f44aa181bc47c7bddc82c1e439c3eefedcc675d2468,502115,4db9206bc66146e53d171ab2809b72b37e745e13829df4cda2b63626375e53f1,exact_duplicate_review
recovered-moj-1434-v20-p171-33399240,extracted/recovered-moj-judgments-pdf/recovered-moj-1434-v20-p171-33399240.pdf,moj-judgments-1434-volume-20.pdf,archive-sources/moj/1434/moj-judgments-1434-volume-20.pdf,da777c85ad04c163536bc394d58196b0cd50748a8bfa960b0ac0ce725ed69659,2478112,171,176,6,79e880cca4833c6adbf10ff7d20c499c1339fad4746079bd690ebf32ab4acd5b,491427,4585749a91b230475d41cf6d1a9620794ab63d358f155487753a4708a2670ff5,exact_duplicate_review
recovered-moj-1434-v20-p177-33394061,extracted/recovered-moj-judgments-pdf/recovered-moj-1434-v20-p177-33394061.pdf,moj-judgments-1434-volume-20.pdf,archive-sources/moj/1434/moj-judgments-1434-volume-20.pdf,da777c85ad04c163536bc394d58196b0cd50748a8bfa960b0ac0ce725ed69659,2478112,177,184,8,3620ce76f64e1a9a36e83f24b0058e398cf14b0a805f0b4dbbe53199a85d71d8,505652,00bfabab0908638830bb23c16740d9f7f2ab63a21584a2533bdc2df7d2ac1c11,exact_duplicate_review
recovered-moj-1434-v20-p185-3441034,extracted/recovered-moj-judgments-pdf/recovered-moj-1434-v20-p185-3441034.pdf,moj-judgments-1434-volume-20.pdf,archive-sources/moj/1434/moj-judgments-1434-volume-20.pdf,da777c85ad04c163536bc394d58196b0cd50748a8bfa960b0ac0ce725ed69659,2478112,185,189,5,bf6d503ede7dcd4a59237cfee75dac0b3a1b80c00e02c08c4482d1d1288a5692,489779,75c1b772eac02250fb9103b273e6f63f8f69705a8764355afad6fbd8cee4f194,exact_duplicate_review
recovered-moj-1434-v20-p190-33416641,extracted/recovered-moj-judgments-pdf/recovered-moj-1434-v20-p190-33416641.pdf,moj-judgments-1434-volume-20.pdf,archive-sources/moj/1434/moj-judgments-1434-volume-20.pdf,da777c85ad04c163536bc394d58196b0cd50748a8bfa960b0ac0ce725ed69659,2478112,190,195,6,fdc1e51413313491fcc16427a9a92c3b486236a95b1ea81ddd1f1c838c20f9a3,503224,78cd3dca1f5149c0ca9dbd4ed9674d984f15ecee315441b8fae463192ddc311e,exact_duplicate_review
recovered-moj-1434-v20-p196-34203698,extracted/recovered-moj-judgments-pdf/recovered-moj-1434-v20-p196-34203698.pdf,moj-judgments-1434-volume-20.pdf,archive-sources/moj/1434/moj-judgments-1434-volume-20.pdf,da777c85ad04c163536bc394d58196b0cd50748a8bfa960b0ac0ce725ed69659,2478112,196,202,7,c308f9b514a7bb0ab10531636d6294494191f80d7a3bd15d12f04a8ae5e3dcb4,517969,9b2d5a88f133ae9aa985caa6f57a3042ef9660d7d216538c7910826fbd67a008,exact_duplicate_review
recovered-moj-1434-v20-p203-33467443,extracted/recovered-moj-judgments-pdf/recovered-moj-1434-v20-p203-33467443.pdf,moj-judgments-1434-volume-20.pdf,archive-sources/moj/1434/moj-judgments-1434-volume-20.pdf,da777c85ad04c163536bc394d58196b0cd50748a8bfa960b0ac0ce725ed69659,2478112,203,209,7,36677ed46886bb30c0142bd708a5396d80c0fddb2b157b0e0d0cb66e32ab6ebf,496061,cb39d5fa1907f73371075936bd9ad06d5b1941f5895deb026a7ff227d946d7d3,exact_duplicate_review
recovered-moj-1434-v20-p210-3413519,extracted/recovered-moj-judgments-pdf/recovered-moj-1434-v20-p210-3413519.pdf,moj-judgments-1434-volume-20.pdf,archive-sources/moj/1434/moj-judgments-1434-volume-20.pdf,da777c85ad04c163536bc394d58196b0cd50748a8bfa960b0ac0ce725ed69659,2478112,210,214,5,03f8cf050972fca194a3c1399a798a902dbcae76a527cc449f27286b55b70df4,510097,d57529cb5dc1ca96c988b4780cd6e2705924c79239df4b92b620f421f15e1654,exact_duplicate_review
recovered-moj-1434-v20-p215-3445842,extracted/recovered-moj-judgments-pdf/recovered-moj-1434-v20-p215-3445842.pdf,moj-judgments-1434-volume-20.pdf,archive-sources/moj/1434/moj-judgments-1434-volume-20.pdf,da777c85ad04c163536bc394d58196b0cd50748a8bfa960b0ac0ce725ed69659,2478112,215,219,5,7588b2cad04f6eca6a9551243240660c7915e8cb84a532f19591a580c27b5209,488517,24cb0531356f21f0aa3b5f3f0ddd0ff19f5ebbea910d201e9fce2949cad6fc9e,exact_duplicate_review
recovered-moj-1434-v20-p220-33460685,extracted/recovered-moj-judgments-pdf/recovered-moj-1434-v20-p220-33460685.pdf,moj-judgments-1434-volume-20.pdf,archive-sources/moj/1434/moj-judgments-1434-volume-20.pdf,da777c85ad04c163536bc394d58196b0cd50748a8bfa960b0ac0ce725ed69659,2478112,220,225,6,779652e0b537de2065a9f9f519f9b32159a1d049c38f6d1917658e1148ad1c02,499616,c254ea282178a882c7fd9b55cd04f60e8d256c367d77b8d9b82ffb8b45772a50,exact_duplicate_review
recovered-moj-1434-v20-p226-33465313,extracted/recovered-moj-judgments-pdf/recovered-moj-1434-v20-p226-33465313.pdf,moj-judgments-1434-volume-20.pdf,archive-sources/moj/1434/moj-judgments-1434-volume-20.pdf,da777c85ad04c163536bc394d58196b0cd50748a8bfa960b0ac0ce725ed69659,2478112,226,236,11,845d4835bfb84f6e6c312f18bd14aa7ca0f343ef45cbb84e4968eb28f5aae8a2,528105,9caa6420e268a129841dd5c7ff117754fba0d0dd13263a5eba8ae5792ff57ddf,exact_duplicate_review
recovered-moj-1434-v20-p237-34168914,extracted/recovered-moj-judgments-pdf/recovered-moj-1434-v20-p237-34168914.pdf,moj-judgments-1434-volume-20.pdf,archive-sources/moj/1434/moj-judgments-1434-volume-20.pdf,da777c85ad04c163536bc394d58196b0cd50748a8bfa960b0ac0ce725ed69659,2478112,237,242,6,152f7b3b1c8ef0e2a799ea27129bdae91a82b28157b6893ca41cfc397632ffb9,505215,178947319b805fd8bfc84b3fc38c551d4b1104e2771c9af8fa3048742babe00a,private_manual_review
recovered-moj-1434-v20-p243-34789,extracted/recovered-moj-judgments-pdf/recovered-moj-1434-v20-p243-34789.pdf,moj-judgments-1434-volume-20.pdf,archive-sources/moj/1434/moj-judgments-1434-volume-20.pdf,da777c85ad04c163536bc394d58196b0cd50748a8bfa960b0ac0ce725ed69659,2478112,243,246,4,61aa425853bf9f8a87bf9a1f651343067c7cb551c508a3224290ddbeaa9cc098,498614,fee27955c313a2540c449975e407e599e411312f06a15c5872f264242bfd750d,exact_duplicate_review
recovered-moj-1434-v20-p247-33470208,extracted/recovered-moj-judgments-pdf/recovered-moj-1434-v20-p247-33470208.pdf,moj-judgments-1434-volume-20.pdf,archive-sources/moj/1434/moj-judgments-1434-volume-20.pdf,da777c85ad04c163536bc394d58196b0cd50748a8bfa960b0ac0ce725ed69659,2478112,247,252,6,4d5820b0cfa0f7a087efbb950ca134891782a612a212fa327b18bdcfcbdbe25a,503730,97cb6c9a8df6f37c2289f74201fa978bdb5147b0727153e70230aec7a5c9b806,exact_duplicate_review
recovered-moj-1434-v20-p253-3414946,extracted/recovered-moj-judgments-pdf/recovered-moj-1434-v20-p253-3414946.pdf,moj-judgments-1434-volume-20.pdf,archive-sources/moj/1434/moj-judgments-1434-volume-20.pdf,da777c85ad04c163536bc394d58196b0cd50748a8bfa960b0ac0ce725ed69659,2478112,253,259,7,dd3e76c6b10b7c6a7ed7f2a4c2d22c36f906daf6a3341768e5aa0dc68f4dcf23,496681,c5a8ade24298817119f5231f6ef8babab1b506a22fb77afda3bfa903355d56ce,exact_duplicate_review
recovered-moj-1434-v20-p260-3422856,extracted/recovered-moj-judgments-pdf/recovered-moj-1434-v20-p260-3422856.pdf,moj-judgments-1434-volume-20.pdf,archive-sources/moj/1434/moj-judgments-1434-volume-20.pdf,da777c85ad04c163536bc394d58196b0cd50748a8bfa960b0ac0ce725ed69659,2478112,260,265,6,f507b3a5a3ea79d14a629ad93cca60c767f5e0998276db6aa8dfefaf546b37c6,498098,21fff216a55975cd823264ce90cd31a19b92d8fdd8196030b2075cd37482c924,exact_duplicate_review
recovered-moj-1434-v20-p266-345917,extracted/recovered-moj-judgments-pdf/recovered-moj-1434-v20-p266-345917.pdf,moj-judgments-1434-volume-20.pdf,archive-sources/moj/1434/moj-judgments-1434-volume-20.pdf,da777c85ad04c163536bc394d58196b0cd50748a8bfa960b0ac0ce725ed69659,2478112,266,270,5,74a2ed5f1069bd8ea1765f7ebbba3cbaf74b02ddebb0ae01ad3e2c4952e8b4e4,507914,c018b1bd92fbcf22b83867d129443956c8ff2be2c2721b96d4c1c5a0d75829cc,exact_duplicate_review
recovered-moj-1434-v20-p271-34283200,extracted/recovered-moj-judgments-pdf/recovered-moj-1434-v20-p271-34283200.pdf,moj-judgments-1434-volume-20.pdf,archive-sources/moj/1434/moj-judgments-1434-volume-20.pdf,da777c85ad04c163536bc394d58196b0cd50748a8bfa960b0ac0ce725ed69659,2478112,271,277,7,ae460d44b87d05dd68c61c5282dd967bebb9201f3888a20256f2a223b2ebf85d,497732,f4a1227d7a9b312d0703592a0510d5ec6ca0160fc4a9c3ca081d7f07ecc9d55b,exact_duplicate_review
recovered-moj-1434-v20-p278-3415883,extracted/recovered-moj-judgments-pdf/recovered-moj-1434-v20-p278-3415883.pdf,moj-judgments-1434-volume-20.pdf,archive-sources/moj/1434/moj-judgments-1434-volume-20.pdf,da777c85ad04c163536bc394d58196b0cd50748a8bfa960b0ac0ce725ed69659,2478112,278,283,6,6e8d64fbce33ae83860b62cf3d9beebf2afa2c9e7ad73a5f520f9d68abc87ca5,500266,59536a663742b0a63c3a475a2b04a7ace28dd2068e01af5615bac7ad12bd2e65,exact_duplicate_review
recovered-moj-1434-v20-p284-34178295,extracted/recovered-moj-judgments-pdf/recovered-moj-1434-v20-p284-34178295.pdf,moj-judgments-1434-volume-20.pdf,archive-sources/moj/1434/moj-judgments-1434-volume-20.pdf,da777c85ad04c163536bc394d58196b0cd50748a8bfa960b0ac0ce725ed69659,2478112,284,290,7,25e0ef141359b3a4a7b596093cf1390e76e9de2b1cac9d53011798d3b86c27fa,515341,ef2f206e92b89814c75aac970ed2e420fa67e1f91e787e1fe9977f9652b39939,exact_duplicate_review
recovered-moj-1434-v20-p291-3424765,extracted/recovered-moj-judgments-pdf/recovered-moj-1434-v20-p291-3424765.pdf,moj-judgments-1434-volume-20.pdf,archive-sources/moj/1434/moj-judgments-1434-volume-20.pdf,da777c85ad04c163536bc394d58196b0cd50748a8bfa960b0ac0ce725ed69659,2478112,291,295,5,a5131b87d3efcb5164a2a646cb19b6a1d841821f17ea8edea54586449f4b2000,485095,9f4d3029cf87953d99e40293b92e5ca0d182b889dfce587310813cafd11a270e,exact_duplicate_review
recovered-moj-1434-v20-p296-34210817,extracted/recovered-moj-judgments-pdf/recovered-moj-1434-v20-p296-34210817.pdf,moj-judgments-1434-volume-20.pdf,archive-sources/moj/1434/moj-judgments-1434-volume-20.pdf,da777c85ad04c163536bc394d58196b0cd50748a8bfa960b0ac0ce725ed69659,2478112,296,307,12,9a60b675a2495fc93bb98a3c74f7161acd82dc5eb6db2e187906aacb55bf2695,519806,5b683a38cf05eb23a06b930f5a9a06f9aaa3b86aa96b60e913e8d7fdbed4dd7b,exact_duplicate_review
recovered-moj-1434-v20-p308-34172935,extracted/recovered-moj-judgments-pdf/recovered-moj-1434-v20-p308-34172935.pdf,moj-judgments-1434-volume-20.pdf,archive-sources/moj/1434/moj-judgments-1434-volume-20.pdf,da777c85ad04c163536bc394d58196b0cd50748a8bfa960b0ac0ce725ed69659,2478112,308,325,18,8791d1f58e7e4e1ef888f5550eed751668639c06ee5cd1535b825e54385ae1f5,538641,91597a452c552ef834d63e11e705d90cbb28552b6811784e0211e3c4b83ec9d9,exact_duplicate_review
recovered-moj-1434-v20-p326-34171532,extracted/recovered-moj-judgments-pdf/recovered-moj-1434-v20-p326-34171532.pdf,moj-judgments-1434-volume-20.pdf,archive-sources/moj/1434/moj-judgments-1434-volume-20.pdf,da777c85ad04c163536bc394d58196b0cd50748a8bfa960b0ac0ce725ed69659,2478112,326,336,11,c7418635d1f3b09ffde9802bd1fc2a5a4300582d05c87c86ffe502741cb5a53f,848368,a271daa42b5996bae9f711eca42bad0fda4c2e36e0d2a07e742c2e0323fa144f,exact_duplicate_review
recovered-moj-1434-v21-p5-34176700,extracted/recovered-moj-judgments-pdf/recovered-moj-1434-v21-p5-34176700.pdf,moj-judgments-1434-volume-21.pdf,archive-sources/moj/1434/moj-judgments-1434-volume-21.pdf,e583fce1668437c0845f2ce9c364757a6d048a0c1681c6fb2ec4cf870f8ae57d,2449134,5,10,6,f288efdf8adcaed7988af9aa4cf8addf75d0589d2080dbad9a7df79a94af8a52,500376,2b45cb55693a3f87e786799866ea2d95aaa3ef7340a76b27f61d17a7d8bd9b5c,exact_duplicate_review
recovered-moj-1434-v21-p11-34166612,extracted/recovered-moj-judgments-pdf/recovered-moj-1434-v21-p11-34166612.pdf,moj-judgments-1434-volume-21.pdf,archive-sources/moj/1434/moj-judgments-1434-volume-21.pdf,e583fce1668437c0845f2ce9c364757a6d048a0c1681c6fb2ec4cf870f8ae57d,2449134,11,16,6,a316a6da8f37e327df76df9226267e6a9793589d8e70b99e9418033ad932efb8,516866,01fc57984f4210d2d28b5bc0106a3dd6a95ac4209baeef50f53119ec6a6daed5,exact_duplicate_review
recovered-moj-1434-v21-p17-34165528,extracted/recovered-moj-judgments-pdf/recovered-moj-1434-v21-p17-34165528.pdf,moj-judgments-1434-volume-21.pdf,archive-sources/moj/1434/moj-judgments-1434-volume-21.pdf,e583fce1668437c0845f2ce9c364757a6d048a0c1681c6fb2ec4cf870f8ae57d,2449134,17,20,4,550a1f72c5b91e2a6d997501bda2155161eaf7e0755e737a95b33910e44ae330,489731,aa1f29372c3dddf24fcca08ba948be839329a35cb3d5957b623b1f6ff5c9d084,exact_duplicate_review
recovered-moj-1434-v21-p21-34121107,extracted/recovered-moj-judgments-pdf/recovered-moj-1434-v21-p21-34121107.pdf,moj-judgments-1434-volume-21.pdf,archive-sources/moj/1434/moj-judgments-1434-volume-21.pdf,e583fce1668437c0845f2ce9c364757a6d048a0c1681c6fb2ec4cf870f8ae57d,2449134,21,25,5,d43cb4936374e03e20b2b158d9bbf2f395ceedebd14fd088fe1bba5dcb9e7c90,485148,e82cc2e4eec6be73c43405e0c85e74ce787b402bbe90cacd640b3941fbfbf7f1,exact_duplicate_review
recovered-moj-1434-v21-p26-34283677,extracted/recovered-moj-judgments-pdf/recovered-moj-1434-v21-p26-34283677.pdf,moj-judgments-1434-volume-21.pdf,archive-sources/moj/1434/moj-judgments-1434-volume-21.pdf,e583fce1668437c0845f2ce9c364757a6d048a0c1681c6fb2ec4cf870f8ae57d,2449134,26,35,10,266b52805bbb3b85b09944226dec470bea0d45916f38905530050ebcb9cb6872,517363,3703d2c6805783141e7d92b5cfc36a6ae31e11ae7d6bf9f65b91d5a560ed60e1,exact_duplicate_review
recovered-moj-1434-v21-p36-34170615,extracted/recovered-moj-judgments-pdf/recovered-moj-1434-v21-p36-34170615.pdf,moj-judgments-1434-volume-21.pdf,archive-sources/moj/1434/moj-judgments-1434-volume-21.pdf,e583fce1668437c0845f2ce9c364757a6d048a0c1681c6fb2ec4cf870f8ae57d,2449134,36,40,5,c06dd73a4a636c42370b16b0f3bdce27866bc4605594cbc8eba08f4270a7c31f,496777,cdba5069e18df9b2673ee9801ad0b9102da372e24c023d4e9a95946bf48216ff,exact_duplicate_review
recovered-moj-1434-v21-p41-34180358,extracted/recovered-moj-judgments-pdf/recovered-moj-1434-v21-p41-34180358.pdf,moj-judgments-1434-volume-21.pdf,archive-sources/moj/1434/moj-judgments-1434-volume-21.pdf,e583fce1668437c0845f2ce9c364757a6d048a0c1681c6fb2ec4cf870f8ae57d,2449134,41,45,5,ac3eab9765f39d45624782dcbf42e8a23cc15d3e21a7d6e16b36150191d4d050,489965,57153b80a6055cea7b94f8b9966bbab6f847802500fd292cd73030f118e9b0f2,exact_duplicate_review
recovered-moj-1434-v21-p46-34192492,extracted/recovered-moj-judgments-pdf/recovered-moj-1434-v21-p46-34192492.pdf,moj-judgments-1434-volume-21.pdf,archive-sources/moj/1434/moj-judgments-1434-volume-21.pdf,e583fce1668437c0845f2ce9c364757a6d048a0c1681c6fb2ec4cf870f8ae57d,2449134,46,53,8,0893626887f3d9b6ade268ac6aacc382132d3d810d696d2b6e6a17c6ab3988bc,500120,8c166cb935d0c6a138c12807456f38ffca4543c904bfe722fb4c8de7931d59c2,exact_duplicate_review
recovered-moj-1434-v21-p54-34184868,extracted/recovered-moj-judgments-pdf/recovered-moj-1434-v21-p54-34184868.pdf,moj-judgments-1434-volume-21.pdf,archive-sources/moj/1434/moj-judgments-1434-volume-21.pdf,e583fce1668437c0845f2ce9c364757a6d048a0c1681c6fb2ec4cf870f8ae57d,2449134,54,59,6,baa570aed33bf277f3ab96943acfb1899247b115af6c4abc50dbc2e4a57ba3f9,491425,a6e78a12df80b7d9bb6d1feaa1222451c8b3bb5d2b23041dd7a59aee2c0ea623,exact_duplicate_review
recovered-moj-1434-v21-p60-34183868,extracted/recovered-moj-judgments-pdf/recovered-moj-1434-v21-p60-34183868.pdf,moj-judgments-1434-volume-21.pdf,archive-sources/moj/1434/moj-judgments-1434-volume-21.pdf,e583fce1668437c0845f2ce9c364757a6d048a0c1681c6fb2ec4cf870f8ae57d,2449134,60,65,6,3e4620157d15a36f48fad5907ef3633e1568b1aca4fa4e7d539662e6d14f1b1d,493801,959ca7fdb4eff12acc8822e48226accd35dbdbbd5af76db75c117c79628dfd01,exact_duplicate_review
recovered-moj-1434-v21-p66-34196715,extracted/recovered-moj-judgments-pdf/recovered-moj-1434-v21-p66-34196715.pdf,moj-judgments-1434-volume-21.pdf,archive-sources/moj/1434/moj-judgments-1434-volume-21.pdf,e583fce1668437c0845f2ce9c364757a6d048a0c1681c6fb2ec4cf870f8ae57d,2449134,66,71,6,078d613f0708f3c30b98ae2e6b002b6c9464b1eca7a53c1df561dc59563abb42,492977,d3198cdf3e893767df19f7cc4c2d4e998725e7c78967268110d6ea1b11d198a2,exact_duplicate_review
recovered-moj-1434-v21-p72-34220034,extracted/recovered-moj-judgments-pdf/recovered-moj-1434-v21-p72-34220034.pdf,moj-judgments-1434-volume-21.pdf,archive-sources/moj/1434/moj-judgments-1434-volume-21.pdf,e583fce1668437c0845f2ce9c364757a6d048a0c1681c6fb2ec4cf870f8ae57d,2449134,72,77,6,b1ade0bc30a9daab38652dfdf648b6bee90999b946aa78f4ac107866e388c3c3,492902,c92a9b59abcf3b509a7b7279836cbdab3191b8dcfa32e2f8ba1842cee52b998b,exact_duplicate_review
recovered-moj-1434-v21-p78-34241491,extracted/recovered-moj-judgments-pdf/recovered-moj-1434-v21-p78-34241491.pdf,moj-judgments-1434-volume-21.pdf,archive-sources/moj/1434/moj-judgments-1434-volume-21.pdf,e583fce1668437c0845f2ce9c364757a6d048a0c1681c6fb2ec4cf870f8ae57d,2449134,78,86,9,2fc555e4b5d7ade13f371953c30952c14347d8d9dae7c069b30b698f90810126,515606,0b20ac556f1c8c619bbbc1de62c91a2a41ada8591e3e6ded851adce3948208a7,exact_duplicate_review
recovered-moj-1434-v21-p87-34204877,extracted/recovered-moj-judgments-pdf/recovered-moj-1434-v21-p87-34204877.pdf,moj-judgments-1434-volume-21.pdf,archive-sources/moj/1434/moj-judgments-1434-volume-21.pdf,e583fce1668437c0845f2ce9c364757a6d048a0c1681c6fb2ec4cf870f8ae57d,2449134,87,94,8,0239f77c90a8d02617a9398637dfd1440d0b9ae7f0d11ee8f57eb64eff637584,507949,1f4039aa063c7316a27ce23aa604db81845fb69be770c88eba6cddc3b7b0d03f,exact_duplicate_review
recovered-moj-1434-v21-p95-34191446,extracted/recovered-moj-judgments-pdf/recovered-moj-1434-v21-p95-34191446.pdf,moj-judgments-1434-volume-21.pdf,archive-sources/moj/1434/moj-judgments-1434-volume-21.pdf,e583fce1668437c0845f2ce9c364757a6d048a0c1681c6fb2ec4cf870f8ae57d,2449134,95,100,6,c380ed88e3c66a19e23f25c54c1511a8b7894b38df9c00a05b1e4f15f8cb9d13,500521,c817f05f03de882458032a5e9b72bc7b89a4cd6194dae02debbecde38eba5f60,exact_duplicate_review
recovered-moj-1434-v21-p101-34198256,extracted/recovered-moj-judgments-pdf/recovered-moj-1434-v21-p101-34198256.pdf,moj-judgments-1434-volume-21.pdf,archive-sources/moj/1434/moj-judgments-1434-volume-21.pdf,e583fce1668437c0845f2ce9c364757a6d048a0c1681c6fb2ec4cf870f8ae57d,2449134,101,105,5,6dc35025ce561543d7d4b169537818a0795d8a670a3e33e93b52dc6b7ca51af2,485817,205b76b54f824ff762c402511da03f652282ecae7b5cb24acbb25fd7911e927e,private_manual_review
recovered-moj-1434-v21-p106-34193641,extracted/recovered-moj-judgments-pdf/recovered-moj-1434-v21-p106-34193641.pdf,moj-judgments-1434-volume-21.pdf,archive-sources/moj/1434/moj-judgments-1434-volume-21.pdf,e583fce1668437c0845f2ce9c364757a6d048a0c1681c6fb2ec4cf870f8ae57d,2449134,106,111,6,9e9f8baf4106a7e76146b33bc4d08b5e59841344f9ea12b1a4122d3664943004,498384,2314906f6ec4f1723cb4c88286595feb55a3c495d2f65c80de479b7fa035416a,exact_duplicate_review
recovered-moj-1434-v21-p112-34274417,extracted/recovered-moj-judgments-pdf/recovered-moj-1434-v21-p112-34274417.pdf,moj-judgments-1434-volume-21.pdf,archive-sources/moj/1434/moj-judgments-1434-volume-21.pdf,e583fce1668437c0845f2ce9c364757a6d048a0c1681c6fb2ec4cf870f8ae57d,2449134,112,116,5,1d1639d0c6caa410b354a58fb34393f7e2f0f14e0dac70d047be5ee0ba3a4c33,505282,3331e5749d2ab211acf5b3d1c6dc5137c8ea073e52d70aab6758d9a8194549ed,exact_duplicate_review
recovered-moj-1434-v21-p117-34268577,extracted/recovered-moj-judgments-pdf/recovered-moj-1434-v21-p117-34268577.pdf,moj-judgments-1434-volume-21.pdf,archive-sources/moj/1434/moj-judgments-1434-volume-21.pdf,e583fce1668437c0845f2ce9c364757a6d048a0c1681c6fb2ec4cf870f8ae57d,2449134,117,135,19,409cbe3afab4ebcb8b22ba0310a4c0006269ca74f154efc98329bef6889777ad,560619,db08867e414cca3e6ec29204e37fb8901ae8acea6beb40814ad48802b654a149,private_manual_review
recovered-moj-1434-v21-p136-34229749,extracted/recovered-moj-judgments-pdf/recovered-moj-1434-v21-p136-34229749.pdf,moj-judgments-1434-volume-21.pdf,archive-sources/moj/1434/moj-judgments-1434-volume-21.pdf,e583fce1668437c0845f2ce9c364757a6d048a0c1681c6fb2ec4cf870f8ae57d,2449134,136,150,15,1d46ea0c5a47e0b2e2e17f1922d300d462bc9f9fd7fb7b2f6b5e13b17ae5547d,541849,695f4683414d3180fbd70f77c29976b4413ae5e97a7c94b79d67ed4ebce3aff2,private_manual_review
recovered-moj-1434-v21-p151-34217687,extracted/recovered-moj-judgments-pdf/recovered-moj-1434-v21-p151-34217687.pdf,moj-judgments-1434-volume-21.pdf,archive-sources/moj/1434/moj-judgments-1434-volume-21.pdf,e583fce1668437c0845f2ce9c364757a6d048a0c1681c6fb2ec4cf870f8ae57d,2449134,151,162,12,a2f3fe6f2d7b671c34025efbcd6b71a22afce3f9204a2f571015d778fa817be7,525517,ca2155f4cb8203bd1ec4e34343693a1de30ec8619d3effe4dfb050f8751d6217,private_manual_review
recovered-moj-1434-v21-p163-34261315,extracted/recovered-moj-judgments-pdf/recovered-moj-1434-v21-p163-34261315.pdf,moj-judgments-1434-volume-21.pdf,archive-sources/moj/1434/moj-judgments-1434-volume-21.pdf,e583fce1668437c0845f2ce9c364757a6d048a0c1681c6fb2ec4cf870f8ae57d,2449134,163,174,12,10ca02a1832cc2352aabef8f74dc301f14e72d3bba4f3f4d1c6bf6995153c713,520892,e7b9b19052128cbf58811d4b6f1524f432e7a8f36610b3c87753b69147106612,exact_duplicate_review
recovered-moj-1434-v21-p175-34375086,extracted/recovered-moj-judgments-pdf/recovered-moj-1434-v21-p175-34375086.pdf,moj-judgments-1434-volume-21.pdf,archive-sources/moj/1434/moj-judgments-1434-volume-21.pdf,e583fce1668437c0845f2ce9c364757a6d048a0c1681c6fb2ec4cf870f8ae57d,2449134,175,183,9,2e76141243114cdd2e6a0365ea0666e02ad6aae2775c483dd263695a835a0f08,502625,a957e54cd66d34fd57ae14d0e86ebbb275ab2eedff242492b00ec560f6b23cb1,exact_duplicate_review
recovered-moj-1434-v21-p184-34227223,extracted/recovered-moj-judgments-pdf/recovered-moj-1434-v21-p184-34227223.pdf,moj-judgments-1434-volume-21.pdf,archive-sources/moj/1434/moj-judgments-1434-volume-21.pdf,e583fce1668437c0845f2ce9c364757a6d048a0c1681c6fb2ec4cf870f8ae57d,2449134,184,188,5,609860116e98533796ec392aea9dacf98561cb2074aee14fa8a8a008155d299c,514199,7923dddc94d19a36bd8de932969cac5d5203a700c84f1003fe288e630c379115,exact_duplicate_review
recovered-moj-1434-v21-p189-3424254,extracted/recovered-moj-judgments-pdf/recovered-moj-1434-v21-p189-3424254.pdf,moj-judgments-1434-volume-21.pdf,archive-sources/moj/1434/moj-judgments-1434-volume-21.pdf,e583fce1668437c0845f2ce9c364757a6d048a0c1681c6fb2ec4cf870f8ae57d,2449134,189,195,7,c1191ffc026101f1ca18e8dde7c4ab16ac7e86bcc2ce69da7ef49f79ee237bac,496963,2293e6b53fba943eef2291fedbb054b18bdb55c5fb785e32b1af08447c54e344,exact_duplicate_review
recovered-moj-1434-v21-p196-34241672,extracted/recovered-moj-judgments-pdf/recovered-moj-1434-v21-p196-34241672.pdf,moj-judgments-1434-volume-21.pdf,archive-sources/moj/1434/moj-judgments-1434-volume-21.pdf,e583fce1668437c0845f2ce9c364757a6d048a0c1681c6fb2ec4cf870f8ae57d,2449134,196,201,6,7f1390144d7afe81280d9383c0f434717d0c9c44c9a8d15f49b5625b7f3936dd,501111,f283b023ae5d70582c57d5edb3e5e617e91f088ead29532d5aef98ea953a6912,exact_duplicate_review
recovered-moj-1434-v21-p202-34252509,extracted/recovered-moj-judgments-pdf/recovered-moj-1434-v21-p202-34252509.pdf,moj-judgments-1434-volume-21.pdf,archive-sources/moj/1434/moj-judgments-1434-volume-21.pdf,e583fce1668437c0845f2ce9c364757a6d048a0c1681c6fb2ec4cf870f8ae57d,2449134,202,215,14,e85c8b40ddd52bf27d8063719f84ea425358fb0ca0669e1d7b73fe68aeb8e6e0,540483,cf0603c5f1da1decf6c271d9d97e0d7bfe546599d5ebd1678fded587cdea9526,private_manual_review
recovered-moj-1434-v21-p216-34275768,extracted/recovered-moj-judgments-pdf/recovered-moj-1434-v21-p216-34275768.pdf,moj-judgments-1434-volume-21.pdf,archive-sources/moj/1434/moj-judgments-1434-volume-21.pdf,e583fce1668437c0845f2ce9c364757a6d048a0c1681c6fb2ec4cf870f8ae57d,2449134,216,227,12,ce9c3a517212af0a30255a0531ce1a3ce80c71ce047f4bbe2df50e2990c28a1d,519613,d2dada9c6e4e1678d000928c5f22c04f0abf0503f1f808572c4eb33a1bcbf25b,private_manual_review
recovered-moj-1434-v21-p228-34278299,extracted/recovered-moj-judgments-pdf/recovered-moj-1434-v21-p228-34278299.pdf,moj-judgments-1434-volume-21.pdf,archive-sources/moj/1434/moj-judgments-1434-volume-21.pdf,e583fce1668437c0845f2ce9c364757a6d048a0c1681c6fb2ec4cf870f8ae57d,2449134,228,236,9,705328a0ac5eed8d30acd72a7593df023b0c34b55fc58b5b695eee81ee38efa9,521547,4ed252a58747216ed80fdf3621d644312995a953e0da8e218e48a7f9768f100d,exact_duplicate_review
recovered-moj-1434-v21-p237-34288810,extracted/recovered-moj-judgments-pdf/recovered-moj-1434-v21-p237-34288810.pdf,moj-judgments-1434-volume-21.pdf,archive-sources/moj/1434/moj-judgments-1434-volume-21.pdf,e583fce1668437c0845f2ce9c364757a6d048a0c1681c6fb2ec4cf870f8ae57d,2449134,237,242,6,87baa7884924235377d7993a1f37e1f8ca9caf863de9e8598a73a579ddc5a165,503877,a65362cb5af5b198c9b61e6d681072c723966e03b65ec6ff2be2e198886f7bb2,exact_duplicate_review
recovered-moj-1434-v21-p243-34293242,extracted/recovered-moj-judgments-pdf/recovered-moj-1434-v21-p243-34293242.pdf,moj-judgments-1434-volume-21.pdf,archive-sources/moj/1434/moj-judgments-1434-volume-21.pdf,e583fce1668437c0845f2ce9c364757a6d048a0c1681c6fb2ec4cf870f8ae57d,2449134,243,265,23,b3c34766b6df1d1f8f43bcdeebc11f3f89b350f7acee74b1d7fc3d9e1e26f4c6,554997,f6c28be98b19a4914c0592cd0d1f9995326a49dc95bdfcde4237e11a75651c95,private_manual_review
recovered-moj-1434-v21-p266-34311440,extracted/recovered-moj-judgments-pdf/recovered-moj-1434-v21-p266-34311440.pdf,moj-judgments-1434-volume-21.pdf,archive-sources/moj/1434/moj-judgments-1434-volume-21.pdf,e583fce1668437c0845f2ce9c364757a6d048a0c1681c6fb2ec4cf870f8ae57d,2449134,266,271,6,8c7e9f927d819430511072d50c3721925bd5c16f6a213380519d763f476989b0,498511,42574109ccc53076783b2ef56a1fdeb0a7f99f800f159c873ffa541cf3a04de1,exact_duplicate_review
recovered-moj-1434-v21-p272-34325375,extracted/recovered-moj-judgments-pdf/recovered-moj-1434-v21-p272-34325375.pdf,moj-judgments-1434-volume-21.pdf,archive-sources/moj/1434/moj-judgments-1434-volume-21.pdf,e583fce1668437c0845f2ce9c364757a6d048a0c1681c6fb2ec4cf870f8ae57d,2449134,272,291,20,e4fec291c6e967d37800b09e354ce6f3d4ab15340ee9459613ce36f9fa223ff1,552574,d8568a35766202f1c06f6285c2073eb223d88b5be422eb4bc1bef5a7a7a8ce94,private_manual_review
recovered-moj-1434-v21-p292-34340390,extracted/recovered-moj-judgments-pdf/recovered-moj-1434-v21-p292-34340390.pdf,moj-judgments-1434-volume-21.pdf,archive-sources/moj/1434/moj-judgments-1434-volume-21.pdf,e583fce1668437c0845f2ce9c364757a6d048a0c1681c6fb2ec4cf870f8ae57d,2449134,292,296,5,8462e1d48dc3c3f215a79a2e595fa209b1f7cce212a30e8b19902836d6f8eeec,500972,74e081c12fc15dfba9207552c1b9a077a1de7f0187886ac31081686ecc2c4786,exact_duplicate_review
recovered-moj-1434-v21-p297-34363544,extracted/recovered-moj-judgments-pdf/recovered-moj-1434-v21-p297-34363544.pdf,moj-judgments-1434-volume-21.pdf,archive-sources/moj/1434/moj-judgments-1434-volume-21.pdf,e583fce1668437c0845f2ce9c364757a6d048a0c1681c6fb2ec4cf870f8ae57d,2449134,297,302,6,35311abc34cc7d220130505f8ed6637274a3ef61956144892d7e9f8d02ee0509,502925,ea4bf155dea5cdac4b8d0e6d93bdaf4f10da13c136f7b94ca0581acb273da281,exact_duplicate_review
recovered-moj-1434-v21-p303-34369814,extracted/recovered-moj-judgments-pdf/recovered-moj-1434-v21-p303-34369814.pdf,moj-judgments-1434-volume-21.pdf,archive-sources/moj/1434/moj-judgments-1434-volume-21.pdf,e583fce1668437c0845f2ce9c364757a6d048a0c1681c6fb2ec4cf870f8ae57d,2449134,303,307,5,da5841f390708e32873c314717ffe901a47ee1fb8f5c94b58b517dbf11c09f9f,489056,f91ec42e64c88039043dca69e2531c59b256c889bde2993cc6f59e7144abfbf0,exact_duplicate_review
recovered-moj-1434-v21-p308-34390103,extracted/recovered-moj-judgments-pdf/recovered-moj-1434-v21-p308-34390103.pdf,moj-judgments-1434-volume-21.pdf,archive-sources/moj/1434/moj-judgments-1434-volume-21.pdf,e583fce1668437c0845f2ce9c364757a6d048a0c1681c6fb2ec4cf870f8ae57d,2449134,308,332,25,085625d9449b2eb1635cb347dc20905239433753cb2837184b23cff07e2bed88,900241,83430e06be0d78d404d9a1b0544de01a73c75c188607f73e304785613f414ace,private_manual_review
recovered-moj-1434-v22-p5-34277360,extracted/recovered-moj-judgments-pdf/recovered-moj-1434-v22-p5-34277360.pdf,moj-judgments-1434-volume-22.pdf,archive-sources/moj/1434/moj-judgments-1434-volume-22.pdf,af23fd28ca115b52ffa13a98c2df44844943922b31cedde362a78702f8b9c133,3538771,5,11,7,d1fb8df041143e58669d564843a7a15848264fd7ae0ed8e17e9cf52fb153dc50,498340,9bec5b5248e79266e10bf36f3567acf540281d4c6935e16293d4366e11dbae09,exact_duplicate_review
recovered-moj-1434-v22-p12-34440072,extracted/recovered-moj-judgments-pdf/recovered-moj-1434-v22-p12-34440072.pdf,moj-judgments-1434-volume-22.pdf,archive-sources/moj/1434/moj-judgments-1434-volume-22.pdf,af23fd28ca115b52ffa13a98c2df44844943922b31cedde362a78702f8b9c133,3538771,12,18,7,f9cfaa826f15320b7a03bc4b38d91bb282be48a4c60a02c6f92199065424ef8e,503066,c3654443f5f592af98044901419d34c9c5054988d6639e581a26051ba1e00ad2,exact_duplicate_review
recovered-moj-1434-v22-p19-341083510,extracted/recovered-moj-judgments-pdf/recovered-moj-1434-v22-p19-341083510.pdf,moj-judgments-1434-volume-22.pdf,archive-sources/moj/1434/moj-judgments-1434-volume-22.pdf,af23fd28ca115b52ffa13a98c2df44844943922b31cedde362a78702f8b9c133,3538771,19,27,9,31fac20036f03d23f95aed8d8ecb56e7a388979af1d22a211d485c38fcaf5414,513651,7435d4e0fa997f0c1680868c341464aaedd7318d287c0dce9c81458314fe49ca,exact_duplicate_review
recovered-moj-1434-v22-p28-34264339,extracted/recovered-moj-judgments-pdf/recovered-moj-1434-v22-p28-34264339.pdf,moj-judgments-1434-volume-22.pdf,archive-sources/moj/1434/moj-judgments-1434-volume-22.pdf,af23fd28ca115b52ffa13a98c2df44844943922b31cedde362a78702f8b9c133,3538771,28,32,5,1cb3a46449da8907b9e459753e6a5fb9793d12ab3c8ccfaddb743b2179b76dc6,500592,f653fbf01e4d364e45a169d97cb3c5fe4e0f6a7a88da726dbfcdab855dcd622b,exact_duplicate_review
recovered-moj-1434-v22-p33-3442047,extracted/recovered-moj-judgments-pdf/recovered-moj-1434-v22-p33-3442047.pdf,moj-judgments-1434-volume-22.pdf,archive-sources/moj/1434/moj-judgments-1434-volume-22.pdf,af23fd28ca115b52ffa13a98c2df44844943922b31cedde362a78702f8b9c133,3538771,33,40,8,e2dba5ac97efaa347eb66a0a9d083a7ddda918c6d99c47ad1fc33f31633b088b,508629,50ba4ce1abbcaccfa52fffcc809b397ef7c5d70ce1208234418e793b5c9a420b,exact_duplicate_review
recovered-moj-1434-v22-p41-3436221,extracted/recovered-moj-judgments-pdf/recovered-moj-1434-v22-p41-3436221.pdf,moj-judgments-1434-volume-22.pdf,archive-sources/moj/1434/moj-judgments-1434-volume-22.pdf,af23fd28ca115b52ffa13a98c2df44844943922b31cedde362a78702f8b9c133,3538771,41,51,11,c59a3c26d3502e81bc9cca212bc6744eaa0858e85dd7554ef659f910f42d32af,516674,2024ff7c40eb61f570ea664921d0de49ae13eacc453b54576a0e8a915ef90c6a,exact_duplicate_review
recovered-moj-1434-v22-p52-3432148,extracted/recovered-moj-judgments-pdf/recovered-moj-1434-v22-p52-3432148.pdf,moj-judgments-1434-volume-22.pdf,archive-sources/moj/1434/moj-judgments-1434-volume-22.pdf,af23fd28ca115b52ffa13a98c2df44844943922b31cedde362a78702f8b9c133,3538771,52,59,8,4aee49051a158b9ea9fbc0d1d220814d40607ec817190f0d59af8c9f78cf1936,502648,3e9fc8d58e63a4411a50a782ed8ff13590edd2e56d0f183654a8f88dba99a9a0,exact_duplicate_review
recovered-moj-1434-v22-p60-34203080,extracted/recovered-moj-judgments-pdf/recovered-moj-1434-v22-p60-34203080.pdf,moj-judgments-1434-volume-22.pdf,archive-sources/moj/1434/moj-judgments-1434-volume-22.pdf,af23fd28ca115b52ffa13a98c2df44844943922b31cedde362a78702f8b9c133,3538771,60,68,9,d438a87879f33867156adb804d91fbacf2fcad5d32c602a29ca17f9e9be35719,508853,245d2d78e2ada8caac4363bfea4790fdc637cc69f5f32e2ec8fd166a1d97b31c,exact_duplicate_review
recovered-moj-1434-v22-p69-3442674,extracted/recovered-moj-judgments-pdf/recovered-moj-1434-v22-p69-3442674.pdf,moj-judgments-1434-volume-22.pdf,archive-sources/moj/1434/moj-judgments-1434-volume-22.pdf,af23fd28ca115b52ffa13a98c2df44844943922b31cedde362a78702f8b9c133,3538771,69,72,4,8a56871dcfe781a4e0a8df71c37760b36d466c4d2d676646770ed0b194c80b76,495145,7faeeaa2fca6a2dd7de1f54b2edf0f84e020544d9b039e8677ee2d7c7647283e,exact_duplicate_review
recovered-moj-1434-v22-p73-32343839,extracted/recovered-moj-judgments-pdf/recovered-moj-1434-v22-p73-32343839.pdf,moj-judgments-1434-volume-22.pdf,archive-sources/moj/1434/moj-judgments-1434-volume-22.pdf,af23fd28ca115b52ffa13a98c2df44844943922b31cedde362a78702f8b9c133,3538771,73,79,7,62fb213863e907b17aaf3ee775bfd600834b0b8d05cbdf46b32891ed4f7eeaf7,502246,dd0bcbae41e635360367d0316ac8c5a04d1e007f7409508d4eae0aa30faf43be,exact_duplicate_review
recovered-moj-1434-v22-p80-3454170,extracted/recovered-moj-judgments-pdf/recovered-moj-1434-v22-p80-3454170.pdf,moj-judgments-1434-volume-22.pdf,archive-sources/moj/1434/moj-judgments-1434-volume-22.pdf,af23fd28ca115b52ffa13a98c2df44844943922b31cedde362a78702f8b9c133,3538771,80,84,5,f69a3ca7f3325448e3e47d57d2d5ed9fef21987035aac865812135bcd614908f,508886,cf8e7cfe0079683701d698b84bad87c26b57115cb1ea865ebdfab4572a996a2b,exact_duplicate_review
recovered-moj-1434-v22-p85-34186238,extracted/recovered-moj-judgments-pdf/recovered-moj-1434-v22-p85-34186238.pdf,moj-judgments-1434-volume-22.pdf,archive-sources/moj/1434/moj-judgments-1434-volume-22.pdf,af23fd28ca115b52ffa13a98c2df44844943922b31cedde362a78702f8b9c133,3538771,85,93,9,78bed00ed57ea690a7538fe0273b9a1959b68c058db3321f61282dadbcbbf481,506785,a4a9514d8eb2e347ebc84aa96898d3a4091ae1e9b9b74e3ec5444965d960408f,exact_duplicate_review
recovered-moj-1434-v22-p94-3464492,extracted/recovered-moj-judgments-pdf/recovered-moj-1434-v22-p94-3464492.pdf,moj-judgments-1434-volume-22.pdf,archive-sources/moj/1434/moj-judgments-1434-volume-22.pdf,af23fd28ca115b52ffa13a98c2df44844943922b31cedde362a78702f8b9c133,3538771,94,99,6,44397d2dcbe903b40208e186a6520618da3d10d4738574b9d15e317cda4bdab0,505212,331d7971cbc8a360b11ffa8d3e1e34a072b08b735f4880d457a547ebfc9a08ff,exact_duplicate_review
recovered-moj-1434-v22-p100-34191754,extracted/recovered-moj-judgments-pdf/recovered-moj-1434-v22-p100-34191754.pdf,moj-judgments-1434-volume-22.pdf,archive-sources/moj/1434/moj-judgments-1434-volume-22.pdf,af23fd28ca115b52ffa13a98c2df44844943922b31cedde362a78702f8b9c133,3538771,100,103,4,a0374124b1afe2e3cf21269691f96e599d1e31153be635b43eab78b454e47e23,490897,6b4e96b7b736fe1cdff5beb64f8ee2a64f8dbfac0f6aa77350896509ecff322e,exact_duplicate_review
recovered-moj-1434-v22-p104-34204114,extracted/recovered-moj-judgments-pdf/recovered-moj-1434-v22-p104-34204114.pdf,moj-judgments-1434-volume-22.pdf,archive-sources/moj/1434/moj-judgments-1434-volume-22.pdf,af23fd28ca115b52ffa13a98c2df44844943922b31cedde362a78702f8b9c133,3538771,104,111,8,302d3f111f15e577a5174622b3853e56870445cadc15a0f9797a3d997351f6e6,509378,e1c5b6a715ee0b1c044d86fc36fb17cd1878de140927f5c42820bb1b3d7135f5,exact_duplicate_review
recovered-moj-1434-v22-p112-34259189,extracted/recovered-moj-judgments-pdf/recovered-moj-1434-v22-p112-34259189.pdf,moj-judgments-1434-volume-22.pdf,archive-sources/moj/1434/moj-judgments-1434-volume-22.pdf,af23fd28ca115b52ffa13a98c2df44844943922b31cedde362a78702f8b9c133,3538771,112,117,6,cd4c29320beea8524a7fdd2ae68c85e20c5597753c2e7a74a8d6a98fb7a76918,498035,1ea281f1ac60b19bc7ba5163bb9ee6bcf14793bf339519f2cf985126e5186eb4,exact_duplicate_review
recovered-moj-1434-v22-p118-34221686,extracted/recovered-moj-judgments-pdf/recovered-moj-1434-v22-p118-34221686.pdf,moj-judgments-1434-volume-22.pdf,archive-sources/moj/1434/moj-judgments-1434-volume-22.pdf,af23fd28ca115b52ffa13a98c2df44844943922b31cedde362a78702f8b9c133,3538771,118,122,5,43c3f1aeb9cedd7808a96ed3d61c4e3c81ed494109f63da786e5169bb46c0fdb,505523,a5f40ab4acf2c6b9020f9d3280e8e61a979c1494db1b088158f4b289a9bc40e2,exact_duplicate_review
recovered-moj-1434-v22-p123-34211429,extracted/recovered-moj-judgments-pdf/recovered-moj-1434-v22-p123-34211429.pdf,moj-judgments-1434-volume-22.pdf,archive-sources/moj/1434/moj-judgments-1434-volume-22.pdf,af23fd28ca115b52ffa13a98c2df44844943922b31cedde362a78702f8b9c133,3538771,123,127,5,17ab50f8cb311452a8a23dffcdc0ef4a3e515f4e569b6db4ca1dc3a8a9cdcca9,493766,7728f8468c8650c7bdbcd8c907b33c3590857bcffd29be803794b42c661cc490,exact_duplicate_review
recovered-moj-1434-v22-p128-34270925,extracted/recovered-moj-judgments-pdf/recovered-moj-1434-v22-p128-34270925.pdf,moj-judgments-1434-volume-22.pdf,archive-sources/moj/1434/moj-judgments-1434-volume-22.pdf,af23fd28ca115b52ffa13a98c2df44844943922b31cedde362a78702f8b9c133,3538771,128,135,8,6a3d192c2ef07aad581bbd01a2021dbe17e4b073c7f6f3623766a920b3df3a77,503775,889af7773a2067bbbc45c71850c11410f6ae05f711cc4e423d542d3d0965a484,exact_duplicate_review
recovered-moj-1434-v22-p136-34234754,extracted/recovered-moj-judgments-pdf/recovered-moj-1434-v22-p136-34234754.pdf,moj-judgments-1434-volume-22.pdf,archive-sources/moj/1434/moj-judgments-1434-volume-22.pdf,af23fd28ca115b52ffa13a98c2df44844943922b31cedde362a78702f8b9c133,3538771,136,142,7,d4860de766a78c1c065e3e07c231a1f4c63be48afcd19df7aaa7d23002e518ef,514755,f0c137ff5e76a48115b0e37ddd79374572deffb6e780fcf6de7531b51b443e2c,exact_duplicate_review
recovered-moj-1434-v22-p143-34282605,extracted/recovered-moj-judgments-pdf/recovered-moj-1434-v22-p143-34282605.pdf,moj-judgments-1434-volume-22.pdf,archive-sources/moj/1434/moj-judgments-1434-volume-22.pdf,af23fd28ca115b52ffa13a98c2df44844943922b31cedde362a78702f8b9c133,3538771,143,148,6,1fd2185ca228cd46e0bab52f7de5fe5a7390aa3530f9d467947ce9dd3db0b616,504378,26f58787761ac1c670ac7b316cb77561480c235d7841462c7342698a3ac8ba1b,exact_duplicate_review
recovered-moj-1434-v22-p149-34226530,extracted/recovered-moj-judgments-pdf/recovered-moj-1434-v22-p149-34226530.pdf,moj-judgments-1434-volume-22.pdf,archive-sources/moj/1434/moj-judgments-1434-volume-22.pdf,af23fd28ca115b52ffa13a98c2df44844943922b31cedde362a78702f8b9c133,3538771,149,153,5,218ad2dd8316a0afb1d3193a11124b45cb414720c5fdb9a1bb52143339b90353,489335,f2cd1491258127324c6c4d2f441bd9b7e37e08d473239e51cd7f9a262f112640,exact_duplicate_review
recovered-moj-1434-v22-p154-34251498,extracted/recovered-moj-judgments-pdf/recovered-moj-1434-v22-p154-34251498.pdf,moj-judgments-1434-volume-22.pdf,archive-sources/moj/1434/moj-judgments-1434-volume-22.pdf,af23fd28ca115b52ffa13a98c2df44844943922b31cedde362a78702f8b9c133,3538771,154,160,7,be945d7d210fcee947894a7f6e907a6473c7302028140a63dcf0080e65823bb1,520237,90533528ddc9201ef0db8085e98db65243a99d25dbe1d40aaf64ab700e8373b5,exact_duplicate_review
recovered-moj-1434-v22-p161-34263866,extracted/recovered-moj-judgments-pdf/recovered-moj-1434-v22-p161-34263866.pdf,moj-judgments-1434-volume-22.pdf,archive-sources/moj/1434/moj-judgments-1434-volume-22.pdf,af23fd28ca115b52ffa13a98c2df44844943922b31cedde362a78702f8b9c133,3538771,161,167,7,4192f7104907df6b87cc3f1419ccf283187a606881c935b9cd3260cd44de92d6,500970,b8e163ba60f62f292e07a05870d24523dc3cc0a0de3b8d081a4153dd6ec172c5,exact_duplicate_review
recovered-moj-1434-v22-p168-3426950,extracted/recovered-moj-judgments-pdf/recovered-moj-1434-v22-p168-3426950.pdf,moj-judgments-1434-volume-22.pdf,archive-sources/moj/1434/moj-judgments-1434-volume-22.pdf,af23fd28ca115b52ffa13a98c2df44844943922b31cedde362a78702f8b9c133,3538771,168,172,5,2b44bcd6d31d1bf2eb5d594ee9eff079415d86bb4f7a5db19e7e67bc89b19dda,497108,fcbc903c1092c8d7fafa84a0a274754f980fa3f0eb0971cc08b40faa7571dc75,exact_duplicate_review
recovered-moj-1434-v22-p173-34278645,extracted/recovered-moj-judgments-pdf/recovered-moj-1434-v22-p173-34278645.pdf,moj-judgments-1434-volume-22.pdf,archive-sources/moj/1434/moj-judgments-1434-volume-22.pdf,af23fd28ca115b52ffa13a98c2df44844943922b31cedde362a78702f8b9c133,3538771,173,177,5,c8ab3957f2a72ff7fea10d1b6446dd36351d0abc5151dc9e906a730997bc2d2c,494254,859624ee08e2968606abd7123c64dae0b2fbfb13f217ba48ea4cde3b3836bc27,exact_duplicate_review
recovered-moj-1434-v22-p178-34306154,extracted/recovered-moj-judgments-pdf/recovered-moj-1434-v22-p178-34306154.pdf,moj-judgments-1434-volume-22.pdf,archive-sources/moj/1434/moj-judgments-1434-volume-22.pdf,af23fd28ca115b52ffa13a98c2df44844943922b31cedde362a78702f8b9c133,3538771,178,184,7,b9811370ee0af89c4fa0a467dc3b4e40a517ead4612cf7e410ca6469316d9db6,509668,3bbe3737b05f61bf194784d57ddd4f0de37775fc0ee9a172f763f095d73b187f,exact_duplicate_review
recovered-moj-1434-v22-p185-34275870,extracted/recovered-moj-judgments-pdf/recovered-moj-1434-v22-p185-34275870.pdf,moj-judgments-1434-volume-22.pdf,archive-sources/moj/1434/moj-judgments-1434-volume-22.pdf,af23fd28ca115b52ffa13a98c2df44844943922b31cedde362a78702f8b9c133,3538771,185,191,7,87528092aa35ebff40968280a64e6881fb78d82e535303453df9097f6fef3097,496874,4397494da8e41a5bbbd66e009cc30732def1bdf0a2557488d23c16301ee3e5ac,exact_duplicate_review
recovered-moj-1434-v22-p192-34270509,extracted/recovered-moj-judgments-pdf/recovered-moj-1434-v22-p192-34270509.pdf,moj-judgments-1434-volume-22.pdf,archive-sources/moj/1434/moj-judgments-1434-volume-22.pdf,af23fd28ca115b52ffa13a98c2df44844943922b31cedde362a78702f8b9c133,3538771,192,199,8,4e6a79d3ceb52eafe8a5ee2b2ec23a187c0c2782500f93d79c37d49b7765ff68,507009,12e4a6e57361e18622f531b82978778cc37a36470dc1f6ac9abdd9db72f15c4c,exact_duplicate_review
recovered-moj-1434-v22-p200-34269807,extracted/recovered-moj-judgments-pdf/recovered-moj-1434-v22-p200-34269807.pdf,moj-judgments-1434-volume-22.pdf,archive-sources/moj/1434/moj-judgments-1434-volume-22.pdf,af23fd28ca115b52ffa13a98c2df44844943922b31cedde362a78702f8b9c133,3538771,200,205,6,51bd021e238913586adc8efe108173cc2be2f5c8833114261fc45e360f1d481e,499516,b5fd060d22405528dc1f024ead3b1521db79dcd04ab6bdb5460d8f5221135657,exact_duplicate_review
recovered-moj-1434-v22-p206-34333624,extracted/recovered-moj-judgments-pdf/recovered-moj-1434-v22-p206-34333624.pdf,moj-judgments-1434-volume-22.pdf,archive-sources/moj/1434/moj-judgments-1434-volume-22.pdf,af23fd28ca115b52ffa13a98c2df44844943922b31cedde362a78702f8b9c133,3538771,206,210,5,f4a337dbd328539720290a44f7d6dac9bfe6ad02eda4acec1fd12055d6321075,504990,c36d7d220bf8894853d35bd777853e105db7d0983ddb9aa5d6b9d3247896fdfb,exact_duplicate_review
recovered-moj-1434-v22-p211-34329233,extracted/recovered-moj-judgments-pdf/recovered-moj-1434-v22-p211-34329233.pdf,moj-judgments-1434-volume-22.pdf,archive-sources/moj/1434/moj-judgments-1434-volume-22.pdf,af23fd28ca115b52ffa13a98c2df44844943922b31cedde362a78702f8b9c133,3538771,211,218,8,c4bd16b57b64088c33287f164290d9a82ea68d52fefc6452fb8b59907d51c359,1260261,ebabd437fdbb197773d775f72cc828b47b9492776a40867813bac22b70ca3ab9,exact_duplicate_review
recovered-moj-1434-v22-p219-3457196,extracted/recovered-moj-judgments-pdf/recovered-moj-1434-v22-p219-3457196.pdf,moj-judgments-1434-volume-22.pdf,archive-sources/moj/1434/moj-judgments-1434-volume-22.pdf,af23fd28ca115b52ffa13a98c2df44844943922b31cedde362a78702f8b9c133,3538771,219,222,4,cc2b76683d0f6292907a32b28e528ad9161f10e3629103ba5204903b2e851666,499081,cc145418648b41fc4c7ef2de01f0fea3d0fc82e0be3e4accb5ada894aee31517,exact_duplicate_review
recovered-moj-1434-v22-p223-3461001,extracted/recovered-moj-judgments-pdf/recovered-moj-1434-v22-p223-3461001.pdf,moj-judgments-1434-volume-22.pdf,archive-sources/moj/1434/moj-judgments-1434-volume-22.pdf,af23fd28ca115b52ffa13a98c2df44844943922b31cedde362a78702f8b9c133,3538771,223,230,8,1a9b6f678af6036ac28ac01a20ae34a0812d3744ceff4a6f4704c951e25755f9,517800,d1558a0e1b38887d0fc0af266b11c6b476a7132fe60df26159bb281e4303ccc6,exact_duplicate_review
recovered-moj-1434-v22-p231-34284025,extracted/recovered-moj-judgments-pdf/recovered-moj-1434-v22-p231-34284025.pdf,moj-judgments-1434-volume-22.pdf,archive-sources/moj/1434/moj-judgments-1434-volume-22.pdf,af23fd28ca115b52ffa13a98c2df44844943922b31cedde362a78702f8b9c133,3538771,231,236,6,dd36da0f28e0186448daa2e1ed1ea48977fd3d61c273eced346fcaa6733d2f85,522310,6fcd6cd140380bf134c85cef16d618cf08ae3f043347405c1f8fb308c1693519,exact_duplicate_review
recovered-moj-1434-v22-p237-34315915,extracted/recovered-moj-judgments-pdf/recovered-moj-1434-v22-p237-34315915.pdf,moj-judgments-1434-volume-22.pdf,archive-sources/moj/1434/moj-judgments-1434-volume-22.pdf,af23fd28ca115b52ffa13a98c2df44844943922b31cedde362a78702f8b9c133,3538771,237,246,10,8315051387313cca087c6a1ded8f2d4a57f7793b2f721a521651ac29d069219a,1279102,a57131e10b5fafa2d8d62df980bc6f4124f1de1c996b9bf4d76cb10e39d9c3a2,exact_duplicate_review
recovered-moj-1434-v22-p247-34188767,extracted/recovered-moj-judgments-pdf/recovered-moj-1434-v22-p247-34188767.pdf,moj-judgments-1434-volume-22.pdf,archive-sources/moj/1434/moj-judgments-1434-volume-22.pdf,af23fd28ca115b52ffa13a98c2df44844943922b31cedde362a78702f8b9c133,3538771,247,267,21,b94b95eb879994a2b814f022005d5311d484d8e577caf63980e0235c98c24aa8,962466,bd0452e64153dab3a1cc8de23474218841ac81a844dbb91790c2ec675a4f0629,exact_duplicate_review
recovered-moj-1434-v23-p5-34250164,extracted/recovered-moj-judgments-pdf/recovered-moj-1434-v23-p5-34250164.pdf,moj-judgments-1434-volume-23.pdf,archive-sources/moj/1434/moj-judgments-1434-volume-23.pdf,442bb453ae6df7ee553646855b1610c79bd7b97d72b72cb641762bc7da3dfa23,4057284,5,15,11,0207727c0747569d55b607c65823c33f9fbe8d16b0b961e1b181685b36b7ecc5,506123,7ea09fe407ed8555500b26494cc10d8bb4e61490643f221b86fe0a4c9915d145,exact_duplicate_review
recovered-moj-1434-v23-p16-3449421,extracted/recovered-moj-judgments-pdf/recovered-moj-1434-v23-p16-3449421.pdf,moj-judgments-1434-volume-23.pdf,archive-sources/moj/1434/moj-judgments-1434-volume-23.pdf,442bb453ae6df7ee553646855b1610c79bd7b97d72b72cb641762bc7da3dfa23,4057284,16,24,9,a65c4c0331317e07a9ef6ebfafe8717b7eef0cae81e5b6f4de3d00f2db539c45,512135,c08bb62281a227afc27a1d473ee7d5121a988f9391eecb4f6fc775470c0259b2,exact_duplicate_review
recovered-moj-1434-v23-p25-34226948,extracted/recovered-moj-judgments-pdf/recovered-moj-1434-v23-p25-34226948.pdf,moj-judgments-1434-volume-23.pdf,archive-sources/moj/1434/moj-judgments-1434-volume-23.pdf,442bb453ae6df7ee553646855b1610c79bd7b97d72b72cb641762bc7da3dfa23,4057284,25,33,9,65cf5e9460db24856a439a4911d885c88319c9b9db60352764974d74ba7d4451,502116,2ead6b0c08d4a37226c1b44030d07c8f8d6e945685e832b06d3444a17ada0d4b,exact_duplicate_review
recovered-moj-1434-v23-p34-34198838,extracted/recovered-moj-judgments-pdf/recovered-moj-1434-v23-p34-34198838.pdf,moj-judgments-1434-volume-23.pdf,archive-sources/moj/1434/moj-judgments-1434-volume-23.pdf,442bb453ae6df7ee553646855b1610c79bd7b97d72b72cb641762bc7da3dfa23,4057284,34,40,7,fde34fdd51d5cfe44b6b5fdece4cb19f022599268086b9a0bdafc38f8c0b49c8,513330,786cf4c96ede83b3d70b63a7704c085844a2ec474f7e3a44073daae308106b97,exact_duplicate_review
recovered-moj-1434-v23-p41-3451474,extracted/recovered-moj-judgments-pdf/recovered-moj-1434-v23-p41-3451474.pdf,moj-judgments-1434-volume-23.pdf,archive-sources/moj/1434/moj-judgments-1434-volume-23.pdf,442bb453ae6df7ee553646855b1610c79bd7b97d72b72cb641762bc7da3dfa23,4057284,41,44,4,ed84099f0926c94a4f0adda9bf10c2c81c4a1892c9c37075888853ea885bcc4c,497963,c49469a37f845e20f91bc06ac16566f9c924fba9782978756144d7fa957f69ba,exact_duplicate_review
recovered-moj-1434-v23-p45-3425051,extracted/recovered-moj-judgments-pdf/recovered-moj-1434-v23-p45-3425051.pdf,moj-judgments-1434-volume-23.pdf,archive-sources/moj/1434/moj-judgments-1434-volume-23.pdf,442bb453ae6df7ee553646855b1610c79bd7b97d72b72cb641762bc7da3dfa23,4057284,45,51,7,51cb2fdc82401af304e01e348bd3b86b863553394d5781f952824dd50207fd6e,495349,6e49ef8d0d10e4489405b01073347c0e276c939ebab7ea0c6cb8ed856734518a,exact_duplicate_review
recovered-moj-1434-v23-p52-34189860,extracted/recovered-moj-judgments-pdf/recovered-moj-1434-v23-p52-34189860.pdf,moj-judgments-1434-volume-23.pdf,archive-sources/moj/1434/moj-judgments-1434-volume-23.pdf,442bb453ae6df7ee553646855b1610c79bd7b97d72b72cb641762bc7da3dfa23,4057284,52,56,5,075faf92f6a080a94b126287155b6e643aa402f40242126d02b8d811c650236f,511547,17f8c30322db9d39237fcb6e0c865533689947f27604d5115f3aded105c02cfc,exact_duplicate_review
recovered-moj-1434-v23-p57-34229637,extracted/recovered-moj-judgments-pdf/recovered-moj-1434-v23-p57-34229637.pdf,moj-judgments-1434-volume-23.pdf,archive-sources/moj/1434/moj-judgments-1434-volume-23.pdf,442bb453ae6df7ee553646855b1610c79bd7b97d72b72cb641762bc7da3dfa23,4057284,57,64,8,fe867d8e370a282ccea4ddbfe43c256ea22473078846f6448527c03bb319f0e0,510559,5031b53fdcea0bc409ded5aca954c60159d6aa6b63e50ab9d3478903b4795722,exact_duplicate_review
recovered-moj-1434-v23-p65-3459216,extracted/recovered-moj-judgments-pdf/recovered-moj-1434-v23-p65-3459216.pdf,moj-judgments-1434-volume-23.pdf,archive-sources/moj/1434/moj-judgments-1434-volume-23.pdf,442bb453ae6df7ee553646855b1610c79bd7b97d72b72cb641762bc7da3dfa23,4057284,65,74,10,cab50b0f812e6aa97b04b43194a38c063c43e5cc3cd74d332dc277adfa1146ff,511274,8593a978c78268729be8f3835e2e33c96a341a13435faaf127ed874e9b31ee6d,exact_duplicate_review
recovered-moj-1434-v23-p75-33327938,extracted/recovered-moj-judgments-pdf/recovered-moj-1434-v23-p75-33327938.pdf,moj-judgments-1434-volume-23.pdf,archive-sources/moj/1434/moj-judgments-1434-volume-23.pdf,442bb453ae6df7ee553646855b1610c79bd7b97d72b72cb641762bc7da3dfa23,4057284,75,80,6,cb924d2fa7649917a53f206feb2a311c4a8900dd942b9823105c3a2dda110e60,504407,7ea9f90bee3cb1ffce1b1d7ea10eb13fa4534d3f3adf868cb7344ddc1330c086,exact_duplicate_review
recovered-moj-1434-v23-p81-3416887,extracted/recovered-moj-judgments-pdf/recovered-moj-1434-v23-p81-3416887.pdf,moj-judgments-1434-volume-23.pdf,archive-sources/moj/1434/moj-judgments-1434-volume-23.pdf,442bb453ae6df7ee553646855b1610c79bd7b97d72b72cb641762bc7da3dfa23,4057284,81,88,8,b77c87f40508601985005fb620b386e6bada2fb3c172c8f0bb51ddf5029a4292,510690,72e5b00730ac5dcb5d8abefde072240e381db4b142a993bc2887965f8596db21,exact_duplicate_review
recovered-moj-1434-v23-p89-33263784,extracted/recovered-moj-judgments-pdf/recovered-moj-1434-v23-p89-33263784.pdf,moj-judgments-1434-volume-23.pdf,archive-sources/moj/1434/moj-judgments-1434-volume-23.pdf,442bb453ae6df7ee553646855b1610c79bd7b97d72b72cb641762bc7da3dfa23,4057284,89,97,9,1c3eb938b45c5b60dfe093c2550b46dd0877fa8c088f47731919f7e28110b134,497430,6832e2997aa75480b5ece0be26c237f823360c8992b87dd10d3a24ede6ff913c,exact_duplicate_review
recovered-moj-1434-v23-p98-34271857,extracted/recovered-moj-judgments-pdf/recovered-moj-1434-v23-p98-34271857.pdf,moj-judgments-1434-volume-23.pdf,archive-sources/moj/1434/moj-judgments-1434-volume-23.pdf,442bb453ae6df7ee553646855b1610c79bd7b97d72b72cb641762bc7da3dfa23,4057284,98,102,5,fdd07541ae47158160de52d319182e206aa1e3f63dbe955f67d0f0f9c767decb,499976,39426d08e0f68f008691eb86386b72b742027e428d390ca3f869f2b2be2a836d,exact_duplicate_review
recovered-moj-1434-v23-p103-3462879,extracted/recovered-moj-judgments-pdf/recovered-moj-1434-v23-p103-3462879.pdf,moj-judgments-1434-volume-23.pdf,archive-sources/moj/1434/moj-judgments-1434-volume-23.pdf,442bb453ae6df7ee553646855b1610c79bd7b97d72b72cb641762bc7da3dfa23,4057284,103,108,6,bfa32806511dd206983ae5df3ac29a70f849890b78faa88583b707c7c3e68ef4,501320,dfc0ed7b364f72f43746267d437e4d88cc3f41527d684fa7abd02dbbe456c90b,exact_duplicate_review
recovered-moj-1434-v23-p109-33434658,extracted/recovered-moj-judgments-pdf/recovered-moj-1434-v23-p109-33434658.pdf,moj-judgments-1434-volume-23.pdf,archive-sources/moj/1434/moj-judgments-1434-volume-23.pdf,442bb453ae6df7ee553646855b1610c79bd7b97d72b72cb641762bc7da3dfa23,4057284,109,114,6,b62a02e61a3c38f9969ea4352273ec93c560a1f795ca7fab330b9367309b0e25,501588,7bf5af57fc65902c15d43c3e415798d20fa7389e082a89432981caa56cc2e1f7,exact_duplicate_review
recovered-moj-1434-v23-p115-34234520,extracted/recovered-moj-judgments-pdf/recovered-moj-1434-v23-p115-34234520.pdf,moj-judgments-1434-volume-23.pdf,archive-sources/moj/1434/moj-judgments-1434-volume-23.pdf,442bb453ae6df7ee553646855b1610c79bd7b97d72b72cb641762bc7da3dfa23,4057284,115,125,11,270bb42a23bcc259074ac575cfbcd19df0beda1d2678dc6b275bf4542e82404e,506703,1113a1901e36bd456809c93b10edf3698b478fa3b5e0667d43f260391f94fbd9,exact_duplicate_review
recovered-moj-1434-v23-p126-34180038,extracted/recovered-moj-judgments-pdf/recovered-moj-1434-v23-p126-34180038.pdf,moj-judgments-1434-volume-23.pdf,archive-sources/moj/1434/moj-judgments-1434-volume-23.pdf,442bb453ae6df7ee553646855b1610c79bd7b97d72b72cb641762bc7da3dfa23,4057284,126,130,5,cd437f86087aba84f7c522d69eef4daa89f6c5efcfbaf139804b023394cf1ad9,502333,804e4306522494aaff964f911390a2cb4cc4da05b7b75bc2f3a5230568159e13,exact_duplicate_review
recovered-moj-1434-v23-p131-3420263,extracted/recovered-moj-judgments-pdf/recovered-moj-1434-v23-p131-3420263.pdf,moj-judgments-1434-volume-23.pdf,archive-sources/moj/1434/moj-judgments-1434-volume-23.pdf,442bb453ae6df7ee553646855b1610c79bd7b97d72b72cb641762bc7da3dfa23,4057284,131,144,14,7ad37e8e2ed6f067a468b481c06d95dcd5523e63cf29ca395f04683eb012010d,522520,0f8e459ea413541f46addb3cf88c06e49521c9c4cb1535c6529cd4d463db4009,private_manual_review
recovered-moj-1434-v23-p145-345262,extracted/recovered-moj-judgments-pdf/recovered-moj-1434-v23-p145-345262.pdf,moj-judgments-1434-volume-23.pdf,archive-sources/moj/1434/moj-judgments-1434-volume-23.pdf,442bb453ae6df7ee553646855b1610c79bd7b97d72b72cb641762bc7da3dfa23,4057284,145,155,11,4480e6b4e67054e588f428c90b8109add895f81c7179ee7955220cdb8fbc7036,509101,1108b57caaa3ca46bb6140e16dafdcfa42bde92a05fcecc6693471ecbd216fb5,exact_duplicate_review
recovered-moj-1434-v23-p156-3423531,extracted/recovered-moj-judgments-pdf/recovered-moj-1434-v23-p156-3423531.pdf,moj-judgments-1434-volume-23.pdf,archive-sources/moj/1434/moj-judgments-1434-volume-23.pdf,442bb453ae6df7ee553646855b1610c79bd7b97d72b72cb641762bc7da3dfa23,4057284,156,176,21,b2f6402717a954ba1f71ae96bc9797d544dd29810554b624bc7b87bdc6e05049,554045,e73c1ec7fb609995930e2199af2c96ebc11148778ccd2db0aa1ce5740579fd89,exact_duplicate_review
recovered-moj-1434-v23-p177-3456328,extracted/recovered-moj-judgments-pdf/recovered-moj-1434-v23-p177-3456328.pdf,moj-judgments-1434-volume-23.pdf,archive-sources/moj/1434/moj-judgments-1434-volume-23.pdf,442bb453ae6df7ee553646855b1610c79bd7b97d72b72cb641762bc7da3dfa23,4057284,177,181,5,31a141c79019f2d5fecdd511b3ad9a24dc0e64189f4419f08f311d3ee27b2a96,488920,c2eb46746ba2ed816fae5908ad32ffbcb76d6dd23963030cd8377cd6c5472dac,exact_duplicate_review
recovered-moj-1434-v23-p182-33469364,extracted/recovered-moj-judgments-pdf/recovered-moj-1434-v23-p182-33469364.pdf,moj-judgments-1434-volume-23.pdf,archive-sources/moj/1434/moj-judgments-1434-volume-23.pdf,442bb453ae6df7ee553646855b1610c79bd7b97d72b72cb641762bc7da3dfa23,4057284,182,187,6,c3392ecb2cd8f75c5b8b6e440c7e54895ff1fe8c793899a5a0773ca187ac0b5a,491020,e7c467e5fc7e3713d45d7141dd427d12e6994086379a5b1fb49b51182088999a,private_manual_review
recovered-moj-1434-v23-p188-3463079,extracted/recovered-moj-judgments-pdf/recovered-moj-1434-v23-p188-3463079.pdf,moj-judgments-1434-volume-23.pdf,archive-sources/moj/1434/moj-judgments-1434-volume-23.pdf,442bb453ae6df7ee553646855b1610c79bd7b97d72b72cb641762bc7da3dfa23,4057284,188,192,5,e7244285c39288a9c78324b6682acb3bc3eb913b3c95988fb890a3a870c5b71f,488778,62d7e71b5071500aa871e44837606405522d9d0398af6f09822d937604ddead4,exact_duplicate_review
recovered-moj-1434-v23-p193-34224565,extracted/recovered-moj-judgments-pdf/recovered-moj-1434-v23-p193-34224565.pdf,moj-judgments-1434-volume-23.pdf,archive-sources/moj/1434/moj-judgments-1434-volume-23.pdf,442bb453ae6df7ee553646855b1610c79bd7b97d72b72cb641762bc7da3dfa23,4057284,193,198,6,1a471305d5e197825ded816e85f479cde7b9e3d9766d3f532431a5a2ef2126cc,498099,7035b58fe65de698c6c9d2f025760451c9362767c7b54394ab4ba3e29e803e20,exact_duplicate_review
recovered-moj-1434-v23-p199-344920,extracted/recovered-moj-judgments-pdf/recovered-moj-1434-v23-p199-344920.pdf,moj-judgments-1434-volume-23.pdf,archive-sources/moj/1434/moj-judgments-1434-volume-23.pdf,442bb453ae6df7ee553646855b1610c79bd7b97d72b72cb641762bc7da3dfa23,4057284,199,204,6,0527c751bb19146c7bb28c8203e33751d2a60d28c7de785c481a26d6a9872eb3,492512,3a1da83a304fa4c0c918ba6e68761d64f89a62dcd195838c2e4e7daa919d0dac,exact_duplicate_review
recovered-moj-1434-v23-p205-3429077,extracted/recovered-moj-judgments-pdf/recovered-moj-1434-v23-p205-3429077.pdf,moj-judgments-1434-volume-23.pdf,archive-sources/moj/1434/moj-judgments-1434-volume-23.pdf,442bb453ae6df7ee553646855b1610c79bd7b97d72b72cb641762bc7da3dfa23,4057284,205,210,6,656f552250cee5330799a246a4c61ab0768c9c270aad6d4e6b52f8e87bcd1570,496233,4b571d3189d1d4a5d6060d2021300eca0f1c91e3e4e3f7ba60919a510ee2706c,exact_duplicate_review
recovered-moj-1434-v23-p211-3420397,extracted/recovered-moj-judgments-pdf/recovered-moj-1434-v23-p211-3420397.pdf,moj-judgments-1434-volume-23.pdf,archive-sources/moj/1434/moj-judgments-1434-volume-23.pdf,442bb453ae6df7ee553646855b1610c79bd7b97d72b72cb641762bc7da3dfa23,4057284,211,221,11,8fdf3fb17a816a76e366b96148894784430689089bc1357ac01a0e1199e7ac77,511116,f69b9898450c530fd4be2efd5232f99d75c823c6bf159e03124f243b50ea48aa,exact_duplicate_review
recovered-moj-1434-v23-p222-34286936,extracted/recovered-moj-judgments-pdf/recovered-moj-1434-v23-p222-34286936.pdf,moj-judgments-1434-volume-23.pdf,archive-sources/moj/1434/moj-judgments-1434-volume-23.pdf,442bb453ae6df7ee553646855b1610c79bd7b97d72b72cb641762bc7da3dfa23,4057284,222,226,5,87af5e2d13119d41e6ee96fa74d2af4ca0141b15119cfe6bce162d23d04ef389,499320,65fccbf5e5734329c8a66384e8718131e162dcf623db58bb732c788b514a9069,exact_duplicate_review
recovered-moj-1434-v23-p227-3458963,extracted/recovered-moj-judgments-pdf/recovered-moj-1434-v23-p227-3458963.pdf,moj-judgments-1434-volume-23.pdf,archive-sources/moj/1434/moj-judgments-1434-volume-23.pdf,442bb453ae6df7ee553646855b1610c79bd7b97d72b72cb641762bc7da3dfa23,4057284,227,231,5,3b687023011cf9271bf43f7926fbceca008e8fca673910be94f63fa92f08cdf3,484196,bd6389ee2cb8c25af2e45d578a7e9b0088162ed8d2c4247cf6c427b9b108bbc9,exact_duplicate_review
recovered-moj-1434-v23-p232-34570621,extracted/recovered-moj-judgments-pdf/recovered-moj-1434-v23-p232-34570621.pdf,moj-judgments-1434-volume-23.pdf,archive-sources/moj/1434/moj-judgments-1434-volume-23.pdf,442bb453ae6df7ee553646855b1610c79bd7b97d72b72cb641762bc7da3dfa23,4057284,232,235,4,08f93bc15ef9fd2b285891db0393d1f9c128116f34b3e0b063be0a71cdd72763,488143,980bb6466ad5279471b770322a072fd969f54fd7b5ef7771a94b70bb44a73433,exact_duplicate_review
recovered-moj-1434-v23-p236-3461835,extracted/recovered-moj-judgments-pdf/recovered-moj-1434-v23-p236-3461835.pdf,moj-judgments-1434-volume-23.pdf,archive-sources/moj/1434/moj-judgments-1434-volume-23.pdf,442bb453ae6df7ee553646855b1610c79bd7b97d72b72cb641762bc7da3dfa23,4057284,236,244,9,c3b0cf9eca9cf1f489661404427860d8ad8b85dd3ca30359f6c2a21223735a78,513875,956bd66a1c11dba25ad205f1b4089ffb9d01db25e9aea6a301a3c183a8d9f289,exact_duplicate_review
recovered-moj-1434-v23-p245-3460551,extracted/recovered-moj-judgments-pdf/recovered-moj-1434-v23-p245-3460551.pdf,moj-judgments-1434-volume-23.pdf,archive-sources/moj/1434/moj-judgments-1434-volume-23.pdf,442bb453ae6df7ee553646855b1610c79bd7b97d72b72cb641762bc7da3dfa23,4057284,245,251,7,196c9a68d7e806c6b84cc3ecbc9f67a962ae8130d7ae7a2fb9171358fb325740,500596,cde5e5a3b9e45da150d485f0ac3683c065cdd03e13bcd040ffeced19a77d36c9,exact_duplicate_review
recovered-moj-1434-v23-p252-34246203,extracted/recovered-moj-judgments-pdf/recovered-moj-1434-v23-p252-34246203.pdf,moj-judgments-1434-volume-23.pdf,archive-sources/moj/1434/moj-judgments-1434-volume-23.pdf,442bb453ae6df7ee553646855b1610c79bd7b97d72b72cb641762bc7da3dfa23,4057284,252,256,5,86dc8d1f6db003cc896d6b5d5ef019ed4b57c757f5a55b6cf91754ca07078806,489973,14520eacd45b5c72dde81db764511122c44c74585365e05758678af1ad995aa5,exact_duplicate_review
recovered-moj-1434-v23-p257-34187653,extracted/recovered-moj-judgments-pdf/recovered-moj-1434-v23-p257-34187653.pdf,moj-judgments-1434-volume-23.pdf,archive-sources/moj/1434/moj-judgments-1434-volume-23.pdf,442bb453ae6df7ee553646855b1610c79bd7b97d72b72cb641762bc7da3dfa23,4057284,257,262,6,096628238f387cd9a51199b53e05d6cb084223b20acd186ae02bff7807ab5204,491374,4ea9bd83f9e3f683d6d721794a8c3e2d05b87b4adccd90e82058e122520623ce,exact_duplicate_review
recovered-moj-1434-v23-p263-34295817,extracted/recovered-moj-judgments-pdf/recovered-moj-1434-v23-p263-34295817.pdf,moj-judgments-1434-volume-23.pdf,archive-sources/moj/1434/moj-judgments-1434-volume-23.pdf,442bb453ae6df7ee553646855b1610c79bd7b97d72b72cb641762bc7da3dfa23,4057284,263,268,6,03b05e88fa687b79f7f6763a40ca915870b469f904a2c2e8621cc34d6e95db39,495477,883b59dafe1f54de1a7f9145724247c4dcedd381c9832499fc3521cabcf99de8,exact_duplicate_review
recovered-moj-1434-v23-p269-34283926,extracted/recovered-moj-judgments-pdf/recovered-moj-1434-v23-p269-34283926.pdf,moj-judgments-1434-volume-23.pdf,archive-sources/moj/1434/moj-judgments-1434-volume-23.pdf,442bb453ae6df7ee553646855b1610c79bd7b97d72b72cb641762bc7da3dfa23,4057284,269,275,7,d14bf6447c4df621629920907b642a083f3d84d418e3ecd8a627239659150f3f,498218,19a8c6163feef6ebd568f497fd685747cc213b4ec24a5800efeadfa6100e321a,exact_duplicate_review
recovered-moj-1434-v23-p276-34376444,extracted/recovered-moj-judgments-pdf/recovered-moj-1434-v23-p276-34376444.pdf,moj-judgments-1434-volume-23.pdf,archive-sources/moj/1434/moj-judgments-1434-volume-23.pdf,442bb453ae6df7ee553646855b1610c79bd7b97d72b72cb641762bc7da3dfa23,4057284,276,279,4,db61aab32e2ad9dd322dc3e3d7318d2c472f87a80508590f6b6b484045b55270,482246,47c316042d6b128967754a2602ec013be0ce58869647da1cd9d17b35f6ec877f,exact_duplicate_review
recovered-moj-1434-v23-p280-34203552,extracted/recovered-moj-judgments-pdf/recovered-moj-1434-v23-p280-34203552.pdf,moj-judgments-1434-volume-23.pdf,archive-sources/moj/1434/moj-judgments-1434-volume-23.pdf,442bb453ae6df7ee553646855b1610c79bd7b97d72b72cb641762bc7da3dfa23,4057284,280,290,11,92a22aced19d0c3ce3d89f40527c683a97db0f25f1ee0ec35320d7138283cb2b,1277920,fe2f45d46b6a2d0e86a1e738226bad95f2b270edce11b6aa642f5b765eb09543,exact_duplicate_review
recovered-moj-1434-v23-p291-3422718,extracted/recovered-moj-judgments-pdf/recovered-moj-1434-v23-p291-3422718.pdf,moj-judgments-1434-volume-23.pdf,archive-sources/moj/1434/moj-judgments-1434-volume-23.pdf,442bb453ae6df7ee553646855b1610c79bd7b97d72b72cb641762bc7da3dfa23,4057284,291,293,3,532a8dd316f833056711c4a566345d85b09152a4191efc21ad3ed1b0d9ad10c3,480200,7b4269210281f3b067a380907d663f3110b5846e8b4f04c3a10e25f1ede5af6d,exact_duplicate_review
recovered-moj-1434-v23-p294-3341010,extracted/recovered-moj-judgments-pdf/recovered-moj-1434-v23-p294-3341010.pdf,moj-judgments-1434-volume-23.pdf,archive-sources/moj/1434/moj-judgments-1434-volume-23.pdf,442bb453ae6df7ee553646855b1610c79bd7b97d72b72cb641762bc7da3dfa23,4057284,294,300,7,eac0a33d45d9a5626959c81f4d831a8b9387b147f88f19798a8980c7d8f1a81a,512573,bab51102bb1b725c34844970fbd1ca09c341697c1655cd100a6d72e59050918d,exact_duplicate_review
recovered-moj-1434-v23-p301-34279959,extracted/recovered-moj-judgments-pdf/recovered-moj-1434-v23-p301-34279959.pdf,moj-judgments-1434-volume-23.pdf,archive-sources/moj/1434/moj-judgments-1434-volume-23.pdf,442bb453ae6df7ee553646855b1610c79bd7b97d72b72cb641762bc7da3dfa23,4057284,301,306,6,3dd94929aa6a5cc95f7518dec050f601e76bbeaa05e3e33071a78aec80d54189,511692,aaabedb82510d57d8d494096a1c295352adf946a7a24f4e600dfb91a3111fb3a,exact_duplicate_review
recovered-moj-1434-v23-p307-34233346,extracted/recovered-moj-judgments-pdf/recovered-moj-1434-v23-p307-34233346.pdf,moj-judgments-1434-volume-23.pdf,archive-sources/moj/1434/moj-judgments-1434-volume-23.pdf,442bb453ae6df7ee553646855b1610c79bd7b97d72b72cb641762bc7da3dfa23,4057284,307,312,6,f73104819aa7da0078f81c53d402654cfeccc7ca4cfeb3b4af16986565ff3003,1259257,90a64d387a99ac01ed1fe22a651e645879b49839914c58c464e91e17c6cc8015,exact_duplicate_review
recovered-moj-1434-v23-p313-34266487,extracted/recovered-moj-judgments-pdf/recovered-moj-1434-v23-p313-34266487.pdf,moj-judgments-1434-volume-23.pdf,archive-sources/moj/1434/moj-judgments-1434-volume-23.pdf,442bb453ae6df7ee553646855b1610c79bd7b97d72b72cb641762bc7da3dfa23,4057284,313,320,8,7509bc101850d38f72534137eafc0bd08cd16968a1f6f2793a8a1c497afa2f7b,512087,644fed125ec46dce3bd0d93931186b4a557a6462326ae5022d0c877889d86caf,exact_duplicate_review
recovered-moj-1434-v23-p321-3415026,extracted/recovered-moj-judgments-pdf/recovered-moj-1434-v23-p321-3415026.pdf,moj-judgments-1434-volume-23.pdf,archive-sources/moj/1434/moj-judgments-1434-volume-23.pdf,442bb453ae6df7ee553646855b1610c79bd7b97d72b72cb641762bc7da3dfa23,4057284,321,323,3,8e87e77a0fe4850540dbe91c018a312c7e9cb8d6a12039b713a6ffc492bc1caa,487314,f36806a1cc36ea9a6ef3fec2a23799e31d756925ba27b3e61ca8d4ccb2a859c6,exact_duplicate_review
recovered-moj-1434-v23-p324-34374435,extracted/recovered-moj-judgments-pdf/recovered-moj-1434-v23-p324-34374435.pdf,moj-judgments-1434-volume-23.pdf,archive-sources/moj/1434/moj-judgments-1434-volume-23.pdf,442bb453ae6df7ee553646855b1610c79bd7b97d72b72cb641762bc7da3dfa23,4057284,324,332,9,e331c1b24fa5c7632df905753cd03eba46e903365b12cbf0e5b2cbd7a3e5e542,1284354,c84ef3fe8990739da31f38d2157977f31939a7d0726342673aba10cb19fba99c,exact_duplicate_review
recovered-moj-1434-v23-p333-34244363,extracted/recovered-moj-judgments-pdf/recovered-moj-1434-v23-p333-34244363.pdf,moj-judgments-1434-volume-23.pdf,archive-sources/moj/1434/moj-judgments-1434-volume-23.pdf,442bb453ae6df7ee553646855b1610c79bd7b97d72b72cb641762bc7da3dfa23,4057284,333,338,6,e616212990934410cfdd582d86391f02271eeaec5e31bd83e8c01a47afe32d56,503144,16e430e61e3f3d22e3bbd5bfd49c755c1f21888f325b0d5230dc3adeb7e59ef2,exact_duplicate_review
recovered-moj-1434-v23-p339-3446763,extracted/recovered-moj-judgments-pdf/recovered-moj-1434-v23-p339-3446763.pdf,moj-judgments-1434-volume-23.pdf,archive-sources/moj/1434/moj-judgments-1434-volume-23.pdf,442bb453ae6df7ee553646855b1610c79bd7b97d72b72cb641762bc7da3dfa23,4057284,339,353,15,b08c20f93bd1a01ff5f59d906e7955c7d5fae4b52726bf3ba4be94708518c179,853811,f4f820656eb06951bba96d3028bb62f9744acd865f299da4e9ad4a531fde4482,exact_duplicate_review
recovered-moj-1434-v24-p5-3423238,extracted/recovered-moj-judgments-pdf/recovered-moj-1434-v24-p5-3423238.pdf,moj-judgments-1434-volume-24.pdf,archive-sources/moj/1434/moj-judgments-1434-volume-24.pdf,9d0aa148f65f5c5468d29fb23ed346b56cdc0ad9e763d2404badbf750b51a03a,8366296,5,12,8,2754c3c782f89e21c645195153607fe1cd3ed3cd86d189cde257a93a09e966bc,1251401,015546b48c9ef3fe4dcf1b5ed6a0e6f55400ef36548ec5f2eb3e956407f93b8d,exact_duplicate_review
recovered-moj-1434-v24-p13-34269796,extracted/recovered-moj-judgments-pdf/recovered-moj-1434-v24-p13-34269796.pdf,moj-judgments-1434-volume-24.pdf,archive-sources/moj/1434/moj-judgments-1434-volume-24.pdf,9d0aa148f65f5c5468d29fb23ed346b56cdc0ad9e763d2404badbf750b51a03a,8366296,13,20,8,8ed72af365128c59a800546b9522c6c53d117a8f2e2977c141bf513dc02b6ac6,1261226,17c1e2f0cf2f56f9e8d79a687b72456b256d92811e731fd81d02a47891dfdb0d,exact_duplicate_review
recovered-moj-1434-v24-p21-35103751,extracted/recovered-moj-judgments-pdf/recovered-moj-1434-v24-p21-35103751.pdf,moj-judgments-1434-volume-24.pdf,archive-sources/moj/1434/moj-judgments-1434-volume-24.pdf,9d0aa148f65f5c5468d29fb23ed346b56cdc0ad9e763d2404badbf750b51a03a,8366296,21,30,10,0a5c215062b1a3c7b37e1b35a539ebb23f33a44b6a9bc6f8bf19d02a208de159,1261696,841610c84ff51c21ba90444097963cb517fad26b43b8d446c2a3e2ead1789e62,exact_duplicate_review
recovered-moj-1434-v24-p31-33400860,extracted/recovered-moj-judgments-pdf/recovered-moj-1434-v24-p31-33400860.pdf,moj-judgments-1434-volume-24.pdf,archive-sources/moj/1434/moj-judgments-1434-volume-24.pdf,9d0aa148f65f5c5468d29fb23ed346b56cdc0ad9e763d2404badbf750b51a03a,8366296,31,34,4,81f274c76973daff549cb45feaf5321386d1eeffcec01462546a8f1d620c0062,487877,912ca95e3025ca5f39740d67d96effe59b056f1c876747029ff23e965dadfa51,exact_duplicate_review
recovered-moj-1434-v24-p35-3422084,extracted/recovered-moj-judgments-pdf/recovered-moj-1434-v24-p35-3422084.pdf,moj-judgments-1434-volume-24.pdf,archive-sources/moj/1434/moj-judgments-1434-volume-24.pdf,9d0aa148f65f5c5468d29fb23ed346b56cdc0ad9e763d2404badbf750b51a03a,8366296,35,39,5,c00c170eac5614d978a42dfee4b46e802d3b1c5dd7096e65daca9792f5fcd1e8,487352,4a521eaa16f4725877000e7986715dc23facf8a8b4096f6cddf53c7f48d725fe,exact_duplicate_review
recovered-moj-1434-v24-p40-34272957,extracted/recovered-moj-judgments-pdf/recovered-moj-1434-v24-p40-34272957.pdf,moj-judgments-1434-volume-24.pdf,archive-sources/moj/1434/moj-judgments-1434-volume-24.pdf,9d0aa148f65f5c5468d29fb23ed346b56cdc0ad9e763d2404badbf750b51a03a,8366296,40,44,5,232480a884a2fcb6a19bb995b0a720583e6b9f41359c4452a2be98238f1c3096,507006,6839bf168779034fc9b4ffe73610fbaf91d81083402d4b304b6d191b6abd58ea,exact_duplicate_review
recovered-moj-1434-v24-p45-34215918,extracted/recovered-moj-judgments-pdf/recovered-moj-1434-v24-p45-34215918.pdf,moj-judgments-1434-volume-24.pdf,archive-sources/moj/1434/moj-judgments-1434-volume-24.pdf,9d0aa148f65f5c5468d29fb23ed346b56cdc0ad9e763d2404badbf750b51a03a,8366296,45,52,8,6e3eeec82eca0796df395eb677f0c6777ee56690266f480702904574c83f6968,1283888,05746c05036e03b180c804b13cf531686e4d0014b9ec51ba74a7dc564a6c3a49,exact_duplicate_review
recovered-moj-1434-v24-p53-33471937,extracted/recovered-moj-judgments-pdf/recovered-moj-1434-v24-p53-33471937.pdf,moj-judgments-1434-volume-24.pdf,archive-sources/moj/1434/moj-judgments-1434-volume-24.pdf,9d0aa148f65f5c5468d29fb23ed346b56cdc0ad9e763d2404badbf750b51a03a,8366296,53,57,5,bd11956ed356a2f40cd5c24af5332999e1748d605e8f336e929f80c70429d055,517140,ccf60abbba940ca8b2186eab86542a474f9dd517f71df044559d3b48c404f546,exact_duplicate_review
recovered-moj-1434-v24-p58-3422002,extracted/recovered-moj-judgments-pdf/recovered-moj-1434-v24-p58-3422002.pdf,moj-judgments-1434-volume-24.pdf,archive-sources/moj/1434/moj-judgments-1434-volume-24.pdf,9d0aa148f65f5c5468d29fb23ed346b56cdc0ad9e763d2404badbf750b51a03a,8366296,58,64,7,a9fbcf4926d800e4ce5e83c374ef09927b5fddec63d33a401b590ac3c8817fab,547390,129bc128ef221623a3a01056caefee52f9ebce26f0b1fd8f38c7d6a2a82d0577,exact_duplicate_review
recovered-moj-1434-v24-p65-3436837,extracted/recovered-moj-judgments-pdf/recovered-moj-1434-v24-p65-3436837.pdf,moj-judgments-1434-volume-24.pdf,archive-sources/moj/1434/moj-judgments-1434-volume-24.pdf,9d0aa148f65f5c5468d29fb23ed346b56cdc0ad9e763d2404badbf750b51a03a,8366296,65,71,7,97a884f2e14c7662650289be161536fb673c502fb27dd71eb1dad140bd418b49,529547,bb7d21bd2c73ff797822e6c1ca266b8eb62bbcd25deacdc6fa078d0c5110337a,exact_duplicate_review
recovered-moj-1434-v24-p72-33708489,extracted/recovered-moj-judgments-pdf/recovered-moj-1434-v24-p72-33708489.pdf,moj-judgments-1434-volume-24.pdf,archive-sources/moj/1434/moj-judgments-1434-volume-24.pdf,9d0aa148f65f5c5468d29fb23ed346b56cdc0ad9e763d2404badbf750b51a03a,8366296,72,80,9,ae4b48ec47362f106c334a857f5be684f5770b8b4f8b775ca149b3159366eb72,1311574,d09b6acde7eafd237c196d25a22ed9897c3c3ebbd25bbfc22857f6c2527a40a5,exact_duplicate_review
recovered-moj-1434-v24-p81-3465258,extracted/recovered-moj-judgments-pdf/recovered-moj-1434-v24-p81-3465258.pdf,moj-judgments-1434-volume-24.pdf,archive-sources/moj/1434/moj-judgments-1434-volume-24.pdf,9d0aa148f65f5c5468d29fb23ed346b56cdc0ad9e763d2404badbf750b51a03a,8366296,81,86,6,ca93057a536deb1394eae57404d6b548d281ce33902a88e7d390ad8f04782c54,508132,aa47b580c94f6bdfb244f6567483fdcfa2c7dfc5499e60d5a9cdd65da90aa135,exact_duplicate_review
recovered-moj-1434-v24-p87-3438115,extracted/recovered-moj-judgments-pdf/recovered-moj-1434-v24-p87-3438115.pdf,moj-judgments-1434-volume-24.pdf,archive-sources/moj/1434/moj-judgments-1434-volume-24.pdf,9d0aa148f65f5c5468d29fb23ed346b56cdc0ad9e763d2404badbf750b51a03a,8366296,87,92,6,2355aadc499984915965972c856662a915c3efb6cfc71be54bf1f1f1b9ca98e1,503885,dfa81640b42c0f3a3fa2c442e610d6af6984859a07d386e3ca444c8f80b0ce28,exact_duplicate_review
recovered-moj-1434-v24-p93-3451637,extracted/recovered-moj-judgments-pdf/recovered-moj-1434-v24-p93-3451637.pdf,moj-judgments-1434-volume-24.pdf,archive-sources/moj/1434/moj-judgments-1434-volume-24.pdf,9d0aa148f65f5c5468d29fb23ed346b56cdc0ad9e763d2404badbf750b51a03a,8366296,93,98,6,6446fe0e76e38c7a9a2844b6e13b123ee7266864ce35df58f4e85b0db9f98c19,505619,acc232e12e00de6732e8dec92427032e221205a1d224505ff45ec51166906823,exact_duplicate_review
recovered-moj-1434-v24-p99-34238176,extracted/recovered-moj-judgments-pdf/recovered-moj-1434-v24-p99-34238176.pdf,moj-judgments-1434-volume-24.pdf,archive-sources/moj/1434/moj-judgments-1434-volume-24.pdf,9d0aa148f65f5c5468d29fb23ed346b56cdc0ad9e763d2404badbf750b51a03a,8366296,99,109,11,dd3b766b9a68e057b91b915ecd902da4bd789bf7f3d81b6c69b608d9c79e6706,512519,94fb71b46f657080da13529f2859425a8950730267439a57b8edc51f8d9b6298,exact_duplicate_review
recovered-moj-1434-v24-p110-33470421,extracted/recovered-moj-judgments-pdf/recovered-moj-1434-v24-p110-33470421.pdf,moj-judgments-1434-volume-24.pdf,archive-sources/moj/1434/moj-judgments-1434-volume-24.pdf,9d0aa148f65f5c5468d29fb23ed346b56cdc0ad9e763d2404badbf750b51a03a,8366296,110,115,6,0f1c5042c3c4dd579d1bb60e88c992e576f4e9d7e9615b7b39eb1f4ae8442fc6,504236,06a15ea56eb88204c7aa0a9e482dfda7ed00e5d092473c8b3c571e5a2b531553,exact_duplicate_review
recovered-moj-1434-v24-p116-34206789,extracted/recovered-moj-judgments-pdf/recovered-moj-1434-v24-p116-34206789.pdf,moj-judgments-1434-volume-24.pdf,archive-sources/moj/1434/moj-judgments-1434-volume-24.pdf,9d0aa148f65f5c5468d29fb23ed346b56cdc0ad9e763d2404badbf750b51a03a,8366296,116,138,23,56fe99401ec2d94df7e3183cc70281ac8c60faf1ffda4f91b115973dbcf64f7a,565016,a4909f5ec7195ca5427e72b79563aec2476724359d1de6499d1117ef7bb55701,exact_duplicate_review
recovered-moj-1434-v24-p139-34226363,extracted/recovered-moj-judgments-pdf/recovered-moj-1434-v24-p139-34226363.pdf,moj-judgments-1434-volume-24.pdf,archive-sources/moj/1434/moj-judgments-1434-volume-24.pdf,9d0aa148f65f5c5468d29fb23ed346b56cdc0ad9e763d2404badbf750b51a03a,8366296,139,149,11,e929f2de66ea4140bdf1f15bc62c8d085216be7f820f8041ec4f40ba4c221cf5,514037,f6c0e013bd5ab1caace0fcc9b4dafe0cc842d1c544de2def288240285ee15615,exact_duplicate_review
recovered-moj-1434-v24-p150-34251708,extracted/recovered-moj-judgments-pdf/recovered-moj-1434-v24-p150-34251708.pdf,moj-judgments-1434-volume-24.pdf,archive-sources/moj/1434/moj-judgments-1434-volume-24.pdf,9d0aa148f65f5c5468d29fb23ed346b56cdc0ad9e763d2404badbf750b51a03a,8366296,150,159,10,ddcfc4ec016530270921a7d8e84c26c0a2027ab30148983190bb9fa4426c0049,520365,db21799a5a081ebc9d5a77dc591fdb31c34bb6de3032e0a6e3ef7cf505196b9f,private_manual_review
recovered-moj-1434-v24-p160-34252636,extracted/recovered-moj-judgments-pdf/recovered-moj-1434-v24-p160-34252636.pdf,moj-judgments-1434-volume-24.pdf,archive-sources/moj/1434/moj-judgments-1434-volume-24.pdf,9d0aa148f65f5c5468d29fb23ed346b56cdc0ad9e763d2404badbf750b51a03a,8366296,160,162,3,ba444eb6120ebbc12a38bb3b2c7a061408312ffa8ec33e374db018779447e1d4,503329,acd3c2dbcf1c456e52849926f427c553efed1842d0060070ae092d8716f43aab,exact_duplicate_review
recovered-moj-1434-v24-p163-34277055,extracted/recovered-moj-judgments-pdf/recovered-moj-1434-v24-p163-34277055.pdf,moj-judgments-1434-volume-24.pdf,archive-sources/moj/1434/moj-judgments-1434-volume-24.pdf,9d0aa148f65f5c5468d29fb23ed346b56cdc0ad9e763d2404badbf750b51a03a,8366296,163,174,12,8d8b98c14a19239e4af90398ad1b261b4d499c235d4faf938b01b63718bf1879,1285907,f7d7a65025875481212ebe2e0779503d514b6bfd03084f57439f0b2337c4e3af,exact_duplicate_review
recovered-moj-1434-v24-p175-3233216,extracted/recovered-moj-judgments-pdf/recovered-moj-1434-v24-p175-3233216.pdf,moj-judgments-1434-volume-24.pdf,archive-sources/moj/1434/moj-judgments-1434-volume-24.pdf,9d0aa148f65f5c5468d29fb23ed346b56cdc0ad9e763d2404badbf750b51a03a,8366296,175,203,29,9dbe2863e9bfc70288e6f6af46c91ed75c7900dd6fe36f3a0eda75a0eb5ac2f2,587882,d20590858413fa34c5f1f74deb5b5432b5f529e52764fa9bd9d502e9f40b450f,private_manual_review
recovered-moj-1434-v24-p204-3244413,extracted/recovered-moj-judgments-pdf/recovered-moj-1434-v24-p204-3244413.pdf,moj-judgments-1434-volume-24.pdf,archive-sources/moj/1434/moj-judgments-1434-volume-24.pdf,9d0aa148f65f5c5468d29fb23ed346b56cdc0ad9e763d2404badbf750b51a03a,8366296,204,248,45,1cfa05adac41cff7845dc9ad4717b104fdce4a844f52019ad8781895cec19b17,1430761,e18fb8e3b894681268c7e7cbfc4153a21ef8828c4938a7b58e24e35901fdc15e,private_manual_review
recovered-moj-1434-v24-p249-3449559,extracted/recovered-moj-judgments-pdf/recovered-moj-1434-v24-p249-3449559.pdf,moj-judgments-1434-volume-24.pdf,archive-sources/moj/1434/moj-judgments-1434-volume-24.pdf,9d0aa148f65f5c5468d29fb23ed346b56cdc0ad9e763d2404badbf750b51a03a,8366296,249,258,10,a7c65cdad9329287f32673bfde044c6ec23f74790e7c037f71e56c70d1ec435c,1296683,7440c67dd6b5e17644a53a398e564ac4ab1f2e7e131849cde35964c3de358707,exact_duplicate_review
recovered-moj-1434-v24-p259-3431544,extracted/recovered-moj-judgments-pdf/recovered-moj-1434-v24-p259-3431544.pdf,moj-judgments-1434-volume-24.pdf,archive-sources/moj/1434/moj-judgments-1434-volume-24.pdf,9d0aa148f65f5c5468d29fb23ed346b56cdc0ad9e763d2404badbf750b51a03a,8366296,259,264,6,82ebd85e5caf4e33c1281e66e6aceef92f3f851093c897b9e1bc2b743107a24a,493265,1e517bd53ad1b7a01dc22e009efd160d19cd3281183fca2caba685390580fff1,exact_duplicate_review
recovered-moj-1434-v24-p265-3434798,extracted/recovered-moj-judgments-pdf/recovered-moj-1434-v24-p265-3434798.pdf,moj-judgments-1434-volume-24.pdf,archive-sources/moj/1434/moj-judgments-1434-volume-24.pdf,9d0aa148f65f5c5468d29fb23ed346b56cdc0ad9e763d2404badbf750b51a03a,8366296,265,270,6,2daec775c29e4d33403fc7a71b6788e6369800a843d0aa735038e7bf2d825bea,506434,b683413af273c37526738c57d330ce3ab7279b07b528dc5f213c7e6b6da3c479,exact_duplicate_review
recovered-moj-1434-v24-p271-34186818,extracted/recovered-moj-judgments-pdf/recovered-moj-1434-v24-p271-34186818.pdf,moj-judgments-1434-volume-24.pdf,archive-sources/moj/1434/moj-judgments-1434-volume-24.pdf,9d0aa148f65f5c5468d29fb23ed346b56cdc0ad9e763d2404badbf750b51a03a,8366296,271,276,6,57634e98608bf0c3ba1b341b140950b4071bc1c2b27c598ed8cfdc0151b9a791,507748,172030cc74f456ecf5afa2615385507623f021343e6caae3431872f9897263aa,exact_duplicate_review
recovered-moj-1434-v24-p277-34183270,extracted/recovered-moj-judgments-pdf/recovered-moj-1434-v24-p277-34183270.pdf,moj-judgments-1434-volume-24.pdf,archive-sources/moj/1434/moj-judgments-1434-volume-24.pdf,9d0aa148f65f5c5468d29fb23ed346b56cdc0ad9e763d2404badbf750b51a03a,8366296,277,282,6,168ee97b2fe0ab8f17064f7909c7141654331d40bbcae388fd9b103fa0be5938,1265791,b8304b80fa0fbccb52e476200d6b460446ce19cd1fbe1200e1d617a3f9f8d32a,exact_duplicate_review
recovered-moj-1434-v24-p283-34212286,extracted/recovered-moj-judgments-pdf/recovered-moj-1434-v24-p283-34212286.pdf,moj-judgments-1434-volume-24.pdf,archive-sources/moj/1434/moj-judgments-1434-volume-24.pdf,9d0aa148f65f5c5468d29fb23ed346b56cdc0ad9e763d2404badbf750b51a03a,8366296,283,288,6,f56ef0d094f9a7263985187454b5c5151dcd9248dc60408a90bb63330eace1ce,504709,0184c19339f8f341f9f131b6251e7adba4f1414c7111edc217a9944f235d32e9,exact_duplicate_review
recovered-moj-1434-v24-p289-3452949,extracted/recovered-moj-judgments-pdf/recovered-moj-1434-v24-p289-3452949.pdf,moj-judgments-1434-volume-24.pdf,archive-sources/moj/1434/moj-judgments-1434-volume-24.pdf,9d0aa148f65f5c5468d29fb23ed346b56cdc0ad9e763d2404badbf750b51a03a,8366296,289,294,6,f1a0b2c11b14de91f43896f68be34963f3f0eda6300153030d8a0fe4dc7d7e8f,503659,926008da04221bb5500516f8f2c7cf4b7a7db5140fc43ec5e962c1c63f77e4e0,exact_duplicate_review
recovered-moj-1434-v24-p295-33441188,extracted/recovered-moj-judgments-pdf/recovered-moj-1434-v24-p295-33441188.pdf,moj-judgments-1434-volume-24.pdf,archive-sources/moj/1434/moj-judgments-1434-volume-24.pdf,9d0aa148f65f5c5468d29fb23ed346b56cdc0ad9e763d2404badbf750b51a03a,8366296,295,311,17,8cf979772700877c017a4689fc514503e02a0c3bc48a308cf9230e7b869bb441,536815,0d2d3a16d19b8a627abd9a326b20e2b128875e2742806bc11c8abd06be5dbd46,exact_duplicate_review
recovered-moj-1434-v24-p312-3444778,extracted/recovered-moj-judgments-pdf/recovered-moj-1434-v24-p312-3444778.pdf,moj-judgments-1434-volume-24.pdf,archive-sources/moj/1434/moj-judgments-1434-volume-24.pdf,9d0aa148f65f5c5468d29fb23ed346b56cdc0ad9e763d2404badbf750b51a03a,8366296,312,324,13,eaabb98e74b0bc82d34543cfb315babbfffdd467388efb596face7a3f1bc2ca8,1283061,6644ae50f27363f185f0ac2f67f944fa3356a16f3f005ab8d00b1718d3d7253e,private_manual_review
recovered-moj-1434-v24-p325-34190287,extracted/recovered-moj-judgments-pdf/recovered-moj-1434-v24-p325-34190287.pdf,moj-judgments-1434-volume-24.pdf,archive-sources/moj/1434/moj-judgments-1434-volume-24.pdf,9d0aa148f65f5c5468d29fb23ed346b56cdc0ad9e763d2404badbf750b51a03a,8366296,325,332,8,b4043fe6d14fd3a340f1e68a3716cdf64d14c1066acfccf1ce62b794edf6808d,1251766,5d0461633719223aaecb6008f7e681e9c9d7639fe7f40fa9acf7d5852be251e7,exact_duplicate_review
recovered-moj-1434-v24-p333-34176550,extracted/recovered-moj-judgments-pdf/recovered-moj-1434-v24-p333-34176550.pdf,moj-judgments-1434-volume-24.pdf,archive-sources/moj/1434/moj-judgments-1434-volume-24.pdf,9d0aa148f65f5c5468d29fb23ed346b56cdc0ad9e763d2404badbf750b51a03a,8366296,333,338,6,b08e08edb4087681bb8bdbf3c205548e0ac7d677b947aecc367cc3b531439aa9,1259467,1b8f8beb66a556c0380bd08672746e68d8f2fc99421873acffec7e58c5a071c2,exact_duplicate_review
recovered-moj-1434-v24-p339-3463748,extracted/recovered-moj-judgments-pdf/recovered-moj-1434-v24-p339-3463748.pdf,moj-judgments-1434-volume-24.pdf,archive-sources/moj/1434/moj-judgments-1434-volume-24.pdf,9d0aa148f65f5c5468d29fb23ed346b56cdc0ad9e763d2404badbf750b51a03a,8366296,339,343,5,86c69b9a0f975d91c9d4676a15d58fc303e21954c50c8f65c0ae7c0b4adadfc4,493408,a1ca824e7ea5a7a30e773b7ca525370296344a58ddd1405327c8cd2d9d2c9484,exact_duplicate_review
recovered-moj-1434-v24-p344-34191807,extracted/recovered-moj-judgments-pdf/recovered-moj-1434-v24-p344-34191807.pdf,moj-judgments-1434-volume-24.pdf,archive-sources/moj/1434/moj-judgments-1434-volume-24.pdf,9d0aa148f65f5c5468d29fb23ed346b56cdc0ad9e763d2404badbf750b51a03a,8366296,344,351,8,630dc65ebd21d3b2420b0ab7a044dbea55fc457ad69bc3f9569299974407e14f,513430,0bb8d13381c10d577a3adde07c566cbfa0a301f3436ef06b9c78190239442a69,exact_duplicate_review
recovered-moj-1434-v24-p352-33418270,extracted/recovered-moj-judgments-pdf/recovered-moj-1434-v24-p352-33418270.pdf,moj-judgments-1434-volume-24.pdf,archive-sources/moj/1434/moj-judgments-1434-volume-24.pdf,9d0aa148f65f5c5468d29fb23ed346b56cdc0ad9e763d2404badbf750b51a03a,8366296,352,358,7,24deaceb2ddffff978d5e221d98bb6e2ad0e440712bb64d0533ef548176a6d10,518049,45865075cc3a51c64ebbf64ab39911e04bb4a6b6f20dbec66741155b72b67cee,exact_duplicate_review
recovered-moj-1434-v24-p359-34240532,extracted/recovered-moj-judgments-pdf/recovered-moj-1434-v24-p359-34240532.pdf,moj-judgments-1434-volume-24.pdf,archive-sources/moj/1434/moj-judgments-1434-volume-24.pdf,9d0aa148f65f5c5468d29fb23ed346b56cdc0ad9e763d2404badbf750b51a03a,8366296,359,369,11,fa85b5f703d45512d6cb19d143e536c979e89bf59b419c3ea3b74b326451eb7c,844610,c15afd5ffa5d73365f83862474f636a27f014c497aa4d7f613192083c3c3713d,private_manual_review
recovered-moj-1434-v25-p5-34270068,extracted/recovered-moj-judgments-pdf/recovered-moj-1434-v25-p5-34270068.pdf,moj-judgments-1434-volume-25.pdf,archive-sources/moj/1434/moj-judgments-1434-volume-25.pdf,f4e975329bbf9e33d2851c84b1de5273b52b9dc1c4fc9eda6d08f93f0b25aa9b,4701062,5,10,6,7606f51803a2ccc88b19e595979c56b05f48d61aca70d906abc22ef274f8e915,1289600,e95a0a47b3a3415e700f26f857e2e4edef314faa5b726215f6cf42a547aee192,exact_duplicate_review
recovered-moj-1434-v25-p11-34170094,extracted/recovered-moj-judgments-pdf/recovered-moj-1434-v25-p11-34170094.pdf,moj-judgments-1434-volume-25.pdf,archive-sources/moj/1434/moj-judgments-1434-volume-25.pdf,f4e975329bbf9e33d2851c84b1de5273b52b9dc1c4fc9eda6d08f93f0b25aa9b,4701062,11,17,7,54b8de7b1e41dad9f0bdf570f481bdd06383756daa63a6cc310bbd252ef002f4,531773,52dd87e82a88e78632414d6c4a9ef4c69bd544f2222fc3615076db273f5c26ba,exact_duplicate_review
recovered-moj-1434-v25-p18-34244807,extracted/recovered-moj-judgments-pdf/recovered-moj-1434-v25-p18-34244807.pdf,moj-judgments-1434-volume-25.pdf,archive-sources/moj/1434/moj-judgments-1434-volume-25.pdf,f4e975329bbf9e33d2851c84b1de5273b52b9dc1c4fc9eda6d08f93f0b25aa9b,4701062,18,32,15,5d948b0f70547f224d289780c450cdaf9137577c09fe52987e21e4bca7f3e37b,1324476,933a38d427bd8563b5cad0ef22699e2e602cc44087d20b67748c1215ce1ed7b5,exact_duplicate_review
recovered-moj-1434-v25-p33-33451065,extracted/recovered-moj-judgments-pdf/recovered-moj-1434-v25-p33-33451065.pdf,moj-judgments-1434-volume-25.pdf,archive-sources/moj/1434/moj-judgments-1434-volume-25.pdf,f4e975329bbf9e33d2851c84b1de5273b52b9dc1c4fc9eda6d08f93f0b25aa9b,4701062,33,38,6,21d5f3388a8f82f1d636a4f5857b3fe110da610ff2a9dfbe5febff399314063c,1267082,23bc70517fb7f5724e45b82669da757e6e2db607932afd62569dc7bc70c31cbb,exact_duplicate_review
recovered-moj-1434-v25-p39-33391127,extracted/recovered-moj-judgments-pdf/recovered-moj-1434-v25-p39-33391127.pdf,moj-judgments-1434-volume-25.pdf,archive-sources/moj/1434/moj-judgments-1434-volume-25.pdf,f4e975329bbf9e33d2851c84b1de5273b52b9dc1c4fc9eda6d08f93f0b25aa9b,4701062,39,46,8,233d61c91b31a0b51a64fad7222192ef8285bcbe78a25e20d2ad544cad8e700b,1257029,517fb6e396ff57bf738f5e364f18037636fe3863436482af00675dfdb26ef6bc,exact_duplicate_review
recovered-moj-1434-v25-p47-34194066,extracted/recovered-moj-judgments-pdf/recovered-moj-1434-v25-p47-34194066.pdf,moj-judgments-1434-volume-25.pdf,archive-sources/moj/1434/moj-judgments-1434-volume-25.pdf,f4e975329bbf9e33d2851c84b1de5273b52b9dc1c4fc9eda6d08f93f0b25aa9b,4701062,47,57,11,d536b3ac6e2ff889476bda071712be30f54b97e9c42da9ffdeb2d287cc1f254e,505112,29dcf9733a5c680921d46cd5906fb28810193918f775177a141301302adf97d8,exact_duplicate_review
recovered-moj-1434-v25-p58-35109290,extracted/recovered-moj-judgments-pdf/recovered-moj-1434-v25-p58-35109290.pdf,moj-judgments-1434-volume-25.pdf,archive-sources/moj/1434/moj-judgments-1434-volume-25.pdf,f4e975329bbf9e33d2851c84b1de5273b52b9dc1c4fc9eda6d08f93f0b25aa9b,4701062,58,61,4,c12eee73082c2ece2ee82137a517504f6d102e4ebb5daa92f2526dfdc1528204,494495,5f17c3ec62ca0693cf06e2ec34a8f2408a5ed12bdabcfceabc3ef2f3db974ced,exact_duplicate_review
recovered-moj-1434-v25-p62-33481065,extracted/recovered-moj-judgments-pdf/recovered-moj-1434-v25-p62-33481065.pdf,moj-judgments-1434-volume-25.pdf,archive-sources/moj/1434/moj-judgments-1434-volume-25.pdf,f4e975329bbf9e33d2851c84b1de5273b52b9dc1c4fc9eda6d08f93f0b25aa9b,4701062,62,79,18,c764bf7333b1205f6b99bad578bb18b8779d4a13916584e418d10b6072ba3b48,535672,a448cf093f2cf64f3156527ff056b9a0763cf31955ebc8649b7bbe4c5574dde0,exact_duplicate_review
recovered-moj-1434-v25-p80-33337036,extracted/recovered-moj-judgments-pdf/recovered-moj-1434-v25-p80-33337036.pdf,moj-judgments-1434-volume-25.pdf,archive-sources/moj/1434/moj-judgments-1434-volume-25.pdf,f4e975329bbf9e33d2851c84b1de5273b52b9dc1c4fc9eda6d08f93f0b25aa9b,4701062,80,101,22,b319abcf879bf83b2dc9cb53f8158a30c3ed3bbd69fd643bf9fc5ad41bf37bd1,546587,95de45a39c3f5b3844349159726ffb253f49861ddd90b739992a75f6fbda8a30,exact_duplicate_review
recovered-moj-1434-v25-p102-33321721,extracted/recovered-moj-judgments-pdf/recovered-moj-1434-v25-p102-33321721.pdf,moj-judgments-1434-volume-25.pdf,archive-sources/moj/1434/moj-judgments-1434-volume-25.pdf,f4e975329bbf9e33d2851c84b1de5273b52b9dc1c4fc9eda6d08f93f0b25aa9b,4701062,102,110,9,93640041027cf9989f3365f46faaf4a0e137c357984bd46a2a715fa8c50f3a84,508233,3dc385383b0ecdadb7eaeb6021c376cacecd2d0872a8adb100d4f488f4fd8308,exact_duplicate_review
recovered-moj-1434-v25-p111-3457976,extracted/recovered-moj-judgments-pdf/recovered-moj-1434-v25-p111-3457976.pdf,moj-judgments-1434-volume-25.pdf,archive-sources/moj/1434/moj-judgments-1434-volume-25.pdf,f4e975329bbf9e33d2851c84b1de5273b52b9dc1c4fc9eda6d08f93f0b25aa9b,4701062,111,124,14,36a83a6b010c8a6f59f3a3a9750a8f4a8967c964875e835899279ee486479055,527624,9ca1583cc9c6c71c9ed3276988f503737d5f94e24766700b8c5bd7b0292a0049,exact_duplicate_review
recovered-moj-1434-v25-p125-34665919,extracted/recovered-moj-judgments-pdf/recovered-moj-1434-v25-p125-34665919.pdf,moj-judgments-1434-volume-25.pdf,archive-sources/moj/1434/moj-judgments-1434-volume-25.pdf,f4e975329bbf9e33d2851c84b1de5273b52b9dc1c4fc9eda6d08f93f0b25aa9b,4701062,125,132,8,5cab0b397b702775d05c27d81b1b5daa879ef3034d4c6dd53a6c0ea94e269dae,514226,abc41d74092947768910af04096c511811111204f79e8ea10de8b57e3612050b,exact_duplicate_review
recovered-moj-1434-v25-p133-3440354,extracted/recovered-moj-judgments-pdf/recovered-moj-1434-v25-p133-3440354.pdf,moj-judgments-1434-volume-25.pdf,archive-sources/moj/1434/moj-judgments-1434-volume-25.pdf,f4e975329bbf9e33d2851c84b1de5273b52b9dc1c4fc9eda6d08f93f0b25aa9b,4701062,133,140,8,41b589792fc3d6fcbaeb7cd8ebbcc98d5886a79d31059c5cbf12b70da953aa01,510683,1bf651b32e1d79ab4b04d5ba15c39c85070ddce3c7741d96a51723d419b2b45c,exact_duplicate_review
recovered-moj-1434-v25-p141-3436922,extracted/recovered-moj-judgments-pdf/recovered-moj-1434-v25-p141-3436922.pdf,moj-judgments-1434-volume-25.pdf,archive-sources/moj/1434/moj-judgments-1434-volume-25.pdf,f4e975329bbf9e33d2851c84b1de5273b52b9dc1c4fc9eda6d08f93f0b25aa9b,4701062,141,146,6,0284a993f478f6a6293dc9e36943878248ac58b7352fb39c85bd9a8b5759c7ad,491854,b8c8473d57e8e7a552599fdea61e8cf03abbb0aaed5f6b0b5e0db3a33e8bc624,exact_duplicate_review
recovered-moj-1434-v25-p147-3452850,extracted/recovered-moj-judgments-pdf/recovered-moj-1434-v25-p147-3452850.pdf,moj-judgments-1434-volume-25.pdf,archive-sources/moj/1434/moj-judgments-1434-volume-25.pdf,f4e975329bbf9e33d2851c84b1de5273b52b9dc1c4fc9eda6d08f93f0b25aa9b,4701062,147,153,7,473d5c635b7407a34ea3bf73454d87623bc89a6f7e688f765f82ba37da44e5d3,492920,ca8f41740e758a7d9d034f67068bd29f4f7c8e88c9a50498d274c654d3679dd3,exact_duplicate_review
recovered-moj-1434-v25-p154-34165669,extracted/recovered-moj-judgments-pdf/recovered-moj-1434-v25-p154-34165669.pdf,moj-judgments-1434-volume-25.pdf,archive-sources/moj/1434/moj-judgments-1434-volume-25.pdf,f4e975329bbf9e33d2851c84b1de5273b52b9dc1c4fc9eda6d08f93f0b25aa9b,4701062,154,161,8,e9537c8534dd91b0006821bd7fe360202d929bd8bdfb68e7366707b043689f6f,502629,cc7b309f18a9543a2c93321137755585ff8f5029b700816813ee0796e987edbc,exact_duplicate_review
recovered-moj-1434-v25-p162-34359573,extracted/recovered-moj-judgments-pdf/recovered-moj-1434-v25-p162-34359573.pdf,moj-judgments-1434-volume-25.pdf,archive-sources/moj/1434/moj-judgments-1434-volume-25.pdf,f4e975329bbf9e33d2851c84b1de5273b52b9dc1c4fc9eda6d08f93f0b25aa9b,4701062,162,187,26,ca4fa163a4ccee67851a5e0823944c031eaec4db76fcd1771a9429443b51359a,553332,a06130367d74b8871f6f930fdd1a1376c94fcf92e89e04448d6353a806f4f6f4,exact_duplicate_review
recovered-moj-1434-v25-p188-34189490,extracted/recovered-moj-judgments-pdf/recovered-moj-1434-v25-p188-34189490.pdf,moj-judgments-1434-volume-25.pdf,archive-sources/moj/1434/moj-judgments-1434-volume-25.pdf,f4e975329bbf9e33d2851c84b1de5273b52b9dc1c4fc9eda6d08f93f0b25aa9b,4701062,188,214,27,9e042297f71fb3875f4a4852bc5ca5442939c165b450375fbd85100b3ec963c4,568769,53f0ac0bbfc5538f822ca5c703e7f00eb9e3e52e31fca320b755dcffbf835909,exact_duplicate_review
recovered-moj-1434-v25-p215-33212243,extracted/recovered-moj-judgments-pdf/recovered-moj-1434-v25-p215-33212243.pdf,moj-judgments-1434-volume-25.pdf,archive-sources/moj/1434/moj-judgments-1434-volume-25.pdf,f4e975329bbf9e33d2851c84b1de5273b52b9dc1c4fc9eda6d08f93f0b25aa9b,4701062,215,222,8,e3a6c4363232616008dfd2a2e8f2842d1932f962b5bf8e42699e3259745cb7da,508290,b3721d3400d42844e7b8d9e5d200c8ef856ec208932fbc7c64b7bbae502bf742,exact_duplicate_review
recovered-moj-1434-v25-p223-33205932,extracted/recovered-moj-judgments-pdf/recovered-moj-1434-v25-p223-33205932.pdf,moj-judgments-1434-volume-25.pdf,archive-sources/moj/1434/moj-judgments-1434-volume-25.pdf,f4e975329bbf9e33d2851c84b1de5273b52b9dc1c4fc9eda6d08f93f0b25aa9b,4701062,223,238,16,92722d966ff66b33a1ba95e71f6bcaf323665a858ddebdbc16cd02c6e3439664,527550,bf78f599f4dcfa17e240779cc4cbc81efae35aa858b84df5d0c728cc35747568,exact_duplicate_review
recovered-moj-1434-v25-p239-33303859,extracted/recovered-moj-judgments-pdf/recovered-moj-1434-v25-p239-33303859.pdf,moj-judgments-1434-volume-25.pdf,archive-sources/moj/1434/moj-judgments-1434-volume-25.pdf,f4e975329bbf9e33d2851c84b1de5273b52b9dc1c4fc9eda6d08f93f0b25aa9b,4701062,239,272,34,cfa9e0f6394cc3c928f6fb5a2fd1690dc17d9a188690be228714e3aeebea523a,580915,ce61b556dde90a0f431cac153328d0f0fb024d64f9d1b2cef2e21f31c566a5c7,exact_duplicate_review
recovered-moj-1434-v25-p273-33290357,extracted/recovered-moj-judgments-pdf/recovered-moj-1434-v25-p273-33290357.pdf,moj-judgments-1434-volume-25.pdf,archive-sources/moj/1434/moj-judgments-1434-volume-25.pdf,f4e975329bbf9e33d2851c84b1de5273b52b9dc1c4fc9eda6d08f93f0b25aa9b,4701062,273,290,18,3ea14e05b8ba3a51742beee6db2cd7b5c5a0608274ba98c9c206eed58cdabcfe,537795,d885d6c99a71db75a976d030341118a47d2bde6045f47a02d24658a08c1a39a9,exact_duplicate_review
recovered-moj-1434-v25-p291-33462191,extracted/recovered-moj-judgments-pdf/recovered-moj-1434-v25-p291-33462191.pdf,moj-judgments-1434-volume-25.pdf,archive-sources/moj/1434/moj-judgments-1434-volume-25.pdf,f4e975329bbf9e33d2851c84b1de5273b52b9dc1c4fc9eda6d08f93f0b25aa9b,4701062,291,305,15,d7c96221af73dc56f5a698ea0470c9ae6d58bdf27c8904fcecd8341f55facf06,519843,51a97019978b951f3c8f574f9863c849045e17ba22ed5c930a31eb4d827b7128,exact_duplicate_review
recovered-moj-1434-v25-p306-33217509,extracted/recovered-moj-judgments-pdf/recovered-moj-1434-v25-p306-33217509.pdf,moj-judgments-1434-volume-25.pdf,archive-sources/moj/1434/moj-judgments-1434-volume-25.pdf,f4e975329bbf9e33d2851c84b1de5273b52b9dc1c4fc9eda6d08f93f0b25aa9b,4701062,306,323,18,ac7512822bc049d256c4366c2827c79e542a00a73833b2ce1c58efe66c635afb,532787,212aa04afb09ecd142c457b41bda773ebca649d1289b14fe39c7f7b9e91aa643,exact_duplicate_review
recovered-moj-1434-v25-p324-33426193,extracted/recovered-moj-judgments-pdf/recovered-moj-1434-v25-p324-33426193.pdf,moj-judgments-1434-volume-25.pdf,archive-sources/moj/1434/moj-judgments-1434-volume-25.pdf,f4e975329bbf9e33d2851c84b1de5273b52b9dc1c4fc9eda6d08f93f0b25aa9b,4701062,324,340,17,f156878f51ff571a33c33c45e25264b6d962a0978e9afd282c89db96afd4546a,541232,1c26a71c262d64b56b3f6ce35cf9d79cf4269aff29f3aae45a8133b702615b8a,private_manual_review
recovered-moj-1434-v25-p341-33388499,extracted/recovered-moj-judgments-pdf/recovered-moj-1434-v25-p341-33388499.pdf,moj-judgments-1434-volume-25.pdf,archive-sources/moj/1434/moj-judgments-1434-volume-25.pdf,f4e975329bbf9e33d2851c84b1de5273b52b9dc1c4fc9eda6d08f93f0b25aa9b,4701062,341,350,10,1475496bd508de3782607aa292dfc9a0a8eab135c51f8df6e41f367f0b130924,504586,94350b23a60233fb339054f9db54b52ec22eff4ef6efca342aca5d68addd11d5,exact_duplicate_review
recovered-moj-1434-v25-p351-33476192,extracted/recovered-moj-judgments-pdf/recovered-moj-1434-v25-p351-33476192.pdf,moj-judgments-1434-volume-25.pdf,archive-sources/moj/1434/moj-judgments-1434-volume-25.pdf,f4e975329bbf9e33d2851c84b1de5273b52b9dc1c4fc9eda6d08f93f0b25aa9b,4701062,351,362,12,fb45713b8f3fbb9cc41e61cf6747014326a7a49a9ee9759600a890554f3dda18,515182,dd62300ac5f65539736d3f1bfe78dbf2d447273030e2b2af6938036ee5390e6f,exact_duplicate_review
recovered-moj-1434-v25-p363-33410091,extracted/recovered-moj-judgments-pdf/recovered-moj-1434-v25-p363-33410091.pdf,moj-judgments-1434-volume-25.pdf,archive-sources/moj/1434/moj-judgments-1434-volume-25.pdf,f4e975329bbf9e33d2851c84b1de5273b52b9dc1c4fc9eda6d08f93f0b25aa9b,4701062,363,374,12,5b759318d9974ce604f5c9772a3c02d685112256e6e1f588a6ce5c8353581d1d,519636,ffb921050c2d920cc48a3c0e593497213fae10dd89fc0e94f2de107e040a16ed,exact_duplicate_review
recovered-moj-1434-v25-p375-33463561,extracted/recovered-moj-judgments-pdf/recovered-moj-1434-v25-p375-33463561.pdf,moj-judgments-1434-volume-25.pdf,archive-sources/moj/1434/moj-judgments-1434-volume-25.pdf,f4e975329bbf9e33d2851c84b1de5273b52b9dc1c4fc9eda6d08f93f0b25aa9b,4701062,375,380,6,1d39c0958c697fbeb1a0f1618370ede18ac8d391ab535ddd6523b3d5370fa387,504272,487db8b35c16f750fa5745ec8f51a4d2b6a797661246921a717618c6fb0945b7,exact_duplicate_review
recovered-moj-1434-v25-p381-33415014,extracted/recovered-moj-judgments-pdf/recovered-moj-1434-v25-p381-33415014.pdf,moj-judgments-1434-volume-25.pdf,archive-sources/moj/1434/moj-judgments-1434-volume-25.pdf,f4e975329bbf9e33d2851c84b1de5273b52b9dc1c4fc9eda6d08f93f0b25aa9b,4701062,381,393,13,454b107f848b95f60d4f4f32f8b50330e2ac4e0abd0e239b93d1f116ccce84e6,517300,2ef3189820d800e986c423ab0d09cc33e34a57de41afecfbbc3ad52fbcf86725,exact_duplicate_review
recovered-moj-1434-v25-p394-33480442,extracted/recovered-moj-judgments-pdf/recovered-moj-1434-v25-p394-33480442.pdf,moj-judgments-1434-volume-25.pdf,archive-sources/moj/1434/moj-judgments-1434-volume-25.pdf,f4e975329bbf9e33d2851c84b1de5273b52b9dc1c4fc9eda6d08f93f0b25aa9b,4701062,394,420,27,9c5bae794621f8e654dd225c2ad432b650af700cf4cc08c32b385e92f136f3f0,908026,dda04a900e91d9515bd5f538c05fdc783dce7801577d5b13bb767125581c70f0,exact_duplicate_review
recovered-moj-1434-v26-p5-33448617,extracted/recovered-moj-judgments-pdf/recovered-moj-1434-v26-p5-33448617.pdf,moj-judgments-1434-volume-26.pdf,archive-sources/moj/1434/moj-judgments-1434-volume-26.pdf,b487906703f851e559d5d43a99eda6797f6b59d93f1b5d193e3f96e0bd45c27d,2868672,5,13,9,2d3d67510699579e71dc58ac75e01af0431b307ad455d20668aa98e3dd4ac8ba,491871,4f2816bf6c14c401994197e5ab82c3d10386ed9c50f7d9467864dcb91541707d,exact_duplicate_review
recovered-moj-1434-v26-p14-33376865,extracted/recovered-moj-judgments-pdf/recovered-moj-1434-v26-p14-33376865.pdf,moj-judgments-1434-volume-26.pdf,archive-sources/moj/1434/moj-judgments-1434-volume-26.pdf,b487906703f851e559d5d43a99eda6797f6b59d93f1b5d193e3f96e0bd45c27d,2868672,14,68,55,3e1ba67c48e18291eb66cfd9b5d50532ec7d3916f67c319b12c668ef4cc36d55,638593,4d5f08f68e2ab0d1bdb1b12d8461f2c47d9422e4fb38d0ca888a4eaa5842fe8a,exact_duplicate_review
recovered-moj-1434-v26-p69-33465260,extracted/recovered-moj-judgments-pdf/recovered-moj-1434-v26-p69-33465260.pdf,moj-judgments-1434-volume-26.pdf,archive-sources/moj/1434/moj-judgments-1434-volume-26.pdf,b487906703f851e559d5d43a99eda6797f6b59d93f1b5d193e3f96e0bd45c27d,2868672,69,74,6,2f46e6391d0e5cfa051600ee91a5f1e119b567f84772e31bdecc5f57ce41479a,494254,3fcb83bee42fa4aa42213d69b6a1924f00283fa91fcb51c60035b5dc29dc51a1,exact_duplicate_review
recovered-moj-1434-v26-p75-33412831,extracted/recovered-moj-judgments-pdf/recovered-moj-1434-v26-p75-33412831.pdf,moj-judgments-1434-volume-26.pdf,archive-sources/moj/1434/moj-judgments-1434-volume-26.pdf,b487906703f851e559d5d43a99eda6797f6b59d93f1b5d193e3f96e0bd45c27d,2868672,75,84,10,530d97295a9c7ffce37dcd95cf9225fe1f6facdbd9288815a547ca72107451de,511504,e39c095065a5b4dc7465f90aeb3a240752b835228377021eb7c798de3fa2d186,exact_duplicate_review
recovered-moj-1434-v26-p85-34183961,extracted/recovered-moj-judgments-pdf/recovered-moj-1434-v26-p85-34183961.pdf,moj-judgments-1434-volume-26.pdf,archive-sources/moj/1434/moj-judgments-1434-volume-26.pdf,b487906703f851e559d5d43a99eda6797f6b59d93f1b5d193e3f96e0bd45c27d,2868672,85,111,27,56950aae48b1e69625e785d4a473f6647ebc4ad9330c33904f9aece624cdb67f,564294,59fe5e6f316aebab48f73905a994f228be3be7bb5df15c3bfb2f48b48c458442,exact_duplicate_review
recovered-moj-1434-v26-p112-33471840,extracted/recovered-moj-judgments-pdf/recovered-moj-1434-v26-p112-33471840.pdf,moj-judgments-1434-volume-26.pdf,archive-sources/moj/1434/moj-judgments-1434-volume-26.pdf,b487906703f851e559d5d43a99eda6797f6b59d93f1b5d193e3f96e0bd45c27d,2868672,112,138,27,7e02ef23921763c7ecf27396c418ad592b726e21b67ae65be6a9c5f56993654d,564916,48118b32f72f26498aa0e017876bea3494aaf27d843b1b7f64e88f555ea61438,private_manual_review
recovered-moj-1434-v26-p139-33430566,extracted/recovered-moj-judgments-pdf/recovered-moj-1434-v26-p139-33430566.pdf,moj-judgments-1434-volume-26.pdf,archive-sources/moj/1434/moj-judgments-1434-volume-26.pdf,b487906703f851e559d5d43a99eda6797f6b59d93f1b5d193e3f96e0bd45c27d,2868672,139,144,6,4ff8adf658a92ad2a2e47967fe645370ed733f0955fe45f615bbb4280df48e4c,498626,7467475cc0f608bdca8a0b0a215cd8f5966eada2efcb0d010b55d82ff1464caa,exact_duplicate_review
recovered-moj-1434-v26-p145-3461346,extracted/recovered-moj-judgments-pdf/recovered-moj-1434-v26-p145-3461346.pdf,moj-judgments-1434-volume-26.pdf,archive-sources/moj/1434/moj-judgments-1434-volume-26.pdf,b487906703f851e559d5d43a99eda6797f6b59d93f1b5d193e3f96e0bd45c27d,2868672,145,155,11,c9de5a6605213de61e654b363f9514d11d54361dfae800e67ac6dcab526d461b,513957,8ce2b48d09ace5c49b7fd98a44d8da1a1676782792dbfe31a9605aa56696d8b0,private_manual_review
recovered-moj-1434-v26-p156-346374,extracted/recovered-moj-judgments-pdf/recovered-moj-1434-v26-p156-346374.pdf,moj-judgments-1434-volume-26.pdf,archive-sources/moj/1434/moj-judgments-1434-volume-26.pdf,b487906703f851e559d5d43a99eda6797f6b59d93f1b5d193e3f96e0bd45c27d,2868672,156,165,10,fb9631bce151f91b49bfde44e827644319a4580d3629c4ef62e0bc42bf23910d,502293,16c1694acd57636d108476c5c21e681e749225bc087eac04b0394f6c9613104f,exact_duplicate_review
recovered-moj-1434-v26-p166-3444627,extracted/recovered-moj-judgments-pdf/recovered-moj-1434-v26-p166-3444627.pdf,moj-judgments-1434-volume-26.pdf,archive-sources/moj/1434/moj-judgments-1434-volume-26.pdf,b487906703f851e559d5d43a99eda6797f6b59d93f1b5d193e3f96e0bd45c27d,2868672,166,182,17,1b603fc3643dc3a58c4dc0dfc73ae8e9beccadf03519b4f4ccfff1315a9743b5,538825,02f6e8e8c701dd956b0e9345f4d104f551a0e3e86044927d1a85d08d306d2f9c,exact_duplicate_review
recovered-moj-1434-v26-p183-3344793,extracted/recovered-moj-judgments-pdf/recovered-moj-1434-v26-p183-3344793.pdf,moj-judgments-1434-volume-26.pdf,archive-sources/moj/1434/moj-judgments-1434-volume-26.pdf,b487906703f851e559d5d43a99eda6797f6b59d93f1b5d193e3f96e0bd45c27d,2868672,183,192,10,ff3ab67d27f92a121e4a0b5d483d53f3c250d5a538ae69fd2d587355bd0a4498,503648,90edfbb686ab1ed8afc9330815a1faf9cdbd9c802fe8495cf331f0aa613e47dd,exact_duplicate_review
recovered-moj-1434-v26-p193-3433183,extracted/recovered-moj-judgments-pdf/recovered-moj-1434-v26-p193-3433183.pdf,moj-judgments-1434-volume-26.pdf,archive-sources/moj/1434/moj-judgments-1434-volume-26.pdf,b487906703f851e559d5d43a99eda6797f6b59d93f1b5d193e3f96e0bd45c27d,2868672,193,198,6,ad6fead15d70ec0c289daba6a1c26d5df3bd4961868fd8121851073598faea32,501463,6d6b42fa1695c4e02d26b15e0bc06da819186341491921d9c9f48a9021beb4c0,exact_duplicate_review
recovered-moj-1434-v26-p199-33453198,extracted/recovered-moj-judgments-pdf/recovered-moj-1434-v26-p199-33453198.pdf,moj-judgments-1434-volume-26.pdf,archive-sources/moj/1434/moj-judgments-1434-volume-26.pdf,b487906703f851e559d5d43a99eda6797f6b59d93f1b5d193e3f96e0bd45c27d,2868672,199,203,5,89ae00612b0d83beb674cae149d1967863292bda09927cf2994654284f70984f,485169,ef09c9d3b0e901fe0e814e06079ba297658b43552ce64e06e3fba94a3ef05983,exact_duplicate_review
recovered-moj-1434-v26-p204-33438406,extracted/recovered-moj-judgments-pdf/recovered-moj-1434-v26-p204-33438406.pdf,moj-judgments-1434-volume-26.pdf,archive-sources/moj/1434/moj-judgments-1434-volume-26.pdf,b487906703f851e559d5d43a99eda6797f6b59d93f1b5d193e3f96e0bd45c27d,2868672,204,210,7,483eb39806818ce995ee49d4275cac0a7945d3ee19294b5a605cd6335544f358,512305,cba085c70ea665804d3fdd878758fdcda7bdf37a933859f112d124a8ce8597c4,private_manual_review
recovered-moj-1434-v26-p211-33438692,extracted/recovered-moj-judgments-pdf/recovered-moj-1434-v26-p211-33438692.pdf,moj-judgments-1434-volume-26.pdf,archive-sources/moj/1434/moj-judgments-1434-volume-26.pdf,b487906703f851e559d5d43a99eda6797f6b59d93f1b5d193e3f96e0bd45c27d,2868672,211,221,11,2e207247cc775f7db6417899fdc0d25b3f4fabb993865c6d2585bac559d43356,506644,eb6a0ab1dbb552d15e6f657ad88c6675ddc796199144756b5972b5b1fd5b299a,exact_duplicate_review
recovered-moj-1434-v26-p222-3435727,extracted/recovered-moj-judgments-pdf/recovered-moj-1434-v26-p222-3435727.pdf,moj-judgments-1434-volume-26.pdf,archive-sources/moj/1434/moj-judgments-1434-volume-26.pdf,b487906703f851e559d5d43a99eda6797f6b59d93f1b5d193e3f96e0bd45c27d,2868672,222,227,6,26903e475a28456b22a0421a4a75c62ee45441fe9e45225a55e5800e6e3d3f18,498737,066d033af477ad42275bea121f71538af5821d4a77ede94fcb2545359e6f3742,exact_duplicate_review
recovered-moj-1434-v26-p228-3447287,extracted/recovered-moj-judgments-pdf/recovered-moj-1434-v26-p228-3447287.pdf,moj-judgments-1434-volume-26.pdf,archive-sources/moj/1434/moj-judgments-1434-volume-26.pdf,b487906703f851e559d5d43a99eda6797f6b59d93f1b5d193e3f96e0bd45c27d,2868672,228,255,28,f287c4cccadd1a1e55480240438485428e9d6f2334e85669d1635d6cb4e905dc,569435,687be2b21446e84dc7dbda7e902e1db48278caeed9a7f9a355ed0a268becef61,exact_duplicate_review
recovered-moj-1434-v26-p256-3418395,extracted/recovered-moj-judgments-pdf/recovered-moj-1434-v26-p256-3418395.pdf,moj-judgments-1434-volume-26.pdf,archive-sources/moj/1434/moj-judgments-1434-volume-26.pdf,b487906703f851e559d5d43a99eda6797f6b59d93f1b5d193e3f96e0bd45c27d,2868672,256,260,5,98673a1ac31c89ccf0a925dc50fa84daf77810c0db926fd4cb521f3099bb5943,507305,e64e090602737549e7e2ed7d35372885cb05d5f6f0a1b7a4813eb422e48cabe6,exact_duplicate_review
recovered-moj-1434-v26-p261-34166318,extracted/recovered-moj-judgments-pdf/recovered-moj-1434-v26-p261-34166318.pdf,moj-judgments-1434-volume-26.pdf,archive-sources/moj/1434/moj-judgments-1434-volume-26.pdf,b487906703f851e559d5d43a99eda6797f6b59d93f1b5d193e3f96e0bd45c27d,2868672,261,272,12,1ae8d75cd28b8a198569967a953de87de6ba20c3fa04715d212e637a5f905e7e,601213,b15d5f1f23e9dcbf25209e3d276b6b0ae77333c6855bbaab225c59ad1d692a2b,private_manual_review
recovered-moj-1434-v26-p273-3426043,extracted/recovered-moj-judgments-pdf/recovered-moj-1434-v26-p273-3426043.pdf,moj-judgments-1434-volume-26.pdf,archive-sources/moj/1434/moj-judgments-1434-volume-26.pdf,b487906703f851e559d5d43a99eda6797f6b59d93f1b5d193e3f96e0bd45c27d,2868672,273,281,9,95820a0f9ca5e109da023d7dbdfea4744f201b5c37ccaae77a478c580ce757cb,491594,c46146b3e949dd708c8aadc0c96dc6b66b0a9f3603220683d0863a07fd168f96,exact_duplicate_review
recovered-moj-1434-v26-p282-33475432,extracted/recovered-moj-judgments-pdf/recovered-moj-1434-v26-p282-33475432.pdf,moj-judgments-1434-volume-26.pdf,archive-sources/moj/1434/moj-judgments-1434-volume-26.pdf,b487906703f851e559d5d43a99eda6797f6b59d93f1b5d193e3f96e0bd45c27d,2868672,282,285,4,1125676b92ad903ccd4c258affb7857aae49536f8e194083cff2658db6f44276,498929,6a25a9ea370c4b447d893cc5e23293f65b2e08c830d5e775646a08d26430c85d,exact_duplicate_review
recovered-moj-1434-v26-p286-33476071,extracted/recovered-moj-judgments-pdf/recovered-moj-1434-v26-p286-33476071.pdf,moj-judgments-1434-volume-26.pdf,archive-sources/moj/1434/moj-judgments-1434-volume-26.pdf,b487906703f851e559d5d43a99eda6797f6b59d93f1b5d193e3f96e0bd45c27d,2868672,286,293,8,c5b5c018355a4815c5d53b8e338cbccafa22ded08fec614b701721b0ddb88fe6,505752,2a4ddc5a65e105d315a2737ec6adcc4f136479396b06b4442a9af436fa364d77,exact_duplicate_review
recovered-moj-1434-v26-p294-341243,extracted/recovered-moj-judgments-pdf/recovered-moj-1434-v26-p294-341243.pdf,moj-judgments-1434-volume-26.pdf,archive-sources/moj/1434/moj-judgments-1434-volume-26.pdf,b487906703f851e559d5d43a99eda6797f6b59d93f1b5d193e3f96e0bd45c27d,2868672,294,298,5,a4a866abfc0d8d5c4d66c59b9593622bbd68fc91cfa23f78318f6d5b972f25a9,506755,b7d93157990865aaadd49017451887bb695099c8c7ecdb280c1ee3af8f61abdb,exact_duplicate_review
recovered-moj-1434-v26-p299-3433190,extracted/recovered-moj-judgments-pdf/recovered-moj-1434-v26-p299-3433190.pdf,moj-judgments-1434-volume-26.pdf,archive-sources/moj/1434/moj-judgments-1434-volume-26.pdf,b487906703f851e559d5d43a99eda6797f6b59d93f1b5d193e3f96e0bd45c27d,2868672,299,302,4,86577797be7fd6feaf2d3dab9db079b126637e5303018208d68c45943b4c934d,493641,d8774db4ef31fc0671013c65876b7425a8783aa167381b626294c05e1f7ad43d,exact_duplicate_review
recovered-moj-1434-v26-p303-3459049,extracted/recovered-moj-judgments-pdf/recovered-moj-1434-v26-p303-3459049.pdf,moj-judgments-1434-volume-26.pdf,archive-sources/moj/1434/moj-judgments-1434-volume-26.pdf,b487906703f851e559d5d43a99eda6797f6b59d93f1b5d193e3f96e0bd45c27d,2868672,303,309,7,11685dce2477f0c046e937e79d7f8de0981c1c6265ae2453e6959e5b586983d8,501377,afd8431dff38a6d33d565ff453630aaf72743df5be0d6a703b5b3e6ecc490756,exact_duplicate_review
recovered-moj-1434-v26-p310-34266892,extracted/recovered-moj-judgments-pdf/recovered-moj-1434-v26-p310-34266892.pdf,moj-judgments-1434-volume-26.pdf,archive-sources/moj/1434/moj-judgments-1434-volume-26.pdf,b487906703f851e559d5d43a99eda6797f6b59d93f1b5d193e3f96e0bd45c27d,2868672,310,325,16,90fa0f4c75d698f3e8689816500ebf90f0267de0d4cea9c03e7728ad2db19f60,526807,114b9688d708de06ec4bcf68434db4fb0fd58b42d0e4ba09386bb2eed0724acf,exact_duplicate_review
recovered-moj-1434-v26-p326-34279682,extracted/recovered-moj-judgments-pdf/recovered-moj-1434-v26-p326-34279682.pdf,moj-judgments-1434-volume-26.pdf,archive-sources/moj/1434/moj-judgments-1434-volume-26.pdf,b487906703f851e559d5d43a99eda6797f6b59d93f1b5d193e3f96e0bd45c27d,2868672,326,330,5,b5aec2a130e7773d0f835bdaafdc3476b20c26c097a2ff4571e1d5684465f609,506537,de5a0a1e95dcaf2622a07f302ecf6c9077a687f9b64b8c9cd5362f05cb78173a,exact_duplicate_review
recovered-moj-1434-v26-p331-34240590,extracted/recovered-moj-judgments-pdf/recovered-moj-1434-v26-p331-34240590.pdf,moj-judgments-1434-volume-26.pdf,archive-sources/moj/1434/moj-judgments-1434-volume-26.pdf,b487906703f851e559d5d43a99eda6797f6b59d93f1b5d193e3f96e0bd45c27d,2868672,331,336,6,521efbe80b55a34e09fad5f64c4b927104a8406666b9a825f75c14980cb73fd4,498294,299f723b56e025d7e6dda6578ba93e41c06ad2f8a7ba3af1fd8565c0af1215bd,exact_duplicate_review
recovered-moj-1434-v26-p337-34321237,extracted/recovered-moj-judgments-pdf/recovered-moj-1434-v26-p337-34321237.pdf,moj-judgments-1434-volume-26.pdf,archive-sources/moj/1434/moj-judgments-1434-volume-26.pdf,b487906703f851e559d5d43a99eda6797f6b59d93f1b5d193e3f96e0bd45c27d,2868672,337,348,12,fa10ccad6de91027b7bb449edb5e78c6f2063b1c8c2241a5b9025765ed08309b,524194,4f332f81ecee8bc33c08f6210d3643a4ed8db232dcdd7102fe848aea6b04afc1,exact_duplicate_review
recovered-moj-1434-v26-p349-34216087,extracted/recovered-moj-judgments-pdf/recovered-moj-1434-v26-p349-34216087.pdf,moj-judgments-1434-volume-26.pdf,archive-sources/moj/1434/moj-judgments-1434-volume-26.pdf,b487906703f851e559d5d43a99eda6797f6b59d93f1b5d193e3f96e0bd45c27d,2868672,349,354,6,758cdeb93aa903b3573e1439cda0d5d087e83f84e2486ba35d247fdab7f4aa2d,498827,63790e06e2fc9e8ae603b2f09526d8cdef06201944373fd3df40f0815a38e58c,exact_duplicate_review
recovered-moj-1434-v26-p355-34344724,extracted/recovered-moj-judgments-pdf/recovered-moj-1434-v26-p355-34344724.pdf,moj-judgments-1434-volume-26.pdf,archive-sources/moj/1434/moj-judgments-1434-volume-26.pdf,b487906703f851e559d5d43a99eda6797f6b59d93f1b5d193e3f96e0bd45c27d,2868672,355,359,5,1876a8e4a78fbd88bb2c3c252e73d6750aba4bb64957b6a9813e913e27e1fe00,487520,0af097dd1e1fbcd0c1bf9bfa700882b22aae469f26c1e41d8a259a61627a899b,exact_duplicate_review
recovered-moj-1434-v26-p360-34352474,extracted/recovered-moj-judgments-pdf/recovered-moj-1434-v26-p360-34352474.pdf,moj-judgments-1434-volume-26.pdf,archive-sources/moj/1434/moj-judgments-1434-volume-26.pdf,b487906703f851e559d5d43a99eda6797f6b59d93f1b5d193e3f96e0bd45c27d,2868672,360,365,6,c19e1531142bebb903448c6918869af037724e089d3a9f05d1c310614351bb3b,494037,f71d978970ac9430244c1329406cf1e2daa1809b358e15f9fba2497c2b9fea5e,exact_duplicate_review
recovered-moj-1434-v26-p366-34378220,extracted/recovered-moj-judgments-pdf/recovered-moj-1434-v26-p366-34378220.pdf,moj-judgments-1434-volume-26.pdf,archive-sources/moj/1434/moj-judgments-1434-volume-26.pdf,b487906703f851e559d5d43a99eda6797f6b59d93f1b5d193e3f96e0bd45c27d,2868672,366,375,10,06562dfc6074b16501b5a7e65194db5fae12ef5aef016d40b11494df101b8ddf,841128,35a09aaf4852ebfc722749164b558ffa1c03ca5b81a17f05dea764e42acf5f23,exact_duplicate_review
recovered-moj-1434-v27-p5-34312068,extracted/recovered-moj-judgments-pdf/recovered-moj-1434-v27-p5-34312068.pdf,moj-judgments-1434-volume-27.pdf,archive-sources/moj/1434/moj-judgments-1434-volume-27.pdf,432edec85c03e7879aec9a85cb09a8882ff47ee73e3462d17845190c68475efe,4269148,5,9,5,03cadd3bd724262a3e46f02b1edf2d4643b125577cb172afd43042685cb91e44,486863,c5958f1b29428c475e0d60881d41bb700b43b92c2ea0c3b1a35612a58c7a3d3f,exact_duplicate_review
recovered-moj-1434-v27-p10-34227186,extracted/recovered-moj-judgments-pdf/recovered-moj-1434-v27-p10-34227186.pdf,moj-judgments-1434-volume-27.pdf,archive-sources/moj/1434/moj-judgments-1434-volume-27.pdf,432edec85c03e7879aec9a85cb09a8882ff47ee73e3462d17845190c68475efe,4269148,10,17,8,08080c3d65b82adeccda5d3ba4ea0e182a0d959524b708e1cab0b16e8b246f1b,497845,cc7b7d4cbc75579510b87f2c412b9bfe41ee0d4ded18b76fa99c4b240fbc189a,exact_duplicate_review
recovered-moj-1434-v27-p18-3450816,extracted/recovered-moj-judgments-pdf/recovered-moj-1434-v27-p18-3450816.pdf,moj-judgments-1434-volume-27.pdf,archive-sources/moj/1434/moj-judgments-1434-volume-27.pdf,432edec85c03e7879aec9a85cb09a8882ff47ee73e3462d17845190c68475efe,4269148,18,23,6,d4397005189744d751c4b1f18608a1a50dcecd3a4d1a4674509d4b688462c696,488749,83c87f0e94ee9b7863fd92e494c96012131819c3d95ed264f105ee4093677038,exact_duplicate_review
recovered-moj-1434-v27-p24-344014,extracted/recovered-moj-judgments-pdf/recovered-moj-1434-v27-p24-344014.pdf,moj-judgments-1434-volume-27.pdf,archive-sources/moj/1434/moj-judgments-1434-volume-27.pdf,432edec85c03e7879aec9a85cb09a8882ff47ee73e3462d17845190c68475efe,4269148,24,33,10,12e17489e708c4ba2a0addbe554e41d7cf27db909c2d422d459abb9dbe06c37e,502297,de34cbbefabe13b6b893dde878596dfdefe5c48964edd2b8f9b58d1bf525434e,exact_duplicate_review
recovered-moj-1434-v27-p34-33471070,extracted/recovered-moj-judgments-pdf/recovered-moj-1434-v27-p34-33471070.pdf,moj-judgments-1434-volume-27.pdf,archive-sources/moj/1434/moj-judgments-1434-volume-27.pdf,432edec85c03e7879aec9a85cb09a8882ff47ee73e3462d17845190c68475efe,4269148,34,45,12,ed9c98b96f7123a497dbbf4aedb794eaa64552f5488e139c169323cc0b447ae4,512990,d8ef691c8777de99ab2a9a572f6de6e714585f443d097c96a9f29482f0113bd9,exact_duplicate_review
recovered-moj-1434-v27-p46-34187716,extracted/recovered-moj-judgments-pdf/recovered-moj-1434-v27-p46-34187716.pdf,moj-judgments-1434-volume-27.pdf,archive-sources/moj/1434/moj-judgments-1434-volume-27.pdf,432edec85c03e7879aec9a85cb09a8882ff47ee73e3462d17845190c68475efe,4269148,46,54,9,67d00348760732d9fe22eba8e85b8031af48f8d6bc8945012bf35d59ca875c23,513135,06bf75baebeb42dfef84b8eb4175b2b3893eced643aab06040b92efce4ee70f8,exact_duplicate_review
recovered-moj-1434-v27-p55-34289310,extracted/recovered-moj-judgments-pdf/recovered-moj-1434-v27-p55-34289310.pdf,moj-judgments-1434-volume-27.pdf,archive-sources/moj/1434/moj-judgments-1434-volume-27.pdf,432edec85c03e7879aec9a85cb09a8882ff47ee73e3462d17845190c68475efe,4269148,55,65,11,7b2b1573bf73fa957dd52459c7083adaada11c7abeb949511efb92adc8474a51,505212,bc854f63822d5e9d7b7c92aef4589271f1cc9e71c0ee85a93c9fa47c61733d1b,exact_duplicate_review
recovered-moj-1434-v27-p66-34279674,extracted/recovered-moj-judgments-pdf/recovered-moj-1434-v27-p66-34279674.pdf,moj-judgments-1434-volume-27.pdf,archive-sources/moj/1434/moj-judgments-1434-volume-27.pdf,432edec85c03e7879aec9a85cb09a8882ff47ee73e3462d17845190c68475efe,4269148,66,76,11,8db424603b4b50a0811c305f4b9fdd096e7b76c9d66ead2d40fbd774fb415036,1286010,c06f6feddbb278b0334c01538063949ec2ee56c3a8fb1b362ba0f39890acbe0e,exact_duplicate_review
recovered-moj-1434-v27-p77-3411693,extracted/recovered-moj-judgments-pdf/recovered-moj-1434-v27-p77-3411693.pdf,moj-judgments-1434-volume-27.pdf,archive-sources/moj/1434/moj-judgments-1434-volume-27.pdf,432edec85c03e7879aec9a85cb09a8882ff47ee73e3462d17845190c68475efe,4269148,77,82,6,bea6f16f1f296478df06c05eaa66b3a5571a465b503714944a241137d08a68eb,508710,eba942b0013d1251be36d79eb2bd93f164b06fa11fbffb53edb3fc7a125ce925,exact_duplicate_review
recovered-moj-1434-v27-p83-34186538,extracted/recovered-moj-judgments-pdf/recovered-moj-1434-v27-p83-34186538.pdf,moj-judgments-1434-volume-27.pdf,archive-sources/moj/1434/moj-judgments-1434-volume-27.pdf,432edec85c03e7879aec9a85cb09a8882ff47ee73e3462d17845190c68475efe,4269148,83,89,7,32e091b4d88e6246cd869958ed222dc167d4fdb308289c4a1123baf843aaee49,497724,14bc095a52214f2262a5575e02303676714367fee6ef27b48e277fb35ee47665,exact_duplicate_review
recovered-moj-1434-v27-p90-34234470,extracted/recovered-moj-judgments-pdf/recovered-moj-1434-v27-p90-34234470.pdf,moj-judgments-1434-volume-27.pdf,archive-sources/moj/1434/moj-judgments-1434-volume-27.pdf,432edec85c03e7879aec9a85cb09a8882ff47ee73e3462d17845190c68475efe,4269148,90,98,9,f071be08b6a9c08a9049d7fe37f0af0eb1862c9ce4773cae3c78956f76cb1323,523647,37c05a649acb494060b746968e70ee7d2dd3dc1395ba25fe49f553317f408131,exact_duplicate_review
recovered-moj-1434-v27-p99-34246286,extracted/recovered-moj-judgments-pdf/recovered-moj-1434-v27-p99-34246286.pdf,moj-judgments-1434-volume-27.pdf,archive-sources/moj/1434/moj-judgments-1434-volume-27.pdf,432edec85c03e7879aec9a85cb09a8882ff47ee73e3462d17845190c68475efe,4269148,99,106,8,ec11d737738805c557a8f4b87e214c65695f26922d301ff95e373fce805df7dc,1259103,fb719442063ff794edf513278f1c7a11517253751c716477f0d4a55e83d9d62b,exact_duplicate_review
recovered-moj-1434-v27-p107-34261554,extracted/recovered-moj-judgments-pdf/recovered-moj-1434-v27-p107-34261554.pdf,moj-judgments-1434-volume-27.pdf,archive-sources/moj/1434/moj-judgments-1434-volume-27.pdf,432edec85c03e7879aec9a85cb09a8882ff47ee73e3462d17845190c68475efe,4269148,107,115,9,ed75aa9df3578e811a0bf937dfd5ff2e23fb1259da0bec028c45590795233f86,519647,a9c97e312a7437edabb6e81bb7d6d1b6df8ed426589064713895c388e0d40626,exact_duplicate_review
recovered-moj-1434-v27-p116-34301602,extracted/recovered-moj-judgments-pdf/recovered-moj-1434-v27-p116-34301602.pdf,moj-judgments-1434-volume-27.pdf,archive-sources/moj/1434/moj-judgments-1434-volume-27.pdf,432edec85c03e7879aec9a85cb09a8882ff47ee73e3462d17845190c68475efe,4269148,116,125,10,a57eccaa58e8140d63369a9efd5ddbb8c94503685093a08572c1dc7b82f70704,520242,6c423d8326342a7c13af6853b92dc906880c02a2fdb75e0f1126d2b148d358e2,exact_duplicate_review
recovered-moj-1434-v27-p126-3455295,extracted/recovered-moj-judgments-pdf/recovered-moj-1434-v27-p126-3455295.pdf,moj-judgments-1434-volume-27.pdf,archive-sources/moj/1434/moj-judgments-1434-volume-27.pdf,432edec85c03e7879aec9a85cb09a8882ff47ee73e3462d17845190c68475efe,4269148,126,155,30,ee365e11f79653b028528fa781b527ca4574cb690e5244286c117d763139fc32,585767,eb2ddcbc2eeb2c0bccc9b5e8ee9b5ce0dfc87b1d3c966dd4124a1873a3e7eac3,exact_duplicate_review
recovered-moj-1434-v27-p156-32312933,extracted/recovered-moj-judgments-pdf/recovered-moj-1434-v27-p156-32312933.pdf,moj-judgments-1434-volume-27.pdf,archive-sources/moj/1434/moj-judgments-1434-volume-27.pdf,432edec85c03e7879aec9a85cb09a8882ff47ee73e3462d17845190c68475efe,4269148,156,175,20,269553d4fc9d92435bb9f94efda45bcfab29cabf8d04dca8ae1b62ff0f8af291,556218,b2645e5741bb0cd689e45b90e3ac0d3cc4d7c1db49a20013255716a31c36042f,exact_duplicate_review
recovered-moj-1434-v27-p176-33396148,extracted/recovered-moj-judgments-pdf/recovered-moj-1434-v27-p176-33396148.pdf,moj-judgments-1434-volume-27.pdf,archive-sources/moj/1434/moj-judgments-1434-volume-27.pdf,432edec85c03e7879aec9a85cb09a8882ff47ee73e3462d17845190c68475efe,4269148,176,189,14,f60b8a287eb41939de206a6d4e6ccfbe4873f065775e4af82ad9b7fe1ce519e9,518714,44351078d52b24ecac6127ae041e9693e66dd33202fb5b2d8d0866567d68a7b3,exact_duplicate_review
recovered-moj-1434-v27-p190-3441136,extracted/recovered-moj-judgments-pdf/recovered-moj-1434-v27-p190-3441136.pdf,moj-judgments-1434-volume-27.pdf,archive-sources/moj/1434/moj-judgments-1434-volume-27.pdf,432edec85c03e7879aec9a85cb09a8882ff47ee73e3462d17845190c68475efe,4269148,190,196,7,d72a6c831dec798f6f00ec9d9bedac582dd498203a3b0796a41ed61b6e8932cd,510234,a2bec02dddc7a6fd9f9f15c7190212872b7235dcdfef802a7c2d300be427cb39,exact_duplicate_review
recovered-moj-1434-v27-p197-33474652,extracted/recovered-moj-judgments-pdf/recovered-moj-1434-v27-p197-33474652.pdf,moj-judgments-1434-volume-27.pdf,archive-sources/moj/1434/moj-judgments-1434-volume-27.pdf,432edec85c03e7879aec9a85cb09a8882ff47ee73e3462d17845190c68475efe,4269148,197,204,8,79b777141a983da65c7f249b05aa34ceacf7c3f857821d2dbaafe81f40891271,511844,ca13335c7ebd4820c4f5ea72e6f8e71f6b7862d9c7acce59d04d94c2a6eb62ea,exact_duplicate_review
recovered-moj-1434-v27-p205-34266715,extracted/recovered-moj-judgments-pdf/recovered-moj-1434-v27-p205-34266715.pdf,moj-judgments-1434-volume-27.pdf,archive-sources/moj/1434/moj-judgments-1434-volume-27.pdf,432edec85c03e7879aec9a85cb09a8882ff47ee73e3462d17845190c68475efe,4269148,205,210,6,623b9263e0900b1616cc7e1faadab24aabc2a56ad340e3d703f98c5cfa1bb75c,501176,b0b365527f2e444907f88986d2ea169fb2b646eee760fa174d4d13bf4dd8addd,exact_duplicate_review
recovered-moj-1434-v27-p211-3423681,extracted/recovered-moj-judgments-pdf/recovered-moj-1434-v27-p211-3423681.pdf,moj-judgments-1434-volume-27.pdf,archive-sources/moj/1434/moj-judgments-1434-volume-27.pdf,432edec85c03e7879aec9a85cb09a8882ff47ee73e3462d17845190c68475efe,4269148,211,221,11,8aede687b4e52c3b5a9f192f75d20be4afec3ff9ac97a64cf51eab3e585a1d1e,554517,60a1c186d251a958bfbd51ccfb4f605c6ca22e6de972bbc7120bdb8ee660e744,exact_duplicate_review
recovered-moj-1434-v27-p222-349934,extracted/recovered-moj-judgments-pdf/recovered-moj-1434-v27-p222-349934.pdf,moj-judgments-1434-volume-27.pdf,archive-sources/moj/1434/moj-judgments-1434-volume-27.pdf,432edec85c03e7879aec9a85cb09a8882ff47ee73e3462d17845190c68475efe,4269148,222,238,17,141ad77c5f91c5668394d3b9fcf340a08cb3303bf46de9b0949b9a42cc47abbf,545375,3d2b9acd00ab073db8f8c21f92b76d19277456312bfcead228593d9ded9f4bcf,exact_duplicate_review
recovered-moj-1434-v27-p239-34176771,extracted/recovered-moj-judgments-pdf/recovered-moj-1434-v27-p239-34176771.pdf,moj-judgments-1434-volume-27.pdf,archive-sources/moj/1434/moj-judgments-1434-volume-27.pdf,432edec85c03e7879aec9a85cb09a8882ff47ee73e3462d17845190c68475efe,4269148,239,252,14,79131dafe6b996fc8221ac7f1f4c284312eb9e789f6fb30cbee2a789ed292757,1274998,afc819fbeba14665c1fe379d846cd1fac7a68e5b2f5c492b1054d631027c5b6a,exact_duplicate_review
recovered-moj-1434-v27-p253-34239665,extracted/recovered-moj-judgments-pdf/recovered-moj-1434-v27-p253-34239665.pdf,moj-judgments-1434-volume-27.pdf,archive-sources/moj/1434/moj-judgments-1434-volume-27.pdf,432edec85c03e7879aec9a85cb09a8882ff47ee73e3462d17845190c68475efe,4269148,253,260,8,504616f53fd5538a39cd25c587fb7bd519f7afe2e826953bd29cfab82a10071f,505534,93e9c368e42e81cb16b30cd59e6f9338f4b581da1399c12105d30eaa25ac35c4,exact_duplicate_review
recovered-moj-1434-v27-p261-34206620,extracted/recovered-moj-judgments-pdf/recovered-moj-1434-v27-p261-34206620.pdf,moj-judgments-1434-volume-27.pdf,archive-sources/moj/1434/moj-judgments-1434-volume-27.pdf,432edec85c03e7879aec9a85cb09a8882ff47ee73e3462d17845190c68475efe,4269148,261,266,6,9102db94eea9b14db63eb591e02e3ea65d18ae8ff6a56fac43c86f7fa076464c,1241330,6e149862da71935b888cd28fa83945c3f79ac75adc80f8f157e508206a8fa8fe,exact_duplicate_review
recovered-moj-1434-v27-p267-34229340,extracted/recovered-moj-judgments-pdf/recovered-moj-1434-v27-p267-34229340.pdf,moj-judgments-1434-volume-27.pdf,archive-sources/moj/1434/moj-judgments-1434-volume-27.pdf,432edec85c03e7879aec9a85cb09a8882ff47ee73e3462d17845190c68475efe,4269148,267,272,6,0a7f1d392f783e46d7773bf2f66401bf8e858e7c903d2d51163771071bd0f6a5,500318,237e8ba51597b56d389b7689c11946a45e926f0e5a9c6116f38fe01dfb0ef5ce,exact_duplicate_review
recovered-moj-1434-v27-p273-3430618,extracted/recovered-moj-judgments-pdf/recovered-moj-1434-v27-p273-3430618.pdf,moj-judgments-1434-volume-27.pdf,archive-sources/moj/1434/moj-judgments-1434-volume-27.pdf,432edec85c03e7879aec9a85cb09a8882ff47ee73e3462d17845190c68475efe,4269148,273,277,5,5febce0ad53c6342766b8357c139e2b38bccfba4c70a8cc901a3de301138fccd,488442,943d8726a2555a354dc1998b5a024b2832df0c81bc01c873ce0cb46d3c4a9398,exact_duplicate_review
recovered-moj-1434-v27-p278-33480856,extracted/recovered-moj-judgments-pdf/recovered-moj-1434-v27-p278-33480856.pdf,moj-judgments-1434-volume-27.pdf,archive-sources/moj/1434/moj-judgments-1434-volume-27.pdf,432edec85c03e7879aec9a85cb09a8882ff47ee73e3462d17845190c68475efe,4269148,278,284,7,1a8fb2448678c3ac38bab5da15b936f4a0718d15d7619f024e35b610ef4a4db0,503152,7202cc1990f0346bbd17d150514d87240db64f5c9e8b3886003045dfd70c7e5f,exact_duplicate_review
recovered-moj-1434-v27-p285-33330091,extracted/recovered-moj-judgments-pdf/recovered-moj-1434-v27-p285-33330091.pdf,moj-judgments-1434-volume-27.pdf,archive-sources/moj/1434/moj-judgments-1434-volume-27.pdf,432edec85c03e7879aec9a85cb09a8882ff47ee73e3462d17845190c68475efe,4269148,285,290,6,4263412e81155d4b05524f73a7b7e91ca23ffce5946afb9a08bf83c5593bbf57,490343,d1dfe349d8e875282640dc1705f709649c6e9b0726f415dde05265ff4db2581a,exact_duplicate_review
recovered-moj-1434-v27-p291-33436950,extracted/recovered-moj-judgments-pdf/recovered-moj-1434-v27-p291-33436950.pdf,moj-judgments-1434-volume-27.pdf,archive-sources/moj/1434/moj-judgments-1434-volume-27.pdf,432edec85c03e7879aec9a85cb09a8882ff47ee73e3462d17845190c68475efe,4269148,291,298,8,41a17eabe3f94e72e34bed434c0831fb7379eca6f4e00cae105d2882246c7dd1,505178,e825cbe6017d63531e45fb7f88a5951d70635c6b58e0fe685d067cfe340f4f3c,exact_duplicate_review
recovered-moj-1434-v27-p299-33473671,extracted/recovered-moj-judgments-pdf/recovered-moj-1434-v27-p299-33473671.pdf,moj-judgments-1434-volume-27.pdf,archive-sources/moj/1434/moj-judgments-1434-volume-27.pdf,432edec85c03e7879aec9a85cb09a8882ff47ee73e3462d17845190c68475efe,4269148,299,302,4,054bb56e11d6c4be9df1fb042971fb9947c05b470ccf2b76ab84234700aac8b8,493106,eeb928ac8034b3a11d346fccc2f686b8d1c998a4762e8985e9df6b0f7f8f1321,exact_duplicate_review
recovered-moj-1434-v27-p303-3454811,extracted/recovered-moj-judgments-pdf/recovered-moj-1434-v27-p303-3454811.pdf,moj-judgments-1434-volume-27.pdf,archive-sources/moj/1434/moj-judgments-1434-volume-27.pdf,432edec85c03e7879aec9a85cb09a8882ff47ee73e3462d17845190c68475efe,4269148,303,307,5,312cd773dff2cf740810bf03a1872c292ec02765dd158e43a7a0c1ee4ac828c2,489571,d9fa7828644252ad3ceb1d436b36def1ecddf5b0e55e99a21809cbd5b3f2ac2d,exact_duplicate_review
recovered-moj-1434-v27-p308-34192532,extracted/recovered-moj-judgments-pdf/recovered-moj-1434-v27-p308-34192532.pdf,moj-judgments-1434-volume-27.pdf,archive-sources/moj/1434/moj-judgments-1434-volume-27.pdf,432edec85c03e7879aec9a85cb09a8882ff47ee73e3462d17845190c68475efe,4269148,308,317,10,e7682bcf233f2443aa948a0ae60ca21b277388c15cd79978f6387fb0527f08e0,848847,6611ed9e378634a118f36053a5e1b7dd84e82b04b26004a3eb1eb29cd9ecdf9b,exact_duplicate_review
recovered-moj-1434-v28-p5-34182567,extracted/recovered-moj-judgments-pdf/recovered-moj-1434-v28-p5-34182567.pdf,moj-judgments-1434-volume-28.pdf,archive-sources/moj/1434/moj-judgments-1434-volume-28.pdf,427cfcd78c7d5368b2fbb4d9a63e685744daa9fd3ba2a58c586ded4a03e53de9,4354201,5,10,6,546185f4adfaf7129801ccd0cf0acfde48dbe76cd94a8a2ee81d421ea9749100,1257819,261e778723501a0d054f0688263509552f5eceefbcb2f47de36f2f6fdac9b6a8,exact_duplicate_review
recovered-moj-1434-v28-p11-33312576,extracted/recovered-moj-judgments-pdf/recovered-moj-1434-v28-p11-33312576.pdf,moj-judgments-1434-volume-28.pdf,archive-sources/moj/1434/moj-judgments-1434-volume-28.pdf,427cfcd78c7d5368b2fbb4d9a63e685744daa9fd3ba2a58c586ded4a03e53de9,4354201,11,14,4,035e8b19195cf29b8f5eb4965eeaeeb2313e00dc55fff2f363244f640a3bd74a,497228,5eba563f220fcdd5988bb245973be403ec99379f51c8d4c0a8379387b9ab8eee,exact_duplicate_review
recovered-moj-1434-v28-p15-33476217,extracted/recovered-moj-judgments-pdf/recovered-moj-1434-v28-p15-33476217.pdf,moj-judgments-1434-volume-28.pdf,archive-sources/moj/1434/moj-judgments-1434-volume-28.pdf,427cfcd78c7d5368b2fbb4d9a63e685744daa9fd3ba2a58c586ded4a03e53de9,4354201,15,18,4,e5af9bfd37edc1f4044f1afdfbca40541be8d0b7006fcfec3c524ee26b39e30a,501091,de1b7e665f5bf588d09094a459079ac45c78f638c5d882a021b7fa28f26dfb7d,exact_duplicate_review
recovered-moj-1434-v28-p19-34385856,extracted/recovered-moj-judgments-pdf/recovered-moj-1434-v28-p19-34385856.pdf,moj-judgments-1434-volume-28.pdf,archive-sources/moj/1434/moj-judgments-1434-volume-28.pdf,427cfcd78c7d5368b2fbb4d9a63e685744daa9fd3ba2a58c586ded4a03e53de9,4354201,19,22,4,fe568d5735d98ea4c6e699e592d12ea825183e120b2fde0c78cc6f69616f5b75,495363,b111dd985fd8f14efbcbf72b9a762ad82e6054534a9589203ae5f93691495a03,exact_duplicate_review
recovered-moj-1434-v28-p23-34358756,extracted/recovered-moj-judgments-pdf/recovered-moj-1434-v28-p23-34358756.pdf,moj-judgments-1434-volume-28.pdf,archive-sources/moj/1434/moj-judgments-1434-volume-28.pdf,427cfcd78c7d5368b2fbb4d9a63e685744daa9fd3ba2a58c586ded4a03e53de9,4354201,23,30,8,3360671dd60ec70479052eb03c0f565cf916e65f2eff6b2e996b04a00fe3dbd7,1256814,6a122df0f6687b5917669553d883b1730bb073a4bff36c8521780375aa4e533d,exact_duplicate_review
recovered-moj-1434-v28-p31-3417867,extracted/recovered-moj-judgments-pdf/recovered-moj-1434-v28-p31-3417867.pdf,moj-judgments-1434-volume-28.pdf,archive-sources/moj/1434/moj-judgments-1434-volume-28.pdf,427cfcd78c7d5368b2fbb4d9a63e685744daa9fd3ba2a58c586ded4a03e53de9,4354201,31,38,8,e3f9f73fe5658a675d98565d6871c56d198f95ee6f2a7cdf78e2fe98d2fde56c,511854,92a614028f1a9dcaa77ab925aecde709c812ca3aa80765fc70b7499297a5d104,exact_duplicate_review
recovered-moj-1434-v28-p39-347226,extracted/recovered-moj-judgments-pdf/recovered-moj-1434-v28-p39-347226.pdf,moj-judgments-1434-volume-28.pdf,archive-sources/moj/1434/moj-judgments-1434-volume-28.pdf,427cfcd78c7d5368b2fbb4d9a63e685744daa9fd3ba2a58c586ded4a03e53de9,4354201,39,45,7,fe670ae2b2f8a8617fbbfc96455424e64cf12fe91661cbd17b147ac3618be33f,494551,ef4fc28d776e94f1988b3ffda074fe3936799938173c5e46b098ad5e9fbb384f,exact_duplicate_review
recovered-moj-1434-v28-p46-3410054,extracted/recovered-moj-judgments-pdf/recovered-moj-1434-v28-p46-3410054.pdf,moj-judgments-1434-volume-28.pdf,archive-sources/moj/1434/moj-judgments-1434-volume-28.pdf,427cfcd78c7d5368b2fbb4d9a63e685744daa9fd3ba2a58c586ded4a03e53de9,4354201,46,51,6,225a3296749d24d8602b5ff665d47cc855566a54162e5d47c85a123002abfbda,507786,f55de55a4198516e2937d633517f55bad1d82526f690b2f345326a39cdc3ed32,exact_duplicate_review
recovered-moj-1434-v28-p52-3428954,extracted/recovered-moj-judgments-pdf/recovered-moj-1434-v28-p52-3428954.pdf,moj-judgments-1434-volume-28.pdf,archive-sources/moj/1434/moj-judgments-1434-volume-28.pdf,427cfcd78c7d5368b2fbb4d9a63e685744daa9fd3ba2a58c586ded4a03e53de9,4354201,52,57,6,b1b4a71415d4da0b421eb4eaea5ac9de4cdee658246cc2f3ee01d676d677018e,515665,102aaeeb7490ea6db27183b4c6089c15e6680b2289a9045b7c6caaa813993364,private_manual_review
recovered-moj-1434-v28-p58-34173795,extracted/recovered-moj-judgments-pdf/recovered-moj-1434-v28-p58-34173795.pdf,moj-judgments-1434-volume-28.pdf,archive-sources/moj/1434/moj-judgments-1434-volume-28.pdf,427cfcd78c7d5368b2fbb4d9a63e685744daa9fd3ba2a58c586ded4a03e53de9,4354201,58,63,6,b84ede1ded262b8f11abce8862a25adbf8e040f49246fa886dbf4ecc66dd15f7,504765,27af4f6d149fa86ff4af97bc7b138db57f9a5e5e5b08281e62a763860198e445,private_manual_review
recovered-moj-1434-v28-p64-3436726,extracted/recovered-moj-judgments-pdf/recovered-moj-1434-v28-p64-3436726.pdf,moj-judgments-1434-volume-28.pdf,archive-sources/moj/1434/moj-judgments-1434-volume-28.pdf,427cfcd78c7d5368b2fbb4d9a63e685744daa9fd3ba2a58c586ded4a03e53de9,4354201,64,69,6,6f3dd4b8ccc52a444535a110af9bc85d4f2d7a59e8d0c413a911d12460eeaf7b,505909,508433f732ff4f143cfca88fcd1ac09b28cd0481b910fb593a3b4de10665cabe,exact_duplicate_review
recovered-moj-1434-v28-p70-3453923,extracted/recovered-moj-judgments-pdf/recovered-moj-1434-v28-p70-3453923.pdf,moj-judgments-1434-volume-28.pdf,archive-sources/moj/1434/moj-judgments-1434-volume-28.pdf,427cfcd78c7d5368b2fbb4d9a63e685744daa9fd3ba2a58c586ded4a03e53de9,4354201,70,76,7,d46da196d793380363ff54422192b82baa843eb569ff352318187a9952ea9a26,515375,423bdbf2e4ecd52036a445e002fe4ea57b0fb49f9c2e4e1e7f27ec29941e1c14,private_manual_review
recovered-moj-1434-v28-p77-3445903,extracted/recovered-moj-judgments-pdf/recovered-moj-1434-v28-p77-3445903.pdf,moj-judgments-1434-volume-28.pdf,archive-sources/moj/1434/moj-judgments-1434-volume-28.pdf,427cfcd78c7d5368b2fbb4d9a63e685744daa9fd3ba2a58c586ded4a03e53de9,4354201,77,81,5,c7ab937b05a36334af4450cd5f2526de1ae5c87d30ca1a55578ad4911dcc186c,492003,1acc00b47530e60db9482230a7c6d11ad7b3b409b746dba0991b89e1e08b308a,private_manual_review
recovered-moj-1434-v28-p82-3430162,extracted/recovered-moj-judgments-pdf/recovered-moj-1434-v28-p82-3430162.pdf,moj-judgments-1434-volume-28.pdf,archive-sources/moj/1434/moj-judgments-1434-volume-28.pdf,427cfcd78c7d5368b2fbb4d9a63e685744daa9fd3ba2a58c586ded4a03e53de9,4354201,82,85,4,e17225e6151bfbcc6cca1672c176bc9eb18f52838a3a4d264e546866d511b5e3,501898,6e35653d59b453fe2212ba9ce8e7572a5fece31fd2137f1c3602606b94e22254,exact_duplicate_review
recovered-moj-1434-v28-p86-3436706,extracted/recovered-moj-judgments-pdf/recovered-moj-1434-v28-p86-3436706.pdf,moj-judgments-1434-volume-28.pdf,archive-sources/moj/1434/moj-judgments-1434-volume-28.pdf,427cfcd78c7d5368b2fbb4d9a63e685744daa9fd3ba2a58c586ded4a03e53de9,4354201,86,92,7,64218df5675dc93510e7571793ebd21d2e8608051caaaf53f2cbebf9e69e6219,516237,538f76a0a96426db5083077c98ae4cf508efe582b8219b7f1eedcfe962511925,private_manual_review
recovered-moj-1434-v28-p93-33477015,extracted/recovered-moj-judgments-pdf/recovered-moj-1434-v28-p93-33477015.pdf,moj-judgments-1434-volume-28.pdf,archive-sources/moj/1434/moj-judgments-1434-volume-28.pdf,427cfcd78c7d5368b2fbb4d9a63e685744daa9fd3ba2a58c586ded4a03e53de9,4354201,93,95,3,4e1b08d5fd31d77039a5b38e93756a1e5fc1529de5878f44b4169459f698d618,486539,4d354407163e42a767ba5a9d762cb4f8064e98f8f6e12db33e998ce6b559b31c,private_manual_review
recovered-moj-1434-v28-p96-34178278,extracted/recovered-moj-judgments-pdf/recovered-moj-1434-v28-p96-34178278.pdf,moj-judgments-1434-volume-28.pdf,archive-sources/moj/1434/moj-judgments-1434-volume-28.pdf,427cfcd78c7d5368b2fbb4d9a63e685744daa9fd3ba2a58c586ded4a03e53de9,4354201,96,121,26,ed2de9ed30d665221f60c837a38ff199688badb26048445f6ec5276e5c4f03da,608704,141e4308783baafd68e541e454f505a78cf3cc88c3e2df9e237fd89260e8ca36,private_manual_review
recovered-moj-1434-v28-p122-34233355,extracted/recovered-moj-judgments-pdf/recovered-moj-1434-v28-p122-34233355.pdf,moj-judgments-1434-volume-28.pdf,archive-sources/moj/1434/moj-judgments-1434-volume-28.pdf,427cfcd78c7d5368b2fbb4d9a63e685744daa9fd3ba2a58c586ded4a03e53de9,4354201,122,129,8,36f46bf53066c23ceed223aec7a1244b3db49ca272ca26fa7edfab04a55ef334,515152,f943a8f697f97aa8fd078807cfbca2e2e357682ed0e27307fed67e8917d26adf,exact_duplicate_review
recovered-moj-1434-v28-p130-33122571,extracted/recovered-moj-judgments-pdf/recovered-moj-1434-v28-p130-33122571.pdf,moj-judgments-1434-volume-28.pdf,archive-sources/moj/1434/moj-judgments-1434-volume-28.pdf,427cfcd78c7d5368b2fbb4d9a63e685744daa9fd3ba2a58c586ded4a03e53de9,4354201,130,142,13,659d03e8f278db015b54dc661c08a3373ea4102c9c55527ce6ddc437b9924070,534162,f01ca8ce59d183b25fae7bc15b38972efba1454e6a000ca03992836da8cc36d2,exact_duplicate_review
recovered-moj-1434-v28-p143-34294324,extracted/recovered-moj-judgments-pdf/recovered-moj-1434-v28-p143-34294324.pdf,moj-judgments-1434-volume-28.pdf,archive-sources/moj/1434/moj-judgments-1434-volume-28.pdf,427cfcd78c7d5368b2fbb4d9a63e685744daa9fd3ba2a58c586ded4a03e53de9,4354201,143,146,4,b6079d61e7fc8de2b48d14637a73964d41d661837cd08b9c13a6143371bdeea5,498291,7cd76b080a64ffef781a05968a07a204779c6f6ff8572862362f817aa5875b90,private_manual_review
recovered-moj-1434-v28-p147-33172818,extracted/recovered-moj-judgments-pdf/recovered-moj-1434-v28-p147-33172818.pdf,moj-judgments-1434-volume-28.pdf,archive-sources/moj/1434/moj-judgments-1434-volume-28.pdf,427cfcd78c7d5368b2fbb4d9a63e685744daa9fd3ba2a58c586ded4a03e53de9,4354201,147,154,8,bd54480138182892f4b118e68338040a4472edc830dea54ca9e440af96c635f1,529606,5502d50c63cc2c746f4fdbaedc46b4148fca5504c2e3b1d4cbd0a0c6ab518e81,private_manual_review
recovered-moj-1434-v28-p155-34191093,extracted/recovered-moj-judgments-pdf/recovered-moj-1434-v28-p155-34191093.pdf,moj-judgments-1434-volume-28.pdf,archive-sources/moj/1434/moj-judgments-1434-volume-28.pdf,427cfcd78c7d5368b2fbb4d9a63e685744daa9fd3ba2a58c586ded4a03e53de9,4354201,155,159,5,c8444f38dc1592009a3b66ffbeec9fdaba90b0b953c3421a10a4cea38954597c,494026,f4d0f7c6747475e30b27239d2bd6cd67e1bc35e0d28640fdc8c4705a86d6ff39,exact_duplicate_review
recovered-moj-1434-v28-p160-34197496,extracted/recovered-moj-judgments-pdf/recovered-moj-1434-v28-p160-34197496.pdf,moj-judgments-1434-volume-28.pdf,archive-sources/moj/1434/moj-judgments-1434-volume-28.pdf,427cfcd78c7d5368b2fbb4d9a63e685744daa9fd3ba2a58c586ded4a03e53de9,4354201,160,165,6,d7f6ae2db6c51fca6879b32863b8bc464a83b4ad59e2ffeeefbd22acf610fea1,505014,8049bfc9e616bdcf5488a236065bf223bf5564267bae14e2b6af7532ccdb3830,exact_duplicate_review
recovered-moj-1434-v28-p166-34181516,extracted/recovered-moj-judgments-pdf/recovered-moj-1434-v28-p166-34181516.pdf,moj-judgments-1434-volume-28.pdf,archive-sources/moj/1434/moj-judgments-1434-volume-28.pdf,427cfcd78c7d5368b2fbb4d9a63e685744daa9fd3ba2a58c586ded4a03e53de9,4354201,166,172,7,a83ff7924e529824164839e4e0097430cb707817b382242d147efc5eb6ae52e9,519790,b8fb948f1af6d82514509a1acf4537ad026f105fa99cc291ea7291e8ec87a031,exact_duplicate_review
recovered-moj-1434-v28-p173-34175102,extracted/recovered-moj-judgments-pdf/recovered-moj-1434-v28-p173-34175102.pdf,moj-judgments-1434-volume-28.pdf,archive-sources/moj/1434/moj-judgments-1434-volume-28.pdf,427cfcd78c7d5368b2fbb4d9a63e685744daa9fd3ba2a58c586ded4a03e53de9,4354201,173,177,5,ac9d813ad7efcce5955748873331bb789482b317fe7f4b18d7a32dbd5005e9d5,495662,9be3f6852255fe740412d495eb03f9207b23c26f1a34f946a0e730a62b25bef8,exact_duplicate_review
recovered-moj-1434-v28-p178-3423576,extracted/recovered-moj-judgments-pdf/recovered-moj-1434-v28-p178-3423576.pdf,moj-judgments-1434-volume-28.pdf,archive-sources/moj/1434/moj-judgments-1434-volume-28.pdf,427cfcd78c7d5368b2fbb4d9a63e685744daa9fd3ba2a58c586ded4a03e53de9,4354201,178,181,4,09f0d34125556d821eed4f159776a0b7d803f04771aa514ece9c7db14e76e98f,499926,fa2eb679cb1f97b4c90d7b6e65e067c659c1fb3bee211e0f5d84e3a8b8b7ec15,exact_duplicate_review
recovered-moj-1434-v28-p182-34201835,extracted/recovered-moj-judgments-pdf/recovered-moj-1434-v28-p182-34201835.pdf,moj-judgments-1434-volume-28.pdf,archive-sources/moj/1434/moj-judgments-1434-volume-28.pdf,427cfcd78c7d5368b2fbb4d9a63e685744daa9fd3ba2a58c586ded4a03e53de9,4354201,182,186,5,88c6b7e599d1871f134b7690d1412813e94a83ec80e3fa366b5af11dbe92e24b,508137,c8fbf3b3d1d317943c08e429d6e40d0e4de28f23c5ecc8a36320dd05a47ff5ae,exact_duplicate_review
recovered-moj-1434-v28-p187-3419952,extracted/recovered-moj-judgments-pdf/recovered-moj-1434-v28-p187-3419952.pdf,moj-judgments-1434-volume-28.pdf,archive-sources/moj/1434/moj-judgments-1434-volume-28.pdf,427cfcd78c7d5368b2fbb4d9a63e685744daa9fd3ba2a58c586ded4a03e53de9,4354201,187,200,14,488adaa3e8cb0850b5691d562069429b2363dde9818bcdc78cad725612b2a1c4,543508,70f3daa045a01a740e977222a8a366719501b8382225129a6d3f8c94cfd094aa,exact_duplicate_review
recovered-moj-1434-v28-p201-34197658,extracted/recovered-moj-judgments-pdf/recovered-moj-1434-v28-p201-34197658.pdf,moj-judgments-1434-volume-28.pdf,archive-sources/moj/1434/moj-judgments-1434-volume-28.pdf,427cfcd78c7d5368b2fbb4d9a63e685744daa9fd3ba2a58c586ded4a03e53de9,4354201,201,206,6,733d2cde2c3f92305287e49aec2fc02345e331236779f71a59d23ea6be8e54ef,505649,7375093eccb55f998085dd53aa7c7c5f98b1e8a44651e4b5fe935e31b46d39ad,exact_duplicate_review
recovered-moj-1434-v28-p207-3448338,extracted/recovered-moj-judgments-pdf/recovered-moj-1434-v28-p207-3448338.pdf,moj-judgments-1434-volume-28.pdf,archive-sources/moj/1434/moj-judgments-1434-volume-28.pdf,427cfcd78c7d5368b2fbb4d9a63e685744daa9fd3ba2a58c586ded4a03e53de9,4354201,207,216,10,5fc08af471fcef211a0c4e5ec50b52a2434b5cf3c3292ffbf514f40eedef953c,509624,75aa7ea5463c06a973c228cce890bc7e853821186bd27cdb2e4d8d7379d01885,exact_duplicate_review
recovered-moj-1434-v28-p217-34171136,extracted/recovered-moj-judgments-pdf/recovered-moj-1434-v28-p217-34171136.pdf,moj-judgments-1434-volume-28.pdf,archive-sources/moj/1434/moj-judgments-1434-volume-28.pdf,427cfcd78c7d5368b2fbb4d9a63e685744daa9fd3ba2a58c586ded4a03e53de9,4354201,217,220,4,177883adb291e30f5cc5082a597d013facc4ea0c3681ec18b36bab25cec70275,499127,69ee5db672703e2a934fd1bcac05afeed0c7a29cc1c5dc9f0538078681b70490,exact_duplicate_review
recovered-moj-1434-v28-p221-34352250,extracted/recovered-moj-judgments-pdf/recovered-moj-1434-v28-p221-34352250.pdf,moj-judgments-1434-volume-28.pdf,archive-sources/moj/1434/moj-judgments-1434-volume-28.pdf,427cfcd78c7d5368b2fbb4d9a63e685744daa9fd3ba2a58c586ded4a03e53de9,4354201,221,225,5,8ff1ba3087b82ef0b2cda6b9aa3b716882c81498c323fc9b07e25ca730fbc402,485833,97cd50e92e61fb50171a2ca7d3b314b1d2e7f815b54cbd37fdbe7abd1699e093,exact_duplicate_review
recovered-moj-1434-v28-p226-34263116,extracted/recovered-moj-judgments-pdf/recovered-moj-1434-v28-p226-34263116.pdf,moj-judgments-1434-volume-28.pdf,archive-sources/moj/1434/moj-judgments-1434-volume-28.pdf,427cfcd78c7d5368b2fbb4d9a63e685744daa9fd3ba2a58c586ded4a03e53de9,4354201,226,230,5,17ab68e2c88d3f6e0eeaa7d7a149176461d6c8bb9afb2358c718c35af4b75786,508203,681863872803e318a01fb63b2a6ff45d2963e9acdfc37ed34889a0535e52e274,exact_duplicate_review
recovered-moj-1434-v28-p231-34204578,extracted/recovered-moj-judgments-pdf/recovered-moj-1434-v28-p231-34204578.pdf,moj-judgments-1434-volume-28.pdf,archive-sources/moj/1434/moj-judgments-1434-volume-28.pdf,427cfcd78c7d5368b2fbb4d9a63e685744daa9fd3ba2a58c586ded4a03e53de9,4354201,231,235,5,71958b92160a2e87a7ac06f600a245e2515bcbbb2d7b767027325480e787abea,485567,11ce8bf6b1b8a4ef28d17a978c537f99e717cee842695754d6c7cdd59770cd4d,exact_duplicate_review
recovered-moj-1434-v28-p236-34363986,extracted/recovered-moj-judgments-pdf/recovered-moj-1434-v28-p236-34363986.pdf,moj-judgments-1434-volume-28.pdf,archive-sources/moj/1434/moj-judgments-1434-volume-28.pdf,427cfcd78c7d5368b2fbb4d9a63e685744daa9fd3ba2a58c586ded4a03e53de9,4354201,236,242,7,f65736f43c411da494e061655a5060a36352e4ead81cd766c9a047f307833b01,510749,4af609896a687a414c905d36071c44d881edcb48a4e9f8c8b29774cf60760323,exact_duplicate_review
recovered-moj-1434-v28-p243-34264142,extracted/recovered-moj-judgments-pdf/recovered-moj-1434-v28-p243-34264142.pdf,moj-judgments-1434-volume-28.pdf,archive-sources/moj/1434/moj-judgments-1434-volume-28.pdf,427cfcd78c7d5368b2fbb4d9a63e685744daa9fd3ba2a58c586ded4a03e53de9,4354201,243,245,3,989f7d14cb830564ea89164c42a64dd6898839094f6f42fa4dd3b037c16eefa8,483602,e0a186ba3da237f7ad71af6134188ae9d64ac1253d84e42d4424915472f94c44,exact_duplicate_review
recovered-moj-1434-v28-p246-34322311,extracted/recovered-moj-judgments-pdf/recovered-moj-1434-v28-p246-34322311.pdf,moj-judgments-1434-volume-28.pdf,archive-sources/moj/1434/moj-judgments-1434-volume-28.pdf,427cfcd78c7d5368b2fbb4d9a63e685744daa9fd3ba2a58c586ded4a03e53de9,4354201,246,251,6,11dadad7e50d3452f04bb1e2a40e336744a8e16d1b2ad0077ac268da4fde838a,505298,374bf750477b1199c4f6fed9c907be18e805f3e0a22faa1d39fe33e7ca844d4d,exact_duplicate_review
recovered-moj-1434-v28-p252-34377323,extracted/recovered-moj-judgments-pdf/recovered-moj-1434-v28-p252-34377323.pdf,moj-judgments-1434-volume-28.pdf,archive-sources/moj/1434/moj-judgments-1434-volume-28.pdf,427cfcd78c7d5368b2fbb4d9a63e685744daa9fd3ba2a58c586ded4a03e53de9,4354201,252,256,5,86bc7495ba9ab5052fcfb3fa268a621de9f63273071b432edf6998f157a04760,502446,11caae8031d730232117ad288620ef06793a21b0d9be1b4d20688cbb51c2cd6c,exact_duplicate_review
recovered-moj-1434-v28-p257-34379338,extracted/recovered-moj-judgments-pdf/recovered-moj-1434-v28-p257-34379338.pdf,moj-judgments-1434-volume-28.pdf,archive-sources/moj/1434/moj-judgments-1434-volume-28.pdf,427cfcd78c7d5368b2fbb4d9a63e685744daa9fd3ba2a58c586ded4a03e53de9,4354201,257,263,7,2a92e131b031a4f01441c4aeb3a24473a6493273e27e689724de3f53484877ae,493992,4ffb061db4802b0bd55d0b940031a5bd0c22fa773f241591fdac47e340305f95,exact_duplicate_review
recovered-moj-1434-v28-p264-34351812,extracted/recovered-moj-judgments-pdf/recovered-moj-1434-v28-p264-34351812.pdf,moj-judgments-1434-volume-28.pdf,archive-sources/moj/1434/moj-judgments-1434-volume-28.pdf,427cfcd78c7d5368b2fbb4d9a63e685744daa9fd3ba2a58c586ded4a03e53de9,4354201,264,270,7,dcfea35f06bd324d7ad2d9e9d12c8f45444b2114d111bc88437dbc55f3648940,1281001,da5fd9da2db000e8a0e0a1bf974facba310ecd6f18c7fd8e4e0faa30a1cde540,exact_duplicate_review
recovered-moj-1434-v28-p271-33466146,extracted/recovered-moj-judgments-pdf/recovered-moj-1434-v28-p271-33466146.pdf,moj-judgments-1434-volume-28.pdf,archive-sources/moj/1434/moj-judgments-1434-volume-28.pdf,427cfcd78c7d5368b2fbb4d9a63e685744daa9fd3ba2a58c586ded4a03e53de9,4354201,271,274,4,6406f54de6381fafb3c8de4e3df5a03c73ba1de61a6a986cd13a79d6006d5166,502214,06874d607f8c113332230a4bd2ca7efc9c45c92d7775e584e7322f09c99b7a83,exact_duplicate_review
recovered-moj-1434-v28-p275-34496030,extracted/recovered-moj-judgments-pdf/recovered-moj-1434-v28-p275-34496030.pdf,moj-judgments-1434-volume-28.pdf,archive-sources/moj/1434/moj-judgments-1434-volume-28.pdf,427cfcd78c7d5368b2fbb4d9a63e685744daa9fd3ba2a58c586ded4a03e53de9,4354201,275,280,6,70bbe1dbf3bb608a3bf1cc9acf7c0900f5102eef2fb8740a0cf3a079c2be0c25,1266935,6498a163f8f61b9a8f8a6dcc1aeeccb18363553fecdbfce75249bfd0debb845c,exact_duplicate_review
recovered-moj-1434-v28-p281-33445659,extracted/recovered-moj-judgments-pdf/recovered-moj-1434-v28-p281-33445659.pdf,moj-judgments-1434-volume-28.pdf,archive-sources/moj/1434/moj-judgments-1434-volume-28.pdf,427cfcd78c7d5368b2fbb4d9a63e685744daa9fd3ba2a58c586ded4a03e53de9,4354201,281,298,18,7ae3892194c643ce2471f39fa1539adfc912a9c9deaa6337451c96082ce392a0,539961,294979afbc1fcf89c6644c2b91d1afd34738567fa662c689c2f6ba655a9c1006,private_manual_review
recovered-moj-1434-v28-p299-34303379,extracted/recovered-moj-judgments-pdf/recovered-moj-1434-v28-p299-34303379.pdf,moj-judgments-1434-volume-28.pdf,archive-sources/moj/1434/moj-judgments-1434-volume-28.pdf,427cfcd78c7d5368b2fbb4d9a63e685744daa9fd3ba2a58c586ded4a03e53de9,4354201,299,309,11,a08f30a429f093fc8fd129cf1c8da8a3a07edd0292bd0eabe456229a4c0f36ec,847732,567c13dc96012c59dbcca673ab0321582522592bbdf02f3a7f485e8ae7da4b2b,exact_duplicate_review
