candidate_id,source_record_number,source_filename,case_number,text_sha256,related_record_ids,reason,disposition
telegram-linked-precedent-24a6cace84f9e7b6de9ea9cd,5,21.pdf,34109654,5f06533f7c138b6775fde4c444740325c8ca811636f2eaa548d3dd68a932bc54,collector-1434-v21-p5-34176700;moj-1434-v21-p5-34176700,same_case_reference_distinct_or_unconfirmed_text,manual_review
telegram-linked-precedent-461bd064672e1d0d19838577,7,21.pdf,34121025,05d671939d2833aeb94f73e7131425c0f28164ea14c0bcce0b683fb33bb214c0,collector-1434-v21-p17-34165528;moj-1434-v21-p17-34165528,same_case_reference_distinct_or_unconfirmed_text,manual_review
telegram-linked-precedent-6da688a0916ee177b33c8e8a,8,21.pdf,34121025,c7e6614489cb3873ab019bfa477aea28f2a18885d7e419a59c081bf1ad74d8c6,collector-1434-v21-p17-34165528;moj-1434-v21-p17-34165528;telegram-linked-precedent-461bd064672e1d0d19838577,same_case_reference_distinct_or_unconfirmed_text,manual_review
telegram-linked-precedent-a403649d911a4ad63f0db630,9,21.pdf,34141080,dd1bc99389f2afdab9868c425f0c702b0a95ac2b80d9457e13a949e9bc18d7d4,collector-1434-v21-p41-34180358;moj-1434-v21-p41-34180358,same_case_reference_distinct_or_unconfirmed_text,manual_review
telegram-linked-precedent-4b9a1d25610b6abe3ff9379a,11,21.pdf,34148702,4f9dae0a52371f2d59b35cb8b4ff097ae263cdcc9c1725e9571e1b7eaf158f75,collector-1434-v21-p54-34184868;moj-1434-v21-p54-34184868,same_case_reference_distinct_or_unconfirmed_text,manual_review
telegram-linked-precedent-e07f1647b47bd1b56f333b34,12,21.pdf,34161373,c7c7492db1d5a6ce6982ad0fb90129e009986d51a01060d4be753d4434410b74,collector-1434-v21-p66-34196715;moj-1434-v21-p66-34196715,same_case_reference_distinct_or_unconfirmed_text,manual_review
telegram-linked-precedent-73425dad06fff47defbb5520,18,21.pdf,34167643,ee704d86b415a54d6802319a9842f95ce672a1ff2c4edb70c303aaa3b3ac6515,collector-1434-v21-p106-34193641;moj-1434-v21-p106-34193641,same_case_reference_distinct_or_unconfirmed_text,manual_review
telegram-linked-precedent-549cc59629e3a3c23e3b96ce,19,21.pdf,34171923,7999766f66e437af5accaa5468b1b8dd51e49d3fedbadea35298f6066ff4e637,collector-1434-v21-p112-34274417;moj-1434-v21-p112-34274417,same_case_reference_distinct_or_unconfirmed_text,manual_review
telegram-linked-precedent-b56de80fb4de12ea35fa6fae,20,21.pdf,34171923,046dcaf799204ce12f5c5c1385a0ac3b19f691be438d424b47a875a43b7625b8,collector-1434-v21-p112-34274417;moj-1434-v21-p112-34274417;telegram-linked-precedent-549cc59629e3a3c23e3b96ce,same_case_reference_distinct_or_unconfirmed_text,manual_review
telegram-linked-precedent-46a98d9df15dd1dd3f26d6b2,21,21.pdf,34181757,17ae16fdd4a3b7ced3bbaaad54ebd56ceb87c414d30c927e335efb708083cc37,collector-1434-v21-p136-34229749;moj-1434-v21-p136-34229749;recovered-moj-1434-v21-p136-34229749,same_case_reference_distinct_or_unconfirmed_text,manual_review
telegram-linked-precedent-62fd7355e595930770e60b45,23,21.pdf,1434/04,8c33da82ffc19f0bdd8d7aab46b46a6170590e89441bfbd149d3c731535a9a84,telegram-linked-precedent-77b61927a5c0b5330625fd9e,same_case_reference_distinct_or_unconfirmed_text,manual_review
telegram-linked-precedent-6007729d490d408d665e2e59,25,21.pdf,34215120,48fd8897290021ced453b93fd10a5c62784da0198d496539299f6900373cdb8b,collector-1434-v21-p151-34217687;moj-1434-v21-p151-34217687;recovered-moj-1434-v21-p151-34217687,same_case_reference_distinct_or_unconfirmed_text,manual_review
telegram-linked-precedent-dd54695f88778bfafd8d00e5,26,21.pdf,34222506,c6c47d40cbd316fbf640c4b42dcf97d35c99d407e23dc15e624efc267d1c7d4d,collector-1434-v21-p157-34262414;nafa-1100-26-34222506;text-7b881f9d14e816bb8181,same_case_reference_distinct_or_unconfirmed_text,manual_review
telegram-linked-precedent-25f56ecb141a4cba77b63c7e,28,21.pdf,34224886,85f0afcabcff0f19748472850196b74c1cefc2e39ac4a767f61e79b340752c8b,collector-1434-v21-p175-34375086;moj-1434-v21-p175-34375086,same_case_reference_distinct_or_unconfirmed_text,manual_review
telegram-linked-precedent-7084a221ef1d225ba44e207b,31,21.pdf,34283189,634df3f783b72b2167705cc078c4da0e2336c3fbc44540f99364883ea936d361,collector-1434-v21-p202-34252509;moj-1434-v21-p202-34252509;recovered-moj-1434-v21-p202-34252509,same_case_reference_distinct_or_unconfirmed_text,manual_review
telegram-linked-precedent-1ca12ec066d31e76ddebaf5f,33,21.pdf,34318880,65edd4adfd1260e1a1fa1ba1d17471c12c1e7d8a249d696c809eb5e245e05f54,collector-1434-v21-p216-34275768;moj-1434-v21-p216-34275768;recovered-moj-1434-v21-p216-34275768,same_case_reference_distinct_or_unconfirmed_text,manual_review
telegram-linked-precedent-cb88fae7c26e6cde0e0514d1,34,21.pdf,34327580,73de0b91dfdb8463460b5d75a7a2b8d8d563c93cdaab537936898c06cc96f1aa,collector-1434-v21-p228-34278299;moj-1434-v21-p228-34278299,same_case_reference_distinct_or_unconfirmed_text,manual_review
telegram-linked-precedent-1adbbeba920714390af0c6f0,35,21.pdf,34360579,e340963d8900d63d3ab8e1aa1beeea5c507de57a8ce24cc1238dd7e6fe2b8bf5,collector-1434-v21-p237-34288810;moj-1434-v21-p237-34288810,same_case_reference_distinct_or_unconfirmed_text,manual_review
telegram-linked-precedent-e204d40de94b9b5b81efe984,37,21.pdf,34407562,cc588907542916d4711fdcf3275f0f28e801995af591774d81e45c8b52b211fe,collector-1434-v21-p266-34311440;moj-1434-v21-p266-34311440,same_case_reference_distinct_or_unconfirmed_text,manual_review
telegram-linked-precedent-b994543c578296054c1fcb1d,38,21.pdf,34459998,03c34498bc5be828ec3b7b0c214057a524edb156a050cf709a82a16b5627e0de,collector-1434-v21-p286-34336552;nafa-1100-43-34459998;text-2f93961e766b4a6b339c,same_case_reference_distinct_or_unconfirmed_text,manual_review
telegram-linked-precedent-0cf7e572b2f8fd186bad4dd5,47,20.pdf,33410920,0855bbd48d081d5783a2c118bcc9b084d1ff229bccf1e9bd8bcf6d686d8e1f2b,collector-1434-v20-p35-33445090;moj-1434-v20-p35-33445090,same_case_reference_distinct_or_unconfirmed_text,manual_review
telegram-linked-precedent-30c932a4a130c20941fac7d9,49,20.pdf,33422254,896d830b0964beb53d3d61d6912fe991046ef60200eb70b23c86d25e5b0ca42e,collector-1434-v20-p49-33341688;moj-1434-v20-p49-33341688,same_case_reference_distinct_or_unconfirmed_text,manual_review
telegram-linked-precedent-d4a53d6a2844c33ef8e3122a,50,20.pdf,33422610,a8bf89df9a9ff17e616562466bfe0057d78d74c2c11b26fdccee4e7c5a732f4c,collector-1434-v20-p57-33321801;moj-1434-v20-p57-33321801,same_case_reference_distinct_or_unconfirmed_text,manual_review
telegram-linked-precedent-88fcfa0e9524065565150d46,51,20.pdf,33453864,f1c161537caf9de9aa90311a06f860c14beccc57e19511655a1a29d2baf7206a,collector-1434-v20-p87-3452993;moj-1434-v20-p87-3452993,same_case_reference_distinct_or_unconfirmed_text,manual_review
telegram-linked-precedent-176e79fb0218349794134485,52,20.pdf,33455562,48510c8e00c656d02bf42459247a0656ffccacb48d7a0ec7bfabef9cc75cb4f1,collector-1434-v20-p96-33388788;moj-1434-v20-p96-33388788;recovered-moj-1434-v20-p96-33388788,same_case_reference_distinct_or_unconfirmed_text,manual_review
telegram-linked-precedent-80595400a3a76510b3119ff9,54,20.pdf,33467488,fa3fc81e0e2d373d934c369c54d0fb139cf91e9d67d9870ef5344438468e6664,collector-1434-v20-p114-33409886;moj-1434-v20-p114-33409886,same_case_reference_distinct_or_unconfirmed_text,manual_review
telegram-linked-precedent-da2b44a76833d9749ed38a38,58,20.pdf,33475424,73306694761c02f30ef773446ff742443a54477d89777291f27fa2ee56af6dd4,collector-1434-v20-p134-3412610;moj-1434-v20-p134-3412610,same_case_reference_distinct_or_unconfirmed_text,manual_review
telegram-linked-precedent-4e8207b63d69435b0a3c6782,59,20.pdf,33475424,34863549d6ebf3507f4d38e47a5fd27541cb8b0eb55661d8342775317b30ea78,collector-1434-v20-p134-3412610;moj-1434-v20-p134-3412610;telegram-linked-precedent-da2b44a76833d9749ed38a38,same_case_reference_distinct_or_unconfirmed_text,manual_review
telegram-linked-precedent-0667449c9db29105d83d0813,60,20.pdf,33475424,7a3bd8737406884adda59a3ccc9cc25feffbffdfd4d38db68b87ad272d7ac278,collector-1434-v20-p134-3412610;moj-1434-v20-p134-3412610;telegram-linked-precedent-4e8207b63d69435b0a3c6782;telegram-linked-precedent-da2b44a76833d9749ed38a38,same_case_reference_distinct_or_unconfirmed_text,manual_review
telegram-linked-precedent-909f370c5a146e6844df4476,63,20.pdf,33507446,5ac712785e52654e475d8e5517f429b2fc1fc63499d95caf371774735b927b70,collector-1434-v20-p158-33482733;moj-1434-v20-p158-33482733,same_case_reference_distinct_or_unconfirmed_text,manual_review
telegram-linked-precedent-bab560e63f266eee509fbaf9,64,20.pdf,33535027,86c03d8226510237d4da1d9804fb740ae1fb78ebd9a339d6a8a74e93fcd7dcce,collector-1434-v20-p171-33399240;moj-1434-v20-p171-33399240,same_case_reference_distinct_or_unconfirmed_text,manual_review
telegram-linked-precedent-2ed4f346ba3b66a915ff71f4,70,20.pdf,33660093,cd91329f8fa4ddeaaba24f73246a94d0db0cba0c89056a7364eddf1dbc50a06c,collector-1434-v20-p226-33465313;moj-1434-v20-p226-33465313,same_case_reference_distinct_or_unconfirmed_text,manual_review
telegram-linked-precedent-7f81c64ec2cdde0908b4db53,72,20.pdf,33673162,365cb555d17052e1290bd4eda196ae4278e67a0c67b678421515e6b6d0963804,collector-1434-v20-p243-34789;moj-1434-v20-p243-34789,same_case_reference_distinct_or_unconfirmed_text,manual_review
telegram-linked-precedent-4ec48d39ae6f89cdc418d843,73,20.pdf,33673162,7541749abc72f9a585ec68e84a3143e9bf1a66b0d208293b7ea344c20c975b44,collector-1434-v20-p243-34789;moj-1434-v20-p243-34789;telegram-linked-precedent-7f81c64ec2cdde0908b4db53,same_case_reference_distinct_or_unconfirmed_text,manual_review
telegram-linked-precedent-aea07882f48af93c4a5ced4e,76,20.pdf,33684837,ebb154d8c04d47b5fdce1ab920d9234f0463ef688731572288b268aadcb3ba7d,collector-1434-v20-p260-3422856;moj-1434-v20-p260-3422856,same_case_reference_distinct_or_unconfirmed_text,manual_review
telegram-linked-precedent-424d6a718c1685b590b69aac,77,20.pdf,33685113,cb3d9c668d5a8a7a35e91b2b9975a1e5ffbb59681220f95fce6218310c536e77,collector-1434-v20-p266-345917;moj-1434-v20-p266-345917,same_case_reference_distinct_or_unconfirmed_text,manual_review
telegram-linked-precedent-c8edaa4d74e63ff03eb12c28,78,20.pdf,33685705,d2ca685df744ae913f3ae757a8456fc43f2325ec542e4f4f80c3faad2062a29d,collector-1434-v20-p271-34283200;moj-1434-v20-p271-34283200,same_case_reference_distinct_or_unconfirmed_text,manual_review
telegram-linked-precedent-479ba081d497b4b22ffafd64,79,20.pdf,33689319,ec1aeabc000f15741094a6f5c04427609c2913a8a19dae2b5a4e3b0d012f1817,collector-1434-v20-p278-3415883;moj-1434-v20-p278-3415883,same_case_reference_distinct_or_unconfirmed_text,manual_review
telegram-linked-precedent-87dc01a9d81a498989eb5ede,81,20.pdf,33704208,51133a3886cda1f9e39410956fcf71c87db74f698d1e61ceb0d9e93e04cb5743,collector-1434-v20-p291-3424765;moj-1434-v20-p291-3424765,same_case_reference_distinct_or_unconfirmed_text,manual_review
telegram-linked-precedent-00fe8016b6c9d6fd8e955ed5,83,20.pdf,34105417,0f97d9e317f4477a2d815ed6ee92f2ec760e046639baf5afd9ca0de85a741317,collector-1434-v20-p308-34172935;moj-1434-v20-p308-34172935,same_case_reference_distinct_or_unconfirmed_text,manual_review
telegram-linked-precedent-a2062aa8915ac54ba7dc516d,84,20.pdf,34105617,a45d45ca96bc62003004b1c612e95bd032ef2c49b8b5ecabf4e432484204f6d4,collector-1434-v20-p326-34171532;moj-1434-v20-p326-34171532,same_case_reference_distinct_or_unconfirmed_text,manual_review
telegram-linked-precedent-e80730714def90628854fa3a,132,19 مجموعة الاحكام القضائية.pdf,31742,a4db2f9bdd355b429e27879477b5a41e66dee950a83b0bc438b3df7faabe17ea,collector-1434-v19-p9-34185966;moj-1434-v19-p9-34185966,same_case_reference_distinct_or_unconfirmed_text,manual_review
telegram-linked-precedent-5443ffd1e07df0b22db292ca,134,19 مجموعة الاحكام القضائية.pdf,349858,f8c1bf21daeccc3bc59dd6b64bf12da8647e29cc5594004f03a4209cd7f7b70e,collector-1434-v19-p30-3435848;moj-1434-v19-p30-3435848,same_case_reference_distinct_or_unconfirmed_text,manual_review
telegram-linked-precedent-af21bb9613a0435088211296,135,19 مجموعة الاحكام القضائية.pdf,3293909,ac20e5514e9a17bdbbb7aed94bbd742ebbde39fbe6dc892db08047ff61bc6b97,collector-1434-v19-p37-34377717;moj-1434-v19-p37-34377717,same_case_reference_distinct_or_unconfirmed_text,manual_review
telegram-linked-precedent-33bcbdb4ce4ab6cbfdb51285,136,19 مجموعة الاحكام القضائية.pdf,3412332,5da953126a011a39f33a4deca781e29125ee9331c0e717ee7f56380409973623,collector-1434-v19-p57-3426395;moj-1434-v19-p57-3426395,same_case_reference_distinct_or_unconfirmed_text,manual_review
telegram-linked-precedent-4b12111568032f13529dcde1,138,19 مجموعة الاحكام القضائية.pdf,3423430,6d23acc95d4e4e4ece3a684860f07377fcc5201652f84c2ee0c457566a3f2012,collector-1434-v19-p97-3414438;nafa-1098-13-3423430;text-d6e4a667fa9fed4592ca,same_case_reference_distinct_or_unconfirmed_text,manual_review
telegram-linked-precedent-fe871a6937bdd372ef26c858,139,19 مجموعة الاحكام القضائية.pdf,34165124,98d0a1fcd800b952b4394fd1b5546804f4c2a9e07a4b01e79e1797e4e2b591a1,collector-1434-v19-p103-3423765;nafa-1098-14-34165124;text-6f608b5cd8042e895aaf,same_case_reference_distinct_or_unconfirmed_text,manual_review
telegram-linked-precedent-cae40252d6c4b03fae2dacbb,140,19 مجموعة الاحكام القضائية.pdf,3426830,43f36bd720d61edbfd6d486132d8001b2fe5de17288d3c90336ba07b991ff8f4,collector-1434-v19-p109-3417638;moj-1434-v19-p109-3417638,same_case_reference_distinct_or_unconfirmed_text,manual_review
telegram-linked-precedent-fcfc26ceff5c6e0553043da5,143,19 مجموعة الاحكام القضائية.pdf,3450244,147cef5a0320608782e99f602a8a0d698880c5f7a19107380fb946bd88bf3741,collector-1434-v19-p143-34343483;moj-1434-v19-p143-34343483,same_case_reference_distinct_or_unconfirmed_text,manual_review
telegram-linked-precedent-e569dcf53a3ee786ebd1bb4d,144,19 مجموعة الاحكام القضائية.pdf,3458657,b5391dc56e47cac081d90bce4d3701b2415cce8e8ca3b3155adf69031a0bcda5,collector-1434-v19-p148-3436702;moj-1434-v19-p148-3436702,same_case_reference_distinct_or_unconfirmed_text,manual_review
telegram-linked-precedent-b6a2c8867bee31ac6695a16a,147,19 مجموعة الاحكام القضائية.pdf,3476029,b53333cd630e07dd818167bb6b101f1fc257caee0c4dba6b476ca72e21a9659d,collector-1434-v19-p176-3438665;nafa-1098-24-3476029;text-35cbf94e9e772944e72c,same_case_reference_distinct_or_unconfirmed_text,manual_review
telegram-linked-precedent-a521bd6972da79776e0da224,149,19 مجموعة الاحكام القضائية.pdf,3481135,865d9e46973362964568a5e3dcbdf13d7d370b4a665595b02009788b5e7fd915,collector-1434-v19-p195-34252576;moj-1434-v19-p195-34252576,same_case_reference_distinct_or_unconfirmed_text,manual_review
telegram-linked-precedent-4faffea02e9fa9ff46e1bc62,150,19 مجموعة الاحكام القضائية.pdf,1434/02,db92bd0e685a154c7d28d16acf7eefde34157eafc10e3b51d414ec3037220a6f,telegram-linked-precedent-cf7516f6441d33eab88fc677,same_case_reference_distinct_or_unconfirmed_text,manual_review
telegram-linked-precedent-80e2da34e0be02dd25558db0,155,19 مجموعة الاحكام القضائية.pdf,32901007,0898d1c9658b24f017437d64497549e61464a5ed070e4e3e2e62a32040ec6519,collector-1434-v19-p240-34272983;moj-1434-v19-p240-34272983;recovered-moj-1434-v19-p240-34272983,same_case_reference_distinct_or_unconfirmed_text,manual_review
telegram-linked-precedent-89c954ad838e432f09f12152,157,19 مجموعة الاحكام القضائية.pdf,0000,c26b94d26d33500eb4671d8715ef5bcfddf777e097d30a0bee6a546a93935fab,telegram-linked-precedent-47b7e4b71705377c88b4ea1a,same_case_reference_distinct_or_unconfirmed_text,manual_review
telegram-linked-precedent-4cc9b364b12008f9016d920d,159,19 مجموعة الاحكام القضائية.pdf,33266519,36b1b781080d26410c05ac8243fe5661470ca49430ab308dbdc68be8c8267228,collector-1434-v19-p280-33366603;moj-1434-v19-p280-33366603,same_case_reference_distinct_or_unconfirmed_text,manual_review
telegram-linked-precedent-791062c30963c2811285a4ca,160,19 مجموعة الاحكام القضائية.pdf,33272516,10d659169e15f271f4734a1829a34b19bb4ef50ef4c89b1616b19cc4616c0752,collector-1434-v19-p287-33275897;moj-1434-v19-p287-33275897,same_case_reference_distinct_or_unconfirmed_text,manual_review
telegram-linked-precedent-a9691d6ca4e5c8688a41dc34,161,19 مجموعة الاحكام القضائية.pdf,33285095,0893b1dfc2ac5a288957d720425b247c7d8e321e686672e82b4229e0de732167,collector-1434-v19-p295-33314559;moj-1434-v19-p295-33314559;recovered-moj-1434-v19-p295-33314559,same_case_reference_distinct_or_unconfirmed_text,manual_review
telegram-linked-precedent-5725a566b12c59a51ef03853,163,19 مجموعة الاحكام القضائية.pdf,33344796,33d90871bde84aeb667f8cfc28821cb15df74ab50acf801669c6ab0d91537089,collector-1434-v19-p324-33374012;moj-1434-v19-p324-33374012,same_case_reference_distinct_or_unconfirmed_text,manual_review
telegram-linked-precedent-8b140a82a554c7c110112a4b,202,7.pdf,3395424,336d0cdba33288687d05e06b768426c259ed920db26d48e80880abdead39ecd6,collector-1434-v7-p59-33413765;moj-1434-v7-p59-33413765,same_case_reference_distinct_or_unconfirmed_text,manual_review
telegram-linked-precedent-25441680c1e31ae76a97762c,205,7.pdf,33591344,09007143a4ff44d107ad3cd7b9461a77e2cb81747423938fdeb63215f542d5e3,collector-1434-v7-p91-33452634;moj-1434-v7-p91-33452634,same_case_reference_distinct_or_unconfirmed_text,manual_review
telegram-linked-precedent-bd39f8d4f5fc87e36983bb8e,208,7.pdf,33611853,37ec25cb6e53587ad1fe36ef691a4dcadcc93309798cec5665251de363bf7fa9,collector-1434-v7-p112-34256030;moj-1434-v7-p112-34256030,same_case_reference_distinct_or_unconfirmed_text,manual_review
telegram-linked-precedent-ad99d6f40844549d7933a01f,210,7.pdf,33656979,d4987a356ff3b2383bc70ea8b6fd76491421d50b5621f54033a6c0ff7b52f2b9,collector-1434-v7-p131-332031116;moj-1434-v7-p131-332031116,same_case_reference_distinct_or_unconfirmed_text,manual_review
telegram-linked-precedent-185e75ea56683b0c3b82abfa,212,7.pdf,33689238,f5d638b001852e07fe17d3e7fb5a592c1e2dece1405a6d3d6f69481c284d0565,collector-1434-v7-p171-3435968;moj-1434-v7-p171-3435968,same_case_reference_distinct_or_unconfirmed_text,manual_review
telegram-linked-precedent-c7b2815c75d0bc1936c54bb6,213,7.pdf,33689238,6aff08c5a1b562774839ebf2d6ecb9563e49151482e6e78fd4320e8773c44822,collector-1434-v7-p171-3435968;moj-1434-v7-p171-3435968;telegram-linked-precedent-185e75ea56683b0c3b82abfa,same_case_reference_distinct_or_unconfirmed_text,manual_review
telegram-linked-precedent-58db01152764cd8967038415,214,7.pdf,33710584,f9a7a17c00787d09d0cc93d6edbd2f12459727899e272da60f35d62155e3cc72,collector-1434-v7-p184-34271615;moj-1434-v7-p184-34271615,same_case_reference_distinct_or_unconfirmed_text,manual_review
telegram-linked-precedent-42240bb876f34c5b326e8d18,216,7.pdf,34110084,ade910e22b8dbc2f8810063856fffb20ac1100c6195b6bcf7d72cca4ef91d612,collector-1434-v7-p198-34182875;moj-1434-v7-p198-34182875,same_case_reference_distinct_or_unconfirmed_text,manual_review
telegram-linked-precedent-8844489a59249a3fef418073,225,7.pdf,33641157,2b35da6342aa957c4c45bd48942a0383e1885887ae9bc6fdd081122fdb2ec2b9,collector-1434-v7-p243-34184071;moj-1434-v7-p243-34184071,same_case_reference_distinct_or_unconfirmed_text,manual_review
telegram-linked-precedent-50433d62bbf05c336bb734a3,231,7.pdf,34268795,5156bfb750e6af079f1035a50f5c988f7be14ec9827fd780571d002de611d50f,collector-1434-v7-p301-34303751;moj-1434-v7-p301-34303751,same_case_reference_distinct_or_unconfirmed_text,manual_review
telegram-linked-precedent-0e261a7e9fb1deaf163e3c44,233,7.pdf,33550457,648e181d7029d2929857dc0275009f77da03844d27797ed9e30737204e86271c,collector-1434-v7-p313-34285050;moj-1434-v7-p313-34285050,same_case_reference_distinct_or_unconfirmed_text,manual_review
telegram-linked-precedent-47ed8560b17c49264bdcb003,235,7.pdf,33599008,cac7523c751b6e557cb6916d7faeb2eab577ccb172a67ceb1adbd41c4f96d3d2,collector-1434-v7-p324-34304769;moj-1434-v7-p324-34304769,same_case_reference_distinct_or_unconfirmed_text,manual_review
telegram-linked-precedent-ac6b858fda209b9091374729,237,7.pdf,34371709,780a530de2376a9a2f115ef196b09b38414d5abd302c1debd52d8922e979c61b,collector-1434-v7-p344-34340276;moj-1434-v7-p344-34340276,same_case_reference_distinct_or_unconfirmed_text,manual_review
telegram-linked-precedent-9a199bc7ad97358fb59860a5,247,26_2 مجموعة الاحكام القضائسة.pdf,33589458,84aa1d97b6feb11a9e720007cd1b3089288b44f27cef852a52adf5def1749498,collector-1434-v26-p127-34173949;nafa-1105-7-33589458;text-5dd1cc142c70c13fa497,same_case_reference_distinct_or_unconfirmed_text,manual_review
telegram-linked-precedent-60c0b957d20d587b277ec98b,249,26_2 مجموعة الاحكام القضائسة.pdf,33591190,9137fafd14c1fd03e5d21f241444751279c2d0ca7e9ee62cc250411b71fd0e80,collector-1434-v26-p145-3461346;moj-1434-v26-p145-3461346;recovered-moj-1434-v26-p145-3461346,same_case_reference_distinct_or_unconfirmed_text,manual_review
telegram-linked-precedent-968f7555131b7b4512a05921,251,26_2 مجموعة الاحكام القضائسة.pdf,1900,7e8b2b2e085d469f6393732238c05133f21c038d57f872dd788bb5c5491ea19d,telegram-linked-precedent-60f9c71abe86421983a62223,same_case_reference_distinct_or_unconfirmed_text,manual_review
telegram-linked-precedent-37974342cfac6241ae1da150,254,26_2 مجموعة الاحكام القضائسة.pdf,33615824,5297a091e0c0835e96d99f696d945a8c0481551c86038a76e84ec55bf94e3c0b,collector-1434-v26-p204-33438406;moj-1434-v26-p204-33438406;recovered-moj-1434-v26-p204-33438406,same_case_reference_distinct_or_unconfirmed_text,manual_review
telegram-linked-precedent-eddd140e7081c327f603f284,255,26_2 مجموعة الاحكام القضائسة.pdf,33618702,1983b6d3dd45a09c86f00b69e375d0a424b9f3efa79ff0a594c2129ca065edea,collector-1434-v26-p211-33438692;moj-1434-v26-p211-33438692,same_case_reference_distinct_or_unconfirmed_text,manual_review
telegram-linked-precedent-6283cd802d6574db64bb0437,257,26_2 مجموعة الاحكام القضائسة.pdf,33656547,2a51cd88813ad21a7d03574e5218d1843761aa34db31e63cf60676d717abb295,collector-1434-v26-p228-3447287;moj-1434-v26-p228-3447287,same_case_reference_distinct_or_unconfirmed_text,manual_review
telegram-linked-precedent-e049a6d4c6a7278bea526afe,260,26_2 مجموعة الاحكام القضائسة.pdf,33670030,c4c39900811d2139fd130c0ccaebe57faf46d40c0751ecff650953eaa833e829,collector-1434-v26-p261-34166318;moj-1434-v26-p261-34166318;recovered-moj-1434-v26-p261-34166318,same_case_reference_distinct_or_unconfirmed_text,manual_review
telegram-linked-precedent-3e229a75ec17f58572d51fdf,263,26_2 مجموعة الاحكام القضائسة.pdf,33672219,7eb13eb6f950e79456ac44dd2da68ea52df022884cde23abab2e2baab8961137,collector-1434-v26-p282-33475432;moj-1434-v26-p282-33475432,same_case_reference_distinct_or_unconfirmed_text,manual_review
telegram-linked-precedent-74db7b522caa1903cf7f686b,273,26_2 مجموعة الاحكام القضائسة.pdf,34478707,a8d3b7ade76c0b4291473a036043629d2cedc61094fa106d61a6c9ef6dd29cd3,collector-1434-v26-p355-34344724;moj-1434-v26-p355-34344724,same_case_reference_distinct_or_unconfirmed_text,manual_review
telegram-linked-precedent-e4d86060267c7897d59c793b,275,26_2 مجموعة الاحكام القضائسة.pdf,34540463,e1dd8a4c79435d3c97111416082d9d7408fec246e7aaa6cf0e6974573f9c6028,collector-1434-v26-p366-34378220;moj-1434-v26-p366-34378220,same_case_reference_distinct_or_unconfirmed_text,manual_review
telegram-linked-precedent-23700d77ce6d6ce9285a73a0,278,18 مجموعة الاحكام القضائية.pdf,1433/08,94728c45a3531c063c592d19b7be440148481fc8611b43e6aa1027e41d6a2c95,telegram-linked-precedent-f479e683e9d536db6673996e,same_case_reference_distinct_or_unconfirmed_text,manual_review
telegram-linked-precedent-5430f1566ec69a9340aca65c,279,18 مجموعة الاحكام القضائية.pdf,0000,dd7eddad993b63cbc32d49bdc82db793656ba0e5b45e2a4b718a1b6770402fc1,telegram-linked-precedent-47b7e4b71705377c88b4ea1a;telegram-linked-precedent-89c954ad838e432f09f12152,same_case_reference_distinct_or_unconfirmed_text,manual_review
telegram-linked-precedent-17b22f21ac56c3f5d32ba591,286,18 مجموعة الاحكام القضائية.pdf,1433/04,3667221bef41188341d732d899bd54c013327b6687e05ff478d117860b33b257,telegram-linked-precedent-9b0d1aeea6353639373d218e,same_case_reference_distinct_or_unconfirmed_text,manual_review
telegram-linked-precedent-03474889577b744e8a121ff0,287,18 مجموعة الاحكام القضائية.pdf,1433/04,6f235edc642949048b3f7316c03bf26b03d03fc88bff4cbd9e7d49b9e79a992d,telegram-linked-precedent-17b22f21ac56c3f5d32ba591;telegram-linked-precedent-9b0d1aeea6353639373d218e,same_case_reference_distinct_or_unconfirmed_text,manual_review
telegram-linked-precedent-fc8f5302aaf89be013e2f025,288,18 مجموعة الاحكام القضائية.pdf,1433/04,14f73f842f4d988664f260445727441c285378f72defa1983f14ef6ede0c68d6,telegram-linked-precedent-03474889577b744e8a121ff0;telegram-linked-precedent-17b22f21ac56c3f5d32ba591;telegram-linked-precedent-9b0d1aeea6353639373d218e,same_case_reference_distinct_or_unconfirmed_text,manual_review
telegram-linked-precedent-872c3ef867a87da6add7bb09,289,18 مجموعة الاحكام القضائية.pdf,1433/04,e693ad90ea784df4d6f06f366af9c06e7dffdc809fdd9f718ef74cb586cd2b0d,telegram-linked-precedent-03474889577b744e8a121ff0;telegram-linked-precedent-17b22f21ac56c3f5d32ba591;telegram-linked-precedent-9b0d1aeea6353639373d218e;telegram-linked-precedent-fc8f5302aaf89be013e2f025,same_case_reference_distinct_or_unconfirmed_text,manual_review
telegram-linked-precedent-b562cd4750440c287aac64f9,290,18 مجموعة الاحكام القضائية.pdf,1433/04,195701d6ebe680cdab8a631e9af40e8564ec81d44d9da7c2251a77f6731584b2,telegram-linked-precedent-03474889577b744e8a121ff0;telegram-linked-precedent-17b22f21ac56c3f5d32ba591;telegram-linked-precedent-872c3ef867a87da6add7bb09;telegram-linked-precedent-9b0d1aeea6353639373d218e;telegram-linked-precedent-fc8f5302aaf89be013e2f025,same_case_reference_distinct_or_unconfirmed_text,manual_review
telegram-linked-precedent-9109d2f859ca133f0415cb2e,291,18 مجموعة الاحكام القضائية.pdf,1433/04,f6961cd523ccc02e7b70a7cd13d943d6456e68b7f11ab18d5a0cbd4ad1b69cca,telegram-linked-precedent-03474889577b744e8a121ff0;telegram-linked-precedent-17b22f21ac56c3f5d32ba591;telegram-linked-precedent-872c3ef867a87da6add7bb09;telegram-linked-precedent-9b0d1aeea6353639373d218e;telegram-linked-precedent-b562cd4750440c287aac64f9;telegram-linked-precedent-fc8f5302aaf89be013e2f025,same_case_reference_distinct_or_unconfirmed_text,manual_review
telegram-linked-precedent-0f89e22ad3d38c22d5c2d6ef,292,18 مجموعة الاحكام القضائية.pdf,1433/04,762d8f5d57b65aff0ac25540223b733e17ca913187b14503922ed8b6a30def02,telegram-linked-precedent-03474889577b744e8a121ff0;telegram-linked-precedent-17b22f21ac56c3f5d32ba591;telegram-linked-precedent-872c3ef867a87da6add7bb09;telegram-linked-precedent-9109d2f859ca133f0415cb2e;telegram-linked-precedent-9b0d1aeea6353639373d218e;telegram-linked-precedent-b562cd4750440c287aac64f9;telegram-linked-precedent-fc8f5302aaf89be013e2f025,same_case_reference_distinct_or_unconfirmed_text,manual_review
telegram-linked-precedent-727ede1e6a8f02fc5283c87d,293,18 مجموعة الاحكام القضائية.pdf,1433/04,00a3cc46980f4dcf059a5f3016124957ed6bf345aa3a4d9be92e930513d983b3,telegram-linked-precedent-03474889577b744e8a121ff0;telegram-linked-precedent-0f89e22ad3d38c22d5c2d6ef;telegram-linked-precedent-17b22f21ac56c3f5d32ba591;telegram-linked-precedent-872c3ef867a87da6add7bb09;telegram-linked-precedent-9109d2f859ca133f0415cb2e;telegram-linked-precedent-9b0d1aeea6353639373d218e;telegram-linked-precedent-b562cd4750440c287aac64f9;telegram-linked-precedent-fc8f5302aaf89be013e2f025,same_case_reference_distinct_or_unconfirmed_text,manual_review
telegram-linked-precedent-76e0946ac700106d9e47cd81,294,18 مجموعة الاحكام القضائية.pdf,1433/04,6fe1c92bf48bdd5d91acc5462dff820996ca3cdfaad642f8652cf97cec8aefaf,telegram-linked-precedent-03474889577b744e8a121ff0;telegram-linked-precedent-0f89e22ad3d38c22d5c2d6ef;telegram-linked-precedent-17b22f21ac56c3f5d32ba591;telegram-linked-precedent-727ede1e6a8f02fc5283c87d;telegram-linked-precedent-872c3ef867a87da6add7bb09;telegram-linked-precedent-9109d2f859ca133f0415cb2e;telegram-linked-precedent-9b0d1aeea6353639373d218e;telegram-linked-precedent-b562cd4750440c287aac64f9;telegram-linked-precedent-fc8f5302aaf89be013e2f025,same_case_reference_distinct_or_unconfirmed_text,manual_review
telegram-linked-precedent-3a43b48eb65ebf31b4a58db5,297,18 مجموعة الاحكام القضائية.pdf,33345475,d666a23888241326c0a1b495e87e02b92e6195e87147647cfeb9de6c48f5f561,collector-1434-v18-p148-33266415;moj-1434-v18-p148-33266415,same_case_reference_distinct_or_unconfirmed_text,manual_review
telegram-linked-precedent-3977cb6d6fb56a011eb96348,298,18 مجموعة الاحكام القضائية.pdf,33345475,332aa43a7842a470569caaec3f5285e71ce1f55c2c00307aab00ee26c177d85d,collector-1434-v18-p148-33266415;moj-1434-v18-p148-33266415;telegram-linked-precedent-3a43b48eb65ebf31b4a58db5,same_case_reference_distinct_or_unconfirmed_text,manual_review
telegram-linked-precedent-5a52fa5fbb6835d8204b1bfd,299,18 مجموعة الاحكام القضائية.pdf,33345475,086c67820807120b57b83ada34009fb3f8304ddc96d02e9a5cbe37b03f291b09,collector-1434-v18-p148-33266415;moj-1434-v18-p148-33266415;telegram-linked-precedent-3977cb6d6fb56a011eb96348;telegram-linked-precedent-3a43b48eb65ebf31b4a58db5,same_case_reference_distinct_or_unconfirmed_text,manual_review
telegram-linked-precedent-7ba6cee9cad7ec655258418f,301,18 مجموعة الاحكام القضائية.pdf,33473749,58ced4777359f67b399beb729d8a830f89e5fa7a77383266f71b90fc5483e746,collector-1434-v18-p182-33439718;moj-1434-v18-p182-33439718,same_case_reference_distinct_or_unconfirmed_text,manual_review
telegram-linked-precedent-6b224aa7dc59d3b2d094810f,302,18 مجموعة الاحكام القضائية.pdf,33475473,f61756130cc62a8c0ec4e51824dd8de8d89f30b5bdfd497dd7903106a9a2491d,collector-1434-v18-p193-33361642;moj-1434-v18-p193-33361642,same_case_reference_distinct_or_unconfirmed_text,manual_review
telegram-linked-precedent-6bd2e6e1cc6c034dac21f5f1,303,18 مجموعة الاحكام القضائية.pdf,33475473,d965453bcb96cfde27547dacb7c65ad333dc2889549fe31fe7ef8b3ce7def757,collector-1434-v18-p193-33361642;moj-1434-v18-p193-33361642;telegram-linked-precedent-6b224aa7dc59d3b2d094810f,same_case_reference_distinct_or_unconfirmed_text,manual_review
telegram-linked-precedent-26c0a4056161f07d99c80556,304,18 مجموعة الاحكام القضائية.pdf,39,0d6013247d62afa03146abae8e7e58f53fbc6184e6ae7cf678abed1d626be22d,telegram-linked-precedent-e5a95da5a985f0084c797dd5,same_case_reference_distinct_or_unconfirmed_text,manual_review
telegram-linked-precedent-8b0ecdb13eb9fb98a45c8ff8,306,18 مجموعة الاحكام القضائية.pdf,33606469,fe4bfcce7bd48b0e55a4d3ddfaca49ee6d743edddc75986bac56de67acfcb862,collector-1434-v18-p231-33483133;moj-1434-v18-p231-33483133,same_case_reference_distinct_or_unconfirmed_text,manual_review
telegram-linked-precedent-5de1a19246be2354b7bf8a54,308,18 مجموعة الاحكام القضائية.pdf,39,6750a0224d066bd7e856e2e1d0be38b0b834d015f84dc1eb96775e87b9174785,telegram-linked-precedent-26c0a4056161f07d99c80556;telegram-linked-precedent-e5a95da5a985f0084c797dd5,same_case_reference_distinct_or_unconfirmed_text,manual_review
telegram-linked-precedent-eb694b0eaa6aca59db2e78a1,314,18 مجموعة الاحكام القضائية.pdf,34111631,f7a6df972bbabf72c1d6fbb5e58abd0e79e3d244178391286b2391ec5e65a507,collector-1434-v18-p302-3460741;moj-1434-v18-p302-3460741,same_case_reference_distinct_or_unconfirmed_text,manual_review
telegram-linked-precedent-8fe1c3cdba80c98a54f6a255,316,18 مجموعة الاحكام القضائية.pdf,1434/04,f207926a53a7a9135ab108309946b703c671856d1ae5b837e31eb34b0380341b,telegram-linked-precedent-62fd7355e595930770e60b45;telegram-linked-precedent-77b61927a5c0b5330625fd9e,same_case_reference_distinct_or_unconfirmed_text,manual_review
telegram-linked-precedent-5a97fcfcaee3a063690798e5,317,18 مجموعة الاحكام القضائية.pdf,34163865,4d0ba4abb037ca259949b6fc927101dd4459e3a18c08ec354140554649965135,collector-1434-v18-p320-34184623;moj-1434-v18-p320-34184623;recovered-moj-1434-v18-p320-34184623,same_case_reference_distinct_or_unconfirmed_text,manual_review
telegram-linked-precedent-7b7c41766004e80851458e29,318,18 مجموعة الاحكام القضائية.pdf,34169514,f776598c45a428048d692238f6601cec27ee27ebfc7dc365b4838e3707d64bbd,collector-1434-v18-p337-34215354;moj-1434-v18-p337-34215354,same_case_reference_distinct_or_unconfirmed_text,manual_review
telegram-linked-precedent-cc69e7ab8d83762c1e763acb,321,18 مجموعة الاحكام القضائية.pdf,9798,d0b8eebd74537125bd50c327fd42aec48085dc7d5feb1fcde080837c18007897,telegram-linked-precedent-c9624d17ffa6dc5bef5896c6,same_case_reference_distinct_or_unconfirmed_text,manual_review
telegram-linked-precedent-3abb89fc9f994f5ab47e6658,323,18 مجموعة الاحكام القضائية.pdf,34176361,3358afd8bff973328a36d8d0ea874e7e6caa8cce8099002cf3856758b9b4fefe,collector-1434-v18-p383-34194415;moj-1434-v18-p383-34194415,same_case_reference_distinct_or_unconfirmed_text,manual_review
telegram-linked-precedent-5dd9d7c8afa3e2dc1dec9e24,324,18 مجموعة الاحكام القضائية.pdf,34177257,b504b784c49e4b84a590b6ab3198eb0a467419c205a644110e5dd6715a95fa22,collector-1434-v18-p389-34204202;moj-1434-v18-p389-34204202,same_case_reference_distinct_or_unconfirmed_text,manual_review
telegram-linked-precedent-95f3eb7b0cfbc4e55acf9ad6,328,18 مجموعة الاحكام القضائية.pdf,1434/04,50e40f7ccb4a69bf1a911e471d0edda2ac2a396da5895cbfc7b4628acc4d5c33,telegram-linked-precedent-62fd7355e595930770e60b45;telegram-linked-precedent-77b61927a5c0b5330625fd9e;telegram-linked-precedent-8fe1c3cdba80c98a54f6a255,same_case_reference_distinct_or_unconfirmed_text,manual_review
telegram-linked-precedent-f56aa13cfe4422fa0f68415c,330,18 مجموعة الاحكام القضائية.pdf,34203476,a3dc644f41be5eab71c5ba36dd73f61a874395d64b584b7f223a8b7c7dd313ff,collector-1434-v18-p411-34223849;moj-1434-v18-p411-34223849,same_case_reference_distinct_or_unconfirmed_text,manual_review
telegram-linked-precedent-26319898e3e8949169e0090f,331,18 مجموعة الاحكام القضائية.pdf,34269340,52e2ed60d6819b2b193f577cd734ea2db4f38caffa0002c7c089d4479f2da415,collector-1434-v18-p418-34243861;moj-1434-v18-p418-34243861,same_case_reference_distinct_or_unconfirmed_text,manual_review
telegram-linked-precedent-f999ca9f26ac3fbf933d20a7,336,18 مجموعة الاحكام القضائية.pdf,34328810,c048361d610321ff7302e5cd6effde37af286b7a7d531205337ad9e405af65ad,collector-1434-v18-p449-34279956;moj-1434-v18-p449-34279956,same_case_reference_distinct_or_unconfirmed_text,manual_review
telegram-linked-precedent-907e2af62594021d2b756393,337,18 مجموعة الاحكام القضائية.pdf,34337433,fa28230970872e694ef0625ac14cddd36a635920b36c367406c4e5b37845898f,collector-1434-v18-p456-34351504;moj-1434-v18-p456-34351504,same_case_reference_distinct_or_unconfirmed_text,manual_review
telegram-linked-precedent-ba43deb188c545ec136da4ac,339,18 مجموعة الاحكام القضائية.pdf,39,a38ab321f56bb59ae13571e6ee1ef33b1091ebb37b7f62eee946780abfb3caa6,telegram-linked-precedent-26c0a4056161f07d99c80556;telegram-linked-precedent-5de1a19246be2354b7bf8a54;telegram-linked-precedent-e5a95da5a985f0084c797dd5,same_case_reference_distinct_or_unconfirmed_text,manual_review
telegram-linked-precedent-5c2d74143c330a104c45bf8e,340,18 مجموعة الاحكام القضائية.pdf,34446231,1431b9d228bce6311ba163a2971341283fad34f19bf7bfeecb7f366b38e4fe2f,collector-1434-v18-p488-34340849;moj-1434-v18-p488-34340849;recovered-moj-1434-v18-p488-34340849,same_case_reference_distinct_or_unconfirmed_text,manual_review
telegram-linked-precedent-066512dd8012b7f16b9a6f30,407,8.pdf,24667,5d970bf5d5f95002bdae1cd282744f4c614f0dfb7a5b6b479969d02e5f3f5fbd,collector-1434-v8-p5-33277087;moj-1434-v8-p5-33277087,same_case_reference_distinct_or_unconfirmed_text,manual_review
telegram-linked-precedent-6c4dc7630721edc6465aaf0c,408,8.pdf,3415067,ba4a41e69861880d17b8778bb303cb84da797b9086793927a4031f96b3e3897c,collector-1434-v8-p11-34216111;moj-1434-v8-p11-34216111,same_case_reference_distinct_or_unconfirmed_text,manual_review
telegram-linked-precedent-b9044227bb7b39e253ecf9bf,409,8.pdf,32543116,53bbbd66ee10f2808ac66f94bb35fa0bd6e4a0169f9e671090eecc793620b4ff,collector-1434-v8-p15-32350265;moj-1434-v8-p15-32350265,same_case_reference_distinct_or_unconfirmed_text,manual_review
telegram-linked-precedent-bd686a7eb82ddaa27cb0cc64,411,8.pdf,3387,07afd074ac982a1c739d5b8a438849af533767da2f1efa0519da76f7429378e1,collector-1434-v8-p27-33227400;moj-1434-v8-p27-33227400,same_case_reference_distinct_or_unconfirmed_text,manual_review
telegram-linked-precedent-38950f8489fe06eea615abc3,412,8.pdf,3387,6dc52c5532198303ad1dcbbdaf66980342a7ed3f719f45f93bc85350b95ffb9c,collector-1434-v8-p27-33227400;moj-1434-v8-p27-33227400;telegram-linked-precedent-bd686a7eb82ddaa27cb0cc64,same_case_reference_distinct_or_unconfirmed_text,manual_review
telegram-linked-precedent-fe6a75a98c10ca10944d3328,418,8.pdf,3285587,3106d2eb1a4689fc1d4453afbb3475221599ba2a5c1f22453dab9ff8b2d29fee,collector-1434-v8-p57-33449382;moj-1434-v8-p57-33449382,same_case_reference_distinct_or_unconfirmed_text,manual_review
telegram-linked-precedent-1e9f2f4d10bf3d4e381a2fe0,419,8.pdf,33370010,b83e58302fb0bf3eabce7f3ddf08217041ce00c3a8b70e10e025fc659a7cf8dc,collector-1434-v8-p84-3436836;moj-1434-v8-p84-3436836,same_case_reference_distinct_or_unconfirmed_text,manual_review
telegram-linked-precedent-dbcdb7590d4e7fa96c8285e9,422,8.pdf,32191693,7847e07b87c4054acefd5b1d40f6f85b3f793be2c69d589dbf087a99be7a761c,collector-1434-v8-p104-33313847;moj-1434-v8-p104-33313847,same_case_reference_distinct_or_unconfirmed_text,manual_review
telegram-linked-precedent-0d00b422c55e368cbedffbd3,424,8.pdf,1184,189c8d42702573a8ce7d52714b6c8b86f3571c81df44d3980714d2fd9d982136,nafa-171-45-1184;text-f2111c0669dc718f94cf,same_case_reference_distinct_or_unconfirmed_text,manual_review
telegram-linked-precedent-e2003b5fa35f221cd14a3fdd,430,8.pdf,3256634,9d580fec5abaeb34585c34f3fcde7ee7fd78a0417f63e6c59aefcabdff3da5ad,collector-1434-v8-p260-33447677;moj-1434-v8-p260-33447677,same_case_reference_distinct_or_unconfirmed_text,manual_review
telegram-linked-precedent-91bcabc86418a95bc172a079,431,8.pdf,33529827,dab4845ba2e14484bc3dc18444d8c73ba8ecc6a349f3684ed47f3a7a6a2b583e,collector-1434-v8-p272-33407931;moj-1434-v8-p272-33407931,same_case_reference_distinct_or_unconfirmed_text,manual_review
telegram-linked-precedent-62bfd910155bb0eec2c12a0e,435,8.pdf,34217704,acfc3cbdaaacfbc809743bb554becbcd1e0d3f25b1d8deadddc2ce6bc243289f,collector-1434-v8-p316-34305617;moj-1434-v8-p316-34305617,same_case_reference_distinct_or_unconfirmed_text,manual_review
telegram-linked-precedent-999c64e78967275876d082a2,436,8.pdf,1434/05,e9162ae3244988fbd9347095848e2db0c9727077cbfab82f60470f61af6880f7,telegram-linked-precedent-707f5395e911e7c1c75fbd6b,same_case_reference_distinct_or_unconfirmed_text,manual_review
telegram-linked-precedent-71b96cedea7c092f7ff94e5e,437,8.pdf,34289348,e068b186f49b044bdc4db0b99159df2f5b9c89b5b0e10fa1367c067e2753d861,collector-1434-v8-p330-34291127;moj-1434-v8-p330-34291127,same_case_reference_distinct_or_unconfirmed_text,manual_review
telegram-linked-precedent-0241c0498871b33b85236e98,438,8.pdf,3351663,d4be5739f6b77af52ba28a10f83978978f3340cfe9feb349ef75ca4f513bd636,collector-1434-v8-p343-3457090;moj-1434-v8-p343-3457090,same_case_reference_distinct_or_unconfirmed_text,manual_review
telegram-linked-precedent-113e2ad2c84b732d1254cdca,440,8.pdf,34112070,72564c8931ea3c51599e599fc951425a265706256228cba2266dedc1c220b1ba,collector-1434-v8-p367-34289201;moj-1434-v8-p367-34289201,same_case_reference_distinct_or_unconfirmed_text,manual_review
telegram-linked-precedent-769429d2e54008bae2bd915d,443,_سوابق مخدرات .pdf,349847,9912b39da72ca1157a64d9ec02d8fdbd2d50dbf1c89072cb6179025fdc3bc798,collector-1434-v17-p5-3423184;moj-1434-v17-p5-3423184,same_case_reference_distinct_or_unconfirmed_text,manual_review
telegram-linked-precedent-146a76a46c8c8e87aa1c315d,447,_سوابق مخدرات .pdf,3429446,a4ba40a60fa3ecd8300f0899b19ee07edfb973f0bee0012ffe1381faf81561ad,collector-1434-v17-p75-3459890;moj-1434-v17-p75-3459890,same_case_reference_distinct_or_unconfirmed_text,manual_review
telegram-linked-precedent-d66b5571d5d8088dfa843065,448,_سوابق مخدرات .pdf,33644973,3d3a5dc2d2cea3e775dc1f9584b53dbd2851d4425912307f0851986e4eb054ae,collector-1434-v17-p83-33475491;moj-1434-v17-p83-33475491,same_case_reference_distinct_or_unconfirmed_text,manual_review
telegram-linked-precedent-aedbb86e35a034a06bb86c17,449,_سوابق مخدرات .pdf,34163330,f222db7bdd093f8104c8c9690ac9bbdb29049806f452972b5931ff64fb92340c,collector-1434-v17-p88-34198977;moj-1434-v17-p88-34198977,same_case_reference_distinct_or_unconfirmed_text,manual_review
telegram-linked-precedent-19eda9e5f7ed44ca838478b0,451,_سوابق مخدرات .pdf,34308056,f8de98fb3815e91a431afa9208d4f7c97bbe712800d7730a376283a95b291edd,collector-1434-v17-p115-34275215;moj-1434-v17-p115-34275215,same_case_reference_distinct_or_unconfirmed_text,manual_review
telegram-linked-precedent-b883f25b1947f8650decfe0e,452,_سوابق مخدرات .pdf,34323195,c1d76119ed519fed4e3e94ee10d821d8a663f7836bd073b238dfe7d1edc16ca0,collector-1434-v17-p121-34293408;moj-1434-v17-p121-34293408,same_case_reference_distinct_or_unconfirmed_text,manual_review
telegram-linked-precedent-ec55c1cf3c4749b8bca3e8c1,453,_سوابق مخدرات .pdf,34352362,99dd2356c87b621be38e0fbca057db41fb1468f0204db40c45d9628b82cbedc0,collector-1434-v17-p126-34292073;moj-1434-v17-p126-34292073,same_case_reference_distinct_or_unconfirmed_text,manual_review
telegram-linked-precedent-ff0b50d042cfde7c53a6d862,454,_سوابق مخدرات .pdf,39,52b91a203cca95c3822148002369116b8e296f990b8811a1364c86306a02d519,telegram-linked-precedent-26c0a4056161f07d99c80556;telegram-linked-precedent-5de1a19246be2354b7bf8a54;telegram-linked-precedent-ba43deb188c545ec136da4ac;telegram-linked-precedent-e5a95da5a985f0084c797dd5,same_case_reference_distinct_or_unconfirmed_text,manual_review
telegram-linked-precedent-6667893f75c82e87e46ba67e,455,_سوابق مخدرات .pdf,1434,477fb8f38ce27d0ed342978cae514d8220d1f2fd0b819ac0f10cbb3eab4b6034,telegram-linked-precedent-424b5662d221cec5cc237d42,same_case_reference_distinct_or_unconfirmed_text,manual_review
telegram-linked-precedent-9b77ca870c7c558b276da36c,459,_سوابق مخدرات .pdf,1434/01,50d5a2803e5ccc5860e95242dd35b0bfc88ddbf82e836a8c37a07e4d109c359f,telegram-linked-precedent-a55d2c2aea22dd6bcc438d99,same_case_reference_distinct_or_unconfirmed_text,manual_review
telegram-linked-precedent-9c0862e9e1bd22b6dbbff76a,461,_سوابق مخدرات .pdf,1434/01,4799e37f1b971cf31ae36c0e9cf63a05267eb6978feefe3b493c392b7123a913,telegram-linked-precedent-9b77ca870c7c558b276da36c;telegram-linked-precedent-a55d2c2aea22dd6bcc438d99,same_case_reference_distinct_or_unconfirmed_text,manual_review
telegram-linked-precedent-8c420c1c70a031c440b776ab,462,_سوابق مخدرات .pdf,1434/01,6cf764124a6c14e71f7a1dc5d6d130fbeb92a0fb8dff295cbae41d723fcddd14,telegram-linked-precedent-9b77ca870c7c558b276da36c;telegram-linked-precedent-9c0862e9e1bd22b6dbbff76a;telegram-linked-precedent-a55d2c2aea22dd6bcc438d99,same_case_reference_distinct_or_unconfirmed_text,manual_review
telegram-linked-precedent-3c8cdb9a510992b91bfbb138,466,_سوابق مخدرات .pdf,3434976,9d17bf431a4aa6f6afd43f5e60d7586beda393c68f0d9bd8cf427a4d24588b64,collector-1434-v17-p375-3422247;moj-1434-v17-p375-3422247,same_case_reference_distinct_or_unconfirmed_text,manual_review
telegram-linked-precedent-2b6f312b9a733a6f958c4b4d,471,_سوابق مخدرات .pdf,51,bf5900baa665cd56de9a14158882642c153135f821b0c10e507badd4cbbce78a,telegram-linked-precedent-21656b09d22c442586f38ff6,same_case_reference_distinct_or_unconfirmed_text,manual_review
telegram-linked-precedent-24388a44072475f62e49dc77,474,_سوابق مخدرات .pdf,3441813,e707b453386a4859d70c24b3918f78865a9c8776e001ca55a52ae4cd3f9e0753,collector-1434-v17-p425-3457461;moj-1434-v17-p425-3457461,same_case_reference_distinct_or_unconfirmed_text,manual_review
telegram-linked-precedent-a923d4d326fb8649b3a4e2a1,475,_سوابق مخدرات .pdf,53,da90ec485dc453fbdfa213cf5db3d7bdf80ce82ef4522ccdf09f6f08c095e254,telegram-linked-precedent-e953b52a4ccb909e8422af76,same_case_reference_distinct_or_unconfirmed_text,manual_review
telegram-linked-precedent-330977bfb042d9303c7cdbb6,477,_سوابق مخدرات .pdf,1434,affe7c35ea92695c4083b135f4726ff36dc38fc4d18172e5adf75dda74302d12,telegram-linked-precedent-424b5662d221cec5cc237d42;telegram-linked-precedent-6667893f75c82e87e46ba67e,same_case_reference_distinct_or_unconfirmed_text,manual_review
telegram-linked-precedent-c94a2dae04d6431ff5864a52,521,9.pdf,34186030,2fea880a9dd9ced97485a448b9f80224afbd4f94ca3c80620d5c11985e5ea222,collector-1434-v9-p78-34311046;moj-1434-v9-p78-34311046,same_case_reference_distinct_or_unconfirmed_text,manual_review
telegram-linked-precedent-d8486dfc22e119c43ff0e53b,524,9.pdf,3420212,ef7cb97283382c999ffc51aaa79dbfdddf8745bf1a0ce13823d9a3bc0233e479,collector-1434-v9-p245-34189207;moj-1434-v9-p245-34189207,same_case_reference_distinct_or_unconfirmed_text,manual_review
telegram-linked-precedent-770fb3982b40261c98c9af26,527,9.pdf,33270955,b9e4a44d14d4899d05d30c7ab8b9b9bb0efead2ad55ebdd6d53585812e0a6428,collector-1434-v9-p260-3458940;moj-1434-v9-p260-3458940,same_case_reference_distinct_or_unconfirmed_text,manual_review
telegram-linked-precedent-36eb6519f78b7e8b27ad6eec,529,9.pdf,33677765,214dfd4f0f5535329b89ed80378ec17d62dd5e7928e7c6cd37d2620cea5536bb,collector-1434-v9-p273-34260389;moj-1434-v9-p273-34260389,same_case_reference_distinct_or_unconfirmed_text,manual_review
telegram-linked-precedent-156ff2eaf77debd5d7e88dbe,530,9.pdf,34187285,b660ed258acf642045581719f30f70b3bf99b73ce3189ee16fc25814cc71b527,collector-1434-v9-p279-34259015;moj-1434-v9-p279-34259015,same_case_reference_distinct_or_unconfirmed_text,manual_review
telegram-linked-precedent-f66a83c0974e7b48fe6704ce,534,9.pdf,33205648,f99d15e1e0911e8142a96d4858d68111e28073529154037521750e2b97a2fd86,collector-1434-v9-p330-33440804,same_case_reference_distinct_or_unconfirmed_text,manual_review
telegram-linked-precedent-6f8e0a1cf2e5e2c81664b0eb,535,9.pdf,13838,c91e48a674570433f8248954c217324bb951f120bd103230f8a06b47cc678a35,collector-1434-v9-p339-33334176;moj-1434-v9-p339-33334176,same_case_reference_distinct_or_unconfirmed_text,manual_review
telegram-linked-precedent-020cf4e23441c7ffa61a3f19,536,9.pdf,32322052,e71942578ca60e053df7450b2a7f1e2535333ff6b7c9a7ddf788d88c957b416c,collector-1434-v9-p365-33363338;moj-1434-v9-p365-33363338,same_case_reference_distinct_or_unconfirmed_text,manual_review
telegram-linked-precedent-1214fefd41e7666a127e39b5,538,9.pdf,56230207,bc1d6f8bea2dd6ab530428307c718e863026f8554ba7c0bcf9096891ecc41468,collector-1434-v9-p390-33439471;moj-1434-v9-p390-33439471,same_case_reference_distinct_or_unconfirmed_text,manual_review
telegram-linked-precedent-de3974d16834970c2ed4f011,540,9.pdf,33193324,01c01db0dffc72e59f229c595cb8a67f6cb4f26fefac3ca29885c7b9755d018a,collector-1434-v9-p420-34225205;moj-1434-v9-p420-34225205,same_case_reference_distinct_or_unconfirmed_text,manual_review
telegram-linked-precedent-6f670f52118d9badd121b441,543,10.pdf,1433/10,8729a54c3897b365fdaa8c0530fca1fefc249ace080a32f3b8a9330b3c2410d7,telegram-linked-precedent-d9e8ddd5bfae6ece754a96e6,same_case_reference_distinct_or_unconfirmed_text,manual_review
telegram-linked-precedent-5936a96776b53982241f3dd2,545,10.pdf,5414,cd2bd64f43500e6c53a54516af9a625dbc22d2cc1e0fba6e8452a9ff8c3f713b,nafa-171-116-5414;text-837307b10dab8b49e1cd,same_case_reference_distinct_or_unconfirmed_text,manual_review
telegram-linked-precedent-0b9bcc6dfc5a3b5bf14e44ff,550,10.pdf,33176332,55eefd3a1f53eecb9b347cbafafd8cd1f44c1f21b0ca47f3e2d8507287760b92,collector-1434-v10-p53-33448197;moj-1434-v10-p53-33448197,same_case_reference_distinct_or_unconfirmed_text,manual_review
telegram-linked-precedent-48fe7e70422e09be791bcc05,552,10.pdf,1434/02,768afa848d042740db22f3476b17f36306f3dc8b5ae49d15763ba26fdf82cb1b,telegram-linked-precedent-4faffea02e9fa9ff46e1bc62;telegram-linked-precedent-cf7516f6441d33eab88fc677,same_case_reference_distinct_or_unconfirmed_text,manual_review
telegram-linked-precedent-a240412baaa9f470a53a7d4c,553,10.pdf,3418825,814c94e395bf3bd08d9c6c5fb7fc4abb9d36b984a56afceda6543deefd42b425,collector-1434-v10-p74-34219920;moj-1434-v10-p74-34219920,same_case_reference_distinct_or_unconfirmed_text,manual_review
telegram-linked-precedent-1e9691154664b50ad9a20686,554,10.pdf,34128953,d24fc26d66889a511a591e725da73c3e5169b9fc4e6bdbc9f0dfbad81591771a,collector-1434-v10-p85-34338542;moj-1434-v10-p85-34338542,same_case_reference_distinct_or_unconfirmed_text,manual_review
telegram-linked-precedent-0be6cf65cf6cbb6c1f1f418a,566,10.pdf,46510,ec9cf32eb600ff97820e09d4570709b9e8c6f3e9125b894fe6eac7f0225e0063,collector-1434-v10-p167-33165950;moj-1434-v10-p167-33165950,same_case_reference_distinct_or_unconfirmed_text,manual_review
telegram-linked-precedent-4f6fc32d6f2645b8b691e11b,569,10.pdf,3344473,d6dd874a024dfa5a6cf5df6203147b8e8bf09814dab1ad516008415c626ea4c7,collector-1434-v10-p192-33319506;moj-1434-v10-p192-33319506,same_case_reference_distinct_or_unconfirmed_text,manual_review
telegram-linked-precedent-fdb3d26203dac5726bc38c58,572,10.pdf,3498431,44920fdba0cafa1d51a49920cca32483a4cff14a2eda3ba2bbb440f10b40927e,collector-1434-v10-p219-34255305;moj-1434-v10-p219-34255305,same_case_reference_distinct_or_unconfirmed_text,manual_review
telegram-linked-precedent-26f3376f13b3005a0d1dad1a,576,10.pdf,32222418,bbf0d4fc62fcd12a92049c2dc0cc98f24343fe3dc46e27f4f5c7db020a1c4998,collector-1434-v10-p241-33108865;moj-1434-v10-p241-33108865,same_case_reference_distinct_or_unconfirmed_text,manual_review
telegram-linked-precedent-4ff1ccca9834100fd24d1abe,578,10.pdf,32354150,1c60118c1004f6938e00233b18db88db67e1cde0519f11ed5d6ace43f05bb1bc,collector-1434-v10-p264-33412454;moj-1434-v10-p264-33412454,same_case_reference_distinct_or_unconfirmed_text,manual_review
telegram-linked-precedent-3c3eed14c1b652b69aadb72e,583,10.pdf,33199867,da378d72d51d606287de3e85a9a1cbd80fec504769d4d5eecd2c110997f7fdc2,collector-1434-v10-p307-33450924;moj-1434-v10-p307-33450924,same_case_reference_distinct_or_unconfirmed_text,manual_review
telegram-linked-precedent-28398b3b08cd684679a34c98,585,10.pdf,93,ee875f855df87b744a2450328bfbc5f2374ca5a2ae696074aa3d0e234147e3cc,telegram-linked-precedent-e1df827e654a8cc4822343ee,same_case_reference_distinct_or_unconfirmed_text,manual_review
telegram-linked-precedent-ee8525b58c7c89039e0b8c2e,586,10.pdf,1433/08,31e07d155407e9a9d246eb4b4e3ed021409ab705f61757d8829d39ae5a963a79,telegram-linked-precedent-23700d77ce6d6ce9285a73a0;telegram-linked-precedent-f479e683e9d536db6673996e,same_case_reference_distinct_or_unconfirmed_text,manual_review
telegram-linked-precedent-967fff26193cc600d38dfb9a,588,10.pdf,1434/03,e10afa87e4797cf1aca1449118272bdf772314ca61cfe5752b17bd20174303ff,telegram-linked-precedent-388a15da51e6686ec01025b7,same_case_reference_distinct_or_unconfirmed_text,manual_review
telegram-linked-precedent-3a4ed9018c042d8e136d2f90,590,10.pdf,34220075,159cf627d02ac85f781b99693abb607066f56fed7958ae9917b12adb77fb3cec,collector-1434-v10-p388-34258948;moj-1434-v10-p388-34258948,same_case_reference_distinct_or_unconfirmed_text,manual_review
telegram-linked-precedent-842552fa7a12011a11c42496,591,10.pdf,34220075,345b7fa51a92e7ad11ab5f89ce8283345df436ba8c8120119626642652efeed7,collector-1434-v10-p388-34258948;moj-1434-v10-p388-34258948;telegram-linked-precedent-3a4ed9018c042d8e136d2f90,same_case_reference_distinct_or_unconfirmed_text,manual_review
telegram-linked-precedent-bbb1f9e0ef91eb80c71ee776,598,23.pdf,1433/01,790d22156db8e2f2851cd4cf703fac725bb7dc620d22e7c8386fdd54c110bb50,telegram-linked-precedent-d18cfcb1cc9a8405d1d194a7,same_case_reference_distinct_or_unconfirmed_text,manual_review
telegram-linked-precedent-16e4ad7d8487f3cd3078ccea,602,23.pdf,3427354,e07907639f02c2078735ce147bc4a45dcb4ed7adc853558adb4a83b59c1a482e,collector-1434-v23-p34-34198838;moj-1434-v23-p34-34198838,same_case_reference_distinct_or_unconfirmed_text,manual_review
telegram-linked-precedent-88628a2ac59f6977a2b37843,603,23.pdf,3437318,f1d5e41627863d97545c196ee91fd094940175c6ec9c3b5153e7abe782ef747f,collector-1434-v23-p41-3451474;moj-1434-v23-p41-3451474,same_case_reference_distinct_or_unconfirmed_text,manual_review
telegram-linked-precedent-b1efc74377b30dffd581966d,604,23.pdf,3440377,4fa47727a7407f294ca6e6065a06fe6f64ebc2b59a6e8d342e9748890339d732,collector-1434-v23-p45-3425051;moj-1434-v23-p45-3425051,same_case_reference_distinct_or_unconfirmed_text,manual_review
telegram-linked-precedent-137bb1c9d1be9cc6d33d6988,605,23.pdf,3493295,af39607fcb310afdecf24875d81cdd9a906249752ebac0c2a4ab85aa4ddd6a76,collector-1434-v23-p52-34189860;moj-1434-v23-p52-34189860,same_case_reference_distinct_or_unconfirmed_text,manual_review
telegram-linked-precedent-efe81ae3d9ebc58cabf95db0,609,23.pdf,33261681,47dc4ccdc893a07d4c538d67e6ce2b176f3dbba487ccbb785162143a509c1f23,collector-1434-v23-p89-33263784;moj-1434-v23-p89-33263784,same_case_reference_distinct_or_unconfirmed_text,manual_review
telegram-linked-precedent-6bf27978f58465afa939ae79,613,23.pdf,33409909,85f48e525855871a6a2c46842881727dbd9db763a100cd9389a8604a7a0ec29a,collector-1434-v23-p109-33434658;moj-1434-v23-p109-33434658,same_case_reference_distinct_or_unconfirmed_text,manual_review
telegram-linked-precedent-877604b01ef1151b6dfe41de,614,23.pdf,33458139,16fe36d8be83ff25e5ece2cbd18cd43d6e008a9a90852220e722ed023fa0373a,collector-1434-v23-p115-34234520;moj-1434-v23-p115-34234520,same_case_reference_distinct_or_unconfirmed_text,manual_review
telegram-linked-precedent-13212463de0c4e41b0565456,616,23.pdf,33458139,831c9056e6ddc3cd2913fcbba6558a44fa2753cc0623b1448d8c7d1a16ee6f20,collector-1434-v23-p115-34234520;moj-1434-v23-p115-34234520;telegram-linked-precedent-877604b01ef1151b6dfe41de,same_case_reference_distinct_or_unconfirmed_text,manual_review
telegram-linked-precedent-360aac22295ce9da3a0ef960,618,23.pdf,33620052,c25689db33720a26c7f91e87da012e2bf7b8c721ed1194dec7988b88df5fd8f0,collector-1434-v23-p145-345262;moj-1434-v23-p145-345262,same_case_reference_distinct_or_unconfirmed_text,manual_review
telegram-linked-precedent-da9680593f593566c7111150,619,23.pdf,33671988,1e6b2a1b3b4ebb0a6b0856a7fab3f71b84c94d669f7c70fe88e4e8184980c69a,collector-1434-v23-p182-33469364;moj-1434-v23-p182-33469364;recovered-moj-1434-v23-p182-33469364,same_case_reference_distinct_or_unconfirmed_text,manual_review
telegram-linked-precedent-1b4b73783a41334163465998,622,23.pdf,33696803,ba78e619ee9219e8751ed18231336dfccbd989cc599302adebd6c84f4daacbec,collector-1434-v23-p211-3420397;moj-1434-v23-p211-3420397,same_case_reference_distinct_or_unconfirmed_text,manual_review
telegram-linked-precedent-cf27d5451dae638bde310323,631,23.pdf,3485932,318f27b9236b3e86d50a84212f12a34b5d898b1a653d641f847b42b46670b45a,collector-1434-v23-p291-3422718;moj-1434-v23-p291-3422718,same_case_reference_distinct_or_unconfirmed_text,manual_review
telegram-linked-precedent-ad7af6f592d6ed3e6d48111a,635,23.pdf,33602310,effd1e6f4c19ea2eb391cee94cb3515da5050a9276558cfcc49fe23b2c9b6a43,collector-1434-v23-p321-3415026;moj-1434-v23-p321-3415026,same_case_reference_distinct_or_unconfirmed_text,manual_review
telegram-linked-precedent-23fff14837ed330098e4ad1d,636,23.pdf,34440661,6d0196d38d59ac77f6f9e8866d49c542fe665a246ccfb8726b1b38a696565f57,collector-1434-v23-p324-34374435;moj-1434-v23-p324-34374435,same_case_reference_distinct_or_unconfirmed_text,manual_review
telegram-linked-precedent-48a01b976f48207a0c6f3dcd,639,12.pdf,3333621,7e63e713f651e478656e76a0bf256d121d31222fafdfb94de0b01dea435817cb,collector-1434-v12-p5-347261;moj-1434-v12-p5-347261,same_case_reference_distinct_or_unconfirmed_text,manual_review
telegram-linked-precedent-7a86b86f75e4fcf536ea2fcb,640,12.pdf,32279617,e9330b93e7038b9a15a608f16e8af36e8e42d65541fe409cda83d9ee835d9f70,collector-1434-v12-p11-3377548;moj-1434-v12-p11-3377548,same_case_reference_distinct_or_unconfirmed_text,manual_review
telegram-linked-precedent-db9f8ea0a6311b25b941bf69,641,12.pdf,3326768,ae227593d9cefd78a868b935375d83582e4379aceb170bec0424d73245847585,collector-1434-v12-p20-3396987;moj-1434-v12-p20-3396987,same_case_reference_distinct_or_unconfirmed_text,manual_review
telegram-linked-precedent-4e42160be278dd2d0fbee50a,644,12.pdf,317549,620c5f7effd4b4a6c46e507f7f33c3a6651d25b65644bbe3efa3e8a1cc39f748,collector-1434-v12-p45-32191315;moj-1434-v12-p45-32191315,same_case_reference_distinct_or_unconfirmed_text,manual_review
telegram-linked-precedent-d868647d5f665ec8c8f13fa5,646,12.pdf,3223182,271a43646df3a0c041d08e309e98626aad3f8056b22924782d1ca5727e54eec2,collector-1434-v12-p58-33182259;moj-1434-v12-p58-33182259,same_case_reference_distinct_or_unconfirmed_text,manual_review
telegram-linked-precedent-b78ca0a4bcd43be88dd087ed,647,12.pdf,33248699,096b970d5d20ac1471c5ae167d223d42569bff09f2517f1dff062ba268591e35,collector-1434-v12-p66-34180121;moj-1434-v12-p66-34180121,same_case_reference_distinct_or_unconfirmed_text,manual_review
telegram-linked-precedent-ad2ebbcd54229ac71c01f5c4,648,12.pdf,32242789,187084742bc84f9fd5d9695f5e0f537202aedefc6b7dfb99cab338dcd22b15da,collector-1434-v12-p71-33268658;moj-1434-v12-p71-33268658,same_case_reference_distinct_or_unconfirmed_text,manual_review
telegram-linked-precedent-e50d1fc5895dfa8d935d950e,650,12.pdf,3315262,81a4d5ccf67812c2511b5200fb7311672b3175b75ec753f20dcd9c3d947c1275,collector-1434-v12-p78-33345548;moj-1434-v12-p78-33345548,same_case_reference_distinct_or_unconfirmed_text,manual_review
telegram-linked-precedent-c79db81455735db214a9c69c,652,12.pdf,3315262,f684f38630b5c46db605b1d33e0be4f3aacf6ab6f79174719058b213bf1b2ae2,collector-1434-v12-p78-33345548;moj-1434-v12-p78-33345548;telegram-linked-precedent-e50d1fc5895dfa8d935d950e,same_case_reference_distinct_or_unconfirmed_text,manual_review
telegram-linked-precedent-514a0ca08015d868230ba31c,653,12.pdf,3394242,f29df68703e223132067c4be974f97c5c36048f5a5b5241c011fd87ab2aada73,collector-1434-v12-p88-33353081;moj-1434-v12-p88-33353081,same_case_reference_distinct_or_unconfirmed_text,manual_review
telegram-linked-precedent-bd6b6d2871507e137044025a,654,12.pdf,3394242,0a7ec44e019c745a0c11250ef71318a03d2a9a4c192282927bac336cb3ee18a6,collector-1434-v12-p88-33353081;moj-1434-v12-p88-33353081;telegram-linked-precedent-514a0ca08015d868230ba31c,same_case_reference_distinct_or_unconfirmed_text,manual_review
telegram-linked-precedent-f4068b869873e0e0e4140044,655,12.pdf,3394242,02e631e28513dfcf7cb248d9f46f52cabbf0012dc198bcc2161fe34fb3e14d8f,collector-1434-v12-p88-33353081;moj-1434-v12-p88-33353081;telegram-linked-precedent-514a0ca08015d868230ba31c;telegram-linked-precedent-bd6b6d2871507e137044025a,same_case_reference_distinct_or_unconfirmed_text,manual_review
telegram-linked-precedent-27f795a573ede9c08d2073a3,656,12.pdf,3394242,7cc93e86a8b8ab1e62e5725cd5f6bfabfed6b072867270d2685ad96beb6698a5,collector-1434-v12-p88-33353081;moj-1434-v12-p88-33353081;telegram-linked-precedent-514a0ca08015d868230ba31c;telegram-linked-precedent-bd6b6d2871507e137044025a;telegram-linked-precedent-f4068b869873e0e0e4140044,same_case_reference_distinct_or_unconfirmed_text,manual_review
telegram-linked-precedent-1ac2551a4e477e4676cfc808,658,12.pdf,3257493,aed7ae35902a19ed9663ce36e01ebdaafaa87f69ef7228bea5231c8376f4ad3e,collector-1434-v12-p107-33395847;moj-1434-v12-p107-33395847,same_case_reference_distinct_or_unconfirmed_text,manual_review
telegram-linked-precedent-1b407618abe42783f0352b97,659,12.pdf,33398477,ba9001ac6fe47025cfb5d21cfef048891266c868ea1eff2b8ef32354e85f40a0,collector-1434-v12-p118-33469973;moj-1434-v12-p118-33469973,same_case_reference_distinct_or_unconfirmed_text,manual_review
telegram-linked-precedent-2bfdcc6ea296a98070b5b21a,660,12.pdf,32229340,406f946e1acb70e765caeff9da3c6534227826873ac7cbf4599f723c2910fde8,collector-1434-v12-p123-33407511;moj-1434-v12-p123-33407511,same_case_reference_distinct_or_unconfirmed_text,manual_review
telegram-linked-precedent-42a28711b15f3888231983e1,666,12.pdf,32225389,1972b2a164f3da8015e10941ccf0692470183edbd494650767e3d88dd24f816f,collector-1434-v12-p170-33473430;moj-1434-v12-p170-33473430,same_case_reference_distinct_or_unconfirmed_text,manual_review
telegram-linked-precedent-2b886bd39d9d3a6edc74c0c0,669,12.pdf,33511620,58a7b361c3d03cb64b9e562f1e18dd8bc7e2d65917b4e40232e0dba568e7df4b,collector-1434-v12-p186-34207900;moj-1434-v12-p186-34207900,same_case_reference_distinct_or_unconfirmed_text,manual_review
telegram-linked-precedent-9886d4436ac02511f086e913,670,12.pdf,1433/08,97af02a2f66b7c232acfff6e2686b03c836e61cc18b78e0ae07c8aaf728f2dd2,telegram-linked-precedent-23700d77ce6d6ce9285a73a0;telegram-linked-precedent-ee8525b58c7c89039e0b8c2e;telegram-linked-precedent-f479e683e9d536db6673996e,same_case_reference_distinct_or_unconfirmed_text,manual_review
telegram-linked-precedent-d9acb32a498b6b0ee96e103d,672,12.pdf,33634070,cb28297a366db89dc1949a275d2be1932b79039e9871a0d3185af4637d6a9019,collector-1434-v12-p197-34167121;moj-1434-v12-p197-34167121,same_case_reference_distinct_or_unconfirmed_text,manual_review
telegram-linked-precedent-1e9de14afa8d98fde2f163da,673,12.pdf,33645173,fbdec8a3690ea6275c7f7b62a27de53d502496f1ac3e119bf1a316566fffe1a8,collector-1434-v12-p204-34172149;moj-1434-v12-p204-34172149,same_case_reference_distinct_or_unconfirmed_text,manual_review
telegram-linked-precedent-819b3f597c841a168313c2c8,676,12.pdf,33698622,d5f31644285875179678d0f8903719e2b77ea212c11f7f04333dcf1c844c3422,collector-1434-v12-p224-34183664;moj-1434-v12-p224-34183664,same_case_reference_distinct_or_unconfirmed_text,manual_review
telegram-linked-precedent-56f9eacedb99c5e732140bd6,683,12.pdf,33712469,8c4d2238976499943eb714c3f2a9d07d8d0e6e9dce91d3109451067bfd30a926,telegram-linked-precedent-4c22da4b6295f50eaea564c4,same_case_reference_distinct_or_unconfirmed_text,manual_review
telegram-linked-precedent-e9724c5ca3b92034705eb2f2,684,12.pdf,33712469,1eda398c76f402cfa882d80b1b486d8b74660f445f389ba45b293cffc1c27b1a,telegram-linked-precedent-4c22da4b6295f50eaea564c4;telegram-linked-precedent-56f9eacedb99c5e732140bd6,same_case_reference_distinct_or_unconfirmed_text,manual_review
telegram-linked-precedent-a1064a0ca1b914fd3d8e396e,689,12.pdf,33131659,20e242586b8342e3fa994e829935d363387b9e1bd684f480b3bfd30673128409,telegram-linked-precedent-2a0606071d21b27ad4ebf3be,same_case_reference_distinct_or_unconfirmed_text,manual_review
telegram-linked-precedent-2ff7e3a137e0bac5a4d72e54,691,12.pdf,3415320,f580eba319dda3528d2e108bd012be63af11ad5c0518a7824127541b261643f7,collector-1434-v12-p287-34243280;moj-1434-v12-p287-34243280,same_case_reference_distinct_or_unconfirmed_text,manual_review
telegram-linked-precedent-5c86ae3d7a0a9e0ac4ed006f,694,12.pdf,32151993,00a95f0cdeba34692fb80de1b316f5a134497b7b9da999f395590e27e8f898f8,collector-1434-v12-p299-34268722;moj-1434-v12-p299-34268722,same_case_reference_distinct_or_unconfirmed_text,manual_review
telegram-linked-precedent-4c8a59d8d4c7c64f5fd59300,698,12.pdf,34100652,8bb45b61e1a15bd851e9481e9c0774e0b7dd4643c8d7dcfae3729e31a73cd759,collector-1434-v12-p353-34167752;moj-1434-v12-p353-34167752,same_case_reference_distinct_or_unconfirmed_text,manual_review
telegram-linked-precedent-657ae73d403420b76635606b,700,12.pdf,3427193,41f726b08df67fed8a9d489341fb85d650d4b09c6015c01da891961f37eb61fd,collector-1434-v12-p362-34304332;moj-1434-v12-p362-34304332,same_case_reference_distinct_or_unconfirmed_text,manual_review
telegram-linked-precedent-3544c54d8d883c9d9f8a7c03,702,27.pdf,4579,996d7ac17646b2f9270800fbc48adb8995fa6f8a8853a9626f867c97c5a38872,collector-1434-v27-p5-34312068;moj-1434-v27-p5-34312068,same_case_reference_distinct_or_unconfirmed_text,manual_review
telegram-linked-precedent-cff20c9118ad21661581a2b6,703,27.pdf,3455426,abe9a742dc9df368851c047b0ac3461284917bac302d88609f24212980d357b8,collector-1434-v27-p10-34227186;moj-1434-v27-p10-34227186,same_case_reference_distinct_or_unconfirmed_text,manual_review
telegram-linked-precedent-b9e4aafcf40b0217d80e0945,706,27.pdf,33948886,b7a56b0e07bbc356e03218cf3720861ee396cfca692e56fea90b950541bc6182,telegram-linked-precedent-1566da0741a76143395eff9a,same_case_reference_distinct_or_unconfirmed_text,manual_review
telegram-linked-precedent-23bc3b95c0a1a783bb10dc75,707,27.pdf,1433/04,b66c678a6715d9a8130202c3ad3d98d7bea0069487e59f69a4d58ac446afe024,telegram-linked-precedent-03474889577b744e8a121ff0;telegram-linked-precedent-0f89e22ad3d38c22d5c2d6ef;telegram-linked-precedent-17b22f21ac56c3f5d32ba591;telegram-linked-precedent-727ede1e6a8f02fc5283c87d;telegram-linked-precedent-76e0946ac700106d9e47cd81;telegram-linked-precedent-872c3ef867a87da6add7bb09;telegram-linked-precedent-9109d2f859ca133f0415cb2e;telegram-linked-precedent-9b0d1aeea6353639373d218e;telegram-linked-precedent-b562cd4750440c287aac64f9;telegram-linked-precedent-fc8f5302aaf89be013e2f025,same_case_reference_distinct_or_unconfirmed_text,manual_review
telegram-linked-precedent-89f7a157a6162fe4144afd4f,709,27.pdf,15832,1a5976694ee3c100ed53559f47c8fddc15ef8a02afbaf4bd7921aa7f97435f09,telegram-linked-precedent-52d35e9b409a252b6db174af,same_case_reference_distinct_or_unconfirmed_text,manual_review
telegram-linked-precedent-c06b8aadb4c9ecd4e0435734,711,27.pdf,34334605,bc9f6b00f716bef93026ac6e5c4fdfeaf8d1225375e72b0f0d71a09e75dc5689,collector-1434-v27-p66-34279674;moj-1434-v27-p66-34279674,same_case_reference_distinct_or_unconfirmed_text,manual_review
telegram-linked-precedent-1bc7f4aee83ead582e6704e6,712,27.pdf,33642111,5f75c5031b4443d1048c6b185b9432489b77bdb195252ad19fd8da572758d05f,collector-1434-v27-p77-3411693;moj-1434-v27-p77-3411693,same_case_reference_distinct_or_unconfirmed_text,manual_review
telegram-linked-precedent-f152d86487c299eaaa942caf,713,27.pdf,34168877,d74cf67866d397c10c161f373a2b72a490bc4f852798d94aedebc9513f926b7c,collector-1434-v27-p90-34234470;moj-1434-v27-p90-34234470,same_case_reference_distinct_or_unconfirmed_text,manual_review
telegram-linked-precedent-d59fb642ae2580d3c52da36f,714,27.pdf,3483544,b956a48a9c01bd3e2b4d051b11ae12c1a97920adba4a645e136edaaf038612c0,collector-1434-v27-p126-3455295;moj-1434-v27-p126-3455295,same_case_reference_distinct_or_unconfirmed_text,manual_review
telegram-linked-precedent-34f4774e7fae7d803f0828f4,716,27.pdf,33612676,c947b9a82ca970ac7682aefa6b4ff3fadf23fde46071f19a5d6935fcf050493e,collector-1434-v27-p211-3423681;moj-1434-v27-p211-3423681,same_case_reference_distinct_or_unconfirmed_text,manual_review
telegram-linked-precedent-ce2b21db390c0305c7254af6,718,27.pdf,34100345,ef81b552f4fafa5790a62a19ee0ee0500bf1c614bc9f6f8e9c4cd8432d253553,collector-1434-v27-p239-34176771;moj-1434-v27-p239-34176771,same_case_reference_distinct_or_unconfirmed_text,manual_review
telegram-linked-precedent-26807ac7527c7fde2a786e6c,720,27.pdf,34197926,e17fc4dcb09509b232dcc05c358ba2219b4489c2d8e4980a792399a1d52e3fbc,collector-1434-v27-p261-34206620;moj-1434-v27-p261-34206620,same_case_reference_distinct_or_unconfirmed_text,manual_review
telegram-linked-precedent-7f2a792998b7644f5d70bca7,722,27.pdf,33189347,c57da5b1e819a4069968e31d10ac284f6da555e3ba46f2520f47e4aa228652cf,collector-1434-v27-p285-33330091;moj-1434-v27-p285-33330091,same_case_reference_distinct_or_unconfirmed_text,manual_review
telegram-linked-precedent-70c773a63f549b36b4300c44,723,27.pdf,33463853,34d4f1d1ed9e2b26256e8283536952b8c3d43f8e29dd849225ae9593f7c3f0e3,collector-1434-v27-p299-33473671;moj-1434-v27-p299-33473671,same_case_reference_distinct_or_unconfirmed_text,manual_review
telegram-linked-precedent-a0c8c182b1bb2d79347d05a6,724,27.pdf,33661865,44dc9f71ab69decdafba0dec766f3b2f47a88dc55fbfdc43c1bb9a0f49a2f9ce,collector-1434-v27-p303-3454811;moj-1434-v27-p303-3454811,same_case_reference_distinct_or_unconfirmed_text,manual_review
telegram-linked-precedent-5b355fcbd520fc20312f8221,725,27.pdf,33661865,cc1d8131b723b2e035a8c97a94e701208e02e1fced19de7a0d7140644c4219bb,collector-1434-v27-p303-3454811;moj-1434-v27-p303-3454811;telegram-linked-precedent-a0c8c182b1bb2d79347d05a6,same_case_reference_distinct_or_unconfirmed_text,manual_review
telegram-linked-precedent-e7669dde377d72a7e517a38f,754,28.pdf,3458674,026a456272687d9d0a86a63288ca31e217a792f13c52c8ac8d12bd5ad3a3300f,collector-1434-v28-p5-34182567;moj-1434-v28-p5-34182567,same_case_reference_distinct_or_unconfirmed_text,manual_review
telegram-linked-precedent-cc0012e746a29edd38022c78,755,28.pdf,33251142,7a55bfba0bde07c58bffd45f1c02552c2850b0be31feccb636c1f4c165e0ee25,collector-1434-v28-p15-33476217;moj-1434-v28-p15-33476217,same_case_reference_distinct_or_unconfirmed_text,manual_review
telegram-linked-precedent-ac05a07218e867a9d599668f,758,28.pdf,51152,81640a57fc3d1e79a49bccdeafb69037db61e0566786930d48186a818602b865,collector-1434-v28-p31-3417867;moj-1434-v28-p31-3417867,same_case_reference_distinct_or_unconfirmed_text,manual_review
telegram-linked-precedent-7c8f3d8e5abaa09943d5f51d,760,28.pdf,32484539,21e7383d57743ffab2ea30d0ea743fb9290387ed705222ad27e3e9f08d6a1abd,collector-1434-v28-p39-347226;moj-1434-v28-p39-347226,same_case_reference_distinct_or_unconfirmed_text,manual_review
telegram-linked-precedent-fc1abdaa557b4ef2b72ab758,761,28.pdf,33655933,0f46d0b37adef3ca007f564be9c32815f7dc7593f3e652c18384ab1d67ea2118,collector-1434-v28-p46-3410054;moj-1434-v28-p46-3410054,same_case_reference_distinct_or_unconfirmed_text,manual_review
telegram-linked-precedent-20e5cd02d83630beeef9a849,774,28.pdf,32538467,9d2809b73709115d116885ef33a59f78da347cf3288b5bbf4000047eb25e63de,collector-1434-v28-p130-33122571;moj-1434-v28-p130-33122571,same_case_reference_distinct_or_unconfirmed_text,manual_review
telegram-linked-precedent-363f925416c9eaf623fc535e,776,28.pdf,1433/03,a87ec34d3a10eccbe6c10c14509bea9f321d0e12220af8ab824b04f1f8e04fee,telegram-linked-precedent-94b900fe1c1fbcf448cc7e24,same_case_reference_distinct_or_unconfirmed_text,manual_review
telegram-linked-precedent-94ef41e174b0886269516c0f,778,28.pdf,39,072e45de47c768f60e65564e48d26a5970cfd42487bcffca25ec849584048f84,telegram-linked-precedent-26c0a4056161f07d99c80556;telegram-linked-precedent-5de1a19246be2354b7bf8a54;telegram-linked-precedent-ba43deb188c545ec136da4ac;telegram-linked-precedent-e5a95da5a985f0084c797dd5;telegram-linked-precedent-ff0b50d042cfde7c53a6d862,same_case_reference_distinct_or_unconfirmed_text,manual_review
telegram-linked-precedent-0734ca6494cfc50424c83481,779,28.pdf,33335945,12a8002697f4ad63615d24ba472f7d572e5160f01aeac32b6e0f60d6483be5e7,collector-1434-v28-p173-34175102;moj-1434-v28-p173-34175102,same_case_reference_distinct_or_unconfirmed_text,manual_review
telegram-linked-precedent-3e683a060903e45af2ee21ff,783,28.pdf,33706116,c0a05ad8adfcc46fa6546f98185b47271be59096bd0856bddd35877957daf7dc,collector-1434-v28-p201-33706116;moj-1434-v28-p201-34197658,same_case_reference_distinct_or_unconfirmed_text,manual_review
telegram-linked-precedent-18f5a7863dacc4550d8bb102,786,28.pdf,34177806,9a3d0362e2b0c1d2bd6cb13f29b97b31e0c15f0fc10720cb401f1efa2a60acf5,collector-1434-v28-p221-34352250;moj-1434-v28-p221-34352250,same_case_reference_distinct_or_unconfirmed_text,manual_review
telegram-linked-precedent-8d6cac326cd115ca6d0d95d9,790,28.pdf,33321735,6dbfd6e0465ad51464076053ab445e05b29f18ec9781f63aa3bf0feab3daab30,collector-1434-v28-p271-33466146;moj-1434-v28-p271-33466146,same_case_reference_distinct_or_unconfirmed_text,manual_review
telegram-linked-precedent-12756ea8202150fe399c5ba1,792,28.pdf,34496030,d6a733e9204166d4b56e4006043b9eb72af30ab93d0a994c6401e21537568e3f,428e62e9-01fc-5be0-88c1-54332f3255ce;collector-1434-v28-p275-34496030;collector-1435-v13-p395-34496030;moj-1434-v28-p275-34496030;text-4796b214213cf21b383f,same_case_reference_distinct_or_unconfirmed_text,manual_review
telegram-linked-precedent-a2074abcc6c7a439839d9e6e,794,28.pdf,34264825,037e4928b1fedfb8594c38c3b3b6acc3731da03195ca88629fe32523ae5e70bc,collector-1434-v28-p299-34303379;moj-1434-v28-p299-34303379,same_case_reference_distinct_or_unconfirmed_text,manual_review
telegram-linked-precedent-9087d5b3ccadeb5c46bcfb84,850,14.pdf,3453148,ebad4df5f82fa3050ebc5aecaae0ff26c845bccd9c242d270d4a8e50f42c21cf,collector-1434-v14-p98-3427561;moj-1434-v14-p98-3427561,same_case_reference_distinct_or_unconfirmed_text,manual_review
telegram-linked-precedent-58db87be60580046027d1b4a,852,14.pdf,1434/02,a9e13944bb48a9c5a7a17fe03224911f37522300ab122ea493e7ff469e54132c,telegram-linked-precedent-48fe7e70422e09be791bcc05;telegram-linked-precedent-4faffea02e9fa9ff46e1bc62;telegram-linked-precedent-cf7516f6441d33eab88fc677,same_case_reference_distinct_or_unconfirmed_text,manual_review
telegram-linked-precedent-476b21dd7756b59bcbf08670,853,14.pdf,1433,4cdb689ab7506cff384d179dba89097e7d8f6be940d8c70e862d941c1edc66f4,telegram-linked-precedent-1da44c6dd78b99cfbf7f1c9d,same_case_reference_distinct_or_unconfirmed_text,manual_review
telegram-linked-precedent-d6c912a3e74290ce8da2eee1,859,14.pdf,3494397,a267407328c70dbe40ace6d0b6ff2b927f9c31c247c0f871a1b35ecea8027ade,collector-1434-v14-p167-34248330;moj-1434-v14-p167-34248330,same_case_reference_distinct_or_unconfirmed_text,manual_review
telegram-linked-precedent-8a534fbf01df801b729fc842,860,14.pdf,33407255,54f2f0151e86504caaec0286a1779b51ad76e5cc0dd4f88ba8c1fccf99c4e5fc,collector-1434-v14-p181-33380550;moj-1434-v14-p181-33380550;recovered-moj-1434-v14-p181-33380550,same_case_reference_distinct_or_unconfirmed_text,manual_review
telegram-linked-precedent-d169198156113fdef2dde351,864,14.pdf,33620566,ad876a01a0b85c09882063930d5b9399736e24412e3b3f5e24d1981bb6349e04,collector-1434-v14-p228-33446401;moj-1434-v14-p228-33446401,same_case_reference_distinct_or_unconfirmed_text,manual_review
telegram-linked-precedent-feff5570f0cbfcff5881a963,868,14.pdf,33652352,1d38867f7f3d7a4a2280f5e81bcccc04fb1933e706cfa5beaf57d2a0b93c1afd,collector-1434-v14-p248-33466642;moj-1434-v14-p248-33466642,same_case_reference_distinct_or_unconfirmed_text,manual_review
telegram-linked-precedent-efdadcd6e26f7ccf3d8aca37,869,14.pdf,34120578,4556f392371d7a06e4bfa926ce24de008730fdad414e96e048c303107436ca79,collector-1434-v14-p254-34263569;moj-1434-v14-p254-34263569,same_case_reference_distinct_or_unconfirmed_text,manual_review
telegram-linked-precedent-b5a76005c8a44d90ce34c806,870,14.pdf,34197867,8033217986285042545ebb5ed7c10d27ece3808a5577f191d2a588acea134a85,collector-1434-v14-p260-34288327;moj-1434-v14-p260-34288327,same_case_reference_distinct_or_unconfirmed_text,manual_review
telegram-linked-precedent-5e0dc69d8ebf8453cace088e,871,14.pdf,1434/01,3fc45cbc59ae2a8eed51671e77f353e0507ae41054c600cb19046037bda7d2fb,telegram-linked-precedent-8c420c1c70a031c440b776ab;telegram-linked-precedent-9b77ca870c7c558b276da36c;telegram-linked-precedent-9c0862e9e1bd22b6dbbff76a;telegram-linked-precedent-a55d2c2aea22dd6bcc438d99,same_case_reference_distinct_or_unconfirmed_text,manual_review
telegram-linked-precedent-83c9a9eed0031a119e12a76b,879,14.pdf,33306253,557e817f7d63cfa6cf9ebe36f08ed338b7ddcbdea30ac2efa65d802b82c7d30b,collector-1434-v14-p315-33299196;moj-1434-v14-p315-33299196,same_case_reference_distinct_or_unconfirmed_text,manual_review
telegram-linked-precedent-4f8593728913bc2be469376d,880,14.pdf,33464877,ff9a9cc933a4b041c0e493cc1bc65d36e72335dce462a1e0f9f39f7737fcbc90,collector-1434-v14-p330-33356003;moj-1434-v14-p330-33356003,same_case_reference_distinct_or_unconfirmed_text,manual_review
telegram-linked-precedent-c30bd0cd107f6a933063543a,881,14.pdf,1434/04,6b407584e25141ad276c209f7ae84f1ab89bd2e3fe425ed22e207a93c9d36b9a,telegram-linked-precedent-62fd7355e595930770e60b45;telegram-linked-precedent-77b61927a5c0b5330625fd9e;telegram-linked-precedent-8fe1c3cdba80c98a54f6a255;telegram-linked-precedent-95f3eb7b0cfbc4e55acf9ad6,same_case_reference_distinct_or_unconfirmed_text,manual_review
telegram-linked-precedent-09ac4670afd7db270ae0b271,883,14.pdf,1434/05,2db597e91e8b8f2e9619c46c7bc9c90457129e67784fcc9c34d5b944452cc4ab,telegram-linked-precedent-707f5395e911e7c1c75fbd6b;telegram-linked-precedent-999c64e78967275876d082a2,same_case_reference_distinct_or_unconfirmed_text,manual_review
telegram-linked-precedent-00dca8f89d459fafe34f8099,884,14.pdf,1434/05,15b9bb371071262d293fcc20f12a0cb6c1817736f230da3a9fa013e0ca6d5f24,telegram-linked-precedent-09ac4670afd7db270ae0b271;telegram-linked-precedent-707f5395e911e7c1c75fbd6b;telegram-linked-precedent-999c64e78967275876d082a2,same_case_reference_distinct_or_unconfirmed_text,manual_review
telegram-linked-precedent-043b6c6c17c73bd8fc9c3b40,888,16.pdf,34332,4c3a41936fe221169e8dcd156d4ec6093711f5d47bbab9b72eb294de6ef6f4e9,collector-1434-v16-p19-34204097;moj-1434-v16-p19-34204097,same_case_reference_distinct_or_unconfirmed_text,manual_review
telegram-linked-precedent-8e9938087708b2bdbdaa0911,890,16.pdf,3422842,5983df42b5f8238ed7de40b858094121f517e18100abcce8985682f60a3d6530,collector-1434-v16-p44-34190599;moj-1434-v16-p44-34190599,same_case_reference_distinct_or_unconfirmed_text,manual_review
telegram-linked-precedent-df3f4fe1b44a34783131ae1d,893,16.pdf,33463588,7f0f480a060bf9d32dcd982a6bf8e1acc25946b36ee16ee08e7738fb5999c886,collector-1434-v16-p79-34254416;moj-1434-v16-p79-34254416,same_case_reference_distinct_or_unconfirmed_text,manual_review
telegram-linked-precedent-3e34141ad34359e81053ccff,894,16.pdf,33489427,013f0f9918d59c193fd12a64b9f745c1204a92a30b3eb8247a24a0ee12f12f27,collector-1434-v16-p83-33471037;moj-1434-v16-p83-33471037,same_case_reference_distinct_or_unconfirmed_text,manual_review
telegram-linked-precedent-9fec192b631ca391ee713860,896,16.pdf,33648023,bf7355e71ed572919d20757e0bbe4826ea27b592c6d8de7c03c5ac2cae708c37,collector-1434-v16-p136-34318006;moj-1434-v16-p136-34318006,same_case_reference_distinct_or_unconfirmed_text,manual_review
telegram-linked-precedent-fc80244ebc3c026379d19264,897,16.pdf,1433/11,a9546abd1923b4a21382b5f721845c3ad829c4f3beca059c8c466b26d2620974,telegram-linked-precedent-82c283d6a8c0fcd1f1824f58,same_case_reference_distinct_or_unconfirmed_text,manual_review
telegram-linked-precedent-ff8f8589630d96a2666f051c,898,16.pdf,33673241,30bdd1b017461fd9fb7abcf35df10b32524b919499d47ed2ebe1c608427b4c54,collector-1434-v16-p151-33468786;moj-1434-v16-p151-33468786,same_case_reference_distinct_or_unconfirmed_text,manual_review
telegram-linked-precedent-aa4f4175b9cfd21b7ea6e4af,900,16.pdf,34107889,7841c1767040ea543a0ff020a381c73a55e0762235094074064a050b77216da4,collector-1434-v16-p161-3458980;moj-1434-v16-p161-3458980,same_case_reference_distinct_or_unconfirmed_text,manual_review
telegram-linked-precedent-cbbd465d5ab33d9a92dd2ef2,901,16.pdf,34121171,a46accb0ed660e8ae18e43022f57e95e2227d02216b2b8c123ffb68711052a6f,collector-1434-v16-p167-3462422;moj-1434-v16-p167-3462422,same_case_reference_distinct_or_unconfirmed_text,manual_review
telegram-linked-precedent-f8b7a6f4dd5308af4e0e565b,906,16.pdf,34210385,aefb8aacea39f74ea605236b2d589ecc3b8015b0fcda23593b704b5ae0a4c75f,collector-1434-v16-p202-34210183;moj-1434-v16-p202-34210183,same_case_reference_distinct_or_unconfirmed_text,manual_review
telegram-linked-precedent-74e8d3bddbfc1e90b6d96f9b,907,16.pdf,34214997,b54fac6d10ed191a01aab3808c03830923b996390496c7840e7a1f92bb1b694f,collector-1434-v16-p208-34211876;moj-1434-v16-p208-34211876,same_case_reference_distinct_or_unconfirmed_text,manual_review
telegram-linked-precedent-391d26b68a2d5fcd2fa92851,908,16.pdf,39,f7457a86b62a6c40d96613f2d04edd2db4f00ee6940d6c14f1ad1c21749370e7,telegram-linked-precedent-26c0a4056161f07d99c80556;telegram-linked-precedent-5de1a19246be2354b7bf8a54;telegram-linked-precedent-94ef41e174b0886269516c0f;telegram-linked-precedent-ba43deb188c545ec136da4ac;telegram-linked-precedent-e5a95da5a985f0084c797dd5;telegram-linked-precedent-ff0b50d042cfde7c53a6d862,same_case_reference_distinct_or_unconfirmed_text,manual_review
telegram-linked-precedent-bf7f932c1ae22123cb6bf4d3,910,16.pdf,34245333,973ef8a0713be2c7b41f23694dc00ba9980bdaeec5faed33c9426560832792b5,collector-1434-v16-p229-34233436;moj-1434-v16-p229-34233436,same_case_reference_distinct_or_unconfirmed_text,manual_review
telegram-linked-precedent-6b20759b6c0d2881976ba5ee,911,16.pdf,34281909,db5d2e63b769af6a42385e023e5c0182a82b53702670531fa06aee1224165c74,collector-1434-v16-p236-34253033;moj-1434-v16-p236-34253033,same_case_reference_distinct_or_unconfirmed_text,manual_review
telegram-linked-precedent-c423142f5b3cdc80277cceef,912,16.pdf,34292127,45d65460e1c2e2178b98d3635788cc486e1d6f9762b5efbd771b79ecba90339e,collector-1434-v16-p245-34263206;moj-1434-v16-p245-34263206,same_case_reference_distinct_or_unconfirmed_text,manual_review
telegram-linked-precedent-8e98924ee4af98a0b5fbd54d,913,16.pdf,34301926,1980fabe0345406bea13dd6738b384ee3227b672e13bc9e36dc3930473a76804,collector-1434-v16-p250-34326173;moj-1434-v16-p250-34326173,same_case_reference_distinct_or_unconfirmed_text,manual_review
telegram-linked-precedent-edaf12c1213698af20a8d57c,914,16.pdf,34308172,935cc7a813923f83f51a7798be91aea01a86c2ccbd8f48b0072941d09ba7e493,collector-1434-v16-p263-34263461;moj-1434-v16-p263-34263461,same_case_reference_distinct_or_unconfirmed_text,manual_review
telegram-linked-precedent-0f5c186794a8b2ed3c655267,918,16.pdf,34439386,64ee43ac7bc0707047f35a223d1a517d6beaf87c87e41e9d19d5fe3900ac79f8,collector-1434-v16-p290-34332196;moj-1434-v16-p290-34332196,same_case_reference_distinct_or_unconfirmed_text,manual_review
telegram-linked-precedent-68de0604e7526d3df74cce85,919,16.pdf,3444662,55fec8ddaae68657d300255a43c1878698e67ab7e5c040f414bb085424136a17,collector-1434-v16-p299-3443649;moj-1434-v16-p299-3443649,same_case_reference_distinct_or_unconfirmed_text,manual_review
telegram-linked-precedent-6e186f1f16670a2e307b048d,920,16.pdf,33593735,37b6578aff8de9daeac31bed8f94e9cf90476a156b560baf7ac2d6ef94217754,collector-1434-v16-p307-34202301;moj-1434-v16-p307-34202301,same_case_reference_distinct_or_unconfirmed_text,manual_review
telegram-linked-precedent-34e0f00134b26071e34592a6,924,16.pdf,34319070,0bcbf42c4875f73f8d573156137165d08b2af406f743243c7db0279e639bb9bb,collector-1434-v16-p332-34266037;moj-1434-v16-p332-34266037,same_case_reference_distinct_or_unconfirmed_text,manual_review
telegram-linked-precedent-95c4e5f552544542f67b9e55,925,16.pdf,3418008,df0ce204e3712dbd18d476a4b68ed3e8647e66a0d908e740fc6809acb2e4994f,collector-1434-v16-p341-3435983;moj-1434-v16-p341-3435983;recovered-moj-1434-v16-p341-3435983,same_case_reference_distinct_or_unconfirmed_text,manual_review
telegram-linked-precedent-196d71ae1f741024f18560e4,929,16.pdf,1434,595b8c23009ff435543632fb5a808acf8be285eb78f4378ec4d6f53bb3cc1a46,telegram-linked-precedent-330977bfb042d9303c7cdbb6;telegram-linked-precedent-424b5662d221cec5cc237d42;telegram-linked-precedent-6667893f75c82e87e46ba67e,same_case_reference_distinct_or_unconfirmed_text,manual_review
telegram-linked-precedent-823d637406ee8d5efc41c38f,930,16.pdf,1434/03,6d8e846c63c1dade2cdee03bacc0f3b6af1c3710b65eb1af641cce2922f9a3ae,telegram-linked-precedent-388a15da51e6686ec01025b7;telegram-linked-precedent-967fff26193cc600d38dfb9a,same_case_reference_distinct_or_unconfirmed_text,manual_review
telegram-linked-precedent-06136795698270a405b95117,933,16.pdf,3448064,0d3f6b8807d05cdaf138108d85762d11fbb3c8de79a59ebf028482a2834acc19,collector-1434-v16-p393-3432016;moj-1434-v16-p393-3432016,same_case_reference_distinct_or_unconfirmed_text,manual_review
telegram-linked-precedent-08099d4ec6b865b995509457,936,25.pdf,1434/05,6e8e82cfe5c2fb265e6300115f40bbeccd3c8aaa6a2af8c35b128c4be9a00ff6,telegram-linked-precedent-00dca8f89d459fafe34f8099;telegram-linked-precedent-09ac4670afd7db270ae0b271;telegram-linked-precedent-707f5395e911e7c1c75fbd6b;telegram-linked-precedent-999c64e78967275876d082a2,same_case_reference_distinct_or_unconfirmed_text,manual_review
telegram-linked-precedent-ec1c65d491556401a64c28c6,938,25.pdf,1434/05,10ce85ce523ea65d0a040fbbecbf7cbf20e245efb938827e95a9006d5fc40f0b,telegram-linked-precedent-00dca8f89d459fafe34f8099;telegram-linked-precedent-08099d4ec6b865b995509457;telegram-linked-precedent-09ac4670afd7db270ae0b271;telegram-linked-precedent-707f5395e911e7c1c75fbd6b;telegram-linked-precedent-999c64e78967275876d082a2,same_case_reference_distinct_or_unconfirmed_text,manual_review
telegram-linked-precedent-279568cc3d0d81641ebdad3e,942,25.pdf,33516801,8959b083829b026ca3890a80e58b19b43b52a1464a3a09d3cc11bda44cd2aca0,collector-1434-v25-p133-3440354;moj-1434-v25-p133-3440354,same_case_reference_distinct_or_unconfirmed_text,manual_review
telegram-linked-precedent-1c10d1b459557d2fc50eb21f,944,25.pdf,1434/02,0a3897c7a4795de7c068f85bcfd27d3883482bede7d7c2b17e1e9359ac71d4f7,telegram-linked-precedent-48fe7e70422e09be791bcc05;telegram-linked-precedent-4faffea02e9fa9ff46e1bc62;telegram-linked-precedent-58db87be60580046027d1b4a;telegram-linked-precedent-cf7516f6441d33eab88fc677,same_case_reference_distinct_or_unconfirmed_text,manual_review
telegram-linked-precedent-31e94c06626bed16ebc1ade7,946,25.pdf,33367340,4c0a61f51c9576c582a7d3517726cc04892e6ea3ed3551fe723b8d9f828936ad,collector-1434-v25-p331-33323065;nafa-1104-26-33367340;text-39879640ac2dbbbc29df,same_case_reference_distinct_or_unconfirmed_text,manual_review
telegram-linked-precedent-0babdfcd3c1882a71cd1b701,948,15.pdf,1434/02,3acff4d7ae52cfa61987c304b5049cba3be0bbdbc94147fd320c9174ac0ba17f,telegram-linked-precedent-1c10d1b459557d2fc50eb21f;telegram-linked-precedent-48fe7e70422e09be791bcc05;telegram-linked-precedent-4faffea02e9fa9ff46e1bc62;telegram-linked-precedent-58db87be60580046027d1b4a;telegram-linked-precedent-cf7516f6441d33eab88fc677,same_case_reference_distinct_or_unconfirmed_text,manual_review
telegram-linked-precedent-01aec346b0af46730b8b137b,949,15.pdf,3499517,e9d947b053926ed7eabf60a749ce07a84c9927efc39ca51215c94b827af22616,collector-1434-v15-p5-3452447;moj-1434-v15-p5-3452447,same_case_reference_distinct_or_unconfirmed_text,manual_review
telegram-linked-precedent-f567f71a077db5f032055992,950,15.pdf,33567132,6134304e387f81fbb5325cf12929e22feee6ff4035a2caf304750b3be9ebd3b2,collector-1434-v15-p9-34186223;moj-1434-v15-p9-34186223,same_case_reference_distinct_or_unconfirmed_text,manual_review
telegram-linked-precedent-453c0fe8dc95b1a9daef345a,953,15.pdf,33598493,6660899bf7d459c6b7f138d67a4dd276883484784ced629eaeb9c65189231dc3,collector-1434-v15-p66-33465824;moj-1434-v15-p66-33465824,same_case_reference_distinct_or_unconfirmed_text,manual_review
telegram-linked-precedent-0693520fad64663dea1f9861,955,15.pdf,1433/07,62da291aad5029ce9ce53692f5cc426c367c42a980ffda3cccbb3b74324a5ee9,telegram-linked-precedent-09cad098006bf8591d2cfbc6,same_case_reference_distinct_or_unconfirmed_text,manual_review
telegram-linked-precedent-28c951859f5b1da975d5457b,962,15.pdf,34136208,bfb1129ebb40ca21eabbd91a0b132a9366766e0178f2500ecfbcf621c378cd3b,collector-1434-v15-p122-34330734;moj-1434-v15-p122-34330734,same_case_reference_distinct_or_unconfirmed_text,manual_review
telegram-linked-precedent-e67ef0c7fd13b89a2f9d0f6c,965,15.pdf,1434/04,152d94574551e8bbcb55f9557142ab8569b7fce72eeeab3dab74fb1bf060d0bb,telegram-linked-precedent-62fd7355e595930770e60b45;telegram-linked-precedent-77b61927a5c0b5330625fd9e;telegram-linked-precedent-8fe1c3cdba80c98a54f6a255;telegram-linked-precedent-95f3eb7b0cfbc4e55acf9ad6;telegram-linked-precedent-c30bd0cd107f6a933063543a,same_case_reference_distinct_or_unconfirmed_text,manual_review
telegram-linked-precedent-b2d1d5dc13bab8b0813e0f56,970,15.pdf,1434/04,1bd9b0ff8cd1bd287211f04e5021c1dff49783c08655d81a6356a6c4f924c3a8,telegram-linked-precedent-62fd7355e595930770e60b45;telegram-linked-precedent-77b61927a5c0b5330625fd9e;telegram-linked-precedent-8fe1c3cdba80c98a54f6a255;telegram-linked-precedent-95f3eb7b0cfbc4e55acf9ad6;telegram-linked-precedent-c30bd0cd107f6a933063543a;telegram-linked-precedent-e67ef0c7fd13b89a2f9d0f6c,same_case_reference_distinct_or_unconfirmed_text,manual_review
telegram-linked-precedent-a8ef64bab9872b7ee3129526,971,15.pdf,34186693,b6890adc770192e521595083159b5524fe965b3b51414f35d9dd5794e1528323,collector-1434-v15-p159-34222635;moj-1434-v15-p159-34222635,same_case_reference_distinct_or_unconfirmed_text,manual_review
telegram-linked-precedent-6847e092e0ad693856ceffa8,972,15.pdf,34278146,8b0c2453b797a220c460317feba4564e2fea74310403bd2c287416bdcb7a3c59,collector-1434-v15-p167-34300748;moj-1434-v15-p167-34300748;recovered-moj-1434-v15-p167-34300748,same_case_reference_distinct_or_unconfirmed_text,manual_review
telegram-linked-precedent-5139ee59636a53d799a081ff,973,15.pdf,1434/11,18145e0aa7335d380719024012cc66a4cb99ce6afe7064ef28004caf4f734420,telegram-linked-precedent-ef298cc7050c485719c37b3d,same_case_reference_distinct_or_unconfirmed_text,manual_review
telegram-linked-precedent-2050e606793dcc19fe38564c,974,15.pdf,344902,99491b451e791856343fccae917060008c1b8e884b22ecd15243f53d65051cda,collector-1434-v15-p177-341787359;moj-1434-v15-p177-341787359,same_case_reference_distinct_or_unconfirmed_text,manual_review
telegram-linked-precedent-51e763e986fca9349ca61a90,975,15.pdf,3437491,61bb24bf748db162a90c3f56fcda428d2e7e886518c529714d405767a1e3fafb,collector-1434-v15-p181-34311083;moj-1434-v15-p181-34311083,same_case_reference_distinct_or_unconfirmed_text,manual_review
telegram-linked-precedent-edfa5e80de4b0d1a9dd03bab,978,15.pdf,1434/02,4c7c458e4aa1ec77a795667527b42bfeaa7b9c34a44242b4977dbb1223c637df,telegram-linked-precedent-0babdfcd3c1882a71cd1b701;telegram-linked-precedent-1c10d1b459557d2fc50eb21f;telegram-linked-precedent-48fe7e70422e09be791bcc05;telegram-linked-precedent-4faffea02e9fa9ff46e1bc62;telegram-linked-precedent-58db87be60580046027d1b4a;telegram-linked-precedent-cf7516f6441d33eab88fc677,same_case_reference_distinct_or_unconfirmed_text,manual_review
telegram-linked-precedent-88b1fd36f47b58f4d867d4cf,980,15.pdf,3497172,0f04632f158a95203d7d3d277c9816f4d42e7387a085b507068ca9bb9d6eb712,collector-1434-v15-p201-34329653;moj-1434-v15-p201-34329653,same_case_reference_distinct_or_unconfirmed_text,manual_review
telegram-linked-precedent-7840f6ea47c97d319e451d30,982,15.pdf,32452925,2c83016c16fcb6aa6ff28ef7e153764c76f4c353a9134775802f5798bf138867,collector-1434-v15-p213-34233705;moj-1434-v15-p213-34233705,same_case_reference_distinct_or_unconfirmed_text,manual_review
telegram-linked-precedent-2a29fec1475d039961cfee9a,983,15.pdf,32597663,6759c38c01bee863aa3d13d96f7aa7e3d8845f91df49bc0cba58dc1acf780ffe,collector-1434-v15-p222-33361564;moj-1434-v15-p222-33361564,same_case_reference_distinct_or_unconfirmed_text,manual_review
telegram-linked-precedent-75924fb8386658b7089702d4,984,15.pdf,1433/02,9c7ea072ebb647ef1158bfc4d4e049b78efc52fa8aabeeb9822b378996c3d1e2,telegram-linked-precedent-64bcd85384aa55044d43d131,same_case_reference_distinct_or_unconfirmed_text,manual_review
telegram-linked-precedent-121761c9401e49b47da8b2a9,986,15.pdf,1433/04,b3bb9dea0c798e282092b29ce8dc99fc25c23c3a00e0a279d034b64839de9cb6,telegram-linked-precedent-03474889577b744e8a121ff0;telegram-linked-precedent-0f89e22ad3d38c22d5c2d6ef;telegram-linked-precedent-17b22f21ac56c3f5d32ba591;telegram-linked-precedent-23bc3b95c0a1a783bb10dc75;telegram-linked-precedent-727ede1e6a8f02fc5283c87d;telegram-linked-precedent-76e0946ac700106d9e47cd81;telegram-linked-precedent-872c3ef867a87da6add7bb09;telegram-linked-precedent-9109d2f859ca133f0415cb2e;telegram-linked-precedent-9b0d1aeea6353639373d218e;telegram-linked-precedent-b562cd4750440c287aac64f9;telegram-linked-precedent-fc8f5302aaf89be013e2f025,same_case_reference_distinct_or_unconfirmed_text,manual_review
telegram-linked-precedent-e1deb49c6886987c8e13569e,991,15.pdf,33631269,88aa658ee007bf4a1ff78d26d3ded7aaccdeff4a4b3ac7ccde26bfdf9cc95516,collector-1434-v15-p268-33480435;moj-1434-v15-p268-33480435,same_case_reference_distinct_or_unconfirmed_text,manual_review
telegram-linked-precedent-6130533e70d011e9c947357b,993,15.pdf,33677165,6b2c88533fcdb221f0d06224e6b4fdb063b5425f8570fe0f4290e87b8e3aa8aa,collector-1434-v15-p278-34187322;moj-1434-v15-p278-34187322,same_case_reference_distinct_or_unconfirmed_text,manual_review
telegram-linked-precedent-ff94ce2004e28ee335ac7e54,994,15.pdf,33681725,25d8855740ff63885a66a22c59bb56d629d8f507bd1cebfd3880204265050b9e,collector-1434-v15-p288-332141993;moj-1434-v15-p288-332141993,same_case_reference_distinct_or_unconfirmed_text,manual_review
telegram-linked-precedent-dc51bee9299c8d469e050968,995,15.pdf,33703222,c68ea1779411d851cbc41eeb3c536654ed4e6cf93aba14d2367632ded1156957,collector-1434-v15-p308-34269659;moj-1434-v15-p308-34269659,same_case_reference_distinct_or_unconfirmed_text,manual_review
telegram-linked-precedent-4c5201a347c72c0cfda98954,996,15.pdf,33706311,4bc404e26750cfa683b18407434c3011b3267b60a1006498c70291757dddb795,collector-1434-v15-p312-34240791;moj-1434-v15-p312-34240791,same_case_reference_distinct_or_unconfirmed_text,manual_review
telegram-linked-precedent-656d9e1caa5535c7ac882157,997,15.pdf,34107315,dc11b85371554b78b6eeb37650a0efe9adec41155e45ad681c73f11fe1796e1a,collector-1434-v15-p316-34175650;moj-1434-v15-p316-34175650,same_case_reference_distinct_or_unconfirmed_text,manual_review
telegram-linked-precedent-6add8b1e88412ce7007c7c86,999,15.pdf,34149417,396771ecf3524609f94e47f757f6e0d294c79eb73da2626c3ed9046961504ca3,collector-1434-v15-p323-34219039;moj-1434-v15-p323-34219039,same_case_reference_distinct_or_unconfirmed_text,manual_review
telegram-linked-precedent-0dcc5379a8cd30b2c34c354c,1000,15.pdf,34221527,e1dfb924618c99fc7866357d508bae6139e30512accb501d7f5a893a8b56f863,collector-1434-v15-p330-34248488;moj-1434-v15-p330-34248488,same_case_reference_distinct_or_unconfirmed_text,manual_review
telegram-linked-precedent-ca152098e4a5f53d5542e777,1004,15.pdf,34271087,cc39260ed8c5a82f07a5bff0f4259eb7c0cb363a3b3e7251978e3edd99d9c6c0,collector-1434-v15-p351-34288000;moj-1434-v15-p351-34288000,same_case_reference_distinct_or_unconfirmed_text,manual_review
telegram-linked-precedent-7fe97d870ea402d053143c45,1008,15.pdf,34429222,dffdb7730b7c3feec1bff83a932227a057e874b784b529fac9db82705096db07,collector-1434-v15-p376-34349902;moj-1434-v15-p376-34349902,same_case_reference_distinct_or_unconfirmed_text,manual_review
telegram-linked-precedent-bb5a8d070613fc32cd4c7b99,1010,4-1.pdf,3346027,ff61d1b137bc141fea1c3d031dd1dbebbbdbe199a074894e66556e48914a8cd4,collector-1434-v4-p5-34295094;moj-1434-v4-p5-34295094,same_case_reference_distinct_or_unconfirmed_text,manual_review
telegram-linked-precedent-b6a187559a45be28c038f07a,1011,4-1.pdf,3346027,a94ac0efb8a5c162cff2501a6745621b3d29b259eec056d38c6bd3fee9fc7d96,collector-1434-v4-p5-34295094;moj-1434-v4-p5-34295094;telegram-linked-precedent-bb5a8d070613fc32cd4c7b99,same_case_reference_distinct_or_unconfirmed_text,manual_review
telegram-linked-precedent-92727e939c373b35ddcc3983,1012,4-1.pdf,3346027,0d2e6f668e4b32be7edf2990ec2762ae7cd395669886a4156f3ae350e49d558b,collector-1434-v4-p5-34295094;moj-1434-v4-p5-34295094;telegram-linked-precedent-b6a187559a45be28c038f07a;telegram-linked-precedent-bb5a8d070613fc32cd4c7b99,same_case_reference_distinct_or_unconfirmed_text,manual_review
telegram-linked-precedent-69f372a1ad2e654372304ead,1013,4-1.pdf,3346027,784f0df6dc97be13a374c03e353d0fcdc7386a82f4412ca1f164d85c15fc0069,collector-1434-v4-p5-34295094;moj-1434-v4-p5-34295094;telegram-linked-precedent-92727e939c373b35ddcc3983;telegram-linked-precedent-b6a187559a45be28c038f07a;telegram-linked-precedent-bb5a8d070613fc32cd4c7b99,same_case_reference_distinct_or_unconfirmed_text,manual_review
telegram-linked-precedent-8d9e0e829deadd76cd1d3ffa,1015,4-1.pdf,2390,44613cffd04401025df98560d5d27917262c1a37e57b4ea71655c08db9c5d304,collector-1434-v4-p23-3427303;moj-1434-v4-p23-3427303,same_case_reference_distinct_or_unconfirmed_text,manual_review
telegram-linked-precedent-65898bab7cbf6057a0f156a5,1017,4-1.pdf,1433/06,6f5aab880c77448b33516e2939f073a945510478c86a713ab0b81b7c0b54af8f,telegram-linked-precedent-d752e3ebbe3237b2ed2a99f7,same_case_reference_distinct_or_unconfirmed_text,manual_review
telegram-linked-precedent-8460cbfdb4571d54e3e776cf,1019,4-1.pdf,331151579,688d993c7a4b7fdb542b354c1cb853cabb84231237d9e16f053c4fd55c85c248,telegram-linked-precedent-12442273a8467f78ea6170ea,same_case_reference_distinct_or_unconfirmed_text,manual_review
telegram-linked-precedent-8bd56650de3a3e7277516229,1022,4-1.pdf,33129123,c2561b6ef95088ffed6e0bad5bc0527d1f55c6f19f454729df38495afeec3565,collector-1434-v4-p57-34309759;moj-1434-v4-p57-34309759,same_case_reference_distinct_or_unconfirmed_text,manual_review
telegram-linked-precedent-94ceb5ca9d0b76ae114930f4,1023,4-1.pdf,8020,3026a3f15d8592b98552789e0f35ecaa1e2ff134446e321681ffe90d0557d556,collector-1434-v4-p63-33347755;moj-1434-v4-p63-33347755,same_case_reference_distinct_or_unconfirmed_text,manual_review
telegram-linked-precedent-75f88da0bb00b17e3ce49252,1024,4-1.pdf,33367047,d52ba6f42c3e1ced32124e93d3c3853919553ad76a89d7515d4e46ab18f11605,collector-1434-v4-p68-3418117;moj-1434-v4-p68-3418117,same_case_reference_distinct_or_unconfirmed_text,manual_review
telegram-linked-precedent-3528fbb4a073fd447593a665,1025,4-1.pdf,1433/12,7b46098dcb51a7a9dad6057ad2c528afead813caaf95b9e5552ea646b3b71931,telegram-linked-precedent-a239091bb82946ed6cf81649,same_case_reference_distinct_or_unconfirmed_text,manual_review
telegram-linked-precedent-6ac87775d30728a35ba911fe,1026,4-1.pdf,33705143,5266fcc0de6c07f11f347d28e9e53164eafb35042728dfa0518ef167c451b690,collector-1434-v4-p79-34275262;moj-1434-v4-p79-34275262,same_case_reference_distinct_or_unconfirmed_text,manual_review
telegram-linked-precedent-7840674b671352c65fbcc078,1027,4-1.pdf,1434/06,a29c0c92c953fd7ad7b507f6a9e9367ba80e3144d862ba89026eb0840ff3de98,telegram-linked-precedent-85c4121ed0735b2bb9d97a8b,same_case_reference_distinct_or_unconfirmed_text,manual_review
telegram-linked-precedent-7603ab6702c38ca02cdee988,1029,4-1.pdf,25654,f53ffee3a5f78dd2113e4456c1876b129da796c0e4b38458d2814b3b5ea8b2b5,collector-1434-v4-p100-34207930;moj-1434-v4-p100-34207930,same_case_reference_distinct_or_unconfirmed_text,manual_review
telegram-linked-precedent-c4684d2865900dc7c916dda8,1032,4-1.pdf,7213,6d85b6c9ee8ab15845a8a1413ff3c6ea19e87ddc269781ed436668e076e2d608,collector-1434-v4-p139-33204799;moj-1434-v4-p139-33204799;recovered-moj-1434-v4-p139-33204799,same_case_reference_distinct_or_unconfirmed_text,manual_review
telegram-linked-precedent-50fa6d3d49558e9adc017e88,1036,4-1.pdf,50920215,f4b2a9dbe58e258d07cd2ccff9ec2d5e41b47ff2eda6fd5731306b0ed4feca0c,collector-1434-v4-p163-3437750;moj-1434-v4-p163-3437750,same_case_reference_distinct_or_unconfirmed_text,manual_review
telegram-linked-precedent-04a70c2cac52f02a82a83fc2,1039,4-1.pdf,33611080,f79940790fb1aa69510fcb755c664c715c43fe9fae42aa4cc78b5f98b1c8dd43,collector-1434-v4-p189-33479731;moj-1434-v4-p189-33479731,same_case_reference_distinct_or_unconfirmed_text,manual_review
telegram-linked-precedent-e894ef078f0ece25a46ef8b8,1041,4-1.pdf,33691927,86fd48d27fba23be4989755f3b72be6966a16ed95b3359f9f8bf1a12468ed858,collector-1434-v4-p205-34176729;moj-1434-v4-p205-34176729,same_case_reference_distinct_or_unconfirmed_text,manual_review
telegram-linked-precedent-d3bda742b20abd2edc096735,1044,4-1.pdf,34210751,08fba0bb7c30bda5b884ecdafeb5eda26e9045bcd529b09c9c99583fa751fddb,collector-1434-v4-p235-34290771;moj-1434-v4-p235-34290771,same_case_reference_distinct_or_unconfirmed_text,manual_review
telegram-linked-precedent-cad1df62bcf893c8534de072,1045,4-1.pdf,238,0aaae1cfab9fd0481a907f6bcfe3b9bda13582d4a966bb3320ea55970f71452c,telegram-linked-precedent-5b752aa832aebe5a57fb7681,same_case_reference_distinct_or_unconfirmed_text,manual_review
telegram-linked-precedent-30ccbad9436d7c4c591c6c81,1050,4-1.pdf,33667978,e639562120f20f951bfbfec4224c28705d0073988f415bfcd2b6fee5848c0743,collector-1434-v4-p280-34196443;moj-1434-v4-p280-34196443,same_case_reference_distinct_or_unconfirmed_text,manual_review
telegram-linked-precedent-798c2609e421c6c9f2463e50,1051,4-1.pdf,33681315,c51e7a89bdab203925fc916d7aea25d8a6a084a8ec973bab5c20f7e6cfb1ca11,collector-1434-v4-p285-34223712;moj-1434-v4-p285-34223712,same_case_reference_distinct_or_unconfirmed_text,manual_review
telegram-linked-precedent-6ad0f12ff6f488df413b493f,1054,4-1.pdf,1434/02,3770b16860362cec09d36e0fc8b0e63a7d37cfda97948cb7bb196c84e959fe82,telegram-linked-precedent-0babdfcd3c1882a71cd1b701;telegram-linked-precedent-1c10d1b459557d2fc50eb21f;telegram-linked-precedent-48fe7e70422e09be791bcc05;telegram-linked-precedent-4faffea02e9fa9ff46e1bc62;telegram-linked-precedent-58db87be60580046027d1b4a;telegram-linked-precedent-cf7516f6441d33eab88fc677;telegram-linked-precedent-edfa5e80de4b0d1a9dd03bab,same_case_reference_distinct_or_unconfirmed_text,manual_review
telegram-linked-precedent-525680d42f00855b0dba10cc,1055,4-1.pdf,1434/04,2d4317c8d1148b08e25f63d00147d7a11424eba3f8e3543809a4f0b12ff998bf,telegram-linked-precedent-62fd7355e595930770e60b45;telegram-linked-precedent-77b61927a5c0b5330625fd9e;telegram-linked-precedent-8fe1c3cdba80c98a54f6a255;telegram-linked-precedent-95f3eb7b0cfbc4e55acf9ad6;telegram-linked-precedent-b2d1d5dc13bab8b0813e0f56;telegram-linked-precedent-c30bd0cd107f6a933063543a;telegram-linked-precedent-e67ef0c7fd13b89a2f9d0f6c,same_case_reference_distinct_or_unconfirmed_text,manual_review
telegram-linked-precedent-f939cf1c734493eca1a35a74,1059,3-1 (1).pdf,32537557,11f42fe137e289add23b75e23bab40b9efef8f3306804422e5a0188724cbe246,collector-1434-v3-p9-3464147;moj-1434-v3-p9-3464147,same_case_reference_distinct_or_unconfirmed_text,manual_review
telegram-linked-precedent-4a0497978288d2c0c9ece2d2,1062,3-1 (1).pdf,34303134,ea77a13e443f7dee0e8c548c747a84e08dc0a358a65f447eba01c01ef226355c,collector-1434-v3-p25-34259694;moj-1434-v3-p25-34259694,same_case_reference_distinct_or_unconfirmed_text,manual_review
telegram-linked-precedent-8f53a46eef7489534bef0f44,1063,3-1 (1).pdf,34407593,51f710ca32d284476dd30c55e300cab15a84935c1a24cd7bc3dccb9cb8902657,collector-1434-v3-p29-34317033;moj-1434-v3-p29-34317033,same_case_reference_distinct_or_unconfirmed_text,manual_review
telegram-linked-precedent-22751de4dc5a363cc368768a,1065,3-1 (1).pdf,32189202,ea8a0de6fbd6c2cf94c26c2085719cb4e74c74a6bcf52e7b07339e875cb59dfc,collector-1434-v3-p47-34252675;moj-1434-v3-p47-34252675,same_case_reference_distinct_or_unconfirmed_text,manual_review
telegram-linked-precedent-72095b758a505bc9eceee0c4,1066,3-1 (1).pdf,34474747,64ce3d32acec880ab58d443edc3f2c978a751405ffb39a83ec198d6da79993fd,collector-1434-v3-p57-34353441;moj-1434-v3-p57-34353441,same_case_reference_distinct_or_unconfirmed_text,manual_review
telegram-linked-precedent-aaceb0b92df374172bb9b155,1067,3-1 (1).pdf,3267874,e651daae06a78a9b4b0931124c175acd3c75ce273ae0df3601df909fd51737aa,collector-1434-v3-p77-33324572;moj-1434-v3-p77-33324572,same_case_reference_distinct_or_unconfirmed_text,manual_review
telegram-linked-precedent-b6ddffcc9df7d712e8140a79,1069,3-1 (1).pdf,3478135,c19f71af32fc08c582355700ceed8f6a376b08be42e9f006f3c35400949695e9,collector-1434-v3-p103-34262302;moj-1434-v3-p103-34262302,same_case_reference_distinct_or_unconfirmed_text,manual_review
telegram-linked-precedent-445cc7d4acad23c28213b7b0,1070,3-1 (1).pdf,32129181,f6d264aaa11527c4c32aeb3b00797046d912accc136e7f43b14a4e1720d9c259,collector-1434-v3-p108-343219;moj-1434-v3-p108-343219,same_case_reference_distinct_or_unconfirmed_text,manual_review
telegram-linked-precedent-70dc4d7052563e58393d3da5,1071,3-1 (1).pdf,32251625,0c69fe5c35807d2cb3f0ec8f63eebb82bd14972e62eb3d0341bd358401922009,collector-1434-v3-p112-34184985;moj-1434-v3-p112-34184985,same_case_reference_distinct_or_unconfirmed_text,manual_review
telegram-linked-precedent-05f8273a1fd50574cecd6a5a,1074,3-1 (1).pdf,1433/05,742dba60d816c43cbf219a0d5555adedf18183db7e8cdffbc0a14100445603f2,telegram-linked-precedent-952ce467a67fbdddb9c6f34b,same_case_reference_distinct_or_unconfirmed_text,manual_review
telegram-linked-precedent-92ddadbe115161ebd9e4dbbf,1075,3-1 (1).pdf,33386410,6addc78df5785eba91696449733f744cc16b12e32f86a4c38b7521d5f4109e46,collector-1434-v3-p157-34201455;moj-1434-v3-p157-34201455,same_case_reference_distinct_or_unconfirmed_text,manual_review
telegram-linked-precedent-bbf5d0b6ff6fbc925f047068,1076,3-1 (1).pdf,33442161,5b990fb9b8b261131000033b0d1485235b2f12a509f1cf52bde31af6c07f37f4,collector-1434-v3-p163-3436738;moj-1434-v3-p163-3436738,same_case_reference_distinct_or_unconfirmed_text,manual_review
telegram-linked-precedent-9389e34690d5b5dbc3fd0091,1078,3-1 (1).pdf,33532164,bb2175961296b75984ecd1454c0300dfe1f69f857c1282650e0735a6f2b773c0,collector-1434-v3-p176-3410162;moj-1434-v3-p176-3410162,same_case_reference_distinct_or_unconfirmed_text,manual_review
telegram-linked-precedent-658a4d3c463962c309438afe,1079,3-1 (1).pdf,33544297,1cb8fb6696825d6ee24a792eebfc07dc4473ad2ab7dd447815e55d2806fc8796,collector-1434-v3-p182-33411618;moj-1434-v3-p182-33411618,same_case_reference_distinct_or_unconfirmed_text,manual_review
telegram-linked-precedent-548af0ef3777f88cbb6cf0f2,1080,3-1 (1).pdf,33546412,5a4e83ff7bf89fbd6029a9d26acab2f47fbdb37a3404ac27820d6c53a676df94,collector-1434-v3-p191-33442131;moj-1434-v3-p191-33442131;recovered-moj-1434-v3-p191-33442131,same_case_reference_distinct_or_unconfirmed_text,manual_review
telegram-linked-precedent-f62d605954119495ceea8e12,1083,3-1 (1).pdf,33547446,2e1545f0a5e02b92ec7a846f630fc39f6adb5dbff00e3b79974ab6921f61c31e,collector-1434-v3-p203-34194629;moj-1434-v3-p203-34194629,same_case_reference_distinct_or_unconfirmed_text,manual_review
telegram-linked-precedent-dc6b207f101a39440565b146,1084,3-1 (1).pdf,33561481,7c0159d5ca17c22d710a339a935e94d29c3c6845951ad3247f0b8298b1441386,collector-1434-v3-p209-34355584;moj-1434-v3-p209-34355584,same_case_reference_distinct_or_unconfirmed_text,manual_review
telegram-linked-precedent-ab316050aa59985581b1bd84,1085,3-1 (1).pdf,33626232,d741497a39cd9b069ee44350b464fd641282caf42d9f6b62f9238fca422f0b6a,collector-1434-v3-p220-3437753;moj-1434-v3-p220-3437753,same_case_reference_distinct_or_unconfirmed_text,manual_review
telegram-linked-precedent-bcf34c6f81188d6ed8da405b,1086,3-1 (1).pdf,33666747,a920de72423763a98e64e8c2e424e89a64d3d36454f2bcf44868fce6b27005f6,collector-1434-v3-p227-33475191;moj-1434-v3-p227-33475191,same_case_reference_distinct_or_unconfirmed_text,manual_review
telegram-linked-precedent-359cf8e8b82081e9036f193a,1087,3-1 (1).pdf,33680256,c77209ae7767017daaf6442a3138f778475c9b51454506844f0297ea55dbdd47,collector-1434-v3-p231-3420688;moj-1434-v3-p231-3420688,same_case_reference_distinct_or_unconfirmed_text,manual_review
telegram-linked-precedent-2d6dfb35c77624a4fa1cc7b7,1088,3-1 (1).pdf,33688344,e37533ecdab2d1cd8a66c899b2567820d76953bcbb59126f40a2a909ba87e793,collector-1434-v3-p236-3423451;moj-1434-v3-p236-3423451,same_case_reference_distinct_or_unconfirmed_text,manual_review
telegram-linked-precedent-c06a30c36f31c87a6f72a41c,1091,3-1 (1).pdf,34148388,7b4434739e6f3b60a95771545bb95315556f508c805d09d7168e3b2b385accec,collector-1434-v3-p253-34227500;moj-1434-v3-p253-34227500,same_case_reference_distinct_or_unconfirmed_text,manual_review
telegram-linked-precedent-50cb36e53b6375a5429a742f,1092,3-1 (1).pdf,34234420,db3427cde65fd5a5470f6ae5c3d7bd079f125a1c9b33c42bf7c1df3304557019,collector-1434-v3-p259-34234369;moj-1434-v3-p259-34234369,same_case_reference_distinct_or_unconfirmed_text,manual_review
telegram-linked-precedent-8303582c8b3f02a3ce6625a8,1093,3-1 (1).pdf,34234420,edef565919266a80c9a9650cb1fb1dd325535e20f6fdbe68829e2ec6f7b5e2eb,collector-1434-v3-p259-34234369;moj-1434-v3-p259-34234369;telegram-linked-precedent-50cb36e53b6375a5429a742f,same_case_reference_distinct_or_unconfirmed_text,manual_review
telegram-linked-precedent-cd543c6ac146324c6d27a79d,1094,3-1 (1).pdf,34248172,146f7112b86faa4f6dcd6b97499807fcae6ee3ffd4e64242847fcf39785a4305,collector-1434-v3-p263-34293396;moj-1434-v3-p263-34293396,same_case_reference_distinct_or_unconfirmed_text,manual_review
telegram-linked-precedent-cfcc73403df272ff7330a0d3,1097,3-1 (1).pdf,410,619c2a8d6c450fcd8149376bb17899628f291f14e6faee4fd9289fa30010603d,collector-1434-v3-p281-34261913,same_case_reference_distinct_or_unconfirmed_text,manual_review
telegram-linked-precedent-fd588c9bd22f7391c76f3541,1098,3-1 (1).pdf,32308699,edad335dd82a4afbc163938b59f6ff47b4e7888fd54a9f96bc3aab058200efbe,collector-1434-v3-p313-34167155;moj-1434-v3-p313-34167155,same_case_reference_distinct_or_unconfirmed_text,manual_review
telegram-linked-precedent-733ae7b045f6ffa8d6f82f6f,1099,3-1 (1).pdf,32385413,00b1c4f8964cb208bc34bb011f5592be1055cef5dc864b28c0bb93fee36a4c9a,collector-1434-v3-p319-34260802;moj-1434-v3-p319-34260802,same_case_reference_distinct_or_unconfirmed_text,manual_review
telegram-linked-precedent-e7dd11ff7f813027ab56218d,1100,3-1 (1).pdf,32524021,c8f8d15af86d06bad2b01bb884d8811889790835dc6783089d050448f10ebee4,collector-1434-v3-p332-33474299;moj-1434-v3-p332-33474299,same_case_reference_distinct_or_unconfirmed_text,manual_review
telegram-linked-precedent-5e2ff06caff7a45de4c75a9e,1101,3-1 (1).pdf,33379091,68eb420e4934d6b2d545e3cbae5b4428baf58ab5386100efe7fa50f0113df771,collector-1434-v3-p339-3414912;moj-1434-v3-p339-3414912,same_case_reference_distinct_or_unconfirmed_text,manual_review
telegram-linked-precedent-3cf57f1a5c4b34ffce3b54e3,1102,3-1 (1).pdf,33572978,34278717c841d4eebbd85336e03790f343b48bbba85cac367e6cf0eaeff705bd,collector-1434-v3-p346-34239280;moj-1434-v3-p346-34239280,same_case_reference_distinct_or_unconfirmed_text,manual_review
telegram-linked-precedent-ad1795440b31b35a78662830,1104,3-1 (1).pdf,33611429,45490185586ae9396404c4a7e7c03706b9b160db36796d4b89069ae161247657,collector-1434-v3-p350-33462429;moj-1434-v3-p350-33462429,same_case_reference_distinct_or_unconfirmed_text,manual_review
telegram-linked-precedent-f553483c7c0aac0382ceccaf,1105,3-1 (1).pdf,33683795,cadda1e1bbba9bf8a945e4321b2e6ea9aa206ac95c05051ef21eae1ac7a33847,collector-1434-v3-p354-3454717;moj-1434-v3-p354-3454717,same_case_reference_distinct_or_unconfirmed_text,manual_review
telegram-linked-precedent-066df2198cea594c0cf1d93d,1107,3-1 (1).pdf,34342741,a22f3da4511348a8123f4657b4ecdca2fe33fd64cbc0a9e8ee21acbf5bec981c,collector-1434-v3-p369-34319310;moj-1434-v3-p369-34319310,same_case_reference_distinct_or_unconfirmed_text,manual_review
telegram-linked-precedent-18a0a048ece6489b5a7ea76b,1162,24.pdf,33135559,c003ce6581b41f94b01778099de832e3f9ab07afd69c11ed21daff8085ae4945,collector-1434-v24-p5-3423238;moj-1434-v24-p5-3423238,same_case_reference_distinct_or_unconfirmed_text,manual_review
telegram-linked-precedent-560ee1fb72dad8e7e605a1a0,1163,24.pdf,1434/05,bbeaeaab08ab1c02ba892d756102095b6db6eab2f0c2bb5b52205a4a9589ea0a,telegram-linked-precedent-00dca8f89d459fafe34f8099;telegram-linked-precedent-08099d4ec6b865b995509457;telegram-linked-precedent-09ac4670afd7db270ae0b271;telegram-linked-precedent-707f5395e911e7c1c75fbd6b;telegram-linked-precedent-999c64e78967275876d082a2;telegram-linked-precedent-ec1c65d491556401a64c28c6,same_case_reference_distinct_or_unconfirmed_text,manual_review
telegram-linked-precedent-a8922d3e4726c8737ef2df3e,1164,24.pdf,34337025,6e5df8a699971d4a3ea7507729fb7069dbf14fcb67c7ea3cd3e828c7dc2b2dc3,collector-1434-v24-p21-35103751;moj-1434-v24-p21-35103751,same_case_reference_distinct_or_unconfirmed_text,manual_review
telegram-linked-precedent-231f87d8efef4f6b1f0ca993,1166,24.pdf,34169778,bd16f267c15ddd7ab6232e5249ccdda5f4793f0989d79d3ba378dd0cbb3c52d9,collector-1434-v24-p40-34272957;moj-1434-v24-p40-34272957,same_case_reference_distinct_or_unconfirmed_text,manual_review
telegram-linked-precedent-0ca1664f9a1b991fcdc14ed1,1168,24.pdf,3452991,66cdf251b40908844b7c21c112c3c1a86b41ebf72f74f86033de8787a85241e9,collector-1434-v24-p58-3422002;moj-1434-v24-p58-3422002,same_case_reference_distinct_or_unconfirmed_text,manual_review
telegram-linked-precedent-5343434ea09b7d849a1d1d10,1169,24.pdf,1434,7b04d5fdc6f607071e9dc76fec3e4c7425351aaf6a72e83a0f7568a4d6cce136,telegram-linked-precedent-196d71ae1f741024f18560e4;telegram-linked-precedent-330977bfb042d9303c7cdbb6;telegram-linked-precedent-424b5662d221cec5cc237d42;telegram-linked-precedent-6667893f75c82e87e46ba67e,same_case_reference_distinct_or_unconfirmed_text,manual_review
telegram-linked-precedent-0864082f6681abd659b4ce03,1170,24.pdf,33708489,61f63b61c539e15d49d2992dffb413bcc096d1bd0c9cd8e91fe86911af0c2475,collector-1434-v24-p72-33708489;moj-1434-v24-p72-33708489,same_case_reference_distinct_or_unconfirmed_text,manual_review
telegram-linked-precedent-206f6483ff63ec26a47e0529,1172,24.pdf,3428575,ce92b9d31d04fb38f473cc4fc3661dd85b01c1851811c162692144403020a07a,collector-1434-v24-p87-3438115;moj-1434-v24-p87-3438115,same_case_reference_distinct_or_unconfirmed_text,manual_review
telegram-linked-precedent-acfa1545973a225afbd01169,1173,24.pdf,33414189,f27c5bc1131386751c5d2a2d41075e72329c0f74bd04661f86ca462e24b0f8f8,collector-1434-v24-p110-33470421;moj-1434-v24-p110-33470421,same_case_reference_distinct_or_unconfirmed_text,manual_review
telegram-linked-precedent-2c0aa705189f493a46927f68,1174,24.pdf,33414189,d71c559c39c71882034878e8283ecc1218f73dcca22630032efeadbc185dd7dc,collector-1434-v24-p110-33470421;moj-1434-v24-p110-33470421;telegram-linked-precedent-acfa1545973a225afbd01169,same_case_reference_distinct_or_unconfirmed_text,manual_review
telegram-linked-precedent-9477c42d67d7a2bebf67049f,1176,24.pdf,32164059,4ca74d19e45b8139ef1b95167f31876d05e16985119065a128a5a4accf438409,collector-1434-v24-p150-34251708;moj-1434-v24-p150-34251708;recovered-moj-1434-v24-p150-34251708,same_case_reference_distinct_or_unconfirmed_text,manual_review
telegram-linked-precedent-3db733f84dd70d218ae46127,1180,24.pdf,475,7bbbd65c75ed65356c87784e724f61338e85663cbb8b642de4435c7aa0440334,collector-1434-v24-p204-3244413;nafa-1103-24-475;text-5620b473332246b68012,same_case_reference_distinct_or_unconfirmed_text,manual_review
telegram-linked-precedent-9c0e4ebfdf4ce8dbeade0d12,1188,24.pdf,3450649,31b460079caa9351405074ffd1d5bd4e48c8028a67e6ece2c1a37b2bc956320d,collector-1434-v24-p249-3449559;moj-1434-v24-p249-3449559,same_case_reference_distinct_or_unconfirmed_text,manual_review
telegram-linked-precedent-97265b73e862c809864f6fa6,1189,24.pdf,3450035,413c946a074bf787a4871aeece13eaed70f6776a2a5f7ff4b751c274696baf5d,collector-1434-v24-p259-3431544;moj-1434-v24-p259-3431544,same_case_reference_distinct_or_unconfirmed_text,manual_review
telegram-linked-precedent-1dd716a7cc0c8b1ccaccf771,1190,24.pdf,3455189,6085bd6061b8cec09bb43601c1fd311469b507423176e5a2c41f96f01e6e0866,collector-1434-v24-p265-3434798;moj-1434-v24-p265-3434798,same_case_reference_distinct_or_unconfirmed_text,manual_review
telegram-linked-precedent-50ab44fe0ee685d0b4c2b410,1192,24.pdf,3472907,846ac2126a25b3ad2b8c30d2e1d1d240d7bb026a20a5f03cf3d7ed6f874325b1,collector-1434-v24-p283-34212286;moj-1434-v24-p283-34212286,same_case_reference_distinct_or_unconfirmed_text,manual_review
telegram-linked-precedent-d49ee65d41bc7a77985adfe7,1193,24.pdf,33210632,d418cf820c8279b8180f40a96312dd92d20350dfc4f46952b3eed765b00b1796,collector-1434-v24-p295-33441188;moj-1434-v24-p295-33441188,same_case_reference_distinct_or_unconfirmed_text,manual_review
telegram-linked-precedent-8a46542bbdb00507ec0c0c59,1195,24.pdf,33210632,3ae37301fd38fb9a8852f4a9cb0ed85b93f2d85a2cc936ad09affe22047b1337,collector-1434-v24-p295-33441188;moj-1434-v24-p295-33441188;telegram-linked-precedent-d49ee65d41bc7a77985adfe7,same_case_reference_distinct_or_unconfirmed_text,manual_review
telegram-linked-precedent-65d4dbd56c90f096c735a4aa,1200,24.pdf,3411544,b2461d6b276e9dab0e0ff2303aa6a06303eca5da030be9ebfe99af90a8670843,telegram-linked-precedent-d3641d1862ba1267d7ec72e8,same_case_reference_distinct_or_unconfirmed_text,manual_review
telegram-linked-precedent-98f148cc0d2b2b506af79cdd,1201,24.pdf,33687189,7aa50e87e2fc3fbda9d75edda46aa1493d39bf8190d1a6b8551e131686e61bb0,collector-1434-v24-p312-3444778;moj-1434-v24-p312-3444778;recovered-moj-1434-v24-p312-3444778,same_case_reference_distinct_or_unconfirmed_text,manual_review
telegram-linked-precedent-15c125c50fe74f0721c4e8d7,1205,24.pdf,1434/02,d3f208d22d67c6a9e2d50b48a414efe80a4b8f0dda85e205ff4be3a0483c18aa,telegram-linked-precedent-0babdfcd3c1882a71cd1b701;telegram-linked-precedent-1c10d1b459557d2fc50eb21f;telegram-linked-precedent-48fe7e70422e09be791bcc05;telegram-linked-precedent-4faffea02e9fa9ff46e1bc62;telegram-linked-precedent-58db87be60580046027d1b4a;telegram-linked-precedent-6ad0f12ff6f488df413b493f;telegram-linked-precedent-cf7516f6441d33eab88fc677;telegram-linked-precedent-edfa5e80de4b0d1a9dd03bab,same_case_reference_distinct_or_unconfirmed_text,manual_review
telegram-linked-precedent-77aeac973c82c79a1d080b17,1206,24.pdf,33369022,0b5c495a590be9af4b74c89279c65afd01c257198111ade2d13374d68a16dcec,collector-1434-v24-p344-34191807;moj-1434-v24-p344-34191807,same_case_reference_distinct_or_unconfirmed_text,manual_review
telegram-linked-precedent-d0451eedb906fde2318bd6bc,1207,24.pdf,33510551,11287fb906424294708d74092421051ed14a74497964518904d44f1cceaeb4fa,collector-1434-v24-p352-33418270;moj-1434-v24-p352-33418270,same_case_reference_distinct_or_unconfirmed_text,manual_review
telegram-linked-precedent-50cf71539108eb7e79cef903,1208,24.pdf,1434/04,b6d6a3e39483d1927ed0ba6e2bbc36a871a58102c2f5fe1013c91a2880546771,telegram-linked-precedent-525680d42f00855b0dba10cc;telegram-linked-precedent-62fd7355e595930770e60b45;telegram-linked-precedent-77b61927a5c0b5330625fd9e;telegram-linked-precedent-8fe1c3cdba80c98a54f6a255;telegram-linked-precedent-95f3eb7b0cfbc4e55acf9ad6;telegram-linked-precedent-b2d1d5dc13bab8b0813e0f56;telegram-linked-precedent-c30bd0cd107f6a933063543a;telegram-linked-precedent-e67ef0c7fd13b89a2f9d0f6c,same_case_reference_distinct_or_unconfirmed_text,manual_review
