telegram_channel,post_id,post_url,filename_as_published,display_size,posted_at,forwarded_from_name,forwarded_from_url,provisional_document_class,binary_original_status,official_source_status,import_eligibility,reason
robiai33,3,https://t.me/robiai33/3,_مدونة الأخلاقيات القضائية.pdf,157.3 KB,2026-08-06T14:05:13+00:00,,,فهرس/مدونة مرجعية غير مستقلة,not_downloaded,unverified,not_eligible,Telegram preview supplies metadata only; download original and verify official provenance before indexing
robiai33,4,https://t.me/robiai33/4,مدونة التأمينات .pdf,2.3 MB,2026-08-06T14:05:31+00:00,,,فهرس/مدونة مرجعية غير مستقلة,not_downloaded,unverified,not_eligible,Telegram preview supplies metadata only; download original and verify official provenance before indexing
robiai33,5,https://t.me/robiai33/5,‎⁨تعاميم الانهاءات ⁩.pdf,887.6 KB,2026-08-06T18:16:16+00:00,,,مادة قانونية غير مصنفة وغير متحققة,not_downloaded,unverified,not_eligible,Telegram preview supplies metadata only; download original and verify official provenance before indexing
robiai33,6,https://t.me/robiai33/6,مدونة_السوابق_القضائية_التأمينية_للجنة_الاستئنافية_للفصل_في_المنازعات.pdf,26 MB,2026-08-06T18:22:00+00:00,,,فهرس/مدونة مرجعية غير مستقلة,not_downloaded,unverified,not_eligible,Telegram preview supplies metadata only; download original and verify official provenance before indexing
robiai33,7,https://t.me/robiai33/7,السوابق_الجنائية_وكيفية_رد_الاعتبار؟_للقاضي_أحمد_القحطاني.pdf,13.1 MB,2026-08-06T18:23:07+00:00,,,سابقة قضائية مرشحة غير متحققة,not_downloaded,unverified,not_eligible,Telegram preview supplies metadata only; download original and verify official provenance before indexing
robiai33,8,https://t.me/robiai33/8,‎⁨ملف_تحليل_السوابق_القضائية_20⁩.pdf,349.6 KB,2026-08-06T18:23:07+00:00,,,سابقة قضائية مرشحة غير متحققة,not_downloaded,unverified,not_eligible,Telegram preview supplies metadata only; download original and verify official provenance before indexing
robiai33,9,https://t.me/robiai33/9,القواعد_والشروط_والمصطلحات_الواردة_في_شرح_نظام_الإثبات_الصادر_من.pdf,645.1 KB,2026-08-06T18:23:07+00:00,,/s/robiai33?after=9,لائحة/نظام مرشح غير متحقق,not_downloaded,unverified,not_eligible,Telegram preview supplies metadata only; download original and verify official provenance before indexing
robiai33,10,https://t.me/robiai33/10,‎⁨ملف_تحليل_السوابق_القضائية_20⁩.pdf,349.6 KB,2026-08-06T18:23:07+00:00,,,سابقة قضائية مرشحة غير متحققة,not_downloaded,unverified,not_eligible,Telegram preview supplies metadata only; download original and verify official provenance before indexing
robiai33,11,https://t.me/robiai33/11,‎مدونة_السوابق_القضائية_التأمينية.pdf,72.6 MB,2026-08-06T18:23:07+00:00,,,فهرس/مدونة مرجعية غير مستقلة,not_downloaded,unverified,not_eligible,Telegram preview supplies metadata only; download original and verify official provenance before indexing
robiai33,12,https://t.me/robiai33/12,مدونة_السوابق_القضائية_التأمينية_للجنة_الاستئنافية_للفصل_في_المنازعات.pdf,26 MB,2026-08-06T18:23:07+00:00,,,فهرس/مدونة مرجعية غير مستقلة,not_downloaded,unverified,not_eligible,Telegram preview supplies metadata only; download original and verify official provenance before indexing
robiai33,13,https://t.me/robiai33/13,نموذج تحليل حكم قضائي.pdf,79.3 KB,2026-08-06T18:27:08+00:00,,,حكم قضائي مرشح غير متحقق,not_downloaded,unverified,not_eligible,Telegram preview supplies metadata only; download original and verify official provenance before indexing
robiai33,14,https://t.me/robiai33/14,الوجيز_لقرارات_المحكمة_العليا_في_القضايا_التجارية.pdf,1 MB,2026-08-06T18:27:08+00:00,,,قرار مرشح غير متحقق,not_downloaded,unverified,not_eligible,Telegram preview supplies metadata only; download original and verify official provenance before indexing
robiai33,15,https://t.me/robiai33/15,حكم تجاري8.pdf,355.5 KB,2026-08-06T18:27:09+00:00,,,حكم قضائي مرشح غير متحقق,not_downloaded,unverified,not_eligible,Telegram preview supplies metadata only; download original and verify official provenance before indexing
robiai33,16,https://t.me/robiai33/16,قضايا أتعاب المحاماة.pdf,28.7 MB,2026-08-06T18:27:09+00:00,,,مادة قانونية غير مصنفة وغير متحققة,not_downloaded,unverified,not_eligible,Telegram preview supplies metadata only; download original and verify official provenance before indexing
robiai33,17,https://t.me/robiai33/17,قضايا التعويض .pdf,39.1 MB,2026-08-06T18:27:09+00:00,,,مادة قانونية غير مصنفة وغير متحققة,not_downloaded,unverified,not_eligible,Telegram preview supplies metadata only; download original and verify official provenance before indexing
robiai33,18,https://t.me/robiai33/18,قضايا الطلبات العاجلة.pdf,39.2 MB,2026-08-06T18:27:09+00:00,,,مادة قانونية غير مصنفة وغير متحققة,not_downloaded,unverified,not_eligible,Telegram preview supplies metadata only; download original and verify official provenance before indexing
robiai33,19,https://t.me/robiai33/19,قضايا الجعالة.pdf,13.3 MB,2026-08-06T18:27:09+00:00,,,مادة قانونية غير مصنفة وغير متحققة,not_downloaded,unverified,not_eligible,Telegram preview supplies metadata only; download original and verify official provenance before indexing
robiai33,20,https://t.me/robiai33/20,قضايا النقل.pdf,22.2 MB,2026-08-06T18:27:09+00:00,,,مادة قانونية غير مصنفة وغير متحققة,not_downloaded,unverified,not_eligible,Telegram preview supplies metadata only; download original and verify official provenance before indexing
robiai33,21,https://t.me/robiai33/21,قضايا طلبات تفسير الحكم.pdf,4 MB,2026-08-06T18:27:09+00:00,,,حكم قضائي مرشح غير متحقق,not_downloaded,unverified,not_eligible,Telegram preview supplies metadata only; download original and verify official provenance before indexing
robiai33,22,https://t.me/robiai33/22,قضايا_الاستصناع_و_الإفلاس_و_الحوالة_و_الكفالة.pdf,9.9 MB,2026-08-06T18:27:09+00:00,,,مادة قانونية غير مصنفة وغير متحققة,not_downloaded,unverified,not_eligible,Telegram preview supplies metadata only; download original and verify official provenance before indexing
robiai33,23,https://t.me/robiai33/23,27_تزوير_بالترك _رشوة _ مساهمة _ عدم_التسجيل_في_سجلات_الجوازات_لتسهيل.pdf,512.4 KB,2026-08-06T18:27:09+00:00,,,مادة قانونية غير مصنفة وغير متحققة,not_downloaded,unverified,not_eligible,Telegram preview supplies metadata only; download original and verify official provenance before indexing
robiai33,24,https://t.me/robiai33/24,قضايا الاختصاص.pdf,3.2 MB,2026-08-06T18:27:09+00:00,,,مادة قانونية غير مصنفة وغير متحققة,not_downloaded,unverified,not_eligible,Telegram preview supplies metadata only; download original and verify official provenance before indexing
robiai33,25,https://t.me/robiai33/25,قضايا الإفلاس و التصفية.pdf,1 MB,2026-08-06T18:27:09+00:00,,,مادة قانونية غير مصنفة وغير متحققة,not_downloaded,unverified,not_eligible,Telegram preview supplies metadata only; download original and verify official provenance before indexing
robiai33,26,https://t.me/robiai33/26,قضايا البيوع.pdf,8.3 MB,2026-08-06T18:27:09+00:00,,,مادة قانونية غير مصنفة وغير متحققة,not_downloaded,unverified,not_eligible,Telegram preview supplies metadata only; download original and verify official provenance before indexing
robiai33,27,https://t.me/robiai33/27,قضايا التوريد.pdf,7.5 MB,2026-08-06T18:27:09+00:00,,,مادة قانونية غير مصنفة وغير متحققة,not_downloaded,unverified,not_eligible,Telegram preview supplies metadata only; download original and verify official provenance before indexing
robiai33,28,https://t.me/robiai33/28,قضايا الجعالة و السمسرة.pdf,668.7 KB,2026-08-06T18:27:09+00:00,,,مادة قانونية غير مصنفة وغير متحققة,not_downloaded,unverified,not_eligible,Telegram preview supplies metadata only; download original and verify official provenance before indexing
robiai33,29,https://t.me/robiai33/29,قضايا الشركات.pdf,10.7 MB,2026-08-06T18:27:09+00:00,,/s/robiai33?after=29,مادة قانونية غير مصنفة وغير متحققة,not_downloaded,unverified,not_eligible,Telegram preview supplies metadata only; download original and verify official provenance before indexing
robiai33,30,https://t.me/robiai33/30,قضايا القبول.pdf,3.3 MB,2026-08-06T18:27:09+00:00,,,مادة قانونية غير مصنفة وغير متحققة,not_downloaded,unverified,not_eligible,Telegram preview supplies metadata only; download original and verify official provenance before indexing
robiai33,31,https://t.me/robiai33/31,‎⁨تعميم الاستئناف⁩.pdf,387.6 KB,2026-08-06T18:27:09+00:00,,,تعميم مرشح غير متحقق,not_downloaded,unverified,not_eligible,Telegram preview supplies metadata only; download original and verify official provenance before indexing
robiai33,32,https://t.me/robiai33/32,الطلبات العاجلة.pdf,1.5 MB,2026-08-06T18:27:09+00:00,,,مادة قانونية غير مصنفة وغير متحققة,not_downloaded,unverified,not_eligible,Telegram preview supplies metadata only; download original and verify official provenance before indexing
robiai33,33,https://t.me/robiai33/33,طلبات الالتماس.pdf,1.5 MB,2026-08-06T18:27:09+00:00,,,مادة قانونية غير مصنفة وغير متحققة,not_downloaded,unverified,not_eligible,Telegram preview supplies metadata only; download original and verify official provenance before indexing
robiai33,34,https://t.me/robiai33/34,قضايا متنوعة.pdf,466.8 KB,2026-08-06T18:27:09+00:00,,,مادة قانونية غير مصنفة وغير متحققة,not_downloaded,unverified,not_eligible,Telegram preview supplies metadata only; download original and verify official provenance before indexing
robiai33,35,https://t.me/robiai33/35,2_مدونة_الأحكام_القضائية_الجنايات.pdf,928.5 KB,2026-08-06T18:27:09+00:00,,,فهرس/مدونة مرجعية غير مستقلة,not_downloaded,unverified,not_eligible,Telegram preview supplies metadata only; download original and verify official provenance before indexing
robiai33,36,https://t.me/robiai33/36?single,18 مجموعة الاحكام القضائية.pdf,3 MB,2026-08-06T18:27:10+00:00,,,مادة قانونية غير مصنفة وغير متحققة,not_downloaded,unverified,not_eligible,Telegram preview supplies metadata only; download original and verify official provenance before indexing
robiai33,36,https://t.me/robiai33/37?single,19 مجموعة الاحكام القضائية.pdf,2.4 MB,2026-08-06T18:27:10+00:00,,,مادة قانونية غير مصنفة وغير متحققة,not_downloaded,unverified,not_eligible,Telegram preview supplies metadata only; download original and verify official provenance before indexing
robiai33,36,https://t.me/robiai33/38?single,26_2 مجموعة الاحكام القضائسة.pdf,2.7 MB,2026-08-06T18:27:10+00:00,,,مادة قانونية غير مصنفة وغير متحققة,not_downloaded,unverified,not_eligible,Telegram preview supplies metadata only; download original and verify official provenance before indexing
robiai33,36,https://t.me/robiai33/39?single,27_2 مجموعة الاحكام القضائية.pdf,4.1 MB,2026-08-06T18:27:10+00:00,,,مادة قانونية غير مصنفة وغير متحققة,not_downloaded,unverified,not_eligible,Telegram preview supplies metadata only; download original and verify official provenance before indexing
robiai33,36,https://t.me/robiai33/40?single,28_2 مجموعة الاحكام القضائية.pdf,4.2 MB,2026-08-06T18:27:10+00:00,,,مادة قانونية غير مصنفة وغير متحققة,not_downloaded,unverified,not_eligible,Telegram preview supplies metadata only; download original and verify official provenance before indexing
robiai33,36,https://t.me/robiai33/41?single,29 مجموعة الاحكام القضائية.pdf,27.8 MB,2026-08-06T18:27:10+00:00,,,مادة قانونية غير مصنفة وغير متحققة,not_downloaded,unverified,not_eligible,Telegram preview supplies metadata only; download original and verify official provenance before indexing
robiai33,43,https://t.me/robiai33/43,تعميم_مبادئ_التمويل_المسئول_للأفراد.pdf,1.6 MB,2026-08-06T18:29:11+00:00,,,تعميم مرشح غير متحقق,not_downloaded,unverified,not_eligible,Telegram preview supplies metadata only; download original and verify official provenance before indexing
robiai33,44,https://t.me/robiai33/44,المختصر_للتعاميم_المهمة_في_التصنيف.pdf,615.8 KB,2026-08-06T18:30:44+00:00,,,مادة قانونية غير مصنفة وغير متحققة,not_downloaded,unverified,not_eligible,Telegram preview supplies metadata only; download original and verify official provenance before indexing
robiai33,45,https://t.me/robiai33/45,ملخص قرارت هيئة التدقيق مجتمعة.pdf,16.4 MB,2026-08-06T18:30:44+00:00,,,قرار مرشح غير متحقق,not_downloaded,unverified,not_eligible,Telegram preview supplies metadata only; download original and verify official provenance before indexing
robiai33,46,https://t.me/robiai33/46,1(1).pdf,9.1 MB,2026-08-06T18:30:44+00:00,,,مادة قانونية غير مصنفة وغير متحققة,not_downloaded,unverified,not_eligible,Telegram preview supplies metadata only; download original and verify official provenance before indexing
robiai33,47,https://t.me/robiai33/47,10.pdf,9.1 MB,2026-08-06T18:30:44+00:00,,,مادة قانونية غير مصنفة وغير متحققة,not_downloaded,unverified,not_eligible,Telegram preview supplies metadata only; download original and verify official provenance before indexing
robiai33,48,https://t.me/robiai33/48,11.pdf,10.1 MB,2026-08-06T18:30:44+00:00,,,مادة قانونية غير مصنفة وغير متحققة,not_downloaded,unverified,not_eligible,Telegram preview supplies metadata only; download original and verify official provenance before indexing
robiai33,49,https://t.me/robiai33/49,13.pdf,10.6 MB,2026-08-06T18:30:44+00:00,,/s/robiai33?after=49,مادة قانونية غير مصنفة وغير متحققة,not_downloaded,unverified,not_eligible,Telegram preview supplies metadata only; download original and verify official provenance before indexing
robiai33,50,https://t.me/robiai33/50,14.pdf,5.1 MB,2026-08-06T18:30:44+00:00,,,مادة قانونية غير مصنفة وغير متحققة,not_downloaded,unverified,not_eligible,Telegram preview supplies metadata only; download original and verify official provenance before indexing
robiai33,51,https://t.me/robiai33/51,9.pdf,8.7 MB,2026-08-06T18:30:44+00:00,,,مادة قانونية غير مصنفة وغير متحققة,not_downloaded,unverified,not_eligible,Telegram preview supplies metadata only; download original and verify official provenance before indexing
robiai33,52,https://t.me/robiai33/52,8.pdf,8.1 MB,2026-08-06T18:30:44+00:00,,,مادة قانونية غير مصنفة وغير متحققة,not_downloaded,unverified,not_eligible,Telegram preview supplies metadata only; download original and verify official provenance before indexing
robiai33,53,https://t.me/robiai33/53,6.pdf,7 MB,2026-08-06T18:30:44+00:00,,,مادة قانونية غير مصنفة وغير متحققة,not_downloaded,unverified,not_eligible,Telegram preview supplies metadata only; download original and verify official provenance before indexing
robiai33,54,https://t.me/robiai33/54,2.pdf,8.3 MB,2026-08-06T18:30:44+00:00,,,مادة قانونية غير مصنفة وغير متحققة,not_downloaded,unverified,not_eligible,Telegram preview supplies metadata only; download original and verify official provenance before indexing
robiai33,55,https://t.me/robiai33/55,3.pdf,7.7 MB,2026-08-06T18:30:45+00:00,,,مادة قانونية غير مصنفة وغير متحققة,not_downloaded,unverified,not_eligible,Telegram preview supplies metadata only; download original and verify official provenance before indexing
robiai33,56,https://t.me/robiai33/56,5.pdf,7.1 MB,2026-08-06T18:30:45+00:00,,,مادة قانونية غير مصنفة وغير متحققة,not_downloaded,unverified,not_eligible,Telegram preview supplies metadata only; download original and verify official provenance before indexing
robiai33,57,https://t.me/robiai33/57,قضايا حضانه.pdf,159.5 KB,2026-08-06T18:30:45+00:00,,,مادة قانونية غير مصنفة وغير متحققة,not_downloaded,unverified,not_eligible,Telegram preview supplies metadata only; download original and verify official provenance before indexing
robiai33,58,https://t.me/robiai33/58,دليل إجراءات قضايا غسل الاموال.pdf,1.5 MB,2026-08-06T18:30:56+00:00,,,مادة قانونية غير مصنفة وغير متحققة,not_downloaded,unverified,not_eligible,Telegram preview supplies metadata only; download original and verify official provenance before indexing
robiai33,59,https://t.me/robiai33/64?single,المنازعات_المصرفية_إجراءات_التقاضي.pdf,16 MB,2026-08-06T18:32:30+00:00,,,مادة قانونية غير مصنفة وغير متحققة,not_downloaded,unverified,not_eligible,Telegram preview supplies metadata only; download original and verify official provenance before indexing
robiai33,65,https://t.me/robiai33/65,حقوقي مكتمل.pdf,1.2 MB,2026-08-06T18:33:32+00:00,,,مادة قانونية غير مصنفة وغير متحققة,not_downloaded,unverified,not_eligible,Telegram preview supplies metadata only; download original and verify official provenance before indexing
robiai33,66,https://t.me/robiai33/66,تعميم_مبادئ_التمويل_المسئول_للأفراد.pdf,1.6 MB,2026-08-06T18:34:01+00:00,,,تعميم مرشح غير متحقق,not_downloaded,unverified,not_eligible,Telegram preview supplies metadata only; download original and verify official provenance before indexing
robiai33,67,https://t.me/robiai33/67?single,حكم إداري1.pdf,295.1 KB,2026-08-06T18:34:26+00:00,,/s/robiai33?after=69,حكم قضائي مرشح غير متحقق,not_downloaded,unverified,not_eligible,Telegram preview supplies metadata only; download original and verify official provenance before indexing
robiai33,67,https://t.me/robiai33/68?single,حكم إداري2.pdf,855 KB,2026-08-06T18:34:26+00:00,,/s/robiai33?after=69,حكم قضائي مرشح غير متحقق,not_downloaded,unverified,not_eligible,Telegram preview supplies metadata only; download original and verify official provenance before indexing
robiai33,67,https://t.me/robiai33/69?single,حكم إداري3.pdf,597.5 KB,2026-08-06T18:34:26+00:00,,/s/robiai33?after=69,حكم قضائي مرشح غير متحقق,not_downloaded,unverified,not_eligible,Telegram preview supplies metadata only; download original and verify official provenance before indexing
robiai33,70,https://t.me/robiai33/73?single,السوابق_القضائية_عبدالله_آل_خنين.pdf,405.5 KB,2026-08-06T18:38:38+00:00,,,سابقة قضائية مرشحة غير متحققة,not_downloaded,unverified,not_eligible,Telegram preview supplies metadata only; download original and verify official provenance before indexing
robiai33,70,https://t.me/robiai33/71?single,أسس_الملازمة_1440هـ_القاضي_عادل.pdf,3.1 MB,2026-08-06T18:38:38+00:00,,,مادة قانونية غير مصنفة وغير متحققة,not_downloaded,unverified,not_eligible,Telegram preview supplies metadata only; download original and verify official provenance before indexing
robiai33,70,https://t.me/robiai33/72?single,دليل الأسئلة العدليّة.pdf,624.1 KB,2026-08-06T18:38:38+00:00,,,مادة قانونية غير مصنفة وغير متحققة,not_downloaded,unverified,not_eligible,Telegram preview supplies metadata only; download original and verify official provenance before indexing
robiai33,70,https://t.me/robiai33/70?single,قواعد التسوية الودية العمالية.pdf,2.6 MB,2026-08-06T18:38:38+00:00,,,مادة قانونية غير مصنفة وغير متحققة,not_downloaded,unverified,not_eligible,Telegram preview supplies metadata only; download original and verify official provenance before indexing
robiai33,74,https://t.me/robiai33/74?single,تقريرات_محكمة_التمييز_الجزء_الأول.pdf,32.6 MB,2026-08-06T18:45:25+00:00,,,حكم قضائي مرشح غير متحقق,not_downloaded,unverified,not_eligible,Telegram preview supplies metadata only; download original and verify official provenance before indexing
robiai33,74,https://t.me/robiai33/75?single,تقريرات_محكمة_التمييز_الجزء_الثاني.pdf,22.6 MB,2026-08-06T18:45:25+00:00,,,حكم قضائي مرشح غير متحقق,not_downloaded,unverified,not_eligible,Telegram preview supplies metadata only; download original and verify official provenance before indexing
robiai33,76,https://t.me/robiai33/76?single,تقريرات محكمة الاستئناف.pdf,752.4 KB,2026-08-06T18:46:10+00:00,,,حكم قضائي مرشح غير متحقق,not_downloaded,unverified,not_eligible,Telegram preview supplies metadata only; download original and verify official provenance before indexing
robiai33,76,https://t.me/robiai33/77?single,تقريرات_محكمة_التمييز_الجزء_الأول.pdf,32.6 MB,2026-08-06T18:46:10+00:00,,,حكم قضائي مرشح غير متحقق,not_downloaded,unverified,not_eligible,Telegram preview supplies metadata only; download original and verify official provenance before indexing
robiai33,76,https://t.me/robiai33/78?single,تقريرات_محكمة_التمييز_الجزء_الثاني.pdf,22.6 MB,2026-08-06T18:46:10+00:00,,,حكم قضائي مرشح غير متحقق,not_downloaded,unverified,not_eligible,Telegram preview supplies metadata only; download original and verify official provenance before indexing
robiai33,79,https://t.me/robiai33/79,06_رشوة_موظف_عام_طلب_مبلغ_مالي_انعدام_الفائدة_من_الرشوة_دلائل.pdf,418.6 KB,2026-08-06T18:49:17+00:00,,,مادة قانونية غير مصنفة وغير متحققة,not_downloaded,unverified,not_eligible,Telegram preview supplies metadata only; download original and verify official provenance before indexing
robiai33,80,https://t.me/robiai33/80,عقد أشغال عامة.pdf,305.2 KB,2026-08-06T18:50:48+00:00,,,مادة قانونية غير مصنفة وغير متحققة,not_downloaded,unverified,not_eligible,Telegram preview supplies metadata only; download original and verify official provenance before indexing
robiai33,81,https://t.me/robiai33/81,عقد أشغال عامة1.pdf,245.4 KB,2026-08-06T18:50:48+00:00,,,مادة قانونية غير مصنفة وغير متحققة,not_downloaded,unverified,not_eligible,Telegram preview supplies metadata only; download original and verify official provenance before indexing
robiai33,82,https://t.me/robiai33/82,عقد أشغال عامة2.pdf,340.7 KB,2026-08-06T18:50:48+00:00,,,مادة قانونية غير مصنفة وغير متحققة,not_downloaded,unverified,not_eligible,Telegram preview supplies metadata only; download original and verify official provenance before indexing
robiai33,83,https://t.me/robiai33/83,عقد أشغال عامة3.pdf,311.4 KB,2026-08-06T18:50:48+00:00,,,مادة قانونية غير مصنفة وغير متحققة,not_downloaded,unverified,not_eligible,Telegram preview supplies metadata only; download original and verify official provenance before indexing
robiai33,84,https://t.me/robiai33/84,عقد أشغال عامة4.pdf,326.7 KB,2026-08-06T18:50:48+00:00,,,مادة قانونية غير مصنفة وغير متحققة,not_downloaded,unverified,not_eligible,Telegram preview supplies metadata only; download original and verify official provenance before indexing
robiai33,85,https://t.me/robiai33/85,عقد أشغال عامة5.pdf,345.7 KB,2026-08-06T18:50:48+00:00,,,مادة قانونية غير مصنفة وغير متحققة,not_downloaded,unverified,not_eligible,Telegram preview supplies metadata only; download original and verify official provenance before indexing
robiai33,86,https://t.me/robiai33/86,عقد أشغال عامة6.pdf,241 KB,2026-08-06T18:50:48+00:00,,,مادة قانونية غير مصنفة وغير متحققة,not_downloaded,unverified,not_eligible,Telegram preview supplies metadata only; download original and verify official provenance before indexing
robiai33,87,https://t.me/robiai33/87,عقد تشغيل وصيانة.pdf,402.3 KB,2026-08-06T18:50:48+00:00,,,مادة قانونية غير مصنفة وغير متحققة,not_downloaded,unverified,not_eligible,Telegram preview supplies metadata only; download original and verify official provenance before indexing
robiai33,88,https://t.me/robiai33/88,عقد تشغيل وصيانة1.pdf,320.1 KB,2026-08-06T18:50:48+00:00,,,مادة قانونية غير مصنفة وغير متحققة,not_downloaded,unverified,not_eligible,Telegram preview supplies metadata only; download original and verify official provenance before indexing
robiai33,89,https://t.me/robiai33/89,عقد تشغيل وصيانة2.pdf,383.1 KB,2026-08-06T18:50:48+00:00,,/s/robiai33?after=89,مادة قانونية غير مصنفة وغير متحققة,not_downloaded,unverified,not_eligible,Telegram preview supplies metadata only; download original and verify official provenance before indexing
robiai33,90,https://t.me/robiai33/90,عقد تشغيل وصيانة3.pdf,361.3 KB,2026-08-06T18:50:48+00:00,,,مادة قانونية غير مصنفة وغير متحققة,not_downloaded,unverified,not_eligible,Telegram preview supplies metadata only; download original and verify official provenance before indexing
robiai33,91,https://t.me/robiai33/91,عقد تقديم خدمات استشارية.pdf,437 KB,2026-08-06T18:50:48+00:00,,,مادة قانونية غير مصنفة وغير متحققة,not_downloaded,unverified,not_eligible,Telegram preview supplies metadata only; download original and verify official provenance before indexing
robiai33,92,https://t.me/robiai33/92,دعوى عقد سبق الفصل فيها.pdf,321.2 KB,2026-08-06T18:50:48+00:00,,,مادة قانونية غير مصنفة وغير متحققة,not_downloaded,unverified,not_eligible,Telegram preview supplies metadata only; download original and verify official provenance before indexing
robiai33,93,https://t.me/robiai33/93,دعوى عقد سبق الفصل فيها1.pdf,273 KB,2026-08-06T18:50:48+00:00,,,مادة قانونية غير مصنفة وغير متحققة,not_downloaded,unverified,not_eligible,Telegram preview supplies metadata only; download original and verify official provenance before indexing
robiai33,94,https://t.me/robiai33/94,دعوى عقد.pdf,287.5 KB,2026-08-06T18:50:48+00:00,,,مادة قانونية غير مصنفة وغير متحققة,not_downloaded,unverified,not_eligible,Telegram preview supplies metadata only; download original and verify official provenance before indexing
robiai33,95,https://t.me/robiai33/95,عقد إجارة.pdf,348.2 KB,2026-08-06T18:50:48+00:00,,,مادة قانونية غير مصنفة وغير متحققة,not_downloaded,unverified,not_eligible,Telegram preview supplies metadata only; download original and verify official provenance before indexing
robiai33,96,https://t.me/robiai33/96,عقد إجارة1.pdf,334.3 KB,2026-08-06T18:50:48+00:00,,,مادة قانونية غير مصنفة وغير متحققة,not_downloaded,unverified,not_eligible,Telegram preview supplies metadata only; download original and verify official provenance before indexing
robiai33,97,https://t.me/robiai33/97,عقد أداء خدمة.pdf,409.1 KB,2026-08-06T18:50:48+00:00,,,مادة قانونية غير مصنفة وغير متحققة,not_downloaded,unverified,not_eligible,Telegram preview supplies metadata only; download original and verify official provenance before indexing
robiai33,98,https://t.me/robiai33/98,عقد أداء خدمة1.pdf,359.9 KB,2026-08-06T18:50:48+00:00,,,مادة قانونية غير مصنفة وغير متحققة,not_downloaded,unverified,not_eligible,Telegram preview supplies metadata only; download original and verify official provenance before indexing
robiai33,99,https://t.me/robiai33/99,عقد إداري.pdf,365.2 KB,2026-08-06T18:50:48+00:00,,,مادة قانونية غير مصنفة وغير متحققة,not_downloaded,unverified,not_eligible,Telegram preview supplies metadata only; download original and verify official provenance before indexing
robiai33,100,https://t.me/robiai33/100,عقد استثمار وإيجار.pdf,237.3 KB,2026-08-06T18:50:49+00:00,,,مادة قانونية غير مصنفة وغير متحققة,not_downloaded,unverified,not_eligible,Telegram preview supplies metadata only; download original and verify official provenance before indexing
robiai33,101,https://t.me/robiai33/101,عقد استثمار.pdf,351.9 KB,2026-08-06T18:50:49+00:00,,,مادة قانونية غير مصنفة وغير متحققة,not_downloaded,unverified,not_eligible,Telegram preview supplies metadata only; download original and verify official provenance before indexing
robiai33,102,https://t.me/robiai33/102,عقد استثمار1.pdf,351.9 KB,2026-08-06T18:50:49+00:00,,,مادة قانونية غير مصنفة وغير متحققة,not_downloaded,unverified,not_eligible,Telegram preview supplies metadata only; download original and verify official provenance before indexing
robiai33,103,https://t.me/robiai33/103,عقد استثمار2.pdf,313.3 KB,2026-08-06T18:50:49+00:00,,,مادة قانونية غير مصنفة وغير متحققة,not_downloaded,unverified,not_eligible,Telegram preview supplies metadata only; download original and verify official provenance before indexing
robiai33,104,https://t.me/robiai33/104,عقد استثمار3.pdf,391.1 KB,2026-08-06T18:50:49+00:00,,,مادة قانونية غير مصنفة وغير متحققة,not_downloaded,unverified,not_eligible,Telegram preview supplies metadata only; download original and verify official provenance before indexing
robiai33,105,https://t.me/robiai33/105,عقد استثمار4.pdf,344.7 KB,2026-08-06T18:50:49+00:00,,,مادة قانونية غير مصنفة وغير متحققة,not_downloaded,unverified,not_eligible,Telegram preview supplies metadata only; download original and verify official provenance before indexing
robiai33,106,https://t.me/robiai33/106,عقد استثمار5.pdf,251.3 KB,2026-08-06T18:50:49+00:00,,,مادة قانونية غير مصنفة وغير متحققة,not_downloaded,unverified,not_eligible,Telegram preview supplies metadata only; download original and verify official provenance before indexing
robiai33,107,https://t.me/robiai33/107,عقد استثمار6.pdf,267.7 KB,2026-08-06T18:50:49+00:00,,,مادة قانونية غير مصنفة وغير متحققة,not_downloaded,unverified,not_eligible,Telegram preview supplies metadata only; download original and verify official provenance before indexing
robiai33,108,https://t.me/robiai33/108,عقد استثمار7.pdf,337 KB,2026-08-06T18:50:49+00:00,,,مادة قانونية غير مصنفة وغير متحققة,not_downloaded,unverified,not_eligible,Telegram preview supplies metadata only; download original and verify official provenance before indexing
robiai33,109,https://t.me/robiai33/109,عقد استثمار9.pdf,332.9 KB,2026-08-06T18:50:49+00:00,,/s/robiai33?after=109,مادة قانونية غير مصنفة وغير متحققة,not_downloaded,unverified,not_eligible,Telegram preview supplies metadata only; download original and verify official provenance before indexing
robiai33,110,https://t.me/robiai33/110,عقد استثمار10.pdf,378.9 KB,2026-08-06T18:50:49+00:00,,,مادة قانونية غير مصنفة وغير متحققة,not_downloaded,unverified,not_eligible,Telegram preview supplies metadata only; download original and verify official provenance before indexing
robiai33,111,https://t.me/robiai33/111,عقد استثمار11.pdf,307.5 KB,2026-08-06T18:50:49+00:00,,,مادة قانونية غير مصنفة وغير متحققة,not_downloaded,unverified,not_eligible,Telegram preview supplies metadata only; download original and verify official provenance before indexing
robiai33,112,https://t.me/robiai33/112,عقد استثمار12.pdf,326.8 KB,2026-08-06T18:50:49+00:00,,,مادة قانونية غير مصنفة وغير متحققة,not_downloaded,unverified,not_eligible,Telegram preview supplies metadata only; download original and verify official provenance before indexing
robiai33,113,https://t.me/robiai33/113,عقد استثمار13.pdf,517.7 KB,2026-08-06T18:50:49+00:00,,,مادة قانونية غير مصنفة وغير متحققة,not_downloaded,unverified,not_eligible,Telegram preview supplies metadata only; download original and verify official provenance before indexing
robiai33,114,https://t.me/robiai33/114,عقد استثمار14.pdf,259.3 KB,2026-08-06T18:50:49+00:00,,,مادة قانونية غير مصنفة وغير متحققة,not_downloaded,unverified,not_eligible,Telegram preview supplies metadata only; download original and verify official provenance before indexing
robiai33,115,https://t.me/robiai33/115,عقد استثمار16.pdf,299.3 KB,2026-08-06T18:50:49+00:00,,,مادة قانونية غير مصنفة وغير متحققة,not_downloaded,unverified,not_eligible,Telegram preview supplies metadata only; download original and verify official provenance before indexing
robiai33,116,https://t.me/robiai33/116,عقد استثمار17.pdf,258.1 KB,2026-08-06T18:50:49+00:00,,,مادة قانونية غير مصنفة وغير متحققة,not_downloaded,unverified,not_eligible,Telegram preview supplies metadata only; download original and verify official provenance before indexing
robiai33,117,https://t.me/robiai33/117,عقد استثمار18.pdf,305.7 KB,2026-08-06T18:50:49+00:00,,,مادة قانونية غير مصنفة وغير متحققة,not_downloaded,unverified,not_eligible,Telegram preview supplies metadata only; download original and verify official provenance before indexing
robiai33,118,https://t.me/robiai33/118,عقد استثمار20.pdf,242.5 KB,2026-08-06T18:50:49+00:00,,,مادة قانونية غير مصنفة وغير متحققة,not_downloaded,unverified,not_eligible,Telegram preview supplies metadata only; download original and verify official provenance before indexing
robiai33,119,https://t.me/robiai33/119,عقد استقمار21.pdf,412.8 KB,2026-08-06T18:50:49+00:00,,,مادة قانونية غير مصنفة وغير متحققة,not_downloaded,unverified,not_eligible,Telegram preview supplies metadata only; download original and verify official provenance before indexing
robiai33,120,https://t.me/robiai33/120,قرار_مجمع_الفقه_الإسلامي_بشأن_الظروف_الطارئة.pdf,9.2 MB,2026-08-06T18:54:27+00:00,,,قرار مرشح غير متحقق,not_downloaded,unverified,not_eligible,Telegram preview supplies metadata only; download original and verify official provenance before indexing
robiai33,121,https://t.me/robiai33/121,39_عقد_–_أشغال_عامة_–_مسؤولية_عقدية_التعويض_عن_تمديد_العقد_–_عدم.pdf,968.5 KB,2026-08-06T18:54:45+00:00,,,مادة قانونية غير مصنفة وغير متحققة,not_downloaded,unverified,not_eligible,Telegram preview supplies metadata only; download original and verify official provenance before indexing
robiai33,123,https://t.me/robiai33/123?single,PHOTO-2018-05-28-14-11-46.jpg,88.4 KB,2026-08-06T18:56:21+00:00,,,مادة قانونية غير مصنفة وغير متحققة,not_downloaded,unverified,not_eligible,Telegram preview supplies metadata only; download original and verify official provenance before indexing
robiai33,123,https://t.me/robiai33/124?single,PHOTO-2018-12-04-12-54-52.jpg,125.2 KB,2026-08-06T18:56:21+00:00,,,مادة قانونية غير مصنفة وغير متحققة,not_downloaded,unverified,not_eligible,Telegram preview supplies metadata only; download original and verify official provenance before indexing
robiai33,123,https://t.me/robiai33/125?single,PHOTO-2019-09-23-19-06-36.jpg,131.6 KB,2026-08-06T18:56:21+00:00,,,مادة قانونية غير مصنفة وغير متحققة,not_downloaded,unverified,not_eligible,Telegram preview supplies metadata only; download original and verify official provenance before indexing
robiai33,123,https://t.me/robiai33/126?single,PHOTO-2019-10-17-15-13-56.jpg,94.6 KB,2026-08-06T18:56:21+00:00,,,مادة قانونية غير مصنفة وغير متحققة,not_downloaded,unverified,not_eligible,Telegram preview supplies metadata only; download original and verify official provenance before indexing
robiai33,123,https://t.me/robiai33/127?single,PHOTO-2020-01-27-12-08-23.jpg,94.5 KB,2026-08-06T18:56:21+00:00,,,مادة قانونية غير مصنفة وغير متحققة,not_downloaded,unverified,not_eligible,Telegram preview supplies metadata only; download original and verify official provenance before indexing
robiai33,123,https://t.me/robiai33/128?single,PHOTO-2020-03-18-13-41-19.jpg,94.5 KB,2026-08-06T18:56:21+00:00,,,مادة قانونية غير مصنفة وغير متحققة,not_downloaded,unverified,not_eligible,Telegram preview supplies metadata only; download original and verify official provenance before indexing
robiai33,129,https://t.me/robiai33/129,القواعد_الفقهية_المتعلقة_بالقضايا.pdf,66.6 KB,2026-08-06T18:58:33+00:00,,/s/robiai33?after=129,مادة قانونية غير مصنفة وغير متحققة,not_downloaded,unverified,not_eligible,Telegram preview supplies metadata only; download original and verify official provenance before indexing
robiai33,130,https://t.me/robiai33/130?single,تظلم من قرار (1).pdf,224.3 KB,2026-08-06T19:00:00+00:00,,,قرار مرشح غير متحقق,not_downloaded,unverified,not_eligible,Telegram preview supplies metadata only; download original and verify official provenance before indexing
robiai33,130,https://t.me/robiai33/131?single,تظلم من قرار (2).pdf,240.3 KB,2026-08-06T19:00:00+00:00,,,قرار مرشح غير متحقق,not_downloaded,unverified,not_eligible,Telegram preview supplies metadata only; download original and verify official provenance before indexing
robiai33,130,https://t.me/robiai33/132?single,تظلم من قرار (3).pdf,165.8 KB,2026-08-06T19:00:00+00:00,,,قرار مرشح غير متحقق,not_downloaded,unverified,not_eligible,Telegram preview supplies metadata only; download original and verify official provenance before indexing
robiai33,130,https://t.me/robiai33/133?single,تظلم من قرار (4).pdf,200.6 KB,2026-08-06T19:00:00+00:00,,,قرار مرشح غير متحقق,not_downloaded,unverified,not_eligible,Telegram preview supplies metadata only; download original and verify official provenance before indexing
robiai33,130,https://t.me/robiai33/134?single,تظلم من قرار (5).pdf,195.8 KB,2026-08-06T19:00:00+00:00,,,قرار مرشح غير متحقق,not_downloaded,unverified,not_eligible,Telegram preview supplies metadata only; download original and verify official provenance before indexing
robiai33,130,https://t.me/robiai33/135?single,تظلم من قرار (6).pdf,219.5 KB,2026-08-06T19:00:00+00:00,,,قرار مرشح غير متحقق,not_downloaded,unverified,not_eligible,Telegram preview supplies metadata only; download original and verify official provenance before indexing
robiai33,130,https://t.me/robiai33/136?single,تظلم من قرار (7).pdf,265 KB,2026-08-06T19:00:00+00:00,,,قرار مرشح غير متحقق,not_downloaded,unverified,not_eligible,Telegram preview supplies metadata only; download original and verify official provenance before indexing
robiai33,137,https://t.me/robiai33/137,أعمال الوساطة بدون ترخيص (1).pdf,198 KB,2026-08-06T19:00:29+00:00,,,مادة قانونية غير مصنفة وغير متحققة,not_downloaded,unverified,not_eligible,Telegram preview supplies metadata only; download original and verify official provenance before indexing
robiai33,138,https://t.me/robiai33/138,أعمال الوساطة بدون ترخيص (2).pdf,205.5 KB,2026-08-06T19:00:29+00:00,,,مادة قانونية غير مصنفة وغير متحققة,not_downloaded,unverified,not_eligible,Telegram preview supplies metadata only; download original and verify official provenance before indexing
robiai33,139,https://t.me/robiai33/139,أعمال الوساطة بدون ترخيص (3).pdf,178.5 KB,2026-08-06T19:00:29+00:00,,,مادة قانونية غير مصنفة وغير متحققة,not_downloaded,unverified,not_eligible,Telegram preview supplies metadata only; download original and verify official provenance before indexing
robiai33,140,https://t.me/robiai33/140,أعمال الوساطة بدون ترخيص (4).pdf,202.7 KB,2026-08-06T19:00:29+00:00,,,مادة قانونية غير مصنفة وغير متحققة,not_downloaded,unverified,not_eligible,Telegram preview supplies metadata only; download original and verify official provenance before indexing
robiai33,141,https://t.me/robiai33/141,أعمال الوساطة بدون ترخيص (5).pdf,218 KB,2026-08-06T19:00:29+00:00,,,مادة قانونية غير مصنفة وغير متحققة,not_downloaded,unverified,not_eligible,Telegram preview supplies metadata only; download original and verify official provenance before indexing
robiai33,142,https://t.me/robiai33/142,أعمال الوساطة بدون ترخيص (6).pdf,199.4 KB,2026-08-06T19:00:29+00:00,,,مادة قانونية غير مصنفة وغير متحققة,not_downloaded,unverified,not_eligible,Telegram preview supplies metadata only; download original and verify official provenance before indexing
robiai33,143,https://t.me/robiai33/143,أعمال الوساطة بدون ترخيص.pdf,169.1 KB,2026-08-06T19:00:29+00:00,,,مادة قانونية غير مصنفة وغير متحققة,not_downloaded,unverified,not_eligible,Telegram preview supplies metadata only; download original and verify official provenance before indexing
robiai33,144,https://t.me/robiai33/144,التأخر في تخصيص أسهم.pdf,191.7 KB,2026-08-06T19:00:29+00:00,,,مادة قانونية غير مصنفة وغير متحققة,not_downloaded,unverified,not_eligible,Telegram preview supplies metadata only; download original and verify official provenance before indexing
robiai33,145,https://t.me/robiai33/145,التأخر_في_تخصيص_قيمة_أرباح_أوراق.pdf,186.7 KB,2026-08-06T19:00:29+00:00,,,مادة قانونية غير مصنفة وغير متحققة,not_downloaded,unverified,not_eligible,Telegram preview supplies metadata only; download original and verify official provenance before indexing
robiai33,146,https://t.me/robiai33/146,المنع من التصرف في أسهم.pdf,157.1 KB,2026-08-06T19:00:29+00:00,,,مادة قانونية غير مصنفة وغير متحققة,not_downloaded,unverified,not_eligible,Telegram preview supplies metadata only; download original and verify official provenance before indexing
robiai33,147,https://t.me/robiai33/147,بيع أسهم حقوق أولية.pdf,173 KB,2026-08-06T19:00:29+00:00,,,مادة قانونية غير مصنفة وغير متحققة,not_downloaded,unverified,not_eligible,Telegram preview supplies metadata only; download original and verify official provenance before indexing
robiai33,148,https://t.me/robiai33/148,صفقة أوراق مالية بدون إذن.pdf,174.3 KB,2026-08-06T19:00:29+00:00,,,مادة قانونية غير مصنفة وغير متحققة,not_downloaded,unverified,not_eligible,Telegram preview supplies metadata only; download original and verify official provenance before indexing
robiai33,149,https://t.me/robiai33/149,عدم التصرف في أسهم (1).pdf,161 KB,2026-08-06T19:00:30+00:00,,,مادة قانونية غير مصنفة وغير متحققة,not_downloaded,unverified,not_eligible,Telegram preview supplies metadata only; download original and verify official provenance before indexing
robiai33,150,https://t.me/robiai33/150,عدم التصرف في أسهم (2).pdf,153.5 KB,2026-08-06T19:00:30+00:00,,,مادة قانونية غير مصنفة وغير متحققة,not_downloaded,unverified,not_eligible,Telegram preview supplies metadata only; download original and verify official provenance before indexing
robiai33,151,https://t.me/robiai33/151,عدم التصرف في أسهم (3).pdf,163.9 KB,2026-08-06T19:00:30+00:00,,,مادة قانونية غير مصنفة وغير متحققة,not_downloaded,unverified,not_eligible,Telegram preview supplies metadata only; download original and verify official provenance before indexing
robiai33,152,https://t.me/robiai33/152,عدم التصرف في أسهم (4).pdf,191.6 KB,2026-08-06T19:00:30+00:00,,,مادة قانونية غير مصنفة وغير متحققة,not_downloaded,unverified,not_eligible,Telegram preview supplies metadata only; download original and verify official provenance before indexing
robiai33,153,https://t.me/robiai33/153,عقود استثمارية في السوق المالية.pdf,185.5 KB,2026-08-06T19:00:30+00:00,,,مادة قانونية غير مصنفة وغير متحققة,not_downloaded,unverified,not_eligible,Telegram preview supplies metadata only; download original and verify official provenance before indexing
robiai33,154,https://t.me/robiai33/154,عقود خاصة.pdf,166.9 KB,2026-08-06T19:00:30+00:00,,,مادة قانونية غير مصنفة وغير متحققة,not_downloaded,unverified,not_eligible,Telegram preview supplies metadata only; download original and verify official provenance before indexing
robiai33,155,https://t.me/robiai33/155,أحكام لجنة الأوراق التجارية.pdf,3.7 MB,2026-08-06T19:00:30+00:00,,/s/robiai33?after=155,مادة قانونية غير مصنفة وغير متحققة,not_downloaded,unverified,not_eligible,Telegram preview supplies metadata only; download original and verify official provenance before indexing
robiai33,156,https://t.me/robiai33/156,30تأديب_–_التحرش_–_الحرمان_من_علاوة.pdf,569 KB,2026-08-06T19:01:54+00:00,,,مادة قانونية غير مصنفة وغير متحققة,not_downloaded,unverified,not_eligible,Telegram preview supplies metadata only; download original and verify official provenance before indexing
robiai33,157,https://t.me/robiai33/157,عدم_اختصاص_ولائي_مقاولة_بلا_توريد.pdf,419.5 KB,2026-08-06T19:04:34+00:00,,,مادة قانونية غير مصنفة وغير متحققة,not_downloaded,unverified,not_eligible,Telegram preview supplies metadata only; download original and verify official provenance before indexing
robiai33,158,https://t.me/robiai33/158,عدم_اختصاص_ولائي_كفالة_كفالة_غير.pdf,442.6 KB,2026-08-06T19:04:34+00:00,,,مادة قانونية غير مصنفة وغير متحققة,not_downloaded,unverified,not_eligible,Telegram preview supplies metadata only; download original and verify official provenance before indexing
robiai33,159,https://t.me/robiai33/159,عدم_اختصاص_ولائي_عمل_غير_تجاري.pdf,411.7 KB,2026-08-06T19:04:34+00:00,,,مادة قانونية غير مصنفة وغير متحققة,not_downloaded,unverified,not_eligible,Telegram preview supplies metadata only; download original and verify official provenance before indexing
robiai33,160,https://t.me/robiai33/160,عدم_اختصاص_ولائي_عقار_مقاولة_إنشاء.pdf,409.4 KB,2026-08-06T19:04:34+00:00,,,مادة قانونية غير مصنفة وغير متحققة,not_downloaded,unverified,not_eligible,Telegram preview supplies metadata only; download original and verify official provenance before indexing
robiai33,161,https://t.me/robiai33/161,عدم_اختصاص_ولائي_عقار_شراكة_في.pdf,427.1 KB,2026-08-06T19:04:34+00:00,,,مادة قانونية غير مصنفة وغير متحققة,not_downloaded,unverified,not_eligible,Telegram preview supplies metadata only; download original and verify official provenance before indexing
robiai33,162,https://t.me/robiai33/162,عدم_اختصاص_ولائي_عقار_إجار_عقار.pdf,425.3 KB,2026-08-06T19:04:34+00:00,,,مادة قانونية غير مصنفة وغير متحققة,not_downloaded,unverified,not_eligible,Telegram preview supplies metadata only; download original and verify official provenance before indexing
robiai33,163,https://t.me/robiai33/163,عدم_اختصاص_ولائي_طلب_إعادة_أسهم.pdf,448.3 KB,2026-08-06T19:04:34+00:00,,,مادة قانونية غير مصنفة وغير متحققة,not_downloaded,unverified,not_eligible,Telegram preview supplies metadata only; download original and verify official provenance before indexing
robiai33,164,https://t.me/robiai33/164,عدم اختصاص ولائي - صفة التاجر.pdf,399.2 KB,2026-08-06T19:04:34+00:00,,,مادة قانونية غير مصنفة وغير متحققة,not_downloaded,unverified,not_eligible,Telegram preview supplies metadata only; download original and verify official provenance before indexing
robiai33,165,https://t.me/robiai33/165,عدم_اختصاص_ولائي_صفة_التاجر_العمل.pdf,429.6 KB,2026-08-06T19:04:34+00:00,,,مادة قانونية غير مصنفة وغير متحققة,not_downloaded,unverified,not_eligible,Telegram preview supplies metadata only; download original and verify official provenance before indexing
robiai33,166,https://t.me/robiai33/166,عدم_اختصاص_ولائي_أوراق_تجارية.pdf,449.1 KB,2026-08-06T19:04:34+00:00,,,مادة قانونية غير مصنفة وغير متحققة,not_downloaded,unverified,not_eligible,Telegram preview supplies metadata only; download original and verify official provenance before indexing
robiai33,167,https://t.me/robiai33/167,عدم_اختصاص_ولائي_أعمال_زراعية.pdf,436.3 KB,2026-08-06T19:04:34+00:00,,,مادة قانونية غير مصنفة وغير متحققة,not_downloaded,unverified,not_eligible,Telegram preview supplies metadata only; download original and verify official provenance before indexing
robiai33,168,https://t.me/robiai33/168,عدم_اختصاص_ولائي_أعمال_زراعية.pdf,387.9 KB,2026-08-06T19:04:34+00:00,,,مادة قانونية غير مصنفة وغير متحققة,not_downloaded,unverified,not_eligible,Telegram preview supplies metadata only; download original and verify official provenance before indexing
robiai33,169,https://t.me/robiai33/169,عدم_اختصاص_مكاني_حكم_غيابي_إلغاء.pdf,409.6 KB,2026-08-06T19:04:35+00:00,,,حكم قضائي مرشح غير متحقق,not_downloaded,unverified,not_eligible,Telegram preview supplies metadata only; download original and verify official provenance before indexing
robiai33,170,https://t.me/robiai33/170,شركة_عقد_مضاربة_إثبات_شراكة_قرائن.pdf,468.5 KB,2026-08-06T19:04:35+00:00,,,مادة قانونية غير مصنفة وغير متحققة,not_downloaded,unverified,not_eligible,Telegram preview supplies metadata only; download original and verify official provenance before indexing
robiai33,171,https://t.me/robiai33/171,شركة_اكتتاب_أسهم_أرباح_سداد_قيمة.pdf,458.8 KB,2026-08-06T19:04:35+00:00,,,مادة قانونية غير مصنفة وغير متحققة,not_downloaded,unverified,not_eligible,Telegram preview supplies metadata only; download original and verify official provenance before indexing
robiai33,172,https://t.me/robiai33/172,شركة_إثبات_شراكة_طرق_الإثبات_يمين.pdf,392.5 KB,2026-08-06T19:04:35+00:00,,,مادة قانونية غير مصنفة وغير متحققة,not_downloaded,unverified,not_eligible,Telegram preview supplies metadata only; download original and verify official provenance before indexing
robiai33,173,https://t.me/robiai33/173,شركة_مضاربة_مخالفة_اتفاق_المضاربة.pdf,460.1 KB,2026-08-06T19:04:35+00:00,,,مادة قانونية غير مصنفة وغير متحققة,not_downloaded,unverified,not_eligible,Telegram preview supplies metadata only; download original and verify official provenance before indexing
robiai33,174,https://t.me/robiai33/174,مجموعة الاحكام القضائية ١٤٣٥ ج١.pdf,12.4 MB,2026-08-06T19:04:35+00:00,,,مادة قانونية غير مصنفة وغير متحققة,not_downloaded,unverified,not_eligible,Telegram preview supplies metadata only; download original and verify official provenance before indexing
robiai33,175,https://t.me/robiai33/175,مجموعة_الاحكام_القضائية_١٤٣٥_ج٢.pdf,8.3 MB,2026-08-06T19:04:35+00:00,,/s/robiai33?after=175,مادة قانونية غير مصنفة وغير متحققة,not_downloaded,unverified,not_eligible,Telegram preview supplies metadata only; download original and verify official provenance before indexing
robiai33,176,https://t.me/robiai33/176,مجموعة الاحكام القضائية ١٤٣٥ ج٣.pdf,7.7 MB,2026-08-06T19:04:35+00:00,,,مادة قانونية غير مصنفة وغير متحققة,not_downloaded,unverified,not_eligible,Telegram preview supplies metadata only; download original and verify official provenance before indexing
robiai33,177,https://t.me/robiai33/177,مجموعة الاحكام القضائية ١٤٣٥ ج٤.pdf,8.1 MB,2026-08-06T19:04:35+00:00,,,مادة قانونية غير مصنفة وغير متحققة,not_downloaded,unverified,not_eligible,Telegram preview supplies metadata only; download original and verify official provenance before indexing
robiai33,178,https://t.me/robiai33/178,مجموعة الاحكام القضائية ١٤٣٥ ج٥.pdf,7.1 MB,2026-08-06T19:04:35+00:00,,,مادة قانونية غير مصنفة وغير متحققة,not_downloaded,unverified,not_eligible,Telegram preview supplies metadata only; download original and verify official provenance before indexing
robiai33,179,https://t.me/robiai33/179,مجموعة الاحكام القضائية ١٤٣٥ ج٦.pdf,7 MB,2026-08-06T19:04:35+00:00,,,مادة قانونية غير مصنفة وغير متحققة,not_downloaded,unverified,not_eligible,Telegram preview supplies metadata only; download original and verify official provenance before indexing
robiai33,180,https://t.me/robiai33/180,مجموعة الاحكام القضائية ١٤٣٥ ج٧.pdf,7.1 MB,2026-08-06T19:04:35+00:00,,,مادة قانونية غير مصنفة وغير متحققة,not_downloaded,unverified,not_eligible,Telegram preview supplies metadata only; download original and verify official provenance before indexing
robiai33,181,https://t.me/robiai33/181,مجموعة الاحكام القضائية ١٤٣٥ ج٨.pdf,8.1 MB,2026-08-06T19:04:35+00:00,,,مادة قانونية غير مصنفة وغير متحققة,not_downloaded,unverified,not_eligible,Telegram preview supplies metadata only; download original and verify official provenance before indexing
robiai33,182,https://t.me/robiai33/182,مجموعة الاحكام القضائية ١٤٣٥ ج٩.pdf,8.7 MB,2026-08-06T19:04:35+00:00,,,مادة قانونية غير مصنفة وغير متحققة,not_downloaded,unverified,not_eligible,Telegram preview supplies metadata only; download original and verify official provenance before indexing
robiai33,183,https://t.me/robiai33/183,مجموعة_الاحكام_القضائية_١٤٣٥_ج١٠.pdf,9.1 MB,2026-08-06T19:04:35+00:00,,,مادة قانونية غير مصنفة وغير متحققة,not_downloaded,unverified,not_eligible,Telegram preview supplies metadata only; download original and verify official provenance before indexing
robiai33,184,https://t.me/robiai33/184,مجموعة_الاحكام_القضائية_١٤٣٥_ج١١.pdf,10.1 MB,2026-08-06T19:04:35+00:00,,,مادة قانونية غير مصنفة وغير متحققة,not_downloaded,unverified,not_eligible,Telegram preview supplies metadata only; download original and verify official provenance before indexing
robiai33,185,https://t.me/robiai33/185,مجموعة_الاحكام_القضائية_١٤٣٥_ج١٢.pdf,10 MB,2026-08-06T19:04:35+00:00,,,مادة قانونية غير مصنفة وغير متحققة,not_downloaded,unverified,not_eligible,Telegram preview supplies metadata only; download original and verify official provenance before indexing
robiai33,186,https://t.me/robiai33/186,مجموعة_الاحكام_القضائية_١٤٣٥_ج١٣.pdf,10.6 MB,2026-08-06T19:04:35+00:00,,,مادة قانونية غير مصنفة وغير متحققة,not_downloaded,unverified,not_eligible,Telegram preview supplies metadata only; download original and verify official provenance before indexing
robiai33,187,https://t.me/robiai33/187,مجموعة_الاحكام_القضائية_١٤٣٥_ج١٤.pdf,5.1 MB,2026-08-06T19:04:35+00:00,,,مادة قانونية غير مصنفة وغير متحققة,not_downloaded,unverified,not_eligible,Telegram preview supplies metadata only; download original and verify official provenance before indexing
robiai33,188,https://t.me/robiai33/188,الأحكام_والمبادئ_التجارية_للأعوام.pdf,41.6 MB,2026-08-06T19:04:35+00:00,,,مبدأ قضائي مرشح غير متحقق,not_downloaded,unverified,not_eligible,Telegram preview supplies metadata only; download original and verify official provenance before indexing
robiai33,189,https://t.me/robiai33/189,الأحكام_والمبادئ_التجارية_للأعوام.pdf,18.6 MB,2026-08-06T19:04:35+00:00,,,مبدأ قضائي مرشح غير متحقق,not_downloaded,unverified,not_eligible,Telegram preview supplies metadata only; download original and verify official provenance before indexing
robiai33,190,https://t.me/robiai33/190,الأحكام_والمبادئ_التجارية_للأعوام.pdf,21.1 MB,2026-08-06T19:04:35+00:00,,,مبدأ قضائي مرشح غير متحقق,not_downloaded,unverified,not_eligible,Telegram preview supplies metadata only; download original and verify official provenance before indexing
robiai33,191,https://t.me/robiai33/191,الأحكام_والمبادئ_التجارية_للأعوام.pdf,24.2 MB,2026-08-06T19:04:35+00:00,,,مبدأ قضائي مرشح غير متحقق,not_downloaded,unverified,not_eligible,Telegram preview supplies metadata only; download original and verify official provenance before indexing
robiai33,192,https://t.me/robiai33/192,الأحكام_والمبادئ_التجارية_للأعوام.pdf,20 MB,2026-08-06T19:04:35+00:00,,,مبدأ قضائي مرشح غير متحقق,not_downloaded,unverified,not_eligible,Telegram preview supplies metadata only; download original and verify official provenance before indexing
robiai33,193,https://t.me/robiai33/193,مبادئ المحكمة العليا.pdf,7.8 MB,2026-08-06T19:04:36+00:00,,,مبدأ قضائي مرشح غير متحقق,not_downloaded,unverified,not_eligible,Telegram preview supplies metadata only; download original and verify official provenance before indexing
robiai33,194,https://t.me/robiai33/194,إثبات النسب.pdf,90.4 KB,2026-08-06T19:04:36+00:00,,,مادة قانونية غير مصنفة وغير متحققة,not_downloaded,unverified,not_eligible,Telegram preview supplies metadata only; download original and verify official provenance before indexing
robiai33,195,https://t.me/robiai33/195,إذن_جديد_بعد_الطلاق_وحصول_البينونة.pdf,88.1 KB,2026-08-06T19:04:36+00:00,,/s/robiai33?after=195,مادة قانونية غير مصنفة وغير متحققة,not_downloaded,unverified,not_eligible,Telegram preview supplies metadata only; download original and verify official provenance before indexing
robiai33,196,https://t.me/robiai33/196,تعميم_اتفاقية_الرياض_العربية_للتعاون.pdf,877.8 KB,2026-08-06T19:04:36+00:00,,,تعميم مرشح غير متحقق,not_downloaded,unverified,not_eligible,Telegram preview supplies metadata only; download original and verify official provenance before indexing
robiai33,197,https://t.me/robiai33/197,تعميم الحضانة.pdf,89.9 KB,2026-08-06T19:04:36+00:00,,,تعميم مرشح غير متحقق,not_downloaded,unverified,not_eligible,Telegram preview supplies metadata only; download original and verify official provenance before indexing
robiai33,198,https://t.me/robiai33/198,5.pdf,7.1 MB,2026-08-06T19:05:14+00:00,,,مادة قانونية غير مصنفة وغير متحققة,not_downloaded,unverified,not_eligible,Telegram preview supplies metadata only; download original and verify official provenance before indexing
robiai33,199,https://t.me/robiai33/199,4.pdf,8.1 MB,2026-08-06T19:05:14+00:00,,,مادة قانونية غير مصنفة وغير متحققة,not_downloaded,unverified,not_eligible,Telegram preview supplies metadata only; download original and verify official provenance before indexing
robiai33,200,https://t.me/robiai33/200,7.pdf,7.1 MB,2026-08-06T19:05:14+00:00,,,مادة قانونية غير مصنفة وغير متحققة,not_downloaded,unverified,not_eligible,Telegram preview supplies metadata only; download original and verify official provenance before indexing
robiai33,201,https://t.me/robiai33/201,8.pdf,8.1 MB,2026-08-06T19:05:14+00:00,,,مادة قانونية غير مصنفة وغير متحققة,not_downloaded,unverified,not_eligible,Telegram preview supplies metadata only; download original and verify official provenance before indexing
robiai33,202,https://t.me/robiai33/202,9.pdf,8.7 MB,2026-08-06T19:05:14+00:00,,,مادة قانونية غير مصنفة وغير متحققة,not_downloaded,unverified,not_eligible,Telegram preview supplies metadata only; download original and verify official provenance before indexing
robiai33,203,https://t.me/robiai33/203,10.pdf,9.1 MB,2026-08-06T19:05:14+00:00,,,مادة قانونية غير مصنفة وغير متحققة,not_downloaded,unverified,not_eligible,Telegram preview supplies metadata only; download original and verify official provenance before indexing
robiai33,204,https://t.me/robiai33/204,11.pdf,10.1 MB,2026-08-06T19:05:15+00:00,,,مادة قانونية غير مصنفة وغير متحققة,not_downloaded,unverified,not_eligible,Telegram preview supplies metadata only; download original and verify official provenance before indexing
robiai33,205,https://t.me/robiai33/205,13.pdf,10.6 MB,2026-08-06T19:05:15+00:00,,,مادة قانونية غير مصنفة وغير متحققة,not_downloaded,unverified,not_eligible,Telegram preview supplies metadata only; download original and verify official provenance before indexing
robiai33,206,https://t.me/robiai33/206,14.pdf,5.1 MB,2026-08-06T19:05:15+00:00,,,مادة قانونية غير مصنفة وغير متحققة,not_downloaded,unverified,not_eligible,Telegram preview supplies metadata only; download original and verify official provenance before indexing
robiai33,207,https://t.me/robiai33/207,أحكام لجنة الأوراق التجارية.pdf,3.7 MB,2026-08-06T19:05:15+00:00,,,مادة قانونية غير مصنفة وغير متحققة,not_downloaded,unverified,not_eligible,Telegram preview supplies metadata only; download original and verify official provenance before indexing
robiai33,208,https://t.me/robiai33/208,المجلد_الأول_القرارات_و_المبادئ.pdf,62.1 MB,2026-08-06T19:05:15+00:00,,,مبدأ قضائي مرشح غير متحقق,not_downloaded,unverified,not_eligible,Telegram preview supplies metadata only; download original and verify official provenance before indexing
robiai33,209,https://t.me/robiai33/209,المجلد_الثالث_القرارات_و_المبادئ.pdf,49.9 MB,2026-08-06T19:05:15+00:00,,,مبدأ قضائي مرشح غير متحقق,not_downloaded,unverified,not_eligible,Telegram preview supplies metadata only; download original and verify official provenance before indexing
robiai33,210,https://t.me/robiai33/210,المجلد_الثاني_القرارات_و_المبادئ.pdf,50.5 MB,2026-08-06T19:05:15+00:00,,,مبدأ قضائي مرشح غير متحقق,not_downloaded,unverified,not_eligible,Telegram preview supplies metadata only; download original and verify official provenance before indexing
robiai33,211,https://t.me/robiai33/211,المجلد_الرابع_القرارات_و_المبادئ.pdf,38.9 MB,2026-08-06T19:05:15+00:00,,,مبدأ قضائي مرشح غير متحقق,not_downloaded,unverified,not_eligible,Telegram preview supplies metadata only; download original and verify official provenance before indexing
robiai33,212,https://t.me/robiai33/212,مجلد_المبادئ_القرارات_و_المبادئ.pdf,26.5 MB,2026-08-06T19:05:15+00:00,,,مبدأ قضائي مرشح غير متحقق,not_downloaded,unverified,not_eligible,Telegram preview supplies metadata only; download original and verify official provenance before indexing
robiai33,213,https://t.me/robiai33/213,2_قرار_إداري_سلبي_امتناع_عن_إحالة.pdf,394.6 KB,2026-08-06T19:05:15+00:00,,,قرار مرشح غير متحقق,not_downloaded,unverified,not_eligible,Telegram preview supplies metadata only; download original and verify official provenance before indexing
robiai33,214,https://t.me/robiai33/214,24_قرار_إداري_سلبي_امتناع_عن_تعيين.pdf,390.4 KB,2026-08-06T19:05:15+00:00,,,قرار مرشح غير متحقق,not_downloaded,unverified,not_eligible,Telegram preview supplies metadata only; download original and verify official provenance before indexing
robiai33,215,https://t.me/robiai33/215,36_قرار_إداري_سلبي_امتناع_عن_الفسح.pdf,452.7 KB,2026-08-06T19:05:15+00:00,,/s/robiai33?after=215,قرار مرشح غير متحقق,not_downloaded,unverified,not_eligible,Telegram preview supplies metadata only; download original and verify official provenance before indexing
robiai33,216,https://t.me/robiai33/216?single,1.pdf,191.7 KB,2026-08-06T19:06:34+00:00,,,مادة قانونية غير مصنفة وغير متحققة,not_downloaded,unverified,not_eligible,Telegram preview supplies metadata only; download original and verify official provenance before indexing
robiai33,216,https://t.me/robiai33/225?single,10.pdf,164.4 KB,2026-08-06T19:06:34+00:00,,,مادة قانونية غير مصنفة وغير متحققة,not_downloaded,unverified,not_eligible,Telegram preview supplies metadata only; download original and verify official provenance before indexing
robiai33,216,https://t.me/robiai33/217?single,2.pdf,160.7 KB,2026-08-06T19:06:34+00:00,,,مادة قانونية غير مصنفة وغير متحققة,not_downloaded,unverified,not_eligible,Telegram preview supplies metadata only; download original and verify official provenance before indexing
robiai33,216,https://t.me/robiai33/218?single,3.pdf,160.5 KB,2026-08-06T19:06:34+00:00,,,مادة قانونية غير مصنفة وغير متحققة,not_downloaded,unverified,not_eligible,Telegram preview supplies metadata only; download original and verify official provenance before indexing
robiai33,216,https://t.me/robiai33/219?single,4.pdf,361 KB,2026-08-06T19:06:34+00:00,,,مادة قانونية غير مصنفة وغير متحققة,not_downloaded,unverified,not_eligible,Telegram preview supplies metadata only; download original and verify official provenance before indexing
robiai33,216,https://t.me/robiai33/220?single,5.pdf,201.2 KB,2026-08-06T19:06:34+00:00,,,مادة قانونية غير مصنفة وغير متحققة,not_downloaded,unverified,not_eligible,Telegram preview supplies metadata only; download original and verify official provenance before indexing
robiai33,216,https://t.me/robiai33/221?single,6.pdf,186.1 KB,2026-08-06T19:06:34+00:00,,,مادة قانونية غير مصنفة وغير متحققة,not_downloaded,unverified,not_eligible,Telegram preview supplies metadata only; download original and verify official provenance before indexing
robiai33,216,https://t.me/robiai33/222?single,7.pdf,183.2 KB,2026-08-06T19:06:34+00:00,,,مادة قانونية غير مصنفة وغير متحققة,not_downloaded,unverified,not_eligible,Telegram preview supplies metadata only; download original and verify official provenance before indexing
robiai33,216,https://t.me/robiai33/223?single,8.pdf,163.6 KB,2026-08-06T19:06:34+00:00,,,مادة قانونية غير مصنفة وغير متحققة,not_downloaded,unverified,not_eligible,Telegram preview supplies metadata only; download original and verify official provenance before indexing
robiai33,216,https://t.me/robiai33/224?single,9.pdf,171.9 KB,2026-08-06T19:06:34+00:00,,,مادة قانونية غير مصنفة وغير متحققة,not_downloaded,unverified,not_eligible,Telegram preview supplies metadata only; download original and verify official provenance before indexing
robiai33,226,https://t.me/robiai33/226,سوابق_قضائية_في_جرائم_معلوماتية.pdf,12.2 MB,2026-08-06T19:07:17+00:00,,,سابقة قضائية مرشحة غير متحققة,not_downloaded,unverified,not_eligible,Telegram preview supplies metadata only; download original and verify official provenance before indexing
robiai33,227,https://t.me/robiai33/227,سفاري.pdf,26.7 MB,2026-08-06T19:11:49+00:00,,,مادة قانونية غير مصنفة وغير متحققة,not_downloaded,unverified,not_eligible,Telegram preview supplies metadata only; download original and verify official provenance before indexing
robiai33,228,https://t.me/robiai33/228,سفاري.pdf,4 MB,2026-08-06T19:11:59+00:00,,,مادة قانونية غير مصنفة وغير متحققة,not_downloaded,unverified,not_eligible,Telegram preview supplies metadata only; download original and verify official provenance before indexing
robiai33,229,https://t.me/robiai33/229,file.pdf,3.7 MB,2026-08-06T19:12:37+00:00,,,مادة قانونية غير مصنفة وغير متحققة,not_downloaded,unverified,not_eligible,Telegram preview supplies metadata only; download original and verify official provenance before indexing
robiai33,230,https://t.me/robiai33/230,100.pdf,6.6 MB,2026-08-06T19:13:00+00:00,,,مادة قانونية غير مصنفة وغير متحققة,not_downloaded,unverified,not_eligible,Telegram preview supplies metadata only; download original and verify official provenance before indexing
robiai33,231,https://t.me/robiai33/231?single,المجلد الأول.pdf,26.9 MB,2026-08-06T19:13:25+00:00,,,مادة قانونية غير مصنفة وغير متحققة,not_downloaded,unverified,not_eligible,Telegram preview supplies metadata only; download original and verify official provenance before indexing
robiai33,231,https://t.me/robiai33/232?single,المجلد الثاني.pdf,20.2 MB,2026-08-06T19:13:25+00:00,,,مادة قانونية غير مصنفة وغير متحققة,not_downloaded,unverified,not_eligible,Telegram preview supplies metadata only; download original and verify official provenance before indexing
robiai33,233,https://t.me/robiai33/233,التسبيبات_الفقهية_في_باب_الإجارة_1443.pdf,1.6 MB,2026-08-06T19:13:40+00:00,,,مادة قانونية غير مصنفة وغير متحققة,not_downloaded,unverified,not_eligible,Telegram preview supplies metadata only; download original and verify official provenance before indexing
robiai33,234,https://t.me/robiai33/234,مهمات_من_القواعد_كتاب_الجنايات_الماجد.pdf,518.2 KB,2026-08-06T19:13:56+00:00,,,مادة قانونية غير مصنفة وغير متحققة,not_downloaded,unverified,not_eligible,Telegram preview supplies metadata only; download original and verify official provenance before indexing
robiai33,235,https://t.me/robiai33/235,تسبيبات فقهية شاملة.pdf,9.5 MB,2026-08-06T19:14:07+00:00,,,مادة قانونية غير مصنفة وغير متحققة,not_downloaded,unverified,not_eligible,Telegram preview supplies metadata only; download original and verify official provenance before indexing
robiai33,236,https://t.me/robiai33/236,التطبيقات القضائية للتحكيم.pdf1.pdf,373.6 KB,2026-08-06T19:15:00+00:00,,,مادة قانونية غير مصنفة وغير متحققة,not_downloaded,unverified,not_eligible,Telegram preview supplies metadata only; download original and verify official provenance before indexing
robiai33,237,https://t.me/robiai33/237,‎⁨حكم_قضائي_بإلزام_مدير_شركة_ات_مسؤولية_محدودة_بسداد_الديون_الثابتة⁩.pdf,364.1 KB,2026-08-06T19:15:13+00:00,,,حكم قضائي مرشح غير متحقق,not_downloaded,unverified,not_eligible,Telegram preview supplies metadata only; download original and verify official provenance before indexing
robiai33,238,https://t.me/robiai33/238,‎⁨حكم_قضائي_بإلزام_مدير_شركة_ات_مسؤولية_محدودة_بسداد_الديون_الثابتة⁩.pdf,364.1 KB,2026-08-06T19:15:19+00:00,,,حكم قضائي مرشح غير متحقق,not_downloaded,unverified,not_eligible,Telegram preview supplies metadata only; download original and verify official provenance before indexing
robiai33,239,https://t.me/robiai33/239,‎⁨حكم_قضائي_بإلزام_مدير_شركة_ات_مسؤولية_محدودة_بسداد_الديون_الثابتة⁩.pdf,364.1 KB,2026-08-06T19:15:27+00:00,,,حكم قضائي مرشح غير متحقق,not_downloaded,unverified,not_eligible,Telegram preview supplies metadata only; download original and verify official provenance before indexing
robiai33,240,https://t.me/robiai33/240,التطبيقات القضائية للتحكيم.pdf1.pdf,373.6 KB,2026-08-06T19:15:43+00:00,,/s/robiai33?after=240,مادة قانونية غير مصنفة وغير متحققة,not_downloaded,unverified,not_eligible,Telegram preview supplies metadata only; download original and verify official provenance before indexing
robiai33,241,https://t.me/robiai33/241,78.pdf,1.3 MB,2026-08-06T19:16:35+00:00,,,مادة قانونية غير مصنفة وغير متحققة,not_downloaded,unverified,not_eligible,Telegram preview supplies metadata only; download original and verify official provenance before indexing
robiai33,242,https://t.me/robiai33/242,78.pdf,1.3 MB,2026-08-06T19:16:46+00:00,,,مادة قانونية غير مصنفة وغير متحققة,not_downloaded,unverified,not_eligible,Telegram preview supplies metadata only; download original and verify official provenance before indexing
robiai33,243,https://t.me/robiai33/243,ايقاف الاستحكامات.pdf,702.2 KB,2026-08-06T19:16:55+00:00,,,مادة قانونية غير مصنفة وغير متحققة,not_downloaded,unverified,not_eligible,Telegram preview supplies metadata only; download original and verify official provenance before indexing
robiai33,244,https://t.me/robiai33/244,المبادىء_والقرارات_والتقريرات_في.pdf,761.8 KB,2026-08-06T19:18:32+00:00,,,قرار مرشح غير متحقق,not_downloaded,unverified,not_eligible,Telegram preview supplies metadata only; download original and verify official provenance before indexing
robiai33,245,https://t.me/robiai33/245,تعاميم وزارة العدل كاملة.pdf,15.8 MB,2026-08-06T19:19:39+00:00,,,مادة قانونية غير مصنفة وغير متحققة,not_downloaded,unverified,not_eligible,Telegram preview supplies metadata only; download original and verify official provenance before indexing
robiai33,246,https://t.me/robiai33/246,‎⁨تعميم لكافة الجهات الحكومية⁩.pdf,67.6 KB,2026-08-06T19:23:10+00:00,,,تعميم مرشح غير متحقق,not_downloaded,unverified,not_eligible,Telegram preview supplies metadata only; download original and verify official provenance before indexing
robiai33,247,https://t.me/robiai33/247,تعاميم المخدرات.pdf,294 KB,2026-08-06T19:23:10+00:00,,,مادة قانونية غير مصنفة وغير متحققة,not_downloaded,unverified,not_eligible,Telegram preview supplies metadata only; download original and verify official provenance before indexing
robiai33,248,https://t.me/robiai33/248,مجموعة الأحكام (٣٥) مجلد ١٢.pdf,10 MB,2026-08-06T19:23:10+00:00,,,مادة قانونية غير مصنفة وغير متحققة,not_downloaded,unverified,not_eligible,Telegram preview supplies metadata only; download original and verify official provenance before indexing
robiai33,249,https://t.me/robiai33/249,مجموعة الأحكام (٣٥) الفهارس ١٤.pdf,5.1 MB,2026-08-06T19:23:10+00:00,,,مادة قانونية غير مصنفة وغير متحققة,not_downloaded,unverified,not_eligible,Telegram preview supplies metadata only; download original and verify official provenance before indexing
robiai33,250,https://t.me/robiai33/250,مجموعة الأحكام (٣٥) مجلد ٢.pdf,8.3 MB,2026-08-06T19:23:10+00:00,,,مادة قانونية غير مصنفة وغير متحققة,not_downloaded,unverified,not_eligible,Telegram preview supplies metadata only; download original and verify official provenance before indexing
robiai33,251,https://t.me/robiai33/251,مجموعة الأحكام (٣٥) مجلد ٣.pdf,7.7 MB,2026-08-06T19:23:10+00:00,,,مادة قانونية غير مصنفة وغير متحققة,not_downloaded,unverified,not_eligible,Telegram preview supplies metadata only; download original and verify official provenance before indexing
robiai33,252,https://t.me/robiai33/252,مجموعة الأحكام (٣٥) مجلد ٤.pdf,8.1 MB,2026-08-06T19:23:10+00:00,,,مادة قانونية غير مصنفة وغير متحققة,not_downloaded,unverified,not_eligible,Telegram preview supplies metadata only; download original and verify official provenance before indexing
robiai33,253,https://t.me/robiai33/253,مجموعة الأحكام (٣٥) مجلد ٥.pdf,7.1 MB,2026-08-06T19:23:10+00:00,,,مادة قانونية غير مصنفة وغير متحققة,not_downloaded,unverified,not_eligible,Telegram preview supplies metadata only; download original and verify official provenance before indexing
robiai33,254,https://t.me/robiai33/254,مجموعة الأحكام (٣٥) مجلد ٦.pdf,7 MB,2026-08-06T19:23:10+00:00,,,مادة قانونية غير مصنفة وغير متحققة,not_downloaded,unverified,not_eligible,Telegram preview supplies metadata only; download original and verify official provenance before indexing
robiai33,255,https://t.me/robiai33/255,مجموعة الأحكام (٣٥) مجلد ٧.pdf,7.1 MB,2026-08-06T19:23:11+00:00,,,مادة قانونية غير مصنفة وغير متحققة,not_downloaded,unverified,not_eligible,Telegram preview supplies metadata only; download original and verify official provenance before indexing
robiai33,256,https://t.me/robiai33/256,مجموعة الأحكام (٣٥) مجلد ٨.pdf,8.1 MB,2026-08-06T19:23:11+00:00,,,مادة قانونية غير مصنفة وغير متحققة,not_downloaded,unverified,not_eligible,Telegram preview supplies metadata only; download original and verify official provenance before indexing
robiai33,257,https://t.me/robiai33/257,مجموعة الأحكام (٣٥) مجلد ٩.pdf,8.7 MB,2026-08-06T19:23:11+00:00,,,مادة قانونية غير مصنفة وغير متحققة,not_downloaded,unverified,not_eligible,Telegram preview supplies metadata only; download original and verify official provenance before indexing
robiai33,258,https://t.me/robiai33/258,مجموعة الأحكام (٣٥) مجلد ١١.pdf,10.1 MB,2026-08-06T19:23:11+00:00,,,مادة قانونية غير مصنفة وغير متحققة,not_downloaded,unverified,not_eligible,Telegram preview supplies metadata only; download original and verify official provenance before indexing
robiai33,259,https://t.me/robiai33/259,مجموعة الأحكام (٣٥) مجلد ١٠.pdf,9.1 MB,2026-08-06T19:23:11+00:00,,,مادة قانونية غير مصنفة وغير متحققة,not_downloaded,unverified,not_eligible,Telegram preview supplies metadata only; download original and verify official provenance before indexing
robiai33,260,https://t.me/robiai33/260,مجموعة الأحكام (٣٥) مجلد ١.pdf,9.1 MB,2026-08-06T19:23:11+00:00,,/s/robiai33?after=260,مادة قانونية غير مصنفة وغير متحققة,not_downloaded,unverified,not_eligible,Telegram preview supplies metadata only; download original and verify official provenance before indexing
robiai33,261,https://t.me/robiai33/261,مجموعة الأحكام (٣٥) مجلد ١٣.pdf,10.6 MB,2026-08-06T19:23:11+00:00,,,مادة قانونية غير مصنفة وغير متحققة,not_downloaded,unverified,not_eligible,Telegram preview supplies metadata only; download original and verify official provenance before indexing
robiai33,262,https://t.me/robiai33/262,مجموعة الأحكام (٣٥) مجلد ١١.pdf,10.1 MB,2026-08-06T19:23:11+00:00,,,مادة قانونية غير مصنفة وغير متحققة,not_downloaded,unverified,not_eligible,Telegram preview supplies metadata only; download original and verify official provenance before indexing
robiai33,263,https://t.me/robiai33/263,المبادئ والقرارات.pdf,12.9 MB,2026-08-06T19:24:27+00:00,,,مبدأ قضائي مرشح غير متحقق,not_downloaded,unverified,not_eligible,Telegram preview supplies metadata only; download original and verify official provenance before indexing
robiai33,264,https://t.me/robiai33/264,معجم مصطلحات العلوم الشرعية 4.pdf,39 MB,2026-08-06T19:24:27+00:00,,,مادة قانونية غير مصنفة وغير متحققة,not_downloaded,unverified,not_eligible,Telegram preview supplies metadata only; download original and verify official provenance before indexing
robiai33,265,https://t.me/robiai33/265,معجم مصطلحات العلوم الشرعية 2.pdf,75.4 MB,2026-08-06T19:24:27+00:00,,,مادة قانونية غير مصنفة وغير متحققة,not_downloaded,unverified,not_eligible,Telegram preview supplies metadata only; download original and verify official provenance before indexing
robiai33,266,https://t.me/robiai33/266,معجم مصطلحات العلوم الشرعية 3.pdf,76.5 MB,2026-08-06T19:24:27+00:00,,,مادة قانونية غير مصنفة وغير متحققة,not_downloaded,unverified,not_eligible,Telegram preview supplies metadata only; download original and verify official provenance before indexing
robiai33,267,https://t.me/robiai33/267,معجم مصلطحات العلوم الشرعية 1.pdf,86.9 MB,2026-08-06T19:24:27+00:00,,,مادة قانونية غير مصنفة وغير متحققة,not_downloaded,unverified,not_eligible,Telegram preview supplies metadata only; download original and verify official provenance before indexing
robiai33,268,https://t.me/robiai33/268,تجاري 1.pdf,14.1 MB,2026-08-06T19:24:27+00:00,,,مادة قانونية غير مصنفة وغير متحققة,not_downloaded,unverified,not_eligible,Telegram preview supplies metadata only; download original and verify official provenance before indexing
robiai33,269,https://t.me/robiai33/269,تجاري 2.pdf,12.6 MB,2026-08-06T19:24:27+00:00,,,مادة قانونية غير مصنفة وغير متحققة,not_downloaded,unverified,not_eligible,Telegram preview supplies metadata only; download original and verify official provenance before indexing
robiai33,270,https://t.me/robiai33/270,تجاري 3.pdf,12.1 MB,2026-08-06T19:24:27+00:00,,,مادة قانونية غير مصنفة وغير متحققة,not_downloaded,unverified,not_eligible,Telegram preview supplies metadata only; download original and verify official provenance before indexing
robiai33,271,https://t.me/robiai33/271,تجاري 4.pdf,11.2 MB,2026-08-06T19:24:27+00:00,,,مادة قانونية غير مصنفة وغير متحققة,not_downloaded,unverified,not_eligible,Telegram preview supplies metadata only; download original and verify official provenance before indexing
robiai33,272,https://t.me/robiai33/272,تجاري 5.pdf,10.1 MB,2026-08-06T19:24:27+00:00,,,مادة قانونية غير مصنفة وغير متحققة,not_downloaded,unverified,not_eligible,Telegram preview supplies metadata only; download original and verify official provenance before indexing
robiai33,273,https://t.me/robiai33/273,الفهارس تجاري.pdf,2.7 MB,2026-08-06T19:24:27+00:00,,,مادة قانونية غير مصنفة وغير متحققة,not_downloaded,unverified,not_eligible,Telegram preview supplies metadata only; download original and verify official provenance before indexing
robiai33,274,https://t.me/robiai33/274,جزائي 1.pdf,15 MB,2026-08-06T19:24:27+00:00,,,مادة قانونية غير مصنفة وغير متحققة,not_downloaded,unverified,not_eligible,Telegram preview supplies metadata only; download original and verify official provenance before indexing
robiai33,275,https://t.me/robiai33/275,جزائي 2.pdf,16.2 MB,2026-08-06T19:24:27+00:00,,,مادة قانونية غير مصنفة وغير متحققة,not_downloaded,unverified,not_eligible,Telegram preview supplies metadata only; download original and verify official provenance before indexing
robiai33,276,https://t.me/robiai33/276,الفهارس جزائي.pdf,2.2 MB,2026-08-06T19:24:27+00:00,,,مادة قانونية غير مصنفة وغير متحققة,not_downloaded,unverified,not_eligible,Telegram preview supplies metadata only; download original and verify official provenance before indexing
robiai33,277,https://t.me/robiai33/277,مجموعة المبادئ التجارية.pdf,814.5 KB,2026-08-06T19:24:47+00:00,,,مبدأ قضائي مرشح غير متحقق,not_downloaded,unverified,not_eligible,Telegram preview supplies metadata only; download original and verify official provenance before indexing
robiai33,278,https://t.me/robiai33/278,مدونة_التفتيش_القضائي_الإصدار_الأول.pdf,9.8 MB,2026-08-06T19:33:26+00:00,,,فهرس/مدونة مرجعية غير مستقلة,not_downloaded,unverified,not_eligible,Telegram preview supplies metadata only; download original and verify official provenance before indexing
robiai33,279,https://t.me/robiai33/279,تعليمات_بشأن_تطبيق_لائحة_التصرف_في_عقارات_الدولة.pdf,46.5 KB,2026-08-06T19:40:10+00:00,,,لائحة/نظام مرشح غير متحقق,not_downloaded,unverified,not_eligible,Telegram preview supplies metadata only; download original and verify official provenance before indexing
robiai33,280,https://t.me/robiai33/280,نظام_نزع_ملكية_العقارات_للمنفعة_العامة،_ووضع_اليد_المؤقت_على_العقار.pdf,3 MB,2026-08-06T19:40:21+00:00,,/s/robiai33?after=280,لائحة/نظام مرشح غير متحقق,not_downloaded,unverified,not_eligible,Telegram preview supplies metadata only; download original and verify official provenance before indexing
robiai33,281,https://t.me/robiai33/281,100.pdf,6.6 MB,2026-08-06T19:40:52+00:00,,,مادة قانونية غير مصنفة وغير متحققة,not_downloaded,unverified,not_eligible,Telegram preview supplies metadata only; download original and verify official provenance before indexing
robiai33,283,https://t.me/robiai33/283,الملف_المرفق.pdf,724.1 KB,2026-08-06T19:49:10+00:00,,,مادة قانونية غير مصنفة وغير متحققة,not_downloaded,unverified,not_eligible,Telegram preview supplies metadata only; download original and verify official provenance before indexing
robiai33,284,https://t.me/robiai33/284,أمر_ملكي_في_شأن_عقوبة_كل_من_يسهل_دخول_المتسلل_للمملكة_أو_نقله.pdf,46.7 KB,2026-08-06T19:49:28+00:00,,,مادة قانونية غير مصنفة وغير متحققة,not_downloaded,unverified,not_eligible,Telegram preview supplies metadata only; download original and verify official provenance before indexing
robiai33,285,https://t.me/robiai33/285,قرار_المحكمة_العليا_بشأن_إقرار_مبادئ_في_شأن_الجوانب_المتصلة.pdf,1.5 MB,2026-08-06T19:49:40+00:00,,,مبدأ قضائي مرشح غير متحقق,not_downloaded,unverified,not_eligible,Telegram preview supplies metadata only; download original and verify official provenance before indexing
robiai33,286,https://t.me/robiai33/286,مبادئ الأوراق التجارية 1.pdf,1.8 MB,2026-08-06T19:49:50+00:00,,,مبدأ قضائي مرشح غير متحقق,not_downloaded,unverified,not_eligible,Telegram preview supplies metadata only; download original and verify official provenance before indexing
robiai33,287,https://t.me/robiai33/287,المبادئ والقرارات.pdf,12.9 MB,2026-08-06T19:50:13+00:00,,,مبدأ قضائي مرشح غير متحقق,not_downloaded,unverified,not_eligible,Telegram preview supplies metadata only; download original and verify official provenance before indexing
robiai33,288,https://t.me/robiai33/288,التطبيق القضائي.pdf,410.5 KB,2026-08-06T19:50:25+00:00,,,مادة قانونية غير مصنفة وغير متحققة,not_downloaded,unverified,not_eligible,Telegram preview supplies metadata only; download original and verify official provenance before indexing
robiai33,289,https://t.me/robiai33/289,13 - ت - 8224 في 5 - 1 - 1442 هـ.pdf,795.3 KB,2026-08-06T19:52:07+00:00,,,مادة قانونية غير مصنفة وغير متحققة,not_downloaded,unverified,not_eligible,Telegram preview supplies metadata only; download original and verify official provenance before indexing
robiai33,290,https://t.me/robiai33/290,قرار رقم 1.pdf,6.3 MB,2026-08-06T19:52:34+00:00,,,قرار مرشح غير متحقق,not_downloaded,unverified,not_eligible,Telegram preview supplies metadata only; download original and verify official provenance before indexing
robiai33,291,https://t.me/robiai33/291,فهرسة_وتصنيف_التعاميم_المنظمة_لعمل_كاتب_العدل_1442هـ.pdf,3.3 MB,2026-08-06T19:52:58+00:00,,,فهرس/مدونة مرجعية غير مستقلة,not_downloaded,unverified,not_eligible,Telegram preview supplies metadata only; download original and verify official provenance before indexing
robiai33,292,https://t.me/robiai33/292,file-3.pdf,161.7 KB,2026-08-06T19:53:38+00:00,,,مادة قانونية غير مصنفة وغير متحققة,not_downloaded,unverified,not_eligible,Telegram preview supplies metadata only; download original and verify official provenance before indexing
robiai33,293,https://t.me/robiai33/293,الملف_المرفق.pdf,604.3 KB,2026-08-06T19:54:20+00:00,,,مادة قانونية غير مصنفة وغير متحققة,not_downloaded,unverified,not_eligible,Telegram preview supplies metadata only; download original and verify official provenance before indexing
robiai33,294,https://t.me/robiai33/294,‎⁨الملف_المرفق⁩.pdf,604.3 KB,2026-08-06T19:54:20+00:00,,,مادة قانونية غير مصنفة وغير متحققة,not_downloaded,unverified,not_eligible,Telegram preview supplies metadata only; download original and verify official provenance before indexing
robiai33,295,https://t.me/robiai33/295,Unknown.pdf,3.3 MB,2026-08-06T19:54:20+00:00,,,مادة قانونية غير مصنفة وغير متحققة,not_downloaded,unverified,not_eligible,Telegram preview supplies metadata only; download original and verify official provenance before indexing
robiai33,296,https://t.me/robiai33/296,‎⁨١٣ - ت - ٨١٣٤⁩.pdf,7.9 MB,2026-08-06T19:54:31+00:00,,,مادة قانونية غير مصنفة وغير متحققة,not_downloaded,unverified,not_eligible,Telegram preview supplies metadata only; download original and verify official provenance before indexing
robiai33,297,https://t.me/robiai33/297,‎⁨١٣ - ت - ٨١٣٤⁩.pdf,7.9 MB,2026-08-06T19:54:42+00:00,,,مادة قانونية غير مصنفة وغير متحققة,not_downloaded,unverified,not_eligible,Telegram preview supplies metadata only; download original and verify official provenance before indexing
robiai33,298,https://t.me/robiai33/298,02.pdf,1 MB,2026-08-06T19:54:52+00:00,,,مادة قانونية غير مصنفة وغير متحققة,not_downloaded,unverified,not_eligible,Telegram preview supplies metadata only; download original and verify official provenance before indexing
robiai33,299,https://t.me/robiai33/299,8268802c-b2a0-4fd6-908e-9af6bd1bb50b.pdf,1.1 MB,2026-08-06T19:54:59+00:00,,,مادة قانونية غير مصنفة وغير متحققة,not_downloaded,unverified,not_eligible,Telegram preview supplies metadata only; download original and verify official provenance before indexing
robiai33,300,https://t.me/robiai33/300,f0914de6-eb55-46c0-b280-86a93bea7249.pdf,798.9 KB,2026-08-06T19:55:05+00:00,,/s/robiai33?after=300,مادة قانونية غير مصنفة وغير متحققة,not_downloaded,unverified,not_eligible,Telegram preview supplies metadata only; download original and verify official provenance before indexing
robiai33,301,https://t.me/robiai33/301,67188004-a502-43a9-ac90-1c89a7b3626a.pdf,133 KB,2026-08-06T19:55:11+00:00,,,مادة قانونية غير مصنفة وغير متحققة,not_downloaded,unverified,not_eligible,Telegram preview supplies metadata only; download original and verify official provenance before indexing
robiai33,302,https://t.me/robiai33/302,scan0003.pdf.pdf,1.7 MB,2026-08-06T19:55:29+00:00,,,مادة قانونية غير مصنفة وغير متحققة,not_downloaded,unverified,not_eligible,Telegram preview supplies metadata only; download original and verify official provenance before indexing
robiai33,303,https://t.me/robiai33/303,‎⁨دليل_الأسئلة_العدلية_في_القضاء.pdf,452.5 KB,2026-08-06T19:56:20+00:00,,,مادة قانونية غير مصنفة وغير متحققة,not_downloaded,unverified,not_eligible,Telegram preview supplies metadata only; download original and verify official provenance before indexing
robiai33,304,https://t.me/robiai33/304,تسبيبات وسائل الإثبات.pdf,716.6 KB,2026-08-06T19:56:32+00:00,,,مادة قانونية غير مصنفة وغير متحققة,not_downloaded,unverified,not_eligible,Telegram preview supplies metadata only; download original and verify official provenance before indexing
robiai33,305,https://t.me/robiai33/305,مجموعة_قواعد_واصول_القانون_تسبيبات.pdf,716.6 KB,2026-08-06T19:56:53+00:00,,,مادة قانونية غير مصنفة وغير متحققة,not_downloaded,unverified,not_eligible,Telegram preview supplies metadata only; download original and verify official provenance before indexing
robiai33,306,https://t.me/robiai33/306,فهرسة نظام الإجراءات الجزائية.pdf,157.2 KB,2026-08-06T19:57:42+00:00,,,فهرس/مدونة مرجعية غير مستقلة,not_downloaded,unverified,not_eligible,Telegram preview supplies metadata only; download original and verify official provenance before indexing
robiai33,307,https://t.me/robiai33/307,التعاميم_ومواد_الأنظمة_المهمة_في.pdf,975.5 KB,2026-08-06T19:57:52+00:00,,,مادة قانونية غير مصنفة وغير متحققة,not_downloaded,unverified,not_eligible,Telegram preview supplies metadata only; download original and verify official provenance before indexing
robiai33,308,https://t.me/robiai33/308,02.pdf,1 MB,2026-08-06T19:58:15+00:00,,,مادة قانونية غير مصنفة وغير متحققة,not_downloaded,unverified,not_eligible,Telegram preview supplies metadata only; download original and verify official provenance before indexing
robiai33,309,https://t.me/robiai33/309,تعميم من الديوان الملكي 1443هـ.pdf,58.3 KB,2026-08-06T19:59:40+00:00,,,تعميم مرشح غير متحقق,not_downloaded,unverified,not_eligible,Telegram preview supplies metadata only; download original and verify official provenance before indexing
robiai33,310,https://t.me/robiai33/310,أمر_ملكي_بخصوص_طلبات_تملك_العقارات.pdf,734.6 KB,2026-08-06T19:59:40+00:00,,,مادة قانونية غير مصنفة وغير متحققة,not_downloaded,unverified,not_eligible,Telegram preview supplies metadata only; download original and verify official provenance before indexing
robiai33,311,https://t.me/robiai33/311,تعميم_تنفيذ_الأحكام_الصادرة_بانتقال_الملكية_العقارية.pdf,36.5 KB,2026-08-06T19:59:40+00:00,,,تعميم مرشح غير متحقق,not_downloaded,unverified,not_eligible,Telegram preview supplies metadata only; download original and verify official provenance before indexing
robiai33,312,https://t.me/robiai33/312,الملف_المرفق.pdf,724.1 KB,2026-08-06T19:59:40+00:00,,,مادة قانونية غير مصنفة وغير متحققة,not_downloaded,unverified,not_eligible,Telegram preview supplies metadata only; download original and verify official provenance before indexing
robiai33,313,https://t.me/robiai33/314?single,نظام الإثبات - نسخة هيئة الخبراء.pdf,4.5 MB,2026-08-06T19:59:40+00:00,,,لائحة/نظام مرشح غير متحقق,not_downloaded,unverified,not_eligible,Telegram preview supplies metadata only; download original and verify official provenance before indexing
robiai33,313,https://t.me/robiai33/313?single,نظام_الإثبات_نسخة_مركز_الوثائق_والمحفوظات.pdf,6.5 MB,2026-08-06T19:59:40+00:00,,,لائحة/نظام مرشح غير متحقق,not_downloaded,unverified,not_eligible,Telegram preview supplies metadata only; download original and verify official provenance before indexing
robiai33,315,https://t.me/robiai33/315,قواعد الحد من تعارض المصالح.pdf,3.2 MB,2026-08-06T19:59:40+00:00,,,مادة قانونية غير مصنفة وغير متحققة,not_downloaded,unverified,not_eligible,Telegram preview supplies metadata only; download original and verify official provenance before indexing
robiai33,316,https://t.me/robiai33/316,تعميم_التوجيه_الكريم_بأنهاء_دوام_يوم_الثلاثاء_2الساعة_12_ظهراً_وذلك.pdf,162.4 KB,2026-08-06T19:59:40+00:00,,,تعميم مرشح غير متحقق,not_downloaded,unverified,not_eligible,Telegram preview supplies metadata only; download original and verify official provenance before indexing
robiai33,317,https://t.me/robiai33/317,التكاليف القضائية.pdf,300.7 KB,2026-08-06T19:59:40+00:00,,,حكم قضائي مرشح غير متحقق,not_downloaded,unverified,not_eligible,Telegram preview supplies metadata only; download original and verify official provenance before indexing
robiai33,318,https://t.me/robiai33/318,تعويض_عن_الربح_الفائت_إغلاق_محل.pdf,1.1 MB,2026-08-06T19:59:40+00:00,,,مادة قانونية غير مصنفة وغير متحققة,not_downloaded,unverified,not_eligible,Telegram preview supplies metadata only; download original and verify official provenance before indexing
robiai33,319,https://t.me/robiai33/319,ضوابط إيقاف الخدمات 1444.pdf,1.2 MB,2026-08-06T19:59:41+00:00,,,مادة قانونية غير مصنفة وغير متحققة,not_downloaded,unverified,not_eligible,Telegram preview supplies metadata only; download original and verify official provenance before indexing
robiai33,320,https://t.me/robiai33/320,ضوابط إيقاف الخدمات1444.pdf,1.2 MB,2026-08-06T19:59:41+00:00,,/s/robiai33?after=320,مادة قانونية غير مصنفة وغير متحققة,not_downloaded,unverified,not_eligible,Telegram preview supplies metadata only; download original and verify official provenance before indexing
robiai33,321,https://t.me/robiai33/321,IMG_20231012_224822_938.jpg,105.5 KB,2026-08-06T19:59:41+00:00,,,مادة قانونية غير مصنفة وغير متحققة,not_downloaded,unverified,not_eligible,Telegram preview supplies metadata only; download original and verify official provenance before indexing
robiai33,322,https://t.me/robiai33/322,Gulf.pdf,2.8 MB,2026-08-06T19:59:41+00:00,,,مادة قانونية غير مصنفة وغير متحققة,not_downloaded,unverified,not_eligible,Telegram preview supplies metadata only; download original and verify official provenance before indexing
robiai33,323,https://t.me/robiai33/323,OriginalAttachPath-1.pdf,458.6 KB,2026-08-06T19:59:41+00:00,,,مادة قانونية غير مصنفة وغير متحققة,not_downloaded,unverified,not_eligible,Telegram preview supplies metadata only; download original and verify official provenance before indexing
robiai33,324,https://t.me/robiai33/324,قرار_المحكمة_العليا_بشأن_إقرار_مبادئ_في_شأن_الجوانب_المتصلة.pdf,1.5 MB,2026-08-06T20:00:00+00:00,,,مبدأ قضائي مرشح غير متحقق,not_downloaded,unverified,not_eligible,Telegram preview supplies metadata only; download original and verify official provenance before indexing
robiai33,325,https://t.me/robiai33/325,‎⁨تعاميم الانهاءات ⁩.pdf,887.6 KB,2026-08-06T20:01:44+00:00,,,مادة قانونية غير مصنفة وغير متحققة,not_downloaded,unverified,not_eligible,Telegram preview supplies metadata only; download original and verify official provenance before indexing
robiai33,326,https://t.me/robiai33/326,🔴تعاميم القضاء التجاري abha4712@.pdf.pdf,11.6 MB,2026-08-06T20:01:51+00:00,,,مادة قانونية غير مصنفة وغير متحققة,not_downloaded,unverified,not_eligible,Telegram preview supplies metadata only; download original and verify official provenance before indexing
robiai33,327,https://t.me/robiai33/327,فهرس_تعاميم_وزارة_العدل_من_١٣٤٥الى_١٤١٢.pdf,335.6 KB,2026-08-06T20:01:57+00:00,,,فهرس/مدونة مرجعية غير مستقلة,not_downloaded,unverified,not_eligible,Telegram preview supplies metadata only; download original and verify official provenance before indexing
robiai33,328,https://t.me/robiai33/328,تعاميم وزارة العدل كاملة.pdf,15.8 MB,2026-08-06T20:02:04+00:00,,,مادة قانونية غير مصنفة وغير متحققة,not_downloaded,unverified,not_eligible,Telegram preview supplies metadata only; download original and verify official provenance before indexing
robiai33,329,https://t.me/robiai33/329,تعاميم_المصرف_المركزي_حماية_المستهلك_2020_673.pdf,6.4 MB,2026-08-06T20:02:59+00:00,,,مادة قانونية غير مصنفة وغير متحققة,not_downloaded,unverified,not_eligible,Telegram preview supplies metadata only; download original and verify official provenance before indexing
robiai33,330,https://t.me/robiai33/330,فهرس_تعاميم_وزارة_العدل_1345هـ_1412هـ_الأول.pdf,295.4 KB,2026-08-06T20:03:00+00:00,,,فهرس/مدونة مرجعية غير مستقلة,not_downloaded,unverified,not_eligible,Telegram preview supplies metadata only; download original and verify official provenance before indexing
robiai33,331,https://t.me/robiai33/331,تعاميم_المحاكم_في_القضايا_الشخصية.pdf,291.7 KB,2026-08-06T20:03:00+00:00,,,مادة قانونية غير مصنفة وغير متحققة,not_downloaded,unverified,not_eligible,Telegram preview supplies metadata only; download original and verify official provenance before indexing
robiai33,332,https://t.me/robiai33/332,فهرس_تعاميم_وزارة_العدل_من_١٣٤٥الى_١٤١٢_2.pdf,335.6 KB,2026-08-06T20:03:00+00:00,,,فهرس/مدونة مرجعية غير مستقلة,not_downloaded,unverified,not_eligible,Telegram preview supplies metadata only; download original and verify official provenance before indexing
robiai33,333,https://t.me/robiai33/333,تعاميم وزارة العدل.pdf,7.7 MB,2026-08-06T20:03:00+00:00,,,مادة قانونية غير مصنفة وغير متحققة,not_downloaded,unverified,not_eligible,Telegram preview supplies metadata only; download original and verify official provenance before indexing
robiai33,334,https://t.me/robiai33/334,تعاميم وزارة العدل خلال 74 عاما.pdf,15.8 MB,2026-08-06T20:03:00+00:00,,,مادة قانونية غير مصنفة وغير متحققة,not_downloaded,unverified,not_eligible,Telegram preview supplies metadata only; download original and verify official provenance before indexing
robiai33,335,https://t.me/robiai33/335,تعاميم_لمكاتب_المحاماة_حول_غسل_الأموال.pdf,6.4 MB,2026-08-06T20:03:02+00:00,,,مادة قانونية غير مصنفة وغير متحققة,not_downloaded,unverified,not_eligible,Telegram preview supplies metadata only; download original and verify official provenance before indexing
robiai33,336,https://t.me/robiai33/336,مرجع_لأهم_تعاميم_القضايا_التجارية_.pdf,3.5 MB,2026-08-06T20:03:02+00:00,,,مادة قانونية غير مصنفة وغير متحققة,not_downloaded,unverified,not_eligible,Telegram preview supplies metadata only; download original and verify official provenance before indexing
robiai33,337,https://t.me/robiai33/337,فهرس_تعاميم_وزارة_العدل_1345هـ_1412هـ_الأول.pdf,295.4 KB,2026-08-06T20:03:02+00:00,,,فهرس/مدونة مرجعية غير مستقلة,not_downloaded,unverified,not_eligible,Telegram preview supplies metadata only; download original and verify official provenance before indexing
robiai33,338,https://t.me/robiai33/338,تعاميم_المحاكم_في_القضايا_الشخصية.pdf,291.7 KB,2026-08-06T20:03:02+00:00,,,مادة قانونية غير مصنفة وغير متحققة,not_downloaded,unverified,not_eligible,Telegram preview supplies metadata only; download original and verify official provenance before indexing
robiai33,339,https://t.me/robiai33/339,4_5816636460505237226.pdf,15.8 MB,2026-08-06T20:03:03+00:00,,,مادة قانونية غير مصنفة وغير متحققة,not_downloaded,unverified,not_eligible,Telegram preview supplies metadata only; download original and verify official provenance before indexing
robiai33,340,https://t.me/robiai33/340,علاوة فنية للثانوية التجارية.pdf,652.4 KB,2026-08-06T20:05:41+00:00,,/s/robiai33?after=340,مادة قانونية غير مصنفة وغير متحققة,not_downloaded,unverified,not_eligible,Telegram preview supplies metadata only; download original and verify official provenance before indexing
robiai33,341,https://t.me/robiai33/341,مرفق4_قرار_مجلس_الوزراء_80_لعام_32_الترقية.pdf,1.4 MB,2026-08-06T20:05:41+00:00,,,قرار مرشح غير متحقق,not_downloaded,unverified,not_eligible,Telegram preview supplies metadata only; download original and verify official provenance before indexing
robiai33,342,https://t.me/robiai33/342,المعاهد_والمراكز_التدريبيه_المعتمدة_لدى_.pdf,2 MB,2026-08-06T20:05:41+00:00,,,مادة قانونية غير مصنفة وغير متحققة,not_downloaded,unverified,not_eligible,Telegram preview supplies metadata only; download original and verify official provenance before indexing
robiai33,343,https://t.me/robiai33/343,تغطية_المركبات_الحكومية_بالتأمين_الألزامي.pdf,1.2 MB,2026-08-06T20:05:41+00:00,,,مادة قانونية غير مصنفة وغير متحققة,not_downloaded,unverified,not_eligible,Telegram preview supplies metadata only; download original and verify official provenance before indexing
robiai33,344,https://t.me/robiai33/344,قرار المناطق النائية.pdf,847.5 KB,2026-08-06T20:05:41+00:00,,,قرار مرشح غير متحقق,not_downloaded,unverified,not_eligible,Telegram preview supplies metadata only; download original and verify official provenance before indexing
robiai33,345,https://t.me/robiai33/345,توصية ببدل عدوى لدور التوقيف.pdf,310.9 KB,2026-08-06T20:05:41+00:00,,,مادة قانونية غير مصنفة وغير متحققة,not_downloaded,unverified,not_eligible,Telegram preview supplies metadata only; download original and verify official provenance before indexing
robiai33,346,https://t.me/robiai33/346,نموذج تظلم إداري 23.pdf,286.4 KB,2026-08-06T20:05:41+00:00,,,مادة قانونية غير مصنفة وغير متحققة,not_downloaded,unverified,not_eligible,Telegram preview supplies metadata only; download original and verify official provenance before indexing
robiai33,347,https://t.me/robiai33/347,توصية مسافة مستحقي الابتعاث.pdf,622.3 KB,2026-08-06T20:05:41+00:00,,,مادة قانونية غير مصنفة وغير متحققة,not_downloaded,unverified,not_eligible,Telegram preview supplies metadata only; download original and verify official provenance before indexing
robiai33,348,https://t.me/robiai33/348,توصية_بالقضايا_الموجبة_لتوقيف_الترقية_1437.pdf,844.6 KB,2026-08-06T20:05:41+00:00,,,مادة قانونية غير مصنفة وغير متحققة,not_downloaded,unverified,not_eligible,Telegram preview supplies metadata only; download original and verify official provenance before indexing
robiai33,349,https://t.me/robiai33/349,التعويض_للخسارة_الفعلية_للعسكريين_.pdf,350.9 KB,2026-08-06T20:05:41+00:00,,,مادة قانونية غير مصنفة وغير متحققة,not_downloaded,unverified,not_eligible,Telegram preview supplies metadata only; download original and verify official provenance before indexing
robiai33,350,https://t.me/robiai33/350,دليل_الاجراءات_الادارية_العسكرية_.pdf,14.4 MB,2026-08-06T20:05:41+00:00,,,مادة قانونية غير مصنفة وغير متحققة,not_downloaded,unverified,not_eligible,Telegram preview supplies metadata only; download original and verify official provenance before indexing
robiai33,351,https://t.me/robiai33/351,تعميم_مجلس_الوزراء_بصرف_المسحقات_المستقرة.pdf,113.8 KB,2026-08-06T20:05:41+00:00,,,تعميم مرشح غير متحقق,not_downloaded,unverified,not_eligible,Telegram preview supplies metadata only; download original and verify official provenance before indexing
robiai33,352,https://t.me/robiai33/352,إضافة_فقرة_ك_إلى_البند_السادس_عشر_من_اللائحة.pdf,127.7 KB,2026-08-06T20:05:42+00:00,,,لائحة/نظام مرشح غير متحقق,not_downloaded,unverified,not_eligible,Telegram preview supplies metadata only; download original and verify official provenance before indexing
robiai33,353,https://t.me/robiai33/353,تعميم_الاعتراف_بشهادة_برنامج_بكالوريوس_وماجستير_العلوم_العسكرية.pdf,399.5 KB,2026-08-06T20:05:42+00:00,,,تعميم مرشح غير متحقق,not_downloaded,unverified,not_eligible,Telegram preview supplies metadata only; download original and verify official provenance before indexing
robiai33,354,https://t.me/robiai33/354,توصية_تعديل_العلاوات_الفنية_المتسحدثة.pdf,305.6 KB,2026-08-06T20:05:42+00:00,,,مادة قانونية غير مصنفة وغير متحققة,not_downloaded,unverified,not_eligible,Telegram preview supplies metadata only; download original and verify official provenance before indexing
robiai33,355,https://t.me/robiai33/355,قرار_مجلس_الخدمة_العسكرية_الموافقة_على_الدراسة_.pdf,5.8 MB,2026-08-06T20:05:42+00:00,,,قرار مرشح غير متحقق,not_downloaded,unverified,not_eligible,Telegram preview supplies metadata only; download original and verify official provenance before indexing
robiai33,356,https://t.me/robiai33/356,تعديل المادة 28.pdf,439.9 KB,2026-08-06T20:05:42+00:00,,,مادة قانونية غير مصنفة وغير متحققة,not_downloaded,unverified,not_eligible,Telegram preview supplies metadata only; download original and verify official provenance before indexing
robiai33,357,https://t.me/robiai33/357,اللائحة_التنفيذية_لنظام_التنفيذ_الإداري.pdf,4 MB,2026-08-06T20:05:42+00:00,,,لائحة/نظام مرشح غير متحقق,not_downloaded,unverified,not_eligible,Telegram preview supplies metadata only; download original and verify official provenance before indexing
robiai33,358,https://t.me/robiai33/358,مخصصات المبتعثين ومرافقيهم.pdf,2.8 MB,2026-08-06T20:05:42+00:00,,,مادة قانونية غير مصنفة وغير متحققة,not_downloaded,unverified,not_eligible,Telegram preview supplies metadata only; download original and verify official provenance before indexing
robiai33,359,https://t.me/robiai33/359,النظام الداخلي للقوات المسلحة.pdf,359.8 KB,2026-08-06T20:05:42+00:00,,,لائحة/نظام مرشح غير متحقق,not_downloaded,unverified,not_eligible,Telegram preview supplies metadata only; download original and verify official provenance before indexing
robiai33,360,https://t.me/robiai33/360,حكم_بعدم_جواز_تقييد_الترقية_بسن_محدد.pdf,978.7 KB,2026-08-06T20:05:42+00:00,,/s/robiai33?after=360,حكم قضائي مرشح غير متحقق,not_downloaded,unverified,not_eligible,Telegram preview supplies metadata only; download original and verify official provenance before indexing
robiai33,361,https://t.me/robiai33/361,تعليمات التدريب المستديمة.pdf,3.9 MB,2026-08-06T20:05:42+00:00,,,مادة قانونية غير مصنفة وغير متحققة,not_downloaded,unverified,not_eligible,Telegram preview supplies metadata only; download original and verify official provenance before indexing
robiai33,362,https://t.me/robiai33/362,قرار_مكافأة_لجنة_اتلاف_المخدرات_ومسؤل_حفظها.pdf,955.3 KB,2026-08-06T20:05:42+00:00,,,قرار مرشح غير متحقق,not_downloaded,unverified,not_eligible,Telegram preview supplies metadata only; download original and verify official provenance before indexing
robiai33,363,https://t.me/robiai33/363,توصية_لجنة_الضباط_العليا_بخصوص_تفسير_عمليات_حفظ_الامن_.pdf,637.6 KB,2026-08-06T20:05:42+00:00,,,مادة قانونية غير مصنفة وغير متحققة,not_downloaded,unverified,not_eligible,Telegram preview supplies metadata only; download original and verify official provenance before indexing
robiai33,364,https://t.me/robiai33/364,تكريم_شهداء_ومصابي_عمليات_مكافحة_الارهاب_.pdf,350.3 KB,2026-08-06T20:05:42+00:00,,,مادة قانونية غير مصنفة وغير متحققة,not_downloaded,unverified,not_eligible,Telegram preview supplies metadata only; download original and verify official provenance before indexing
robiai33,365,https://t.me/robiai33/365,قرار_التعويض_عن_الوفاة_أو_الإصابة_خارج_اماكن_القنال_مع_العدو.pdf,631.6 KB,2026-08-06T20:05:42+00:00,,,قرار مرشح غير متحقق,not_downloaded,unverified,not_eligible,Telegram preview supplies metadata only; download original and verify official provenance before indexing
robiai33,366,https://t.me/robiai33/366,تعويض_الموظف_المكلف_بالعمل_في_الخارج_في_حالة_الوفة_او_الإصابة.pdf,1.1 MB,2026-08-06T20:05:42+00:00,,,مادة قانونية غير مصنفة وغير متحققة,not_downloaded,unverified,not_eligible,Telegram preview supplies metadata only; download original and verify official provenance before indexing
robiai33,367,https://t.me/robiai33/367,شروط القبول في الكليات العسكرية .pdf,1.3 MB,2026-08-06T20:05:42+00:00,,,مادة قانونية غير مصنفة وغير متحققة,not_downloaded,unverified,not_eligible,Telegram preview supplies metadata only; download original and verify official provenance before indexing
robiai33,368,https://t.me/robiai33/368,تعميم_بعدم_النقل_الا_عن_طريق_الشؤون_العسكرية.pdf,99.8 KB,2026-08-06T20:05:42+00:00,,,تعميم مرشح غير متحقق,not_downloaded,unverified,not_eligible,Telegram preview supplies metadata only; download original and verify official provenance before indexing
robiai33,369,https://t.me/robiai33/369,‎⁨ضوابط_وإجراءات_دورات_القوات_المسلحة⁩.pdf,1.4 MB,2026-08-06T20:05:42+00:00,,,مادة قانونية غير مصنفة وغير متحققة,not_downloaded,unverified,not_eligible,Telegram preview supplies metadata only; download original and verify official provenance before indexing
robiai33,370,https://t.me/robiai33/370,لائحة ابتعاث الضباط للدراسات المدنية ال.pdf,11.3 MB,2026-08-06T20:05:42+00:00,,,لائحة/نظام مرشح غير متحقق,not_downloaded,unverified,not_eligible,Telegram preview supplies metadata only; download original and verify official provenance before indexing
robiai33,371,https://t.me/robiai33/371,القواعد_القانونية_لأعمال_رجال_الأمن.pdf,4.5 MB,2026-08-06T20:05:42+00:00,,,مادة قانونية غير مصنفة وغير متحققة,not_downloaded,unverified,not_eligible,Telegram preview supplies metadata only; download original and verify official provenance before indexing
robiai33,372,https://t.me/robiai33/372,ضوابط تكريم المتفوقين رياضياً .pdf,1.7 MB,2026-08-06T20:05:42+00:00,,,مادة قانونية غير مصنفة وغير متحققة,not_downloaded,unverified,not_eligible,Telegram preview supplies metadata only; download original and verify official provenance before indexing
robiai33,373,https://t.me/robiai33/373,مكافأة المناطق الجبلية .pdf,963.8 KB,2026-08-06T20:05:43+00:00,,,مادة قانونية غير مصنفة وغير متحققة,not_downloaded,unverified,not_eligible,Telegram preview supplies metadata only; download original and verify official provenance before indexing
robiai33,374,https://t.me/robiai33/374,تعميم الدبلوم العسكري المهني.pdf,1.4 MB,2026-08-06T20:05:43+00:00,,,تعميم مرشح غير متحقق,not_downloaded,unverified,not_eligible,Telegram preview supplies metadata only; download original and verify official provenance before indexing
robiai33,375,https://t.me/robiai33/375,قرار_مجلس_الوزراء_بصرف_علاوة_التزوير.pdf,682.5 KB,2026-08-06T20:05:43+00:00,,,قرار مرشح غير متحقق,not_downloaded,unverified,not_eligible,Telegram preview supplies metadata only; download original and verify official provenance before indexing
robiai33,376,https://t.me/robiai33/376,دليل_اللجان_الطبية_العسكرية_بوزارة_الداخلية_.pdf,40.8 MB,2026-08-06T20:05:43+00:00,,,مادة قانونية غير مصنفة وغير متحققة,not_downloaded,unverified,not_eligible,Telegram preview supplies metadata only; download original and verify official provenance before indexing
robiai33,377,https://t.me/robiai33/377,دليل_اللجان_الطبية_القوات_المسلحة.pdf,15 MB,2026-08-06T20:05:43+00:00,,,مادة قانونية غير مصنفة وغير متحققة,not_downloaded,unverified,not_eligible,Telegram preview supplies metadata only; download original and verify official provenance before indexing
robiai33,378,https://t.me/robiai33/378,نظام_الجرائم_المتعلقة_بالوظيفة_العامة_.pdf,1.2 MB,2026-08-06T20:05:43+00:00,,,لائحة/نظام مرشح غير متحقق,not_downloaded,unverified,not_eligible,Telegram preview supplies metadata only; download original and verify official provenance before indexing
robiai33,379,https://t.me/robiai33/379,قرار مجلس الخدمة العسكرية 8 1426.pdf,690.2 KB,2026-08-06T20:05:43+00:00,,,قرار مرشح غير متحقق,not_downloaded,unverified,not_eligible,Telegram preview supplies metadata only; download original and verify official provenance before indexing
robiai33,380,https://t.me/robiai33/380,حسم_من_مستحقات_الموظف_نهاية_الخدمة_متأخرت_البنك_العقاري_.pdf,280.3 KB,2026-08-06T20:05:43+00:00,,/s/robiai33?after=380,مادة قانونية غير مصنفة وغير متحققة,not_downloaded,unverified,not_eligible,Telegram preview supplies metadata only; download original and verify official provenance before indexing
robiai33,381,https://t.me/robiai33/381,توصية الضرر والعدوى لعام ١٤٣٦.pdf,1.5 MB,2026-08-06T20:05:43+00:00,,,مادة قانونية غير مصنفة وغير متحققة,not_downloaded,unverified,not_eligible,Telegram preview supplies metadata only; download original and verify official provenance before indexing
robiai33,382,https://t.me/robiai33/382,قرار تعديل مستويات القبول .pdf,304.5 KB,2026-08-06T20:05:43+00:00,,,قرار مرشح غير متحقق,not_downloaded,unverified,not_eligible,Telegram preview supplies metadata only; download original and verify official provenance before indexing
robiai33,383,https://t.me/robiai33/383,قرار_مجلس_الوزراء_بتنظيم_المشاركات_الرياضية_.pdf,1.4 MB,2026-08-06T20:05:43+00:00,,,قرار مرشح غير متحقق,not_downloaded,unverified,not_eligible,Telegram preview supplies metadata only; download original and verify official provenance before indexing
robiai33,384,https://t.me/robiai33/384,امر_سامي_بتوحيد_اجراءات_صرف_المبتعثين_.pdf,400.6 KB,2026-08-06T20:05:43+00:00,,,مادة قانونية غير مصنفة وغير متحققة,not_downloaded,unverified,not_eligible,Telegram preview supplies metadata only; download original and verify official provenance before indexing
robiai33,385,https://t.me/robiai33/385,توصية بطلب التكميل.pdf,199.6 KB,2026-08-06T20:05:43+00:00,,,مادة قانونية غير مصنفة وغير متحققة,not_downloaded,unverified,not_eligible,Telegram preview supplies metadata only; download original and verify official provenance before indexing
robiai33,386,https://t.me/robiai33/386,معاملة_العسكريين_معاملة_المدنيين_فيما_يتعلق_بإجازة_الأبوة_والوضع.pdf,793.6 KB,2026-08-06T20:05:43+00:00,,,مادة قانونية غير مصنفة وغير متحققة,not_downloaded,unverified,not_eligible,Telegram preview supplies metadata only; download original and verify official provenance before indexing
robiai33,387,https://t.me/robiai33/387,إجازة شهر للمنقول لمصلحة العمل.pdf,192.1 KB,2026-08-06T20:05:43+00:00,,,مادة قانونية غير مصنفة وغير متحققة,not_downloaded,unverified,not_eligible,Telegram preview supplies metadata only; download original and verify official provenance before indexing
robiai33,388,https://t.me/robiai33/388,توصية بدل ابتعاث للفرد الاساسي.pdf,273.9 KB,2026-08-06T20:05:43+00:00,,,مادة قانونية غير مصنفة وغير متحققة,not_downloaded,unverified,not_eligible,Telegram preview supplies metadata only; download original and verify official provenance before indexing
robiai33,389,https://t.me/robiai33/389,لائحة_التدريب_والابتعاث_لمنسوبي_وزارة_الداخلية_القديمة.pdf,11.7 MB,2026-08-06T20:05:43+00:00,,,لائحة/نظام مرشح غير متحقق,not_downloaded,unverified,not_eligible,Telegram preview supplies metadata only; download original and verify official provenance before indexing
robiai33,390,https://t.me/robiai33/390,اركابات العسكريين والموظفين .pdf,584 KB,2026-08-06T20:05:43+00:00,,,مادة قانونية غير مصنفة وغير متحققة,not_downloaded,unverified,not_eligible,Telegram preview supplies metadata only; download original and verify official provenance before indexing
robiai33,391,https://t.me/robiai33/391,قرار صرف مكافأة البريد.pdf,413.7 KB,2026-08-06T20:05:43+00:00,,,قرار مرشح غير متحقق,not_downloaded,unverified,not_eligible,Telegram preview supplies metadata only; download original and verify official provenance before indexing
robiai33,392,https://t.me/robiai33/392,نظام عقوبات القوات المسلحة .pdf,234.1 KB,2026-08-06T20:05:43+00:00,,,لائحة/نظام مرشح غير متحقق,not_downloaded,unverified,not_eligible,Telegram preview supplies metadata only; download original and verify official provenance before indexing
robiai33,393,https://t.me/robiai33/393,تعويض إصابات العمل للعسكريين .pdf,750.1 KB,2026-08-06T20:05:43+00:00,,,مادة قانونية غير مصنفة وغير متحققة,not_downloaded,unverified,not_eligible,Telegram preview supplies metadata only; download original and verify official provenance before indexing
robiai33,394,https://t.me/robiai33/394,توصية علاوة الاتصالات.pdf,191.5 KB,2026-08-06T20:05:44+00:00,,,مادة قانونية غير مصنفة وغير متحققة,not_downloaded,unverified,not_eligible,Telegram preview supplies metadata only; download original and verify official provenance before indexing
robiai33,395,https://t.me/robiai33/395,توصية مكافأة التأهيل.pdf,866.7 KB,2026-08-06T20:05:44+00:00,,,مادة قانونية غير مصنفة وغير متحققة,not_downloaded,unverified,not_eligible,Telegram preview supplies metadata only; download original and verify official provenance before indexing
robiai33,396,https://t.me/robiai33/396,قواعد_تنظيم_مكافأة_التأهيل_لضباط_وزارة_الدفاع_.pdf,915.2 KB,2026-08-06T20:05:44+00:00,,,مادة قانونية غير مصنفة وغير متحققة,not_downloaded,unverified,not_eligible,Telegram preview supplies metadata only; download original and verify official provenance before indexing
robiai33,397,https://t.me/robiai33/397,لائحة التظلمات بوزارة الدفاع .pdf,252.4 KB,2026-08-06T20:05:44+00:00,,,لائحة/نظام مرشح غير متحقق,not_downloaded,unverified,not_eligible,Telegram preview supplies metadata only; download original and verify official provenance before indexing
robiai33,398,https://t.me/robiai33/398,معايير الترشيح للترقية .pdf,1.4 MB,2026-08-06T20:05:44+00:00,,,مادة قانونية غير مصنفة وغير متحققة,not_downloaded,unverified,not_eligible,Telegram preview supplies metadata only; download original and verify official provenance before indexing
robiai33,399,https://t.me/robiai33/399,قرار علاوة الإرهاب.pdf,97 KB,2026-08-06T20:05:44+00:00,,,قرار مرشح غير متحقق,not_downloaded,unverified,not_eligible,Telegram preview supplies metadata only; download original and verify official provenance before indexing
robiai33,400,https://t.me/robiai33/400,نظام_الملابس_والتجهيزات_العسكرية_.pdf,667.9 KB,2026-08-06T20:05:44+00:00,,/s/robiai33?after=400,لائحة/نظام مرشح غير متحقق,not_downloaded,unverified,not_eligible,Telegram preview supplies metadata only; download original and verify official provenance before indexing
robiai33,401,https://t.me/robiai33/401,قرار_التعويض_عن_الإجازات_نهاية_الخدمة.pdf,818.8 KB,2026-08-06T20:05:44+00:00,,,قرار مرشح غير متحقق,not_downloaded,unverified,not_eligible,Telegram preview supplies metadata only; download original and verify official provenance before indexing
robiai33,402,https://t.me/robiai33/402,الأمر_السامي_بعدم_صرف_بدل_ترحيل_للمنقول_بناء_على_طلبه.pdf,491.6 KB,2026-08-06T20:05:44+00:00,,,مادة قانونية غير مصنفة وغير متحققة,not_downloaded,unverified,not_eligible,Telegram preview supplies metadata only; download original and verify official provenance before indexing
robiai33,403,https://t.me/robiai33/403,منح_العلاوة_الفنية_للتدريب_المهني.pdf,337.1 KB,2026-08-06T20:05:44+00:00,,,مادة قانونية غير مصنفة وغير متحققة,not_downloaded,unverified,not_eligible,Telegram preview supplies metadata only; download original and verify official provenance before indexing
robiai33,404,https://t.me/robiai33/404,نظام_الأنواط_العسكرية_ولائحته_التنفيذية_.pdf,858.5 KB,2026-08-06T20:05:44+00:00,,,لائحة/نظام مرشح غير متحقق,not_downloaded,unverified,not_eligible,Telegram preview supplies metadata only; download original and verify official provenance before indexing
robiai33,405,https://t.me/robiai33/405,قرار مجلس الوزراء رقم (١١٧) .pdf,1.3 MB,2026-08-06T20:05:44+00:00,,,قرار مرشح غير متحقق,not_downloaded,unverified,not_eligible,Telegram preview supplies metadata only; download original and verify official provenance before indexing
robiai33,406,https://t.me/robiai33/406,‎⁨أهم_أسئلة_الخدمة_العسكرية⁩.pdf,2.9 MB,2026-08-06T20:05:44+00:00,,,مادة قانونية غير مصنفة وغير متحققة,not_downloaded,unverified,not_eligible,Telegram preview supplies metadata only; download original and verify official provenance before indexing
robiai33,407,https://t.me/robiai33/407,قرار_مجلس_بخصوص_مضاعفة_الحسم_للغياب_بعد_عيدي_الفطر_والأضحى_.pdf,469.9 KB,2026-08-06T20:05:44+00:00,,,قرار مرشح غير متحقق,not_downloaded,unverified,not_eligible,Telegram preview supplies metadata only; download original and verify official provenance before indexing
robiai33,408,https://t.me/robiai33/408,قرار_صرف_علاوة_للعاملين_في_الاستخبارات_والشرطة_العسكرية_بوازرة_الدفاع.pdf,360.4 KB,2026-08-06T20:05:44+00:00,,,قرار مرشح غير متحقق,not_downloaded,unverified,not_eligible,Telegram preview supplies metadata only; download original and verify official provenance before indexing
robiai33,409,https://t.me/robiai33/409,تفسير_البند_الرابع_للمؤهلات_العلمية.pdf,743.8 KB,2026-08-06T20:05:44+00:00,,,مادة قانونية غير مصنفة وغير متحققة,not_downloaded,unverified,not_eligible,Telegram preview supplies metadata only; download original and verify official provenance before indexing
robiai33,410,https://t.me/robiai33/410,قرار_مجلس_الوزراء_باضافة_وتعديل_الاجازات.pdf,78.7 KB,2026-08-06T20:05:44+00:00,,,قرار مرشح غير متحقق,not_downloaded,unverified,not_eligible,Telegram preview supplies metadata only; download original and verify official provenance before indexing
robiai33,411,https://t.me/robiai33/411,توصية_اللجنة_بخصوص_الدعم_الميداني_.pdf,261.8 KB,2026-08-06T20:05:44+00:00,,,مادة قانونية غير مصنفة وغير متحققة,not_downloaded,unverified,not_eligible,Telegram preview supplies metadata only; download original and verify official provenance before indexing
robiai33,412,https://t.me/robiai33/412,قرار_تكريم_المشاركين_في_الحد_الجنوبي.pdf,883.2 KB,2026-08-06T20:05:44+00:00,,,قرار مرشح غير متحقق,not_downloaded,unverified,not_eligible,Telegram preview supplies metadata only; download original and verify official provenance before indexing
robiai33,413,https://t.me/robiai33/413,تعميم_وزير_الداخلية_بخصوص_تأخر_الموظفين_بسبب_سوء_الاحوال_الجوية.pdf,452.4 KB,2026-08-06T20:05:44+00:00,,,تعميم مرشح غير متحقق,not_downloaded,unverified,not_eligible,Telegram preview supplies metadata only; download original and verify official provenance before indexing
robiai33,414,https://t.me/robiai33/414,قرار_احداث_علاوة_التوعية_الاسلامية_.pdf,390.3 KB,2026-08-06T20:05:44+00:00,,,قرار مرشح غير متحقق,not_downloaded,unverified,not_eligible,Telegram preview supplies metadata only; download original and verify official provenance before indexing
robiai33,415,https://t.me/robiai33/415,قرار_صرف_علاوة_امن_لاستخبارات_الجيش_والشرطة_العسكرية_.pdf,295.4 KB,2026-08-06T20:05:44+00:00,,,قرار مرشح غير متحقق,not_downloaded,unverified,not_eligible,Telegram preview supplies metadata only; download original and verify official provenance before indexing
robiai33,416,https://t.me/robiai33/416,التعويض عن الاجازات الاعتيادية .pdf,703.2 KB,2026-08-06T20:05:44+00:00,,,مادة قانونية غير مصنفة وغير متحققة,not_downloaded,unverified,not_eligible,Telegram preview supplies metadata only; download original and verify official provenance before indexing
robiai33,417,https://t.me/robiai33/417,قرار بداية السنة المالية .pdf,378.7 KB,2026-08-06T20:05:44+00:00,,,قرار مرشح غير متحقق,not_downloaded,unverified,not_eligible,Telegram preview supplies metadata only; download original and verify official provenance before indexing
robiai33,418,https://t.me/robiai33/418,قرار_صرف_العلاوة_السنوية_لعام_١٤٣٩_١٤٤٠_.pdf,515.6 KB,2026-08-06T20:05:45+00:00,,,قرار مرشح غير متحقق,not_downloaded,unverified,not_eligible,Telegram preview supplies metadata only; download original and verify official provenance before indexing
robiai33,419,https://t.me/robiai33/419,توصية من تمت براءته بأثر رجعي .pdf,504.7 KB,2026-08-06T20:05:45+00:00,,,مادة قانونية غير مصنفة وغير متحققة,not_downloaded,unverified,not_eligible,Telegram preview supplies metadata only; download original and verify official provenance before indexing
robiai33,420,https://t.me/robiai33/420,٢١_خدمة_عسكرية_أفراد_توقيف_تخطي_المرجع_التظلم_إلى_مقام_خادم_الحرمين.pdf,403 KB,2026-08-06T20:05:45+00:00,,/s/robiai33?after=420,مادة قانونية غير مصنفة وغير متحققة,not_downloaded,unverified,not_eligible,Telegram preview supplies metadata only; download original and verify official provenance before indexing
robiai33,421,https://t.me/robiai33/421,‎⁨انتداب_المشاركين_في_أعمال_الحج⁩.pdf,251 KB,2026-08-06T20:05:45+00:00,,,مادة قانونية غير مصنفة وغير متحققة,not_downloaded,unverified,not_eligible,Telegram preview supplies metadata only; download original and verify official provenance before indexing
robiai33,422,https://t.me/robiai33/422,‎⁨قرار_مكافأة_المشاركين_في_أعمال_الحج_⁩.pdf,2.6 MB,2026-08-06T20:05:45+00:00,,,قرار مرشح غير متحقق,not_downloaded,unverified,not_eligible,Telegram preview supplies metadata only; download original and verify official provenance before indexing
robiai33,423,https://t.me/robiai33/423,توصية_بخصوص_معدلات_الحصول_على_مكافأة_التفوق_.pdf,687.6 KB,2026-08-06T20:05:45+00:00,,,مادة قانونية غير مصنفة وغير متحققة,not_downloaded,unverified,not_eligible,Telegram preview supplies metadata only; download original and verify official provenance before indexing
robiai33,424,https://t.me/robiai33/424,نظام_المرافعات_أمام_ديوان_المظالم_ولائحته_التنفيذية_والقرارات.pdf,14.1 MB,2026-08-06T20:05:47+00:00,,,قرار مرشح غير متحقق,not_downloaded,unverified,not_eligible,Telegram preview supplies metadata only; download original and verify official provenance before indexing
robiai33,425,https://t.me/robiai33/425,قرار_وزير_الداخلية_بصرف_مكافأة_الأعمال_الاضافية_للعاملين_في_الدوريات.pdf,829.5 KB,2026-08-06T20:05:47+00:00,,,قرار مرشح غير متحقق,not_downloaded,unverified,not_eligible,Telegram preview supplies metadata only; download original and verify official provenance before indexing
robiai33,426,https://t.me/robiai33/426,قرار_بداية_الدوام_الرسمي_ونهايته_.pdf,199.4 KB,2026-08-06T20:05:47+00:00,,,قرار مرشح غير متحقق,not_downloaded,unverified,not_eligible,Telegram preview supplies metadata only; download original and verify official provenance before indexing
robiai33,427,https://t.me/robiai33/427,قرار_تعديل_مقدار_تعويض_إصابات_العسكريين_.pdf,396.4 KB,2026-08-06T20:05:47+00:00,,,قرار مرشح غير متحقق,not_downloaded,unverified,not_eligible,Telegram preview supplies metadata only; download original and verify official provenance before indexing
robiai33,428,https://t.me/robiai33/428,مختصر المستحقات المالية (1).pdf,18.7 MB,2026-08-06T20:05:48+00:00,,,مادة قانونية غير مصنفة وغير متحققة,not_downloaded,unverified,not_eligible,Telegram preview supplies metadata only; download original and verify official provenance before indexing
robiai33,429,https://t.me/robiai33/429,تعديل_نظام_مباشرة_الأموال_العامة_.pdf,727.9 KB,2026-08-06T20:05:48+00:00,,,لائحة/نظام مرشح غير متحقق,not_downloaded,unverified,not_eligible,Telegram preview supplies metadata only; download original and verify official provenance before indexing
robiai33,430,https://t.me/robiai33/430,25_خدمة_عسكرية _أفراد _حقوق_وظيفية _تعويض _إصابة_عمل _تعديل_قيمة.pdf,444.4 KB,2026-08-06T20:05:48+00:00,,,مادة قانونية غير مصنفة وغير متحققة,not_downloaded,unverified,not_eligible,Telegram preview supplies metadata only; download original and verify official provenance before indexing
robiai33,431,https://t.me/robiai33/431,قواعد_صرف_مكأفاة_التأهيل_للضباط_٢.pdf,1.4 MB,2026-08-06T20:05:48+00:00,,,مادة قانونية غير مصنفة وغير متحققة,not_downloaded,unverified,not_eligible,Telegram preview supplies metadata only; download original and verify official provenance before indexing
robiai33,432,https://t.me/robiai33/432,علاوة 38.pdf,304.7 KB,2026-08-06T20:05:48+00:00,,,مادة قانونية غير مصنفة وغير متحققة,not_downloaded,unverified,not_eligible,Telegram preview supplies metadata only; download original and verify official provenance before indexing
robiai33,433,https://t.me/robiai33/433,‎⁨قرار_195_تفسير_العلاوات_والبدلات_التي_تضاف_عند_التعويض⁩.pdf,553.9 KB,2026-08-06T20:05:48+00:00,,,قرار مرشح غير متحقق,not_downloaded,unverified,not_eligible,Telegram preview supplies metadata only; download original and verify official provenance before indexing
robiai33,434,https://t.me/robiai33/434,ضوابط_التوقيع_بالإنابة_عن_المسؤول_أو_بأمره.pdf,89.8 KB,2026-08-06T20:05:48+00:00,,,مادة قانونية غير مصنفة وغير متحققة,not_downloaded,unverified,not_eligible,Telegram preview supplies metadata only; download original and verify official provenance before indexing
robiai33,435,https://t.me/robiai33/435,لائحة اللجان المشتركة .pdf,957.6 KB,2026-08-06T20:05:48+00:00,,,لائحة/نظام مرشح غير متحقق,not_downloaded,unverified,not_eligible,Telegram preview supplies metadata only; download original and verify official provenance before indexing
robiai33,436,https://t.me/robiai33/436,توجيه_وزير_الداخلية_باحتساب_مدة_الدورة_التأهيلية_ضمن_مدة_الخدمة.pdf,144.8 KB,2026-08-06T20:05:48+00:00,,,مادة قانونية غير مصنفة وغير متحققة,not_downloaded,unverified,not_eligible,Telegram preview supplies metadata only; download original and verify official provenance before indexing
robiai33,437,https://t.me/robiai33/437,اجراءات وضوابط .pdf,210.6 MB,2026-08-06T20:05:48+00:00,,,مادة قانونية غير مصنفة وغير متحققة,not_downloaded,unverified,not_eligible,Telegram preview supplies metadata only; download original and verify official provenance before indexing
robiai33,438,https://t.me/robiai33/438,‎⁨تحديث العلاوات⁩.pdf,948.8 KB,2026-08-06T20:05:48+00:00,,,مادة قانونية غير مصنفة وغير متحققة,not_downloaded,unverified,not_eligible,Telegram preview supplies metadata only; download original and verify official provenance before indexing
robiai33,439,https://t.me/robiai33/439,تعميم_وزير_الداخلية_باعتبار_الاربعة_شهور_دورة_الفرد_الاساس_والباقي.pdf,96.5 KB,2026-08-06T20:05:48+00:00,,,تعميم مرشح غير متحقق,not_downloaded,unverified,not_eligible,Telegram preview supplies metadata only; download original and verify official provenance before indexing
robiai33,440,https://t.me/robiai33/440,قرار_بشأن_العلاوات_والبدلات_التي_تضاف_للراتب_الاساسي_عند_التعويض.pdf,553.9 KB,2026-08-06T20:05:55+00:00,,/s/robiai33?after=440,قرار مرشح غير متحقق,not_downloaded,unverified,not_eligible,Telegram preview supplies metadata only; download original and verify official provenance before indexing
robiai33,441,https://t.me/robiai33/441,قرار استحداث علاوة الترجمة.pdf,74 KB,2026-08-06T20:05:55+00:00,,,قرار مرشح غير متحقق,not_downloaded,unverified,not_eligible,Telegram preview supplies metadata only; download original and verify official provenance before indexing
robiai33,442,https://t.me/robiai33/442,جواز_الجمع_بين_الميدان_ومكافأة_الحاسب.pdf,769.1 KB,2026-08-06T20:05:55+00:00,,,مادة قانونية غير مصنفة وغير متحققة,not_downloaded,unverified,not_eligible,Telegram preview supplies metadata only; download original and verify official provenance before indexing
robiai33,443,https://t.me/robiai33/443,‎⁨_تعديل_علاوة_فني_دوريات،والدورات_المتجانسة_⁩.pdf,537.2 KB,2026-08-06T20:05:55+00:00,,,مادة قانونية غير مصنفة وغير متحققة,not_downloaded,unverified,not_eligible,Telegram preview supplies metadata only; download original and verify official provenance before indexing
robiai33,444,https://t.me/robiai33/444,خطاب_وزير_الداخلية_المبني_على_خطاب_امين_مجلس_الخدمة_العسكرية_.pdf,134.1 KB,2026-08-06T20:05:55+00:00,,,مادة قانونية غير مصنفة وغير متحققة,not_downloaded,unverified,not_eligible,Telegram preview supplies metadata only; download original and verify official provenance before indexing
robiai33,445,https://t.me/robiai33/445,تعميم_رقم_95870من_أمارة_منطقة_الرياض.pdf,6.5 MB,2026-08-06T20:06:45+00:00,,,تعميم مرشح غير متحقق,not_downloaded,unverified,not_eligible,Telegram preview supplies metadata only; download original and verify official provenance before indexing
robiai33,446,https://t.me/robiai33/446,‎⁨٢١_خدمة_عسكرية_أفراد_توقيف_تخطي.pdf,403 KB,2026-08-06T20:06:45+00:00,,,مادة قانونية غير مصنفة وغير متحققة,not_downloaded,unverified,not_eligible,Telegram preview supplies metadata only; download original and verify official provenance before indexing
robiai33,447,https://t.me/robiai33/447,تعميم_مبادئ_التمويل_المسئول_للأفراد.pdf,1.6 MB,2026-08-06T20:06:45+00:00,,,تعميم مرشح غير متحقق,not_downloaded,unverified,not_eligible,Telegram preview supplies metadata only; download original and verify official provenance before indexing
robiai33,448,https://t.me/robiai33/448,تعميم.pdf,2.3 MB,2026-08-06T20:06:45+00:00,,,تعميم مرشح غير متحقق,not_downloaded,unverified,not_eligible,Telegram preview supplies metadata only; download original and verify official provenance before indexing
robiai33,449,https://t.me/robiai33/449,قرار_مجلس_الوزراء_بتعديل_الفقرة.pdf,718.8 KB,2026-08-06T20:06:45+00:00,,,قرار مرشح غير متحقق,not_downloaded,unverified,not_eligible,Telegram preview supplies metadata only; download original and verify official provenance before indexing
robiai33,450,https://t.me/robiai33/450,موظف_خدمة_عسكرية__تعويض_عن_خدمة.pdf,221.8 KB,2026-08-06T20:06:45+00:00,,,مادة قانونية غير مصنفة وغير متحققة,not_downloaded,unverified,not_eligible,Telegram preview supplies metadata only; download original and verify official provenance before indexing
robiai33,451,https://t.me/robiai33/451,شرح_آلية_عمل_الاجازات_والانتدابات.pdf,1.2 MB,2026-08-06T20:06:45+00:00,,,مادة قانونية غير مصنفة وغير متحققة,not_downloaded,unverified,not_eligible,Telegram preview supplies metadata only; download original and verify official provenance before indexing
robiai33,452,https://t.me/robiai33/452,‎⁨قرار_ملكي_وزير_المالية_رئيساً.pdf,1.9 MB,2026-08-06T20:06:45+00:00,,,قرار مرشح غير متحقق,not_downloaded,unverified,not_eligible,Telegram preview supplies metadata only; download original and verify official provenance before indexing
robiai33,453,https://t.me/robiai33/453,تعميم_الداخلية_لنقاط_المؤهلات_العلمية.pdf,2.8 MB,2026-08-06T20:06:45+00:00,,,تعميم مرشح غير متحقق,not_downloaded,unverified,not_eligible,Telegram preview supplies metadata only; download original and verify official provenance before indexing
robiai33,454,https://t.me/robiai33/454,ضوابط_تعيين_ذوي_الشهداء_ومن_في_حكمهم.pdf,723 KB,2026-08-06T20:06:45+00:00,,,حكم قضائي مرشح غير متحقق,not_downloaded,unverified,not_eligible,Telegram preview supplies metadata only; download original and verify official provenance before indexing
robiai33,455,https://t.me/robiai33/455,21_خدمة_عسكرية_قرارات_وظيفية_امتناع_عن_إصدار_مشهد_مزاولة_تخصص_مقتضيات.pdf,885 KB,2026-08-06T20:06:45+00:00,,,قرار مرشح غير متحقق,not_downloaded,unverified,not_eligible,Telegram preview supplies metadata only; download original and verify official provenance before indexing
robiai33,456,https://t.me/robiai33/456,علاوة_فنية_للثانوية_الصناعية_والفنية.pdf,831.6 KB,2026-08-06T20:06:46+00:00,,,مادة قانونية غير مصنفة وغير متحققة,not_downloaded,unverified,not_eligible,Telegram preview supplies metadata only; download original and verify official provenance before indexing
robiai33,457,https://t.me/robiai33/457,توصية_لجنة_الضباط_منح_الفرد_الاداري_مميزات_الميداني_خلال_فترة_التعزيز.pdf,153.7 KB,2026-08-06T20:06:46+00:00,,,مادة قانونية غير مصنفة وغير متحققة,not_downloaded,unverified,not_eligible,Telegram preview supplies metadata only; download original and verify official provenance before indexing
robiai33,458,https://t.me/robiai33/458,الترتيبات_اللازمة_لتثبيت_شاغلي_الوظائف_الصحية.pdf,1.1 MB,2026-08-06T20:06:46+00:00,,,مادة قانونية غير مصنفة وغير متحققة,not_downloaded,unverified,not_eligible,Telegram preview supplies metadata only; download original and verify official provenance before indexing
robiai33,459,https://t.me/robiai33/459,توصية_بعدم_تعليق_الترقيات_قبل_1437هـ.pdf,270.7 KB,2026-08-06T20:06:46+00:00,,,مادة قانونية غير مصنفة وغير متحققة,not_downloaded,unverified,not_eligible,Telegram preview supplies metadata only; download original and verify official provenance before indexing
robiai33,460,https://t.me/robiai33/460,ضوابط مكافأة اللجان.pdf,2.3 MB,2026-08-06T20:06:46+00:00,,/s/robiai33?after=460,مادة قانونية غير مصنفة وغير متحققة,not_downloaded,unverified,not_eligible,Telegram preview supplies metadata only; download original and verify official provenance before indexing
robiai33,461,https://t.me/robiai33/461,تعميم نقاط المؤهل.pdf_removed.pdf,1.1 MB,2026-08-06T20:06:46+00:00,,,تعميم مرشح غير متحقق,not_downloaded,unverified,not_eligible,Telegram preview supplies metadata only; download original and verify official provenance before indexing
robiai33,462,https://t.me/robiai33/462,تمديد_الخدمة_لأفراد_قطاع_الداخلية.pdf,301.9 KB,2026-08-06T20:06:46+00:00,,,مادة قانونية غير مصنفة وغير متحققة,not_downloaded,unverified,not_eligible,Telegram preview supplies metadata only; download original and verify official provenance before indexing
robiai33,463,https://t.me/robiai33/463,file.pdf,1.1 MB,2026-08-06T20:06:46+00:00,,,مادة قانونية غير مصنفة وغير متحققة,not_downloaded,unverified,not_eligible,Telegram preview supplies metadata only; download original and verify official provenance before indexing
robiai33,464,https://t.me/robiai33/464,لائحة التدريب والابتعاث 1443.pdf,3.1 MB,2026-08-06T20:06:46+00:00,,,لائحة/نظام مرشح غير متحقق,not_downloaded,unverified,not_eligible,Telegram preview supplies metadata only; download original and verify official provenance before indexing
robiai33,465,https://t.me/robiai33/465,سلم رواتب العسكريين الصحيين.pdf,2.9 MB,2026-08-06T20:06:46+00:00,,,مادة قانونية غير مصنفة وغير متحققة,not_downloaded,unverified,not_eligible,Telegram preview supplies metadata only; download original and verify official provenance before indexing
robiai33,466,https://t.me/robiai33/466,غياب الموظف.png,564.3 KB,2026-08-06T20:06:46+00:00,,,مادة قانونية غير مصنفة وغير متحققة,not_downloaded,unverified,not_eligible,Telegram preview supplies metadata only; download original and verify official provenance before indexing
robiai33,467,https://t.me/robiai33/467,قرار درجات الإركابات.pdf,583.4 KB,2026-08-06T20:06:46+00:00,,,قرار مرشح غير متحقق,not_downloaded,unverified,not_eligible,Telegram preview supplies metadata only; download original and verify official provenance before indexing
robiai33,468,https://t.me/robiai33/468,1212.pdf,2.4 MB,2026-08-06T20:06:46+00:00,,,مادة قانونية غير مصنفة وغير متحققة,not_downloaded,unverified,not_eligible,Telegram preview supplies metadata only; download original and verify official provenance before indexing
robiai33,469,https://t.me/robiai33/469,نظام_قوات_الأمن_الداخلي_بعد_التنقيح.pdf,458.4 KB,2026-08-06T20:06:46+00:00,,,لائحة/نظام مرشح غير متحقق,not_downloaded,unverified,not_eligible,Telegram preview supplies metadata only; download original and verify official provenance before indexing
robiai33,470,https://t.me/robiai33/470,الجزاءات_الإدارية_في_نظام_قوات_الأمن_الداخلي_كتيب_صغير.pdf,268.1 KB,2026-08-06T20:06:46+00:00,,,لائحة/نظام مرشح غير متحقق,not_downloaded,unverified,not_eligible,Telegram preview supplies metadata only; download original and verify official provenance before indexing
robiai33,471,https://t.me/robiai33/471,توحيد حالات التأهب العسكرية.pdf,399.9 KB,2026-08-06T20:06:46+00:00,,,مادة قانونية غير مصنفة وغير متحققة,not_downloaded,unverified,not_eligible,Telegram preview supplies metadata only; download original and verify official provenance before indexing
robiai33,472,https://t.me/robiai33/472,مكافأة التأهيل.pdf,399.1 KB,2026-08-06T20:06:46+00:00,,,مادة قانونية غير مصنفة وغير متحققة,not_downloaded,unverified,not_eligible,Telegram preview supplies metadata only; download original and verify official provenance before indexing
robiai33,473,https://t.me/robiai33/473,قرار_مجلس_الوزراء_رقم_15_عام_1413_مكافأة_الحاسب.pdf,4.1 MB,2026-08-06T20:06:46+00:00,,,قرار مرشح غير متحقق,not_downloaded,unverified,not_eligible,Telegram preview supplies metadata only; download original and verify official provenance before indexing
robiai33,474,https://t.me/robiai33/474,قرار وزاري.pdf,1.5 MB,2026-08-06T20:16:19+00:00,,,قرار مرشح غير متحقق,not_downloaded,unverified,not_eligible,Telegram preview supplies metadata only; download original and verify official provenance before indexing
robiai33,475,https://t.me/robiai33/475,تعميم لجميع المحـاكم.pdf,155.5 KB,2026-08-06T20:16:19+00:00,,,تعميم مرشح غير متحقق,not_downloaded,unverified,not_eligible,Telegram preview supplies metadata only; download original and verify official provenance before indexing
robiai33,476,https://t.me/robiai33/476,file.pdf,266.5 KB,2026-08-06T20:16:19+00:00,,,مادة قانونية غير مصنفة وغير متحققة,not_downloaded,unverified,not_eligible,Telegram preview supplies metadata only; download original and verify official provenance before indexing
robiai33,477,https://t.me/robiai33/477,تسبيبات في مسائل الزيارة .pdf,131.8 KB,2026-08-06T20:16:19+00:00,,,مادة قانونية غير مصنفة وغير متحققة,not_downloaded,unverified,not_eligible,Telegram preview supplies metadata only; download original and verify official provenance before indexing
robiai33,478,https://t.me/robiai33/478,تسبيبات في مسائل الحضانة.pdf,274.4 KB,2026-08-06T20:16:19+00:00,,,مادة قانونية غير مصنفة وغير متحققة,not_downloaded,unverified,not_eligible,Telegram preview supplies metadata only; download original and verify official provenance before indexing
robiai33,479,https://t.me/robiai33/479,تعميم قضائي.pdf,1.4 MB,2026-08-06T20:16:19+00:00,,,تعميم مرشح غير متحقق,not_downloaded,unverified,not_eligible,Telegram preview supplies metadata only; download original and verify official provenance before indexing
robiai33,480,https://t.me/robiai33/480,تعميم لجميع المحاكم .pdf,469.8 KB,2026-08-06T20:16:19+00:00,,/s/robiai33?after=480,تعميم مرشح غير متحقق,not_downloaded,unverified,not_eligible,Telegram preview supplies metadata only; download original and verify official provenance before indexing
robiai33,481,https://t.me/robiai33/481,ملف.pdf,1.1 MB,2026-08-06T20:16:19+00:00,,,مادة قانونية غير مصنفة وغير متحققة,not_downloaded,unverified,not_eligible,Telegram preview supplies metadata only; download original and verify official provenance before indexing
robiai33,482,https://t.me/robiai33/482,حكم%20ضد%20الجامعة.pdf,586.7 KB,2026-08-06T20:16:19+00:00,,,حكم قضائي مرشح غير متحقق,not_downloaded,unverified,not_eligible,Telegram preview supplies metadata only; download original and verify official provenance before indexing
robiai33,483,https://t.me/robiai33/483,نظام_المحاكم_التجارية_نسخة_مجلس_الوزارة.pdf,19.3 MB,2026-08-06T20:16:19+00:00,,,لائحة/نظام مرشح غير متحقق,not_downloaded,unverified,not_eligible,Telegram preview supplies metadata only; download original and verify official provenance before indexing
robiai33,484,https://t.me/robiai33/484,صورة PNG 17.png,717.9 KB,2026-08-06T20:16:19+00:00,,,مادة قانونية غير مصنفة وغير متحققة,not_downloaded,unverified,not_eligible,Telegram preview supplies metadata only; download original and verify official provenance before indexing
robiai33,485,https://t.me/robiai33/485,IMG_5621.PNG,684.1 KB,2026-08-06T20:16:19+00:00,,,مادة قانونية غير مصنفة وغير متحققة,not_downloaded,unverified,not_eligible,Telegram preview supplies metadata only; download original and verify official provenance before indexing
robiai33,486,https://t.me/robiai33/486,IMG_5620.PNG,801.7 KB,2026-08-06T20:16:19+00:00,,,مادة قانونية غير مصنفة وغير متحققة,not_downloaded,unverified,not_eligible,Telegram preview supplies metadata only; download original and verify official provenance before indexing
robiai33,487,https://t.me/robiai33/487,scan0003.pdf.pdf,1.7 MB,2026-08-06T20:16:20+00:00,,,مادة قانونية غير مصنفة وغير متحققة,not_downloaded,unverified,not_eligible,Telegram preview supplies metadata only; download original and verify official provenance before indexing
robiai33,488,https://t.me/robiai33/488,قرار_معالي_الرئيس_رقم_77_لعام_1441هـ.pdf,108.8 KB,2026-08-06T20:16:20+00:00,,,قرار مرشح غير متحقق,not_downloaded,unverified,not_eligible,Telegram preview supplies metadata only; download original and verify official provenance before indexing
robiai33,489,https://t.me/robiai33/489,قرار_معالي_الرئيس_رقم_77_لعام_1441هـ.pdf,108.8 KB,2026-08-06T20:16:20+00:00,,,قرار مرشح غير متحقق,not_downloaded,unverified,not_eligible,Telegram preview supplies metadata only; download original and verify official provenance before indexing
robiai33,490,https://t.me/robiai33/490,قرار_رئيس_مجلس_القضاء_الاعلى_بشأن_استئناف_عقد_جلسات_جميع_القضايا.pdf,604.3 KB,2026-08-06T20:16:20+00:00,,,قرار مرشح غير متحقق,not_downloaded,unverified,not_eligible,Telegram preview supplies metadata only; download original and verify official provenance before indexing
robiai33,491,https://t.me/robiai33/491,دليل_الأسئلة_العدلية_عن_التنفيذ.pdf,19.6 MB,2026-08-06T20:16:20+00:00,,,مادة قانونية غير مصنفة وغير متحققة,not_downloaded,unverified,not_eligible,Telegram preview supplies metadata only; download original and verify official provenance before indexing
robiai33,492,https://t.me/robiai33/492,تسبيبات فقهية لاحكام الزيارة.pdf,131.8 KB,2026-08-06T20:16:20+00:00,,,مادة قانونية غير مصنفة وغير متحققة,not_downloaded,unverified,not_eligible,Telegram preview supplies metadata only; download original and verify official provenance before indexing
robiai33,493,https://t.me/robiai33/493,الرسوم القضائية..pdf,474.7 KB,2026-08-06T20:16:20+00:00,,,مادة قانونية غير مصنفة وغير متحققة,not_downloaded,unverified,not_eligible,Telegram preview supplies metadata only; download original and verify official provenance before indexing
robiai33,494,https://t.me/robiai33/494,دليل_سياسات_واجراءات_إيصال_الخدمات_للمنازل.pdf,1.5 MB,2026-08-06T20:16:20+00:00,,,مادة قانونية غير مصنفة وغير متحققة,not_downloaded,unverified,not_eligible,Telegram preview supplies metadata only; download original and verify official provenance before indexing
robiai33,495,https://t.me/robiai33/495,تعميم الزواج المبكر.pdf,59.3 KB,2026-08-06T20:16:20+00:00,,,تعميم مرشح غير متحقق,not_downloaded,unverified,not_eligible,Telegram preview supplies metadata only; download original and verify official provenance before indexing
robiai33,496,https://t.me/robiai33/496,مطالبة بقيمة جوهرة.pdf,915.8 KB,2026-08-06T20:16:20+00:00,,,مادة قانونية غير مصنفة وغير متحققة,not_downloaded,unverified,not_eligible,Telegram preview supplies metadata only; download original and verify official provenance before indexing
robiai33,497,https://t.me/robiai33/497,اللائحة_التنفيذية_لتظام_الاحداث_١٤٤٢_٠٤_١٦ه‍_.pdf,145.2 KB,2026-08-06T20:16:20+00:00,,,لائحة/نظام مرشح غير متحقق,not_downloaded,unverified,not_eligible,Telegram preview supplies metadata only; download original and verify official provenance before indexing
robiai33,498,https://t.me/robiai33/498,تعديل_على_الاختصاص_لدى_المحاكم_21_09_1440.pdf,195.2 KB,2026-08-06T20:16:20+00:00,,,مادة قانونية غير مصنفة وغير متحققة,not_downloaded,unverified,not_eligible,Telegram preview supplies metadata only; download original and verify official provenance before indexing
robiai33,499,https://t.me/robiai33/499,الجرائم الموجبة للتوقيف .pdf,6.3 MB,2026-08-06T20:16:20+00:00,,,مادة قانونية غير مصنفة وغير متحققة,not_downloaded,unverified,not_eligible,Telegram preview supplies metadata only; download original and verify official provenance before indexing
robiai33,500,https://t.me/robiai33/500,المبادئ القضائية.pdf,12.9 MB,2026-08-06T20:16:20+00:00,,/s/robiai33?after=500,مبدأ قضائي مرشح غير متحقق,not_downloaded,unverified,not_eligible,Telegram preview supplies metadata only; download original and verify official provenance before indexing
robiai33,501,https://t.me/robiai33/501,الجرائم الموجبة للتوقيف .pdf,6.3 MB,2026-08-06T20:16:20+00:00,,,مادة قانونية غير مصنفة وغير متحققة,not_downloaded,unverified,not_eligible,Telegram preview supplies metadata only; download original and verify official provenance before indexing
robiai33,502,https://t.me/robiai33/504?single,01.pdf,491.6 KB,2026-08-06T20:16:20+00:00,,,مادة قانونية غير مصنفة وغير متحققة,not_downloaded,unverified,not_eligible,Telegram preview supplies metadata only; download original and verify official provenance before indexing
robiai33,502,https://t.me/robiai33/502?single,02.pdf,556.6 KB,2026-08-06T20:16:20+00:00,,,مادة قانونية غير مصنفة وغير متحققة,not_downloaded,unverified,not_eligible,Telegram preview supplies metadata only; download original and verify official provenance before indexing
robiai33,505,https://t.me/robiai33/505,‎⁨قواعد التملك الجديدة⁩.pdf,8.2 MB,2026-08-06T20:16:20+00:00,,,مادة قانونية غير مصنفة وغير متحققة,not_downloaded,unverified,not_eligible,Telegram preview supplies metadata only; download original and verify official provenance before indexing
robiai33,506,https://t.me/robiai33/506,أهم القواعد الفقهية للقانوني.pdf,4.5 MB,2026-08-06T20:16:20+00:00,,,مادة قانونية غير مصنفة وغير متحققة,not_downloaded,unverified,not_eligible,Telegram preview supplies metadata only; download original and verify official provenance before indexing
robiai33,507,https://t.me/robiai33/507,‎⁨تسبيبات القضاء العام ⁩.pdf,14.6 MB,2026-08-06T20:16:20+00:00,,,مادة قانونية غير مصنفة وغير متحققة,not_downloaded,unverified,not_eligible,Telegram preview supplies metadata only; download original and verify official provenance before indexing
robiai33,508,https://t.me/robiai33/508,تلخيص_كتاب_الممتع_في_القواعد_الفقهية.pdf,434.8 KB,2026-08-06T20:16:21+00:00,,,مادة قانونية غير مصنفة وغير متحققة,not_downloaded,unverified,not_eligible,Telegram preview supplies metadata only; download original and verify official provenance before indexing
robiai33,509,https://t.me/robiai33/509,قواعد_وترتيبات_التخصيص_او_التحول_.pdf,156.1 KB,2026-08-06T20:16:21+00:00,,,مادة قانونية غير مصنفة وغير متحققة,not_downloaded,unverified,not_eligible,Telegram preview supplies metadata only; download original and verify official provenance before indexing
robiai33,510,https://t.me/robiai33/510,‎⁨آلية_تنفيذ_الأحكام_الإدارية⁩.pdf,224.8 KB,2026-08-06T20:16:21+00:00,,,مادة قانونية غير مصنفة وغير متحققة,not_downloaded,unverified,not_eligible,Telegram preview supplies metadata only; download original and verify official provenance before indexing
robiai33,511,https://t.me/robiai33/511,تعميم_البنك_المركزي_للمبالغ_المستثناة_عن_الحجز.pdf,146.5 KB,2026-08-06T20:16:21+00:00,,,تعميم مرشح غير متحقق,not_downloaded,unverified,not_eligible,Telegram preview supplies metadata only; download original and verify official provenance before indexing
robiai33,512,https://t.me/robiai33/512,تسبيبات الأحوال والقول لمن ؟.pdf,7.8 MB,2026-08-06T20:16:21+00:00,,,مادة قانونية غير مصنفة وغير متحققة,not_downloaded,unverified,not_eligible,Telegram preview supplies metadata only; download original and verify official provenance before indexing
robiai33,513,https://t.me/robiai33/514?single,الإلمام بتسبيب الأحكام.pdf,4.5 MB,2026-08-06T20:16:21+00:00,,,مادة قانونية غير مصنفة وغير متحققة,not_downloaded,unverified,not_eligible,Telegram preview supplies metadata only; download original and verify official provenance before indexing
robiai33,513,https://t.me/robiai33/513?single,التسبيبات_الفقهية_في_مختلف_المجالات_القانونية_مع_الفهرسة.pdf,9.5 MB,2026-08-06T20:16:21+00:00,,,فهرس/مدونة مرجعية غير مستقلة,not_downloaded,unverified,not_eligible,Telegram preview supplies metadata only; download original and verify official provenance before indexing
robiai33,513,https://t.me/robiai33/515?single,تسبيبات القضاء العام .pdf,14.6 MB,2026-08-06T20:16:21+00:00,,,مادة قانونية غير مصنفة وغير متحققة,not_downloaded,unverified,not_eligible,Telegram preview supplies metadata only; download original and verify official provenance before indexing
robiai33,516,https://t.me/robiai33/516,‎⁨حكم_في_التعويض_عن_الضرر_المعنوي⁩.pdf,3.3 MB,2026-08-06T20:16:21+00:00,,,حكم قضائي مرشح غير متحقق,not_downloaded,unverified,not_eligible,Telegram preview supplies metadata only; download original and verify official provenance before indexing
robiai33,517,https://t.me/robiai33/517,تعميم من الديوان الملكي 1443هـ.pdf,58.3 KB,2026-08-06T20:16:21+00:00,,,تعميم مرشح غير متحقق,not_downloaded,unverified,not_eligible,Telegram preview supplies metadata only; download original and verify official provenance before indexing
robiai33,518,https://t.me/robiai33/518,أمر_ملكي_بخصوص_طلبات_تملك_العقارات.pdf,734.6 KB,2026-08-06T20:16:21+00:00,,,مادة قانونية غير مصنفة وغير متحققة,not_downloaded,unverified,not_eligible,Telegram preview supplies metadata only; download original and verify official provenance before indexing
robiai33,519,https://t.me/robiai33/519,جامع الأنظمة التجارية.pdf,300.3 KB,2026-08-06T20:16:21+00:00,,,مادة قانونية غير مصنفة وغير متحققة,not_downloaded,unverified,not_eligible,Telegram preview supplies metadata only; download original and verify official provenance before indexing
robiai33,520,https://t.me/robiai33/520,5.pdf,7.1 MB,2026-08-06T20:16:21+00:00,,/s/robiai33?after=520,مادة قانونية غير مصنفة وغير متحققة,not_downloaded,unverified,not_eligible,Telegram preview supplies metadata only; download original and verify official provenance before indexing
robiai33,521,https://t.me/robiai33/521,تعميم_جديد_عقود_الايجار_غير_المسجلة.pdf,1007 KB,2026-08-06T20:16:21+00:00,,,تعميم مرشح غير متحقق,not_downloaded,unverified,not_eligible,Telegram preview supplies metadata only; download original and verify official provenance before indexing
robiai33,522,https://t.me/robiai33/522,‎⁨صورة⁩.pdf,2.5 MB,2026-08-06T20:16:21+00:00,,,مادة قانونية غير مصنفة وغير متحققة,not_downloaded,unverified,not_eligible,Telegram preview supplies metadata only; download original and verify official provenance before indexing
robiai33,523,https://t.me/robiai33/523,تعميم رقم (1544_ت) لعام 1441.pdf,251.8 KB,2026-08-06T20:16:21+00:00,,,تعميم مرشح غير متحقق,not_downloaded,unverified,not_eligible,Telegram preview supplies metadata only; download original and verify official provenance before indexing
robiai33,524,https://t.me/robiai33/524,‎⁨تعميم_البنك_المركزي_للمبالغ_المستثناة_عن_الحجز⁩.pdf,266 KB,2026-08-06T20:16:21+00:00,,,تعميم مرشح غير متحقق,not_downloaded,unverified,not_eligible,Telegram preview supplies metadata only; download original and verify official provenance before indexing
robiai33,525,https://t.me/robiai33/525,01.pdf,491.6 KB,2026-08-06T20:18:59+00:00,,,مادة قانونية غير مصنفة وغير متحققة,not_downloaded,unverified,not_eligible,Telegram preview supplies metadata only; download original and verify official provenance before indexing
robiai33,526,https://t.me/robiai33/526,نظام المعاملات المدنية.pdf,8.9 MB,2026-08-06T20:18:59+00:00,,,لائحة/نظام مرشح غير متحقق,not_downloaded,unverified,not_eligible,Telegram preview supplies metadata only; download original and verify official provenance before indexing
robiai33,527,https://t.me/robiai33/527?single,مجلد 3ص310 العبره في العقود.pdf,7.6 MB,2026-08-06T20:18:59+00:00,,,مادة قانونية غير مصنفة وغير متحققة,not_downloaded,unverified,not_eligible,Telegram preview supplies metadata only; download original and verify official provenance before indexing
robiai33,527,https://t.me/robiai33/528?single,مجلد7ص336 العبره في العقود.pdf,1.6 MB,2026-08-06T20:18:59+00:00,,,مادة قانونية غير مصنفة وغير متحققة,not_downloaded,unverified,not_eligible,Telegram preview supplies metadata only; download original and verify official provenance before indexing
robiai33,529,https://t.me/robiai33/529,مجموعة_الأحكام_القضائية_البحث.pdf,1002.3 KB,2026-08-06T20:18:59+00:00,,,مادة قانونية غير مصنفة وغير متحققة,not_downloaded,unverified,not_eligible,Telegram preview supplies metadata only; download original and verify official provenance before indexing
robiai33,530,https://t.me/robiai33/530,مجموعة الأحكام القضائية 1.pdf,12.4 MB,2026-08-06T20:18:59+00:00,,,مادة قانونية غير مصنفة وغير متحققة,not_downloaded,unverified,not_eligible,Telegram preview supplies metadata only; download original and verify official provenance before indexing
robiai33,531,https://t.me/robiai33/531,مجموعة الأحكام القضائية 2.pdf,8.3 MB,2026-08-06T20:18:59+00:00,,,مادة قانونية غير مصنفة وغير متحققة,not_downloaded,unverified,not_eligible,Telegram preview supplies metadata only; download original and verify official provenance before indexing
robiai33,532,https://t.me/robiai33/532,مجموعة الأحكام القضائية 3.pdf,7.7 MB,2026-08-06T20:18:59+00:00,,,مادة قانونية غير مصنفة وغير متحققة,not_downloaded,unverified,not_eligible,Telegram preview supplies metadata only; download original and verify official provenance before indexing
robiai33,533,https://t.me/robiai33/533,مجموعة الأحكام القضائية 4.pdf,8.1 MB,2026-08-06T20:18:59+00:00,,,مادة قانونية غير مصنفة وغير متحققة,not_downloaded,unverified,not_eligible,Telegram preview supplies metadata only; download original and verify official provenance before indexing
robiai33,534,https://t.me/robiai33/534,مجموعة الأحكام القضائية 5.pdf,7.1 MB,2026-08-06T20:18:59+00:00,,,مادة قانونية غير مصنفة وغير متحققة,not_downloaded,unverified,not_eligible,Telegram preview supplies metadata only; download original and verify official provenance before indexing
robiai33,535,https://t.me/robiai33/535,مجموعة الأحكام القضائية 6.pdf,7 MB,2026-08-06T20:18:59+00:00,,,مادة قانونية غير مصنفة وغير متحققة,not_downloaded,unverified,not_eligible,Telegram preview supplies metadata only; download original and verify official provenance before indexing
robiai33,536,https://t.me/robiai33/536,مجموعة الأحكام القضائية 7.pdf,7.1 MB,2026-08-06T20:18:59+00:00,,,مادة قانونية غير مصنفة وغير متحققة,not_downloaded,unverified,not_eligible,Telegram preview supplies metadata only; download original and verify official provenance before indexing
robiai33,537,https://t.me/robiai33/537,مجموعة الأحكام القضائية 8.pdf,8.1 MB,2026-08-06T20:18:59+00:00,,,مادة قانونية غير مصنفة وغير متحققة,not_downloaded,unverified,not_eligible,Telegram preview supplies metadata only; download original and verify official provenance before indexing
robiai33,538,https://t.me/robiai33/538,مجموعة الأحكام القضائية 9.pdf,8.7 MB,2026-08-06T20:18:59+00:00,,,مادة قانونية غير مصنفة وغير متحققة,not_downloaded,unverified,not_eligible,Telegram preview supplies metadata only; download original and verify official provenance before indexing
robiai33,539,https://t.me/robiai33/539,مجموعة الأحكام القضائية 10.pdf,9.1 MB,2026-08-06T20:18:59+00:00,,,مادة قانونية غير مصنفة وغير متحققة,not_downloaded,unverified,not_eligible,Telegram preview supplies metadata only; download original and verify official provenance before indexing
robiai33,540,https://t.me/robiai33/540,مجموعة الأحكام القضائية 11.pdf,10.1 MB,2026-08-06T20:18:59+00:00,,/s/robiai33?after=540,مادة قانونية غير مصنفة وغير متحققة,not_downloaded,unverified,not_eligible,Telegram preview supplies metadata only; download original and verify official provenance before indexing
robiai33,541,https://t.me/robiai33/541,مجموعة الأحكام القضائية 12.pdf,10 MB,2026-08-06T20:19:00+00:00,,,مادة قانونية غير مصنفة وغير متحققة,not_downloaded,unverified,not_eligible,Telegram preview supplies metadata only; download original and verify official provenance before indexing
robiai33,542,https://t.me/robiai33/542,مجموعة الأحكام القضائية 13.pdf,10.6 MB,2026-08-06T20:19:00+00:00,,,مادة قانونية غير مصنفة وغير متحققة,not_downloaded,unverified,not_eligible,Telegram preview supplies metadata only; download original and verify official provenance before indexing
robiai33,543,https://t.me/robiai33/543,مجموعة الأحكام القضائية 14.pdf,5.1 MB,2026-08-06T20:19:00+00:00,,,مادة قانونية غير مصنفة وغير متحققة,not_downloaded,unverified,not_eligible,Telegram preview supplies metadata only; download original and verify official provenance before indexing
robiai33,544,https://t.me/robiai33/544,مجلد 30 الفهرس.pdf,1.5 MB,2026-08-06T20:19:00+00:00,,,فهرس/مدونة مرجعية غير مستقلة,not_downloaded,unverified,not_eligible,Telegram preview supplies metadata only; download original and verify official provenance before indexing
robiai33,545,https://t.me/robiai33/545,مجلد 1 لعام 1434.pdf,5.1 MB,2026-08-06T20:19:00+00:00,,,مادة قانونية غير مصنفة وغير متحققة,not_downloaded,unverified,not_eligible,Telegram preview supplies metadata only; download original and verify official provenance before indexing
robiai33,546,https://t.me/robiai33/546,مجلد 2 لعام 1434.pdf,2.8 MB,2026-08-06T20:19:00+00:00,,,مادة قانونية غير مصنفة وغير متحققة,not_downloaded,unverified,not_eligible,Telegram preview supplies metadata only; download original and verify official provenance before indexing
robiai33,547,https://t.me/robiai33/547,مجلد 3 لعام 1434.pdf,5.6 MB,2026-08-06T20:19:00+00:00,,,مادة قانونية غير مصنفة وغير متحققة,not_downloaded,unverified,not_eligible,Telegram preview supplies metadata only; download original and verify official provenance before indexing
robiai33,548,https://t.me/robiai33/548,مجلد 4 لعام 1434.pdf,4.6 MB,2026-08-06T20:19:00+00:00,,,مادة قانونية غير مصنفة وغير متحققة,not_downloaded,unverified,not_eligible,Telegram preview supplies metadata only; download original and verify official provenance before indexing
robiai33,549,https://t.me/robiai33/549,مجلد 5 لعام 1434.pdf,3.8 MB,2026-08-06T20:19:00+00:00,,,مادة قانونية غير مصنفة وغير متحققة,not_downloaded,unverified,not_eligible,Telegram preview supplies metadata only; download original and verify official provenance before indexing
robiai33,550,https://t.me/robiai33/550,مجلد 6 لعام 1434.pdf,4.2 MB,2026-08-06T20:19:00+00:00,,,مادة قانونية غير مصنفة وغير متحققة,not_downloaded,unverified,not_eligible,Telegram preview supplies metadata only; download original and verify official provenance before indexing
robiai33,551,https://t.me/robiai33/551,مجلد 7 لعام 1434.pdf,2.6 MB,2026-08-06T20:19:00+00:00,,,مادة قانونية غير مصنفة وغير متحققة,not_downloaded,unverified,not_eligible,Telegram preview supplies metadata only; download original and verify official provenance before indexing
robiai33,552,https://t.me/robiai33/552,مجلد 8 لعام 1434.pdf,3.4 MB,2026-08-06T20:19:00+00:00,,,مادة قانونية غير مصنفة وغير متحققة,not_downloaded,unverified,not_eligible,Telegram preview supplies metadata only; download original and verify official provenance before indexing
robiai33,553,https://t.me/robiai33/553,مجلد 9لعام 1434.pdf,3.5 MB,2026-08-06T20:19:00+00:00,,,مادة قانونية غير مصنفة وغير متحققة,not_downloaded,unverified,not_eligible,Telegram preview supplies metadata only; download original and verify official provenance before indexing
robiai33,554,https://t.me/robiai33/554,مجلد 10 لعام 1434.pdf,3.6 MB,2026-08-06T20:19:00+00:00,,,مادة قانونية غير مصنفة وغير متحققة,not_downloaded,unverified,not_eligible,Telegram preview supplies metadata only; download original and verify official provenance before indexing
robiai33,555,https://t.me/robiai33/555,مجلد 11 لعام 1434.pdf,4.4 MB,2026-08-06T20:19:00+00:00,,,مادة قانونية غير مصنفة وغير متحققة,not_downloaded,unverified,not_eligible,Telegram preview supplies metadata only; download original and verify official provenance before indexing
robiai33,556,https://t.me/robiai33/556,مجلد 12 لعام 1434.pdf,3.9 MB,2026-08-06T20:19:00+00:00,,,مادة قانونية غير مصنفة وغير متحققة,not_downloaded,unverified,not_eligible,Telegram preview supplies metadata only; download original and verify official provenance before indexing
robiai33,557,https://t.me/robiai33/557,مجلد 13 لعام 1434.pdf,2.8 MB,2026-08-06T20:19:00+00:00,,,مادة قانونية غير مصنفة وغير متحققة,not_downloaded,unverified,not_eligible,Telegram preview supplies metadata only; download original and verify official provenance before indexing
robiai33,558,https://t.me/robiai33/558,مجلد 14 لعام 1434.pdf,4.3 MB,2026-08-06T20:19:00+00:00,,,مادة قانونية غير مصنفة وغير متحققة,not_downloaded,unverified,not_eligible,Telegram preview supplies metadata only; download original and verify official provenance before indexing
robiai33,559,https://t.me/robiai33/559,مجلد 15 لعام 1434.pdf,4.6 MB,2026-08-06T20:19:00+00:00,,,مادة قانونية غير مصنفة وغير متحققة,not_downloaded,unverified,not_eligible,Telegram preview supplies metadata only; download original and verify official provenance before indexing
robiai33,560,https://t.me/robiai33/560,مجلد 16 لعام 1434.pdf,4.5 MB,2026-08-06T20:19:00+00:00,,/s/robiai33?after=560,مادة قانونية غير مصنفة وغير متحققة,not_downloaded,unverified,not_eligible,Telegram preview supplies metadata only; download original and verify official provenance before indexing
robiai33,561,https://t.me/robiai33/561,مجلد 17 لعام 1434.pdf,3.4 MB,2026-08-06T20:19:00+00:00,,,مادة قانونية غير مصنفة وغير متحققة,not_downloaded,unverified,not_eligible,Telegram preview supplies metadata only; download original and verify official provenance before indexing
robiai33,562,https://t.me/robiai33/562,مجلد 18 لعام 1434.pdf,3 MB,2026-08-06T20:19:01+00:00,,,مادة قانونية غير مصنفة وغير متحققة,not_downloaded,unverified,not_eligible,Telegram preview supplies metadata only; download original and verify official provenance before indexing
robiai33,563,https://t.me/robiai33/563,مجلد 19 لعام 1434.pdf,2.4 MB,2026-08-06T20:19:01+00:00,,,مادة قانونية غير مصنفة وغير متحققة,not_downloaded,unverified,not_eligible,Telegram preview supplies metadata only; download original and verify official provenance before indexing
robiai33,564,https://t.me/robiai33/564,مجلد 20 لعام 1434.pdf,2.4 MB,2026-08-06T20:19:01+00:00,,,مادة قانونية غير مصنفة وغير متحققة,not_downloaded,unverified,not_eligible,Telegram preview supplies metadata only; download original and verify official provenance before indexing
robiai33,565,https://t.me/robiai33/565,مجلد 21 لعام 1434.pdf,2.3 MB,2026-08-06T20:19:01+00:00,,,مادة قانونية غير مصنفة وغير متحققة,not_downloaded,unverified,not_eligible,Telegram preview supplies metadata only; download original and verify official provenance before indexing
robiai33,566,https://t.me/robiai33/566,مجلد 22 لعام 1434.pdf,3.4 MB,2026-08-06T20:19:01+00:00,,,مادة قانونية غير مصنفة وغير متحققة,not_downloaded,unverified,not_eligible,Telegram preview supplies metadata only; download original and verify official provenance before indexing
robiai33,567,https://t.me/robiai33/567,مجلد 23 لعام 1434.pdf,3.9 MB,2026-08-06T20:19:01+00:00,,,مادة قانونية غير مصنفة وغير متحققة,not_downloaded,unverified,not_eligible,Telegram preview supplies metadata only; download original and verify official provenance before indexing
robiai33,568,https://t.me/robiai33/568,مجلد 24 لعام 1434.pdf,8 MB,2026-08-06T20:19:01+00:00,,,مادة قانونية غير مصنفة وغير متحققة,not_downloaded,unverified,not_eligible,Telegram preview supplies metadata only; download original and verify official provenance before indexing
robiai33,569,https://t.me/robiai33/569,مجلد 25 لعام 1434.pdf,4.5 MB,2026-08-06T20:19:01+00:00,,,مادة قانونية غير مصنفة وغير متحققة,not_downloaded,unverified,not_eligible,Telegram preview supplies metadata only; download original and verify official provenance before indexing
robiai33,570,https://t.me/robiai33/570,مجلد 26لعام 1434.pdf,2.7 MB,2026-08-06T20:19:01+00:00,,,مادة قانونية غير مصنفة وغير متحققة,not_downloaded,unverified,not_eligible,Telegram preview supplies metadata only; download original and verify official provenance before indexing
robiai33,571,https://t.me/robiai33/571,مجلد 27 لعام 1434.pdf,4.1 MB,2026-08-06T20:19:01+00:00,,,مادة قانونية غير مصنفة وغير متحققة,not_downloaded,unverified,not_eligible,Telegram preview supplies metadata only; download original and verify official provenance before indexing
robiai33,572,https://t.me/robiai33/572,مجلد 28 لعام 1434.pdf,4.2 MB,2026-08-06T20:19:01+00:00,,,مادة قانونية غير مصنفة وغير متحققة,not_downloaded,unverified,not_eligible,Telegram preview supplies metadata only; download original and verify official provenance before indexing
robiai33,573,https://t.me/robiai33/573,مجلد 29 الاسانيد.pdf,27.8 MB,2026-08-06T20:19:01+00:00,,,مادة قانونية غير مصنفة وغير متحققة,not_downloaded,unverified,not_eligible,Telegram preview supplies metadata only; download original and verify official provenance before indexing
robiai33,574,https://t.me/robiai33/574,‎⁨قرار_جدول_المخالفات_والعقوبات⁩.pdf,1.3 MB,2026-08-06T20:19:01+00:00,,,قرار مرشح غير متحقق,not_downloaded,unverified,not_eligible,Telegram preview supplies metadata only; download original and verify official provenance before indexing
robiai33,575,https://t.me/robiai33/575,02_دعوى_–_موانع_نظر_الدعوى_إلغاء_أمر_ملكي_–_أعمال_السيادة_–_الاستئناس.pdf,347.9 KB,2026-08-06T20:19:01+00:00,,,مادة قانونية غير مصنفة وغير متحققة,not_downloaded,unverified,not_eligible,Telegram preview supplies metadata only; download original and verify official provenance before indexing
robiai33,576,https://t.me/robiai33/576,تعديل_الفقرتين_2،_3_من_المادة_75_من_نظام_المرور_6.pdf,217.6 KB,2026-08-06T20:19:01+00:00,,,لائحة/نظام مرشح غير متحقق,not_downloaded,unverified,not_eligible,Telegram preview supplies metadata only; download original and verify official provenance before indexing
robiai33,577,https://t.me/robiai33/577,فهرسة_معاملة_بالمحكمة_الادارية_بجدة.pdf,437.7 KB,2026-08-06T20:19:52+00:00,,,فهرس/مدونة مرجعية غير مستقلة,not_downloaded,unverified,not_eligible,Telegram preview supplies metadata only; download original and verify official provenance before indexing
robiai33,578,https://t.me/robiai33/578,ضوابط إيقاف الخدمات1444.pdf,1.2 MB,2026-08-06T20:19:52+00:00,,,مادة قانونية غير مصنفة وغير متحققة,not_downloaded,unverified,not_eligible,Telegram preview supplies metadata only; download original and verify official provenance before indexing
robiai33,579,https://t.me/robiai33/579,‎⁨قرار_معالي_الرئيس_رقم_77_لعام_1441هـ⁩.pdf,108.8 KB,2026-08-06T20:21:40+00:00,,,قرار مرشح غير متحقق,not_downloaded,unverified,not_eligible,Telegram preview supplies metadata only; download original and verify official provenance before indexing
robiai33,580,https://t.me/robiai33/580,file.pdf,440.6 KB,2026-08-06T20:21:40+00:00,,/s/robiai33?after=580,مادة قانونية غير مصنفة وغير متحققة,not_downloaded,unverified,not_eligible,Telegram preview supplies metadata only; download original and verify official provenance before indexing
robiai33,581,https://t.me/robiai33/581,دليل_الأسئلة_العدلية_عن_التنفيذ.pdf,19.6 MB,2026-08-06T20:21:40+00:00,,,مادة قانونية غير مصنفة وغير متحققة,not_downloaded,unverified,not_eligible,Telegram preview supplies metadata only; download original and verify official provenance before indexing
robiai33,582,https://t.me/robiai33/582,المدد_النظامية_في_الأرواق_التجارية.pdf,348 KB,2026-08-06T20:21:40+00:00,,,لائحة/نظام مرشح غير متحقق,not_downloaded,unverified,not_eligible,Telegram preview supplies metadata only; download original and verify official provenance before indexing
robiai33,583,https://t.me/robiai33/583,قرار رقم 1.pdf,6.3 MB,2026-08-06T20:21:40+00:00,,,قرار مرشح غير متحقق,not_downloaded,unverified,not_eligible,Telegram preview supplies metadata only; download original and verify official provenance before indexing
robiai33,584,https://t.me/robiai33/584,4_5904742504787347516.pdf,2.5 MB,2026-08-06T20:21:40+00:00,,,مادة قانونية غير مصنفة وغير متحققة,not_downloaded,unverified,not_eligible,Telegram preview supplies metadata only; download original and verify official provenance before indexing
robiai33,585,https://t.me/robiai33/585,Untitled 1.pdf,768 KB,2026-08-06T20:21:40+00:00,,,مادة قانونية غير مصنفة وغير متحققة,not_downloaded,unverified,not_eligible,Telegram preview supplies metadata only; download original and verify official provenance before indexing
robiai33,586,https://t.me/robiai33/586,قواعد الاختصاص المكاني (2).pdf,318.9 KB,2026-08-06T20:21:40+00:00,,,مادة قانونية غير مصنفة وغير متحققة,not_downloaded,unverified,not_eligible,Telegram preview supplies metadata only; download original and verify official provenance before indexing
robiai33,587,https://t.me/robiai33/587,التعويض بلا خطأ.pdf,689.3 KB,2026-08-06T20:21:40+00:00,,,مادة قانونية غير مصنفة وغير متحققة,not_downloaded,unverified,not_eligible,Telegram preview supplies metadata only; download original and verify official provenance before indexing
robiai33,588,https://t.me/robiai33/588,نظام_الرهن_العقاري_المسجل_لعام_1433هـ_.pdf,2.1 MB,2026-08-06T20:21:40+00:00,,,لائحة/نظام مرشح غير متحقق,not_downloaded,unverified,not_eligible,Telegram preview supplies metadata only; download original and verify official provenance before indexing
robiai33,589,https://t.me/robiai33/589,دليل_الأسئلة_العدلية_عن_التنفيذ.pdf,19.6 MB,2026-08-06T20:22:07+00:00,,,مادة قانونية غير مصنفة وغير متحققة,not_downloaded,unverified,not_eligible,Telegram preview supplies metadata only; download original and verify official provenance before indexing
robiai33,590,https://t.me/robiai33/590,التوصيات المعتمدة .pdf,543.4 KB,2026-08-06T20:23:03+00:00,,,مادة قانونية غير مصنفة وغير متحققة,not_downloaded,unverified,not_eligible,Telegram preview supplies metadata only; download original and verify official provenance before indexing
robiai33,591,https://t.me/robiai33/591,احكام الهيئة العامة لمحكمة النقض.pdf,4.2 MB,2026-08-06T20:24:40+00:00,,,حكم قضائي مرشح غير متحقق,not_downloaded,unverified,not_eligible,Telegram preview supplies metadata only; download original and verify official provenance before indexing
robiai33,592,https://t.me/robiai33/592,سؤال وجواب الاحوال الشخصية.pdf,259.2 KB,2026-08-06T20:24:40+00:00,,,مادة قانونية غير مصنفة وغير متحققة,not_downloaded,unverified,not_eligible,Telegram preview supplies metadata only; download original and verify official provenance before indexing
robiai33,593,https://t.me/robiai33/593,IMG_8295.JPG,152.1 KB,2026-08-06T20:24:40+00:00,,,مادة قانونية غير مصنفة وغير متحققة,not_downloaded,unverified,not_eligible,Telegram preview supplies metadata only; download original and verify official provenance before indexing
robiai33,594,https://t.me/robiai33/594,تعليمات عفو رمضان عام 1440هـ.pdf,6 MB,2026-08-06T20:24:40+00:00,,,مادة قانونية غير مصنفة وغير متحققة,not_downloaded,unverified,not_eligible,Telegram preview supplies metadata only; download original and verify official provenance before indexing
robiai33,595,https://t.me/robiai33/595,قرارات المحكمة العليا.pdf,12.7 MB,2026-08-06T20:24:40+00:00,,,قرار مرشح غير متحقق,not_downloaded,unverified,not_eligible,Telegram preview supplies metadata only; download original and verify official provenance before indexing
robiai33,596,https://t.me/robiai33/596,التوصيات المعتمدة .pdf,543.4 KB,2026-08-06T20:24:41+00:00,,,مادة قانونية غير مصنفة وغير متحققة,not_downloaded,unverified,not_eligible,Telegram preview supplies metadata only; download original and verify official provenance before indexing
robiai33,597,https://t.me/robiai33/597,اعتراض_على_قضية_مشاركة_في_تزوير.pdf,727.1 KB,2026-08-06T20:24:41+00:00,,,مادة قانونية غير مصنفة وغير متحققة,not_downloaded,unverified,not_eligible,Telegram preview supplies metadata only; download original and verify official provenance before indexing
robiai33,598,https://t.me/robiai33/598,11.jpg,307.1 KB,2026-08-06T20:24:41+00:00,,,مادة قانونية غير مصنفة وغير متحققة,not_downloaded,unverified,not_eligible,Telegram preview supplies metadata only; download original and verify official provenance before indexing
robiai33,599,https://t.me/robiai33/599,تـعـمـيـم.pdf,7 MB,2026-08-06T20:24:41+00:00,,,مادة قانونية غير مصنفة وغير متحققة,not_downloaded,unverified,not_eligible,Telegram preview supplies metadata only; download original and verify official provenance before indexing
robiai33,600,https://t.me/robiai33/600,‎⁨بشأن_صرف_مكافأة_الخمسين_ألف.pdf,1.2 MB,2026-08-06T20:24:41+00:00,,/s/robiai33?after=600,مادة قانونية غير مصنفة وغير متحققة,not_downloaded,unverified,not_eligible,Telegram preview supplies metadata only; download original and verify official provenance before indexing
robiai33,601,https://t.me/robiai33/601?single,03 - السوابق القضائية.pdf,405.5 KB,2026-08-06T20:28:21+00:00,,,سابقة قضائية مرشحة غير متحققة,not_downloaded,unverified,not_eligible,Telegram preview supplies metadata only; download original and verify official provenance before indexing
robiai33,601,https://t.me/robiai33/608?single,18.pdf,3 MB,2026-08-06T20:28:21+00:00,,,مادة قانونية غير مصنفة وغير متحققة,not_downloaded,unverified,not_eligible,Telegram preview supplies metadata only; download original and verify official provenance before indexing
robiai33,601,https://t.me/robiai33/610?single,19.pdf,2.4 MB,2026-08-06T20:28:21+00:00,,,مادة قانونية غير مصنفة وغير متحققة,not_downloaded,unverified,not_eligible,Telegram preview supplies metadata only; download original and verify official provenance before indexing
robiai33,601,https://t.me/robiai33/609?single,21.pdf,2.3 MB,2026-08-06T20:28:21+00:00,,,مادة قانونية غير مصنفة وغير متحققة,not_downloaded,unverified,not_eligible,Telegram preview supplies metadata only; download original and verify official provenance before indexing
robiai33,601,https://t.me/robiai33/607?single,25.pdf,4.5 MB,2026-08-06T20:28:21+00:00,,,مادة قانونية غير مصنفة وغير متحققة,not_downloaded,unverified,not_eligible,Telegram preview supplies metadata only; download original and verify official provenance before indexing
robiai33,601,https://t.me/robiai33/606?single,27.pdf,4.1 MB,2026-08-06T20:28:21+00:00,,,مادة قانونية غير مصنفة وغير متحققة,not_downloaded,unverified,not_eligible,Telegram preview supplies metadata only; download original and verify official provenance before indexing
robiai33,601,https://t.me/robiai33/605?single,28.pdf,4.2 MB,2026-08-06T20:28:21+00:00,,,مادة قانونية غير مصنفة وغير متحققة,not_downloaded,unverified,not_eligible,Telegram preview supplies metadata only; download original and verify official provenance before indexing
robiai33,601,https://t.me/robiai33/604?single,29-1 (2).pdf,6.5 MB,2026-08-06T20:28:21+00:00,,,مادة قانونية غير مصنفة وغير متحققة,not_downloaded,unverified,not_eligible,Telegram preview supplies metadata only; download original and verify official provenance before indexing
robiai33,601,https://t.me/robiai33/603?single,29-1.pdf,6.5 MB,2026-08-06T20:28:21+00:00,,,مادة قانونية غير مصنفة وغير متحققة,not_downloaded,unverified,not_eligible,Telegram preview supplies metadata only; download original and verify official provenance before indexing
robiai33,601,https://t.me/robiai33/602?single,30.pdf,1.5 MB,2026-08-06T20:28:21+00:00,,,مادة قانونية غير مصنفة وغير متحققة,not_downloaded,unverified,not_eligible,Telegram preview supplies metadata only; download original and verify official provenance before indexing
robiai33,611,https://t.me/robiai33/614?single,14.pdf,4.3 MB,2026-08-06T20:28:22+00:00,,,مادة قانونية غير مصنفة وغير متحققة,not_downloaded,unverified,not_eligible,Telegram preview supplies metadata only; download original and verify official provenance before indexing
robiai33,611,https://t.me/robiai33/616?single,15.pdf,4.6 MB,2026-08-06T20:28:22+00:00,,,مادة قانونية غير مصنفة وغير متحققة,not_downloaded,unverified,not_eligible,Telegram preview supplies metadata only; download original and verify official provenance before indexing
robiai33,611,https://t.me/robiai33/613?single,16.pdf,4.5 MB,2026-08-06T20:28:22+00:00,,,مادة قانونية غير مصنفة وغير متحققة,not_downloaded,unverified,not_eligible,Telegram preview supplies metadata only; download original and verify official provenance before indexing
robiai33,611,https://t.me/robiai33/615?single,20.pdf,2.4 MB,2026-08-06T20:28:22+00:00,,,مادة قانونية غير مصنفة وغير متحققة,not_downloaded,unverified,not_eligible,Telegram preview supplies metadata only; download original and verify official provenance before indexing
robiai33,611,https://t.me/robiai33/612?single,22.pdf,3.4 MB,2026-08-06T20:28:22+00:00,,,مادة قانونية غير مصنفة وغير متحققة,not_downloaded,unverified,not_eligible,Telegram preview supplies metadata only; download original and verify official provenance before indexing
robiai33,611,https://t.me/robiai33/611?single,23.pdf,3.9 MB,2026-08-06T20:28:22+00:00,,,مادة قانونية غير مصنفة وغير متحققة,not_downloaded,unverified,not_eligible,Telegram preview supplies metadata only; download original and verify official provenance before indexing
robiai33,611,https://t.me/robiai33/618?single,24.pdf,8 MB,2026-08-06T20:28:22+00:00,,,مادة قانونية غير مصنفة وغير متحققة,not_downloaded,unverified,not_eligible,Telegram preview supplies metadata only; download original and verify official provenance before indexing
robiai33,611,https://t.me/robiai33/620?single,4-1.pdf,4.6 MB,2026-08-06T20:28:22+00:00,,,مادة قانونية غير مصنفة وغير متحققة,not_downloaded,unverified,not_eligible,Telegram preview supplies metadata only; download original and verify official provenance before indexing
robiai33,611,https://t.me/robiai33/619?single,7.pdf,2.6 MB,2026-08-06T20:28:22+00:00,,,مادة قانونية غير مصنفة وغير متحققة,not_downloaded,unverified,not_eligible,Telegram preview supplies metadata only; download original and verify official provenance before indexing
robiai33,611,https://t.me/robiai33/617?single,8.pdf,3.4 MB,2026-08-06T20:28:22+00:00,,,مادة قانونية غير مصنفة وغير متحققة,not_downloaded,unverified,not_eligible,Telegram preview supplies metadata only; download original and verify official provenance before indexing
robiai33,621,https://t.me/robiai33/623?single,10.pdf,3.6 MB,2026-08-06T20:28:22+00:00,,,مادة قانونية غير مصنفة وغير متحققة,not_downloaded,unverified,not_eligible,Telegram preview supplies metadata only; download original and verify official provenance before indexing
robiai33,621,https://t.me/robiai33/625?single,12.pdf,3.9 MB,2026-08-06T20:28:22+00:00,,,مادة قانونية غير مصنفة وغير متحققة,not_downloaded,unverified,not_eligible,Telegram preview supplies metadata only; download original and verify official provenance before indexing
robiai33,621,https://t.me/robiai33/622?single,3-1 (1).pdf,5.6 MB,2026-08-06T20:28:22+00:00,,,مادة قانونية غير مصنفة وغير متحققة,not_downloaded,unverified,not_eligible,Telegram preview supplies metadata only; download original and verify official provenance before indexing
robiai33,621,https://t.me/robiai33/626?single,3-1.pdf,5.6 MB,2026-08-06T20:28:22+00:00,,,مادة قانونية غير مصنفة وغير متحققة,not_downloaded,unverified,not_eligible,Telegram preview supplies metadata only; download original and verify official provenance before indexing
robiai33,621,https://t.me/robiai33/621?single,6.pdf,4.2 MB,2026-08-06T20:28:22+00:00,,,مادة قانونية غير مصنفة وغير متحققة,not_downloaded,unverified,not_eligible,Telegram preview supplies metadata only; download original and verify official provenance before indexing
robiai33,621,https://t.me/robiai33/624?single,9.pdf,3.5 MB,2026-08-06T20:28:22+00:00,,,مادة قانونية غير مصنفة وغير متحققة,not_downloaded,unverified,not_eligible,Telegram preview supplies metadata only; download original and verify official provenance before indexing
robiai33,627,https://t.me/robiai33/627,سوابق_قانون_الإثبات_من_١٩٧٢م_٢٠٠٩م.pdf,12.5 MB,2026-08-06T20:28:22+00:00,,,سابقة قضائية مرشحة غير متحققة,not_downloaded,unverified,not_eligible,Telegram preview supplies metadata only; download original and verify official provenance before indexing
robiai33,628,https://t.me/robiai33/628,_السوابق_القضائية_في_عقود_المعاوضات_التجارية_.pdf,16.9 MB,2026-08-06T20:28:22+00:00,,/s/robiai33?after=628,سابقة قضائية مرشحة غير متحققة,not_downloaded,unverified,not_eligible,Telegram preview supplies metadata only; download original and verify official provenance before indexing
robiai33,629,https://t.me/robiai33/629?single,03 - السوابق القضائية.pdf,405.5 KB,2026-08-06T20:28:22+00:00,,,سابقة قضائية مرشحة غير متحققة,not_downloaded,unverified,not_eligible,Telegram preview supplies metadata only; download original and verify official provenance before indexing
robiai33,629,https://t.me/robiai33/634?single,27.pdf,4.1 MB,2026-08-06T20:28:22+00:00,,,مادة قانونية غير مصنفة وغير متحققة,not_downloaded,unverified,not_eligible,Telegram preview supplies metadata only; download original and verify official provenance before indexing
robiai33,629,https://t.me/robiai33/633?single,28.pdf,4.2 MB,2026-08-06T20:28:22+00:00,,,مادة قانونية غير مصنفة وغير متحققة,not_downloaded,unverified,not_eligible,Telegram preview supplies metadata only; download original and verify official provenance before indexing
robiai33,629,https://t.me/robiai33/632?single,29-1 (2).pdf,6.5 MB,2026-08-06T20:28:22+00:00,,,مادة قانونية غير مصنفة وغير متحققة,not_downloaded,unverified,not_eligible,Telegram preview supplies metadata only; download original and verify official provenance before indexing
robiai33,629,https://t.me/robiai33/631?single,29-1.pdf,6.5 MB,2026-08-06T20:28:22+00:00,,,مادة قانونية غير مصنفة وغير متحققة,not_downloaded,unverified,not_eligible,Telegram preview supplies metadata only; download original and verify official provenance before indexing
robiai33,629,https://t.me/robiai33/630?single,30.pdf,1.5 MB,2026-08-06T20:28:22+00:00,,,مادة قانونية غير مصنفة وغير متحققة,not_downloaded,unverified,not_eligible,Telegram preview supplies metadata only; download original and verify official provenance before indexing
robiai33,635,https://t.me/robiai33/635,السوابق_القضائية_ديوان_المظالم_231015_132744.pdf,15.7 MB,2026-08-06T20:28:22+00:00,,,سابقة قضائية مرشحة غير متحققة,not_downloaded,unverified,not_eligible,Telegram preview supplies metadata only; download original and verify official provenance before indexing
robiai33,636,https://t.me/robiai33/636,_السوابق_القضائية_في_عقود_المعاوضات_التجارية_.pdf,16.9 MB,2026-08-06T20:28:22+00:00,,,سابقة قضائية مرشحة غير متحققة,not_downloaded,unverified,not_eligible,Telegram preview supplies metadata only; download original and verify official provenance before indexing
robiai33,637,https://t.me/robiai33/637?single,18.pdf,3 MB,2026-08-06T20:28:23+00:00,,,مادة قانونية غير مصنفة وغير متحققة,not_downloaded,unverified,not_eligible,Telegram preview supplies metadata only; download original and verify official provenance before indexing
robiai33,637,https://t.me/robiai33/639?single,19.pdf,2.4 MB,2026-08-06T20:28:23+00:00,,,مادة قانونية غير مصنفة وغير متحققة,not_downloaded,unverified,not_eligible,Telegram preview supplies metadata only; download original and verify official provenance before indexing
robiai33,637,https://t.me/robiai33/638?single,21.pdf,2.3 MB,2026-08-06T20:28:23+00:00,,,مادة قانونية غير مصنفة وغير متحققة,not_downloaded,unverified,not_eligible,Telegram preview supplies metadata only; download original and verify official provenance before indexing
robiai33,640,https://t.me/robiai33/643?single,14.pdf,4.3 MB,2026-08-06T20:28:23+00:00,,/s/robiai33?after=649,مادة قانونية غير مصنفة وغير متحققة,not_downloaded,unverified,not_eligible,Telegram preview supplies metadata only; download original and verify official provenance before indexing
robiai33,640,https://t.me/robiai33/645?single,15.pdf,4.6 MB,2026-08-06T20:28:23+00:00,,/s/robiai33?after=649,مادة قانونية غير مصنفة وغير متحققة,not_downloaded,unverified,not_eligible,Telegram preview supplies metadata only; download original and verify official provenance before indexing
robiai33,640,https://t.me/robiai33/642?single,16.pdf,4.5 MB,2026-08-06T20:28:23+00:00,,/s/robiai33?after=649,مادة قانونية غير مصنفة وغير متحققة,not_downloaded,unverified,not_eligible,Telegram preview supplies metadata only; download original and verify official provenance before indexing
robiai33,640,https://t.me/robiai33/644?single,20.pdf,2.4 MB,2026-08-06T20:28:23+00:00,,/s/robiai33?after=649,مادة قانونية غير مصنفة وغير متحققة,not_downloaded,unverified,not_eligible,Telegram preview supplies metadata only; download original and verify official provenance before indexing
robiai33,640,https://t.me/robiai33/641?single,22.pdf,3.4 MB,2026-08-06T20:28:23+00:00,,/s/robiai33?after=649,مادة قانونية غير مصنفة وغير متحققة,not_downloaded,unverified,not_eligible,Telegram preview supplies metadata only; download original and verify official provenance before indexing
robiai33,640,https://t.me/robiai33/640?single,23.pdf,3.9 MB,2026-08-06T20:28:23+00:00,,/s/robiai33?after=649,مادة قانونية غير مصنفة وغير متحققة,not_downloaded,unverified,not_eligible,Telegram preview supplies metadata only; download original and verify official provenance before indexing
robiai33,640,https://t.me/robiai33/647?single,24.pdf,8 MB,2026-08-06T20:28:23+00:00,,/s/robiai33?after=649,مادة قانونية غير مصنفة وغير متحققة,not_downloaded,unverified,not_eligible,Telegram preview supplies metadata only; download original and verify official provenance before indexing
robiai33,640,https://t.me/robiai33/649?single,4-1.pdf,4.6 MB,2026-08-06T20:28:23+00:00,,/s/robiai33?after=649,مادة قانونية غير مصنفة وغير متحققة,not_downloaded,unverified,not_eligible,Telegram preview supplies metadata only; download original and verify official provenance before indexing
robiai33,640,https://t.me/robiai33/648?single,7.pdf,2.6 MB,2026-08-06T20:28:23+00:00,,/s/robiai33?after=649,مادة قانونية غير مصنفة وغير متحققة,not_downloaded,unverified,not_eligible,Telegram preview supplies metadata only; download original and verify official provenance before indexing
robiai33,640,https://t.me/robiai33/646?single,8.pdf,3.4 MB,2026-08-06T20:28:23+00:00,,/s/robiai33?after=649,مادة قانونية غير مصنفة وغير متحققة,not_downloaded,unverified,not_eligible,Telegram preview supplies metadata only; download original and verify official provenance before indexing
robiai33,650,https://t.me/robiai33/652?single,10.pdf,3.6 MB,2026-08-06T20:28:23+00:00,,,مادة قانونية غير مصنفة وغير متحققة,not_downloaded,unverified,not_eligible,Telegram preview supplies metadata only; download original and verify official provenance before indexing
robiai33,650,https://t.me/robiai33/654?single,12.pdf,3.9 MB,2026-08-06T20:28:23+00:00,,,مادة قانونية غير مصنفة وغير متحققة,not_downloaded,unverified,not_eligible,Telegram preview supplies metadata only; download original and verify official provenance before indexing
robiai33,650,https://t.me/robiai33/651?single,3-1 (1).pdf,5.6 MB,2026-08-06T20:28:23+00:00,,,مادة قانونية غير مصنفة وغير متحققة,not_downloaded,unverified,not_eligible,Telegram preview supplies metadata only; download original and verify official provenance before indexing
robiai33,650,https://t.me/robiai33/655?single,3-1.pdf,5.6 MB,2026-08-06T20:28:23+00:00,,,مادة قانونية غير مصنفة وغير متحققة,not_downloaded,unverified,not_eligible,Telegram preview supplies metadata only; download original and verify official provenance before indexing
robiai33,650,https://t.me/robiai33/650?single,6.pdf,4.2 MB,2026-08-06T20:28:23+00:00,,,مادة قانونية غير مصنفة وغير متحققة,not_downloaded,unverified,not_eligible,Telegram preview supplies metadata only; download original and verify official provenance before indexing
robiai33,650,https://t.me/robiai33/653?single,9.pdf,3.5 MB,2026-08-06T20:28:23+00:00,,,مادة قانونية غير مصنفة وغير متحققة,not_downloaded,unverified,not_eligible,Telegram preview supplies metadata only; download original and verify official provenance before indexing
robiai33,656,https://t.me/robiai33/656,_السوابق_القضائية_في_عقود_المعاوضات_التجارية_.pdf,16.9 MB,2026-08-06T20:28:23+00:00,,,سابقة قضائية مرشحة غير متحققة,not_downloaded,unverified,not_eligible,Telegram preview supplies metadata only; download original and verify official provenance before indexing
robiai33,657,https://t.me/robiai33/657,السوابق_القضائية_ديوان_المظالم_231015_132744.pdf,15.7 MB,2026-08-06T20:28:23+00:00,,,سابقة قضائية مرشحة غير متحققة,not_downloaded,unverified,not_eligible,Telegram preview supplies metadata only; download original and verify official provenance before indexing
robiai33,658,https://t.me/robiai33/658,_السوابق_القضائية_في_عقود_المعاوضات_التجارية_.pdf,16.9 MB,2026-08-06T20:28:23+00:00,,,سابقة قضائية مرشحة غير متحققة,not_downloaded,unverified,not_eligible,Telegram preview supplies metadata only; download original and verify official provenance before indexing
robiai33,659,https://t.me/robiai33/659,_السوابق_القضائية_في_عقود_المعاوضات_التجارية_.pdf,16.9 MB,2026-08-06T20:28:23+00:00,,,سابقة قضائية مرشحة غير متحققة,not_downloaded,unverified,not_eligible,Telegram preview supplies metadata only; download original and verify official provenance before indexing
robiai33,660,https://t.me/robiai33/660,مدونة_السوابق_القضائية_التأمينية_للجنة_الاستئنافية_للفصل_في_المنازعات.pdf,26 MB,2026-08-06T20:28:23+00:00,,,فهرس/مدونة مرجعية غير مستقلة,not_downloaded,unverified,not_eligible,Telegram preview supplies metadata only; download original and verify official provenance before indexing
robiai33,661,https://t.me/robiai33/661,اللائحة_التنفيذية_لطرق_الاعتراض_على_الأحكام.pdf,252.6 KB,2026-08-06T20:28:23+00:00,,,لائحة/نظام مرشح غير متحقق,not_downloaded,unverified,not_eligible,Telegram preview supplies metadata only; download original and verify official provenance before indexing
robiai33,662,https://t.me/robiai33/662,تسليم مستندات.pdf,836.7 KB,2026-08-06T20:28:23+00:00,,,مادة قانونية غير مصنفة وغير متحققة,not_downloaded,unverified,not_eligible,Telegram preview supplies metadata only; download original and verify official provenance before indexing
robiai33,663,https://t.me/robiai33/663,نظام الإقامة المميزة.pdf,201.8 KB,2026-08-06T20:28:23+00:00,,,لائحة/نظام مرشح غير متحقق,not_downloaded,unverified,not_eligible,Telegram preview supplies metadata only; download original and verify official provenance before indexing
robiai33,664,https://t.me/robiai33/664,‎تسبيبات نظام المعاملات المدنية.pdf,5.7 MB,2026-08-06T20:29:43+00:00,,,لائحة/نظام مرشح غير متحقق,not_downloaded,unverified,not_eligible,Telegram preview supplies metadata only; download original and verify official provenance before indexing
robiai33,665,https://t.me/robiai33/665,1-1مجموعة الاحكام القضائية.pdf,5.1 MB,2026-08-06T20:37:08+00:00,,,مادة قانونية غير مصنفة وغير متحققة,not_downloaded,unverified,not_eligible,Telegram preview supplies metadata only; download original and verify official provenance before indexing
robiai33,666,https://t.me/robiai33/666,مجموعه الاحكام القضائية 2.pdf,2.8 MB,2026-08-06T20:37:08+00:00,,,مادة قانونية غير مصنفة وغير متحققة,not_downloaded,unverified,not_eligible,Telegram preview supplies metadata only; download original and verify official provenance before indexing
robiai33,667,https://t.me/robiai33/667,مجموعه الاحكام القضائية 3.pdf,5.6 MB,2026-08-06T20:37:08+00:00,,,مادة قانونية غير مصنفة وغير متحققة,not_downloaded,unverified,not_eligible,Telegram preview supplies metadata only; download original and verify official provenance before indexing
robiai33,668,https://t.me/robiai33/668,مجموعه الاحكام القضائية 4.pdf,4.6 MB,2026-08-06T20:37:08+00:00,,,مادة قانونية غير مصنفة وغير متحققة,not_downloaded,unverified,not_eligible,Telegram preview supplies metadata only; download original and verify official provenance before indexing
robiai33,669,https://t.me/robiai33/669,مجموعه الاحكام القضائية 5.pdf,3.8 MB,2026-08-06T20:37:08+00:00,,,مادة قانونية غير مصنفة وغير متحققة,not_downloaded,unverified,not_eligible,Telegram preview supplies metadata only; download original and verify official provenance before indexing
robiai33,670,https://t.me/robiai33/670,مجموعه الاحكام القضائية 6.pdf,4.2 MB,2026-08-06T20:37:08+00:00,,/s/robiai33?after=670,مادة قانونية غير مصنفة وغير متحققة,not_downloaded,unverified,not_eligible,Telegram preview supplies metadata only; download original and verify official provenance before indexing
robiai33,671,https://t.me/robiai33/671,مجموعه الاحكام القضائية 7.pdf,2.6 MB,2026-08-06T20:37:08+00:00,,,مادة قانونية غير مصنفة وغير متحققة,not_downloaded,unverified,not_eligible,Telegram preview supplies metadata only; download original and verify official provenance before indexing
robiai33,672,https://t.me/robiai33/672,مجموعه الاحكام القضائية 8.pdf,3.4 MB,2026-08-06T20:37:08+00:00,,,مادة قانونية غير مصنفة وغير متحققة,not_downloaded,unverified,not_eligible,Telegram preview supplies metadata only; download original and verify official provenance before indexing
robiai33,673,https://t.me/robiai33/673,مجموعه الاحكام القضائية 9.pdf,3.5 MB,2026-08-06T20:37:08+00:00,,,مادة قانونية غير مصنفة وغير متحققة,not_downloaded,unverified,not_eligible,Telegram preview supplies metadata only; download original and verify official provenance before indexing
robiai33,674,https://t.me/robiai33/674,مجموعة الاحكام القضائية 10.pdf,3.6 MB,2026-08-06T20:37:08+00:00,,,مادة قانونية غير مصنفة وغير متحققة,not_downloaded,unverified,not_eligible,Telegram preview supplies metadata only; download original and verify official provenance before indexing
robiai33,675,https://t.me/robiai33/675,مجموعه الاحكام القضائية 11.pdf,4.4 MB,2026-08-06T20:37:08+00:00,,,مادة قانونية غير مصنفة وغير متحققة,not_downloaded,unverified,not_eligible,Telegram preview supplies metadata only; download original and verify official provenance before indexing
robiai33,676,https://t.me/robiai33/676,مجموعه الاحكام القضائية12.pdf,3.9 MB,2026-08-06T20:37:08+00:00,,,مادة قانونية غير مصنفة وغير متحققة,not_downloaded,unverified,not_eligible,Telegram preview supplies metadata only; download original and verify official provenance before indexing
robiai33,677,https://t.me/robiai33/677,مجموعه الاحكام القضائية13.pdf,2.8 MB,2026-08-06T20:37:08+00:00,,,مادة قانونية غير مصنفة وغير متحققة,not_downloaded,unverified,not_eligible,Telegram preview supplies metadata only; download original and verify official provenance before indexing
robiai33,678,https://t.me/robiai33/678,مجموعه الاحكام القضائية14.pdf,4.3 MB,2026-08-06T20:37:08+00:00,,,مادة قانونية غير مصنفة وغير متحققة,not_downloaded,unverified,not_eligible,Telegram preview supplies metadata only; download original and verify official provenance before indexing
robiai33,679,https://t.me/robiai33/679,مجموعه الاحكام القضائية15.pdf,4.6 MB,2026-08-06T20:37:08+00:00,,,مادة قانونية غير مصنفة وغير متحققة,not_downloaded,unverified,not_eligible,Telegram preview supplies metadata only; download original and verify official provenance before indexing
robiai33,680,https://t.me/robiai33/680,مجموعه الاحكام القضائية16.pdf,4.5 MB,2026-08-06T20:37:08+00:00,,,مادة قانونية غير مصنفة وغير متحققة,not_downloaded,unverified,not_eligible,Telegram preview supplies metadata only; download original and verify official provenance before indexing
robiai33,681,https://t.me/robiai33/681,مجموعه الاحكام القضائية17.pdf,3.4 MB,2026-08-06T20:37:09+00:00,,,مادة قانونية غير مصنفة وغير متحققة,not_downloaded,unverified,not_eligible,Telegram preview supplies metadata only; download original and verify official provenance before indexing
robiai33,682,https://t.me/robiai33/682,18 مجموعة الاحكام القضائية.pdf,3 MB,2026-08-06T20:37:09+00:00,,,مادة قانونية غير مصنفة وغير متحققة,not_downloaded,unverified,not_eligible,Telegram preview supplies metadata only; download original and verify official provenance before indexing
robiai33,683,https://t.me/robiai33/683,19 مجموعة الاحكام القضائية.pdf,2.4 MB,2026-08-06T20:37:09+00:00,,,مادة قانونية غير مصنفة وغير متحققة,not_downloaded,unverified,not_eligible,Telegram preview supplies metadata only; download original and verify official provenance before indexing
robiai33,684,https://t.me/robiai33/684,مجموعه الاحكام القضائية20.pdf,2.4 MB,2026-08-06T20:37:09+00:00,,,مادة قانونية غير مصنفة وغير متحققة,not_downloaded,unverified,not_eligible,Telegram preview supplies metadata only; download original and verify official provenance before indexing
robiai33,685,https://t.me/robiai33/685,مجموعه الاحكام القضائية21.pdf,2.3 MB,2026-08-06T20:37:09+00:00,,,مادة قانونية غير مصنفة وغير متحققة,not_downloaded,unverified,not_eligible,Telegram preview supplies metadata only; download original and verify official provenance before indexing
robiai33,686,https://t.me/robiai33/686,مجموعه الاحكام القضائية22.pdf,3.4 MB,2026-08-06T20:37:09+00:00,,,مادة قانونية غير مصنفة وغير متحققة,not_downloaded,unverified,not_eligible,Telegram preview supplies metadata only; download original and verify official provenance before indexing
robiai33,687,https://t.me/robiai33/687,مجموعه الاحكام القضائية23.pdf,3.9 MB,2026-08-06T20:37:09+00:00,,,مادة قانونية غير مصنفة وغير متحققة,not_downloaded,unverified,not_eligible,Telegram preview supplies metadata only; download original and verify official provenance before indexing
robiai33,688,https://t.me/robiai33/688,مجموعه الاحكام القضائية24.pdf,8 MB,2026-08-06T20:37:09+00:00,,,مادة قانونية غير مصنفة وغير متحققة,not_downloaded,unverified,not_eligible,Telegram preview supplies metadata only; download original and verify official provenance before indexing
robiai33,689,https://t.me/robiai33/689,مجموعه الاحكام القضائية25.pdf,4.5 MB,2026-08-06T20:37:09+00:00,,,مادة قانونية غير مصنفة وغير متحققة,not_downloaded,unverified,not_eligible,Telegram preview supplies metadata only; download original and verify official provenance before indexing
robiai33,690,https://t.me/robiai33/690,26_2 مجموعة الاحكام القضائسة.pdf,2.7 MB,2026-08-06T20:37:09+00:00,,/s/robiai33?after=690,مادة قانونية غير مصنفة وغير متحققة,not_downloaded,unverified,not_eligible,Telegram preview supplies metadata only; download original and verify official provenance before indexing
robiai33,691,https://t.me/robiai33/691,27_2 مجموعة الاحكام القضائية.pdf,4.1 MB,2026-08-06T20:37:09+00:00,,,مادة قانونية غير مصنفة وغير متحققة,not_downloaded,unverified,not_eligible,Telegram preview supplies metadata only; download original and verify official provenance before indexing
robiai33,692,https://t.me/robiai33/692,28_2 مجموعة الاحكام القضائية.pdf,4.2 MB,2026-08-06T20:37:09+00:00,,,مادة قانونية غير مصنفة وغير متحققة,not_downloaded,unverified,not_eligible,Telegram preview supplies metadata only; download original and verify official provenance before indexing
robiai33,693,https://t.me/robiai33/693,29 مجموعة الاحكام القضائية.pdf,27.8 MB,2026-08-06T20:37:09+00:00,,,مادة قانونية غير مصنفة وغير متحققة,not_downloaded,unverified,not_eligible,Telegram preview supplies metadata only; download original and verify official provenance before indexing
robiai33,694,https://t.me/robiai33/694,مجموعه الاحكام القضائية30.pdf,1.5 MB,2026-08-06T20:37:09+00:00,,,مادة قانونية غير مصنفة وغير متحققة,not_downloaded,unverified,not_eligible,Telegram preview supplies metadata only; download original and verify official provenance before indexing
robiai33,695,https://t.me/robiai33/695,مجموعة_أحكام_قضائية_أحوال_شخصية_١٤٣٥.pdf,8.7 MB,2026-08-06T20:37:09+00:00,,,مادة قانونية غير مصنفة وغير متحققة,not_downloaded,unverified,not_eligible,Telegram preview supplies metadata only; download original and verify official provenance before indexing
robiai33,696,https://t.me/robiai33/696,03 - السوابق القضائية.pdf,405.5 KB,2026-08-06T20:37:09+00:00,,,سابقة قضائية مرشحة غير متحققة,not_downloaded,unverified,not_eligible,Telegram preview supplies metadata only; download original and verify official provenance before indexing
robiai33,697,https://t.me/robiai33/697,تسبيبات عمالية.pdf.pdf,1.4 MB,2026-08-06T20:37:09+00:00,,,مادة قانونية غير مصنفة وغير متحققة,not_downloaded,unverified,not_eligible,Telegram preview supplies metadata only; download original and verify official provenance before indexing
robiai33,698,https://t.me/robiai33/698,تسبيبات عمالية - الإصدار الثاني .pdf,1.4 MB,2026-08-06T20:37:09+00:00,,,مادة قانونية غير مصنفة وغير متحققة,not_downloaded,unverified,not_eligible,Telegram preview supplies metadata only; download original and verify official provenance before indexing
robiai33,699,https://t.me/robiai33/699,تسبيبات فقهية ونظامية عمالية.pdf,388.2 KB,2026-08-06T20:37:09+00:00,,,لائحة/نظام مرشح غير متحقق,not_downloaded,unverified,not_eligible,Telegram preview supplies metadata only; download original and verify official provenance before indexing
robiai33,700,https://t.me/robiai33/701?single,التسببيات_القضائية_للأحكام_التجارية_للقاضي_أحمد_بن_محمد_الحارثي.pdf,784.8 KB,2026-08-06T20:37:09+00:00,,,مادة قانونية غير مصنفة وغير متحققة,not_downloaded,unverified,not_eligible,Telegram preview supplies metadata only; download original and verify official provenance before indexing
robiai33,700,https://t.me/robiai33/700?single,تسبيبات عمالية.pdf,1.4 MB,2026-08-06T20:37:09+00:00,,,مادة قانونية غير مصنفة وغير متحققة,not_downloaded,unverified,not_eligible,Telegram preview supplies metadata only; download original and verify official provenance before indexing
robiai33,700,https://t.me/robiai33/702?single,🔴‎⁨تسبيبات_في_التنفيذ_ومنازعاته⁩🔴.pdf,120.1 KB,2026-08-06T20:37:09+00:00,,,مادة قانونية غير مصنفة وغير متحققة,not_downloaded,unverified,not_eligible,Telegram preview supplies metadata only; download original and verify official provenance before indexing
robiai33,703,https://t.me/robiai33/703,السوابق القضائية لحقوق المؤلف.pdf,1.9 MB,2026-08-06T20:37:09+00:00,,,سابقة قضائية مرشحة غير متحققة,not_downloaded,unverified,not_eligible,Telegram preview supplies metadata only; download original and verify official provenance before indexing
robiai33,704,https://t.me/robiai33/704,1-1مجموعة الاحكام القضائية.pdf,5.1 MB,2026-08-06T20:37:09+00:00,,,مادة قانونية غير مصنفة وغير متحققة,not_downloaded,unverified,not_eligible,Telegram preview supplies metadata only; download original and verify official provenance before indexing
robiai33,705,https://t.me/robiai33/705,مجموعه الاحكام القضائية 2.pdf,2.8 MB,2026-08-06T20:37:09+00:00,,,مادة قانونية غير مصنفة وغير متحققة,not_downloaded,unverified,not_eligible,Telegram preview supplies metadata only; download original and verify official provenance before indexing
robiai33,706,https://t.me/robiai33/706,مجموعه الاحكام القضائية 3.pdf,5.6 MB,2026-08-06T20:37:09+00:00,,,مادة قانونية غير مصنفة وغير متحققة,not_downloaded,unverified,not_eligible,Telegram preview supplies metadata only; download original and verify official provenance before indexing
robiai33,707,https://t.me/robiai33/707,مجموعه الاحكام القضائية 4.pdf,4.6 MB,2026-08-06T20:37:09+00:00,,,مادة قانونية غير مصنفة وغير متحققة,not_downloaded,unverified,not_eligible,Telegram preview supplies metadata only; download original and verify official provenance before indexing
robiai33,708,https://t.me/robiai33/708,مجموعه الاحكام القضائية 5.pdf,3.8 MB,2026-08-06T20:37:09+00:00,,,مادة قانونية غير مصنفة وغير متحققة,not_downloaded,unverified,not_eligible,Telegram preview supplies metadata only; download original and verify official provenance before indexing
robiai33,709,https://t.me/robiai33/709,مجموعه الاحكام القضائية 6.pdf,4.2 MB,2026-08-06T20:37:10+00:00,,,مادة قانونية غير مصنفة وغير متحققة,not_downloaded,unverified,not_eligible,Telegram preview supplies metadata only; download original and verify official provenance before indexing
robiai33,710,https://t.me/robiai33/710,مجموعه الاحكام القضائية 7.pdf,2.6 MB,2026-08-06T20:37:10+00:00,,/s/robiai33?after=710,مادة قانونية غير مصنفة وغير متحققة,not_downloaded,unverified,not_eligible,Telegram preview supplies metadata only; download original and verify official provenance before indexing
robiai33,711,https://t.me/robiai33/711,مجموعه الاحكام القضائية 8.pdf,3.4 MB,2026-08-06T20:37:10+00:00,,,مادة قانونية غير مصنفة وغير متحققة,not_downloaded,unverified,not_eligible,Telegram preview supplies metadata only; download original and verify official provenance before indexing
robiai33,712,https://t.me/robiai33/712,مجموعه الاحكام القضائية 9.pdf,3.5 MB,2026-08-06T20:37:10+00:00,,,مادة قانونية غير مصنفة وغير متحققة,not_downloaded,unverified,not_eligible,Telegram preview supplies metadata only; download original and verify official provenance before indexing
robiai33,713,https://t.me/robiai33/713,مجموعة الاحكام القضائية 10.pdf,3.6 MB,2026-08-06T20:37:10+00:00,,,مادة قانونية غير مصنفة وغير متحققة,not_downloaded,unverified,not_eligible,Telegram preview supplies metadata only; download original and verify official provenance before indexing
robiai33,714,https://t.me/robiai33/714,مجموعه الاحكام القضائية 11.pdf,4.4 MB,2026-08-06T20:37:10+00:00,,,مادة قانونية غير مصنفة وغير متحققة,not_downloaded,unverified,not_eligible,Telegram preview supplies metadata only; download original and verify official provenance before indexing
robiai33,715,https://t.me/robiai33/715,مجموعه الاحكام القضائية12.pdf,3.9 MB,2026-08-06T20:37:10+00:00,,,مادة قانونية غير مصنفة وغير متحققة,not_downloaded,unverified,not_eligible,Telegram preview supplies metadata only; download original and verify official provenance before indexing
robiai33,716,https://t.me/robiai33/716,مجموعه الاحكام القضائية13.pdf,2.8 MB,2026-08-06T20:37:10+00:00,,,مادة قانونية غير مصنفة وغير متحققة,not_downloaded,unverified,not_eligible,Telegram preview supplies metadata only; download original and verify official provenance before indexing
robiai33,717,https://t.me/robiai33/717,مجموعه الاحكام القضائية14.pdf,4.3 MB,2026-08-06T20:37:10+00:00,,,مادة قانونية غير مصنفة وغير متحققة,not_downloaded,unverified,not_eligible,Telegram preview supplies metadata only; download original and verify official provenance before indexing
robiai33,718,https://t.me/robiai33/718,مجموعه الاحكام القضائية15.pdf,4.6 MB,2026-08-06T20:37:10+00:00,,,مادة قانونية غير مصنفة وغير متحققة,not_downloaded,unverified,not_eligible,Telegram preview supplies metadata only; download original and verify official provenance before indexing
robiai33,719,https://t.me/robiai33/719,مجموعه الاحكام القضائية16.pdf,4.5 MB,2026-08-06T20:37:10+00:00,,,مادة قانونية غير مصنفة وغير متحققة,not_downloaded,unverified,not_eligible,Telegram preview supplies metadata only; download original and verify official provenance before indexing
robiai33,720,https://t.me/robiai33/720,مجموعه الاحكام القضائية17.pdf,3.4 MB,2026-08-06T20:37:10+00:00,,,مادة قانونية غير مصنفة وغير متحققة,not_downloaded,unverified,not_eligible,Telegram preview supplies metadata only; download original and verify official provenance before indexing
robiai33,721,https://t.me/robiai33/721,18 مجموعة الاحكام القضائية.pdf,3 MB,2026-08-06T20:37:10+00:00,,,مادة قانونية غير مصنفة وغير متحققة,not_downloaded,unverified,not_eligible,Telegram preview supplies metadata only; download original and verify official provenance before indexing
robiai33,722,https://t.me/robiai33/722,19 مجموعة الاحكام القضائية.pdf,2.4 MB,2026-08-06T20:37:10+00:00,,,مادة قانونية غير مصنفة وغير متحققة,not_downloaded,unverified,not_eligible,Telegram preview supplies metadata only; download original and verify official provenance before indexing
robiai33,723,https://t.me/robiai33/723,مجموعه الاحكام القضائية20.pdf,2.4 MB,2026-08-06T20:37:10+00:00,,,مادة قانونية غير مصنفة وغير متحققة,not_downloaded,unverified,not_eligible,Telegram preview supplies metadata only; download original and verify official provenance before indexing
robiai33,724,https://t.me/robiai33/724,مجموعه الاحكام القضائية21.pdf,2.3 MB,2026-08-06T20:37:10+00:00,,,مادة قانونية غير مصنفة وغير متحققة,not_downloaded,unverified,not_eligible,Telegram preview supplies metadata only; download original and verify official provenance before indexing
robiai33,725,https://t.me/robiai33/725,مجموعه الاحكام القضائية22.pdf,3.4 MB,2026-08-06T20:37:10+00:00,,,مادة قانونية غير مصنفة وغير متحققة,not_downloaded,unverified,not_eligible,Telegram preview supplies metadata only; download original and verify official provenance before indexing
robiai33,726,https://t.me/robiai33/726,مجموعه الاحكام القضائية23.pdf,3.9 MB,2026-08-06T20:37:10+00:00,,,مادة قانونية غير مصنفة وغير متحققة,not_downloaded,unverified,not_eligible,Telegram preview supplies metadata only; download original and verify official provenance before indexing
robiai33,727,https://t.me/robiai33/727,مجموعه الاحكام القضائية24.pdf,8 MB,2026-08-06T20:37:10+00:00,,,مادة قانونية غير مصنفة وغير متحققة,not_downloaded,unverified,not_eligible,Telegram preview supplies metadata only; download original and verify official provenance before indexing
robiai33,728,https://t.me/robiai33/728,مجموعه الاحكام القضائية25.pdf,4.5 MB,2026-08-06T20:37:10+00:00,,,مادة قانونية غير مصنفة وغير متحققة,not_downloaded,unverified,not_eligible,Telegram preview supplies metadata only; download original and verify official provenance before indexing
robiai33,729,https://t.me/robiai33/729,26_2 مجموعة الاحكام القضائسة.pdf,2.7 MB,2026-08-06T20:37:10+00:00,,,مادة قانونية غير مصنفة وغير متحققة,not_downloaded,unverified,not_eligible,Telegram preview supplies metadata only; download original and verify official provenance before indexing
robiai33,730,https://t.me/robiai33/730,27_2 مجموعة الاحكام القضائية.pdf,4.1 MB,2026-08-06T20:37:10+00:00,,/s/robiai33?after=730,مادة قانونية غير مصنفة وغير متحققة,not_downloaded,unverified,not_eligible,Telegram preview supplies metadata only; download original and verify official provenance before indexing
robiai33,731,https://t.me/robiai33/731,28_2 مجموعة الاحكام القضائية.pdf,4.2 MB,2026-08-06T20:37:10+00:00,,,مادة قانونية غير مصنفة وغير متحققة,not_downloaded,unverified,not_eligible,Telegram preview supplies metadata only; download original and verify official provenance before indexing
robiai33,732,https://t.me/robiai33/732,29 مجموعة الاحكام القضائية.pdf,27.8 MB,2026-08-06T20:37:10+00:00,,,مادة قانونية غير مصنفة وغير متحققة,not_downloaded,unverified,not_eligible,Telegram preview supplies metadata only; download original and verify official provenance before indexing
robiai33,733,https://t.me/robiai33/733,مجموعه الاحكام القضائية30.pdf,1.5 MB,2026-08-06T20:37:10+00:00,,,مادة قانونية غير مصنفة وغير متحققة,not_downloaded,unverified,not_eligible,Telegram preview supplies metadata only; download original and verify official provenance before indexing
robiai33,734,https://t.me/robiai33/734,تسبيبات عمالية.pdf,1.4 MB,2026-08-06T20:37:10+00:00,,,مادة قانونية غير مصنفة وغير متحققة,not_downloaded,unverified,not_eligible,Telegram preview supplies metadata only; download original and verify official provenance before indexing
robiai33,735,https://t.me/robiai33/735,تسبيبات عمالية.pdf,1.4 MB,2026-08-06T20:37:10+00:00,,,مادة قانونية غير مصنفة وغير متحققة,not_downloaded,unverified,not_eligible,Telegram preview supplies metadata only; download original and verify official provenance before indexing
robiai33,736,https://t.me/robiai33/736,نظام الأسماء التجارية.pdf,2 MB,2026-08-06T20:37:10+00:00,,,لائحة/نظام مرشح غير متحقق,not_downloaded,unverified,not_eligible,Telegram preview supplies metadata only; download original and verify official provenance before indexing
robiai33,737,https://t.me/robiai33/737,document (19).pdf,2.2 MB,2026-08-06T20:37:10+00:00,,,مادة قانونية غير مصنفة وغير متحققة,not_downloaded,unverified,not_eligible,Telegram preview supplies metadata only; download original and verify official provenance before indexing
robiai33,738,https://t.me/robiai33/738,‎⁨22_خدمة_مدنية_قرار_إداري_نقل_قرار_عقوبة_مُقَنع⁩.pdf,661.8 KB,2026-08-06T20:37:10+00:00,,,قرار مرشح غير متحقق,not_downloaded,unverified,not_eligible,Telegram preview supplies metadata only; download original and verify official provenance before indexing
robiai33,739,https://t.me/robiai33/739,1-1مجموعة الاحكام القضائية.pdf,5.1 MB,2026-08-06T20:37:11+00:00,,,مادة قانونية غير مصنفة وغير متحققة,not_downloaded,unverified,not_eligible,Telegram preview supplies metadata only; download original and verify official provenance before indexing
robiai33,740,https://t.me/robiai33/740,مجموعه الاحكام القضائية 2.pdf,2.8 MB,2026-08-06T20:37:11+00:00,,,مادة قانونية غير مصنفة وغير متحققة,not_downloaded,unverified,not_eligible,Telegram preview supplies metadata only; download original and verify official provenance before indexing
robiai33,741,https://t.me/robiai33/741,مجموعه الاحكام القضائية 3.pdf,5.6 MB,2026-08-06T20:37:11+00:00,,,مادة قانونية غير مصنفة وغير متحققة,not_downloaded,unverified,not_eligible,Telegram preview supplies metadata only; download original and verify official provenance before indexing
robiai33,742,https://t.me/robiai33/742,مجموعه الاحكام القضائية 4.pdf,4.6 MB,2026-08-06T20:37:11+00:00,,,مادة قانونية غير مصنفة وغير متحققة,not_downloaded,unverified,not_eligible,Telegram preview supplies metadata only; download original and verify official provenance before indexing
robiai33,743,https://t.me/robiai33/743,مجموعه الاحكام القضائية 5.pdf,3.8 MB,2026-08-06T20:37:11+00:00,,,مادة قانونية غير مصنفة وغير متحققة,not_downloaded,unverified,not_eligible,Telegram preview supplies metadata only; download original and verify official provenance before indexing
robiai33,744,https://t.me/robiai33/744,مجموعه الاحكام القضائية 6.pdf,4.2 MB,2026-08-06T20:37:11+00:00,,,مادة قانونية غير مصنفة وغير متحققة,not_downloaded,unverified,not_eligible,Telegram preview supplies metadata only; download original and verify official provenance before indexing
robiai33,745,https://t.me/robiai33/745,مجموعه الاحكام القضائية 7.pdf,2.6 MB,2026-08-06T20:37:11+00:00,,,مادة قانونية غير مصنفة وغير متحققة,not_downloaded,unverified,not_eligible,Telegram preview supplies metadata only; download original and verify official provenance before indexing
robiai33,746,https://t.me/robiai33/746,مجموعه الاحكام القضائية 8.pdf,3.4 MB,2026-08-06T20:37:11+00:00,,,مادة قانونية غير مصنفة وغير متحققة,not_downloaded,unverified,not_eligible,Telegram preview supplies metadata only; download original and verify official provenance before indexing
robiai33,747,https://t.me/robiai33/747,مجموعه الاحكام القضائية 9.pdf,3.5 MB,2026-08-06T20:37:11+00:00,,,مادة قانونية غير مصنفة وغير متحققة,not_downloaded,unverified,not_eligible,Telegram preview supplies metadata only; download original and verify official provenance before indexing
robiai33,748,https://t.me/robiai33/748,مجموعة الاحكام القضائية 10.pdf,3.6 MB,2026-08-06T20:37:11+00:00,,,مادة قانونية غير مصنفة وغير متحققة,not_downloaded,unverified,not_eligible,Telegram preview supplies metadata only; download original and verify official provenance before indexing
robiai33,749,https://t.me/robiai33/749,مجموعه الاحكام القضائية 11.pdf,4.4 MB,2026-08-06T20:37:11+00:00,,,مادة قانونية غير مصنفة وغير متحققة,not_downloaded,unverified,not_eligible,Telegram preview supplies metadata only; download original and verify official provenance before indexing
robiai33,750,https://t.me/robiai33/750,مجموعه الاحكام القضائية12.pdf,3.9 MB,2026-08-06T20:37:11+00:00,,/s/robiai33?after=750,مادة قانونية غير مصنفة وغير متحققة,not_downloaded,unverified,not_eligible,Telegram preview supplies metadata only; download original and verify official provenance before indexing
robiai33,751,https://t.me/robiai33/751,مجموعه الاحكام القضائية13.pdf,2.8 MB,2026-08-06T20:37:11+00:00,,,مادة قانونية غير مصنفة وغير متحققة,not_downloaded,unverified,not_eligible,Telegram preview supplies metadata only; download original and verify official provenance before indexing
robiai33,752,https://t.me/robiai33/752,مجموعه الاحكام القضائية14.pdf,4.3 MB,2026-08-06T20:37:11+00:00,,,مادة قانونية غير مصنفة وغير متحققة,not_downloaded,unverified,not_eligible,Telegram preview supplies metadata only; download original and verify official provenance before indexing
robiai33,753,https://t.me/robiai33/753,مجموعه الاحكام القضائية15.pdf,4.6 MB,2026-08-06T20:37:11+00:00,,,مادة قانونية غير مصنفة وغير متحققة,not_downloaded,unverified,not_eligible,Telegram preview supplies metadata only; download original and verify official provenance before indexing
robiai33,754,https://t.me/robiai33/754,مجموعه الاحكام القضائية16.pdf,4.5 MB,2026-08-06T20:37:11+00:00,,,مادة قانونية غير مصنفة وغير متحققة,not_downloaded,unverified,not_eligible,Telegram preview supplies metadata only; download original and verify official provenance before indexing
robiai33,755,https://t.me/robiai33/755,مجموعه الاحكام القضائية17.pdf,3.4 MB,2026-08-06T20:37:11+00:00,,,مادة قانونية غير مصنفة وغير متحققة,not_downloaded,unverified,not_eligible,Telegram preview supplies metadata only; download original and verify official provenance before indexing
robiai33,756,https://t.me/robiai33/756,18 مجموعة الاحكام القضائية.pdf,3 MB,2026-08-06T20:37:11+00:00,,,مادة قانونية غير مصنفة وغير متحققة,not_downloaded,unverified,not_eligible,Telegram preview supplies metadata only; download original and verify official provenance before indexing
robiai33,757,https://t.me/robiai33/757,19 مجموعة الاحكام القضائية.pdf,2.4 MB,2026-08-06T20:37:11+00:00,,,مادة قانونية غير مصنفة وغير متحققة,not_downloaded,unverified,not_eligible,Telegram preview supplies metadata only; download original and verify official provenance before indexing
robiai33,758,https://t.me/robiai33/758,مجموعه الاحكام القضائية20.pdf,2.4 MB,2026-08-06T20:37:11+00:00,,,مادة قانونية غير مصنفة وغير متحققة,not_downloaded,unverified,not_eligible,Telegram preview supplies metadata only; download original and verify official provenance before indexing
robiai33,759,https://t.me/robiai33/759,مجموعه الاحكام القضائية21.pdf,2.3 MB,2026-08-06T20:37:11+00:00,,,مادة قانونية غير مصنفة وغير متحققة,not_downloaded,unverified,not_eligible,Telegram preview supplies metadata only; download original and verify official provenance before indexing
robiai33,760,https://t.me/robiai33/760,مجموعه الاحكام القضائية22.pdf,3.4 MB,2026-08-06T20:37:11+00:00,,,مادة قانونية غير مصنفة وغير متحققة,not_downloaded,unverified,not_eligible,Telegram preview supplies metadata only; download original and verify official provenance before indexing
robiai33,761,https://t.me/robiai33/761,مجموعه الاحكام القضائية23.pdf,3.9 MB,2026-08-06T20:37:11+00:00,,,مادة قانونية غير مصنفة وغير متحققة,not_downloaded,unverified,not_eligible,Telegram preview supplies metadata only; download original and verify official provenance before indexing
robiai33,762,https://t.me/robiai33/762,مجموعه الاحكام القضائية24.pdf,8 MB,2026-08-06T20:37:11+00:00,,,مادة قانونية غير مصنفة وغير متحققة,not_downloaded,unverified,not_eligible,Telegram preview supplies metadata only; download original and verify official provenance before indexing
robiai33,763,https://t.me/robiai33/763,مجموعه الاحكام القضائية25.pdf,4.5 MB,2026-08-06T20:37:11+00:00,,,مادة قانونية غير مصنفة وغير متحققة,not_downloaded,unverified,not_eligible,Telegram preview supplies metadata only; download original and verify official provenance before indexing
robiai33,764,https://t.me/robiai33/764,26_2 مجموعة الاحكام القضائسة.pdf,2.7 MB,2026-08-06T20:37:11+00:00,,,مادة قانونية غير مصنفة وغير متحققة,not_downloaded,unverified,not_eligible,Telegram preview supplies metadata only; download original and verify official provenance before indexing
robiai33,765,https://t.me/robiai33/765,27_2 مجموعة الاحكام القضائية.pdf,4.1 MB,2026-08-06T20:37:17+00:00,,,مادة قانونية غير مصنفة وغير متحققة,not_downloaded,unverified,not_eligible,Telegram preview supplies metadata only; download original and verify official provenance before indexing
robiai33,766,https://t.me/robiai33/766,28_2 مجموعة الاحكام القضائية.pdf,4.2 MB,2026-08-06T20:37:17+00:00,,,مادة قانونية غير مصنفة وغير متحققة,not_downloaded,unverified,not_eligible,Telegram preview supplies metadata only; download original and verify official provenance before indexing
robiai33,767,https://t.me/robiai33/767,29 مجموعة الاحكام القضائية.pdf,27.8 MB,2026-08-06T20:37:17+00:00,,,مادة قانونية غير مصنفة وغير متحققة,not_downloaded,unverified,not_eligible,Telegram preview supplies metadata only; download original and verify official provenance before indexing
robiai33,768,https://t.me/robiai33/768,مجموعه الاحكام القضائية30.pdf,1.5 MB,2026-08-06T20:37:17+00:00,,,مادة قانونية غير مصنفة وغير متحققة,not_downloaded,unverified,not_eligible,Telegram preview supplies metadata only; download original and verify official provenance before indexing
robiai33,769,https://t.me/robiai33/769,سوابق مسكرات.pdf,4.5 MB,2026-08-06T20:37:17+00:00,,,سابقة قضائية مرشحة غير متحققة,not_downloaded,unverified,not_eligible,Telegram preview supplies metadata only; download original and verify official provenance before indexing
robiai33,770,https://t.me/robiai33/770,سوابق مخدرات .pdf,3.4 MB,2026-08-06T20:37:17+00:00,,/s/robiai33?after=770,سابقة قضائية مرشحة غير متحققة,not_downloaded,unverified,not_eligible,Telegram preview supplies metadata only; download original and verify official provenance before indexing
robiai33,771,https://t.me/robiai33/771,Ø§ÙØ¬Ø§Ù Ø¹_Ø§ÙÙ Ø®ØªØµØ±_ÙÙ_Ø§ÙØ¬Ø±Ø§Ø¡Ø§Øª_ÙØ¸Ø±.pdf,3.6 MB,2026-08-06T20:37:17+00:00,,,مادة قانونية غير مصنفة وغير متحققة,not_downloaded,unverified,not_eligible,Telegram preview supplies metadata only; download original and verify official provenance before indexing
robiai33,772,https://t.me/robiai33/772,المجلد الاول.pdf,21.8 MB,2026-08-06T20:37:17+00:00,,,مادة قانونية غير مصنفة وغير متحققة,not_downloaded,unverified,not_eligible,Telegram preview supplies metadata only; download original and verify official provenance before indexing
robiai33,773,https://t.me/robiai33/773,المجلد الثاني.pdf,14.8 MB,2026-08-06T20:37:17+00:00,,,مادة قانونية غير مصنفة وغير متحققة,not_downloaded,unverified,not_eligible,Telegram preview supplies metadata only; download original and verify official provenance before indexing
robiai33,774,https://t.me/robiai33/774,المجلد الثالث.pdf,15.5 MB,2026-08-06T20:37:17+00:00,,,مادة قانونية غير مصنفة وغير متحققة,not_downloaded,unverified,not_eligible,Telegram preview supplies metadata only; download original and verify official provenance before indexing
robiai33,775,https://t.me/robiai33/775,المجلد الرابع.pdf,14 MB,2026-08-06T20:37:17+00:00,,,مادة قانونية غير مصنفة وغير متحققة,not_downloaded,unverified,not_eligible,Telegram preview supplies metadata only; download original and verify official provenance before indexing
robiai33,776,https://t.me/robiai33/776,2ـ_عقد_تجاري_عقد_نقل_نقل_جوي_التزامات.pdf,1.3 MB,2026-08-06T20:37:17+00:00,,,مادة قانونية غير مصنفة وغير متحققة,not_downloaded,unverified,not_eligible,Telegram preview supplies metadata only; download original and verify official provenance before indexing
robiai33,777,https://t.me/robiai33/777,22_خدمة_عسكرية_–_أفراد_–_حقوق_وظيفية_مكافأة_مباشرة_الأموال_العامة.pdf,961.4 KB,2026-08-06T20:37:17+00:00,,,مادة قانونية غير مصنفة وغير متحققة,not_downloaded,unverified,not_eligible,Telegram preview supplies metadata only; download original and verify official provenance before indexing
robiai33,778,https://t.me/robiai33/778,01_خدمة_عسكرية_–_ضباط_حقوق_وظيفية_مكافأة_مباشرة_الأموال_العامة.pdf,910.5 KB,2026-08-06T20:37:17+00:00,,,مادة قانونية غير مصنفة وغير متحققة,not_downloaded,unverified,not_eligible,Telegram preview supplies metadata only; download original and verify official provenance before indexing
robiai33,779,https://t.me/robiai33/779,مجموعه_الاحكام_القضائية24_في_قضايا_العقوق.pdf,1.1 MB,2026-08-06T20:37:17+00:00,,,مادة قانونية غير مصنفة وغير متحققة,not_downloaded,unverified,not_eligible,Telegram preview supplies metadata only; download original and verify official provenance before indexing
robiai33,780,https://t.me/robiai33/780,صور قضائية حسن جلال Copy Copy.pdf,73.8 MB,2026-08-06T20:37:17+00:00,,,حكم قضائي مرشح غير متحقق,not_downloaded,unverified,not_eligible,Telegram preview supplies metadata only; download original and verify official provenance before indexing
robiai33,781,https://t.me/robiai33/781,تعميم عن الاختصاص النوعي.pdf,428.4 KB,2026-08-06T20:37:17+00:00,,,تعميم مرشح غير متحقق,not_downloaded,unverified,not_eligible,Telegram preview supplies metadata only; download original and verify official provenance before indexing
robiai33,782,https://t.me/robiai33/782,التسبيبات الجزائية.pdf,1.2 MB,2026-08-06T20:37:17+00:00,,,مادة قانونية غير مصنفة وغير متحققة,not_downloaded,unverified,not_eligible,Telegram preview supplies metadata only; download original and verify official provenance before indexing
robiai33,783,https://t.me/robiai33/783,التسبيبات الجزائية.pdf,1.2 MB,2026-08-06T20:37:17+00:00,,,مادة قانونية غير مصنفة وغير متحققة,not_downloaded,unverified,not_eligible,Telegram preview supplies metadata only; download original and verify official provenance before indexing
robiai33,784,https://t.me/robiai33/784,__1764865941.pdf,2.3 MB,2026-08-06T20:37:17+00:00,,,مادة قانونية غير مصنفة وغير متحققة,not_downloaded,unverified,not_eligible,Telegram preview supplies metadata only; download original and verify official provenance before indexing
robiai33,785,https://t.me/robiai33/785,file.pdf,732.1 KB,2026-08-06T20:37:17+00:00,,,مادة قانونية غير مصنفة وغير متحققة,not_downloaded,unverified,not_eligible,Telegram preview supplies metadata only; download original and verify official provenance before indexing
robiai33,786,https://t.me/robiai33/786,مجلد 1.pdf,204.2 MB,2026-08-06T20:37:18+00:00,,,مادة قانونية غير مصنفة وغير متحققة,not_downloaded,unverified,not_eligible,Telegram preview supplies metadata only; download original and verify official provenance before indexing
robiai33,787,https://t.me/robiai33/787,مجلد_2مجموعة_الأحكام_الإدارية_في_الملكية_الفكرية.pdf,189.7 MB,2026-08-06T20:37:18+00:00,,,مادة قانونية غير مصنفة وغير متحققة,not_downloaded,unverified,not_eligible,Telegram preview supplies metadata only; download original and verify official provenance before indexing
robiai33,788,https://t.me/robiai33/788,مجموعة_الأحكام_الإدارية_في_الملكية_الفكرية_مجلد_3.pdf,195 MB,2026-08-06T20:37:18+00:00,,,مادة قانونية غير مصنفة وغير متحققة,not_downloaded,unverified,not_eligible,Telegram preview supplies metadata only; download original and verify official provenance before indexing
robiai33,789,https://t.me/robiai33/789,مجموعة_الأحكام_الإدارية_في_الملكية_الفكرية_مجلد_4.pdf,202.2 MB,2026-08-06T20:37:18+00:00,,,مادة قانونية غير مصنفة وغير متحققة,not_downloaded,unverified,not_eligible,Telegram preview supplies metadata only; download original and verify official provenance before indexing
robiai33,790,https://t.me/robiai33/790,مجموعة_الأحكام_الإدارية_في_الملكية_الفكرية_مجلد_5.pdf,181.8 MB,2026-08-06T20:37:18+00:00,,/s/robiai33?after=790,مادة قانونية غير مصنفة وغير متحققة,not_downloaded,unverified,not_eligible,Telegram preview supplies metadata only; download original and verify official provenance before indexing
robiai33,791,https://t.me/robiai33/791,‎⁨لائحة_العمالة_المنزلية_ومن_في_حكمهم⁩.pdf,239.8 KB,2026-08-06T20:37:18+00:00,,,لائحة/نظام مرشح غير متحقق,not_downloaded,unverified,not_eligible,Telegram preview supplies metadata only; download original and verify official provenance before indexing
robiai33,792,https://t.me/robiai33/792,‎⁨عشرون قاعدة فقهية⁩.pdf,924.5 KB,2026-08-06T20:37:18+00:00,,,مادة قانونية غير مصنفة وغير متحققة,not_downloaded,unverified,not_eligible,Telegram preview supplies metadata only; download original and verify official provenance before indexing
robiai33,793,https://t.me/robiai33/793,احتيال مالي.pdf,316.9 KB,2026-08-06T20:37:18+00:00,,,مادة قانونية غير مصنفة وغير متحققة,not_downloaded,unverified,not_eligible,Telegram preview supplies metadata only; download original and verify official provenance before indexing
robiai33,794,https://t.me/robiai33/794,مذكرة جوابية اتعاب محاماة.pdf,207.9 KB,2026-08-06T20:37:18+00:00,,,مادة قانونية غير مصنفة وغير متحققة,not_downloaded,unverified,not_eligible,Telegram preview supplies metadata only; download original and verify official provenance before indexing
robiai33,795,https://t.me/robiai33/795,مذكرة الغاء قرار اداري .pdf,226.4 KB,2026-08-06T20:37:18+00:00,,,قرار مرشح غير متحقق,not_downloaded,unverified,not_eligible,Telegram preview supplies metadata only; download original and verify official provenance before indexing
robiai33,796,https://t.me/robiai33/796,ترويج مخدرات .pdf,521.6 KB,2026-08-06T20:37:18+00:00,,,مادة قانونية غير مصنفة وغير متحققة,not_downloaded,unverified,not_eligible,Telegram preview supplies metadata only; download original and verify official provenance before indexing
robiai33,797,https://t.me/robiai33/797,المجلد الأول مباديء العليا .pdf,26.9 MB,2026-08-06T20:37:18+00:00,,,مبدأ قضائي مرشح غير متحقق,not_downloaded,unverified,not_eligible,Telegram preview supplies metadata only; download original and verify official provenance before indexing
robiai33,798,https://t.me/robiai33/798,المجلد الثاني مباديء العليا.pdf,20.2 MB,2026-08-06T20:37:18+00:00,,,مبدأ قضائي مرشح غير متحقق,not_downloaded,unverified,not_eligible,Telegram preview supplies metadata only; download original and verify official provenance before indexing
robiai33,799,https://t.me/robiai33/799,الفهارس مباديء العليا .pdf,3.4 MB,2026-08-06T20:37:18+00:00,,,مبدأ قضائي مرشح غير متحقق,not_downloaded,unverified,not_eligible,Telegram preview supplies metadata only; download original and verify official provenance before indexing
robiai33,800,https://t.me/robiai33/800,1477.pdf,468.8 KB,2026-08-06T20:41:29+00:00,,,مادة قانونية غير مصنفة وغير متحققة,not_downloaded,unverified,not_eligible,Telegram preview supplies metadata only; download original and verify official provenance before indexing
robiai33,801,https://t.me/robiai33/801,2.jpeg,131.3 KB,2026-08-06T20:41:29+00:00,,,مادة قانونية غير مصنفة وغير متحققة,not_downloaded,unverified,not_eligible,Telegram preview supplies metadata only; download original and verify official provenance before indexing
robiai33,802,https://t.me/robiai33/802,3.jpeg,150.4 KB,2026-08-06T20:41:29+00:00,,,مادة قانونية غير مصنفة وغير متحققة,not_downloaded,unverified,not_eligible,Telegram preview supplies metadata only; download original and verify official provenance before indexing
robiai33,803,https://t.me/robiai33/803,4.jpeg,170.7 KB,2026-08-06T20:41:29+00:00,,,مادة قانونية غير مصنفة وغير متحققة,not_downloaded,unverified,not_eligible,Telegram preview supplies metadata only; download original and verify official provenance before indexing
robiai33,804,https://t.me/robiai33/804,دليل_الأسئلة_الشائعة_لنظام_الإفلاس.pdf,4.7 MB,2026-08-06T20:41:29+00:00,,,لائحة/نظام مرشح غير متحقق,not_downloaded,unverified,not_eligible,Telegram preview supplies metadata only; download original and verify official provenance before indexing
robiai33,805,https://t.me/robiai33/805,12_9 مجموعة الاحكام القضائية.pdf,3.9 MB,2026-08-06T20:41:29+00:00,,,مادة قانونية غير مصنفة وغير متحققة,not_downloaded,unverified,not_eligible,Telegram preview supplies metadata only; download original and verify official provenance before indexing
robiai33,806,https://t.me/robiai33/806,حكم_قضائي_لتعويض_عن_الضرر_المعنوي.pdf,2.7 MB,2026-08-06T20:41:29+00:00,,,حكم قضائي مرشح غير متحقق,not_downloaded,unverified,not_eligible,Telegram preview supplies metadata only; download original and verify official provenance before indexing
robiai33,807,https://t.me/robiai33/807,أحوال شخصية.pdf,7.2 MB,2026-08-06T20:41:29+00:00,,,مادة قانونية غير مصنفة وغير متحققة,not_downloaded,unverified,not_eligible,Telegram preview supplies metadata only; download original and verify official provenance before indexing
robiai33,808,https://t.me/robiai33/808,مائة قاعدة فقهية. .pdf,255.4 KB,2026-08-06T20:41:30+00:00,,,مادة قانونية غير مصنفة وغير متحققة,not_downloaded,unverified,not_eligible,Telegram preview supplies metadata only; download original and verify official provenance before indexing
robiai33,809,https://t.me/robiai33/809,مجموعة الأحكام الأصدار الثاني .pdf,1.3 MB,2026-08-06T20:41:30+00:00,,,مادة قانونية غير مصنفة وغير متحققة,not_downloaded,unverified,not_eligible,Telegram preview supplies metadata only; download original and verify official provenance before indexing
robiai33,810,https://t.me/robiai33/810,حكم قضائي جنائي.pdf,538.6 KB,2026-08-06T20:41:30+00:00,,/s/robiai33?after=810,حكم قضائي مرشح غير متحقق,not_downloaded,unverified,not_eligible,Telegram preview supplies metadata only; download original and verify official provenance before indexing
robiai33,811,https://t.me/robiai33/811?single,1-1.pdf,12.4 MB,2026-08-06T20:41:30+00:00,,,مادة قانونية غير مصنفة وغير متحققة,not_downloaded,unverified,not_eligible,Telegram preview supplies metadata only; download original and verify official provenance before indexing
robiai33,811,https://t.me/robiai33/819?single,10-1.pdf,9.1 MB,2026-08-06T20:41:30+00:00,,,مادة قانونية غير مصنفة وغير متحققة,not_downloaded,unverified,not_eligible,Telegram preview supplies metadata only; download original and verify official provenance before indexing
robiai33,811,https://t.me/robiai33/812?single,12-1.pdf,10 MB,2026-08-06T20:41:30+00:00,,,مادة قانونية غير مصنفة وغير متحققة,not_downloaded,unverified,not_eligible,Telegram preview supplies metadata only; download original and verify official provenance before indexing
robiai33,811,https://t.me/robiai33/813?single,13-1.pdf,10.6 MB,2026-08-06T20:41:30+00:00,,,مادة قانونية غير مصنفة وغير متحققة,not_downloaded,unverified,not_eligible,Telegram preview supplies metadata only; download original and verify official provenance before indexing
robiai33,811,https://t.me/robiai33/814?single,14-1.pdf,5.1 MB,2026-08-06T20:41:30+00:00,,,مادة قانونية غير مصنفة وغير متحققة,not_downloaded,unverified,not_eligible,Telegram preview supplies metadata only; download original and verify official provenance before indexing
robiai33,811,https://t.me/robiai33/815?single,5-1.pdf,7.1 MB,2026-08-06T20:41:30+00:00,,,مادة قانونية غير مصنفة وغير متحققة,not_downloaded,unverified,not_eligible,Telegram preview supplies metadata only; download original and verify official provenance before indexing
robiai33,811,https://t.me/robiai33/816?single,6-1.pdf,7 MB,2026-08-06T20:41:30+00:00,,,مادة قانونية غير مصنفة وغير متحققة,not_downloaded,unverified,not_eligible,Telegram preview supplies metadata only; download original and verify official provenance before indexing
robiai33,811,https://t.me/robiai33/817?single,7-1.pdf,7.1 MB,2026-08-06T20:41:30+00:00,,,مادة قانونية غير مصنفة وغير متحققة,not_downloaded,unverified,not_eligible,Telegram preview supplies metadata only; download original and verify official provenance before indexing
robiai33,811,https://t.me/robiai33/818?single,8-2.pdf,8.1 MB,2026-08-06T20:41:30+00:00,,,مادة قانونية غير مصنفة وغير متحققة,not_downloaded,unverified,not_eligible,Telegram preview supplies metadata only; download original and verify official provenance before indexing
robiai33,811,https://t.me/robiai33/820?single,9-1.pdf,8.7 MB,2026-08-06T20:41:30+00:00,,,مادة قانونية غير مصنفة وغير متحققة,not_downloaded,unverified,not_eligible,Telegram preview supplies metadata only; download original and verify official provenance before indexing
robiai33,821,https://t.me/robiai33/822?single,11-1.pdf,10.1 MB,2026-08-06T20:41:30+00:00,,,مادة قانونية غير مصنفة وغير متحققة,not_downloaded,unverified,not_eligible,Telegram preview supplies metadata only; download original and verify official provenance before indexing
robiai33,821,https://t.me/robiai33/821?single,12-1 (1).pdf,10 MB,2026-08-06T20:41:30+00:00,,,مادة قانونية غير مصنفة وغير متحققة,not_downloaded,unverified,not_eligible,Telegram preview supplies metadata only; download original and verify official provenance before indexing
robiai33,821,https://t.me/robiai33/823?single,13-1 (1).pdf,10.6 MB,2026-08-06T20:41:30+00:00,,,مادة قانونية غير مصنفة وغير متحققة,not_downloaded,unverified,not_eligible,Telegram preview supplies metadata only; download original and verify official provenance before indexing
robiai33,821,https://t.me/robiai33/824?single,14-1 (1).pdf,5.1 MB,2026-08-06T20:41:30+00:00,,,مادة قانونية غير مصنفة وغير متحققة,not_downloaded,unverified,not_eligible,Telegram preview supplies metadata only; download original and verify official provenance before indexing
robiai33,825,https://t.me/robiai33/825,حكم جزائي12.pdf,367.2 KB,2026-08-06T20:41:30+00:00,,,حكم قضائي مرشح غير متحقق,not_downloaded,unverified,not_eligible,Telegram preview supplies metadata only; download original and verify official provenance before indexing
robiai33,826,https://t.me/robiai33/826,حكم جزائي13.pdf,356.4 KB,2026-08-06T20:41:30+00:00,,,حكم قضائي مرشح غير متحقق,not_downloaded,unverified,not_eligible,Telegram preview supplies metadata only; download original and verify official provenance before indexing
robiai33,827,https://t.me/robiai33/827,حكم جزائي15.pdf,3.5 MB,2026-08-06T20:41:30+00:00,,,حكم قضائي مرشح غير متحقق,not_downloaded,unverified,not_eligible,Telegram preview supplies metadata only; download original and verify official provenance before indexing
robiai33,828,https://t.me/robiai33/828,15_تعويض_عن_سجن_صدور_حكم_جزائي_نها.pdf,350.3 KB,2026-08-06T20:41:30+00:00,,,حكم قضائي مرشح غير متحقق,not_downloaded,unverified,not_eligible,Telegram preview supplies metadata only; download original and verify official provenance before indexing
robiai33,829,https://t.me/robiai33/829,دعوى_قرار_إداري_جزائي_غرامة_مالية_صرف_ص.pdf,434.1 KB,2026-08-06T20:41:30+00:00,,,قرار مرشح غير متحقق,not_downloaded,unverified,not_eligible,Telegram preview supplies metadata only; download original and verify official provenance before indexing
robiai33,830,https://t.me/robiai33/830,1-1مجموعة الاحكام القضائية.pdf,5.1 MB,2026-08-06T20:41:31+00:00,,,مادة قانونية غير مصنفة وغير متحققة,not_downloaded,unverified,not_eligible,Telegram preview supplies metadata only; download original and verify official provenance before indexing
robiai33,831,https://t.me/robiai33/831,مجموعه الاحكام القضائية 2.pdf,2.8 MB,2026-08-06T20:41:31+00:00,,,مادة قانونية غير مصنفة وغير متحققة,not_downloaded,unverified,not_eligible,Telegram preview supplies metadata only; download original and verify official provenance before indexing
robiai33,832,https://t.me/robiai33/832,مجموعه الاحكام القضائية 3.pdf,5.6 MB,2026-08-06T20:41:31+00:00,,/s/robiai33?after=832,مادة قانونية غير مصنفة وغير متحققة,not_downloaded,unverified,not_eligible,Telegram preview supplies metadata only; download original and verify official provenance before indexing
robiai33,833,https://t.me/robiai33/833,مجموعه الاحكام القضائية 4.pdf,4.6 MB,2026-08-06T20:41:31+00:00,,,مادة قانونية غير مصنفة وغير متحققة,not_downloaded,unverified,not_eligible,Telegram preview supplies metadata only; download original and verify official provenance before indexing
robiai33,834,https://t.me/robiai33/834,مجموعه الاحكام القضائية 5.pdf,3.8 MB,2026-08-06T20:41:31+00:00,,,مادة قانونية غير مصنفة وغير متحققة,not_downloaded,unverified,not_eligible,Telegram preview supplies metadata only; download original and verify official provenance before indexing
robiai33,835,https://t.me/robiai33/835,مجموعه الاحكام القضائية 6.pdf,4.2 MB,2026-08-06T20:41:31+00:00,,,مادة قانونية غير مصنفة وغير متحققة,not_downloaded,unverified,not_eligible,Telegram preview supplies metadata only; download original and verify official provenance before indexing
robiai33,836,https://t.me/robiai33/836,مجموعه الاحكام القضائية 7.pdf,2.6 MB,2026-08-06T20:41:31+00:00,,,مادة قانونية غير مصنفة وغير متحققة,not_downloaded,unverified,not_eligible,Telegram preview supplies metadata only; download original and verify official provenance before indexing
robiai33,837,https://t.me/robiai33/837,مجموعه الاحكام القضائية 8.pdf,3.4 MB,2026-08-06T20:41:31+00:00,,,مادة قانونية غير مصنفة وغير متحققة,not_downloaded,unverified,not_eligible,Telegram preview supplies metadata only; download original and verify official provenance before indexing
robiai33,838,https://t.me/robiai33/838,مجموعه الاحكام القضائية 9.pdf,3.5 MB,2026-08-06T20:41:31+00:00,,,مادة قانونية غير مصنفة وغير متحققة,not_downloaded,unverified,not_eligible,Telegram preview supplies metadata only; download original and verify official provenance before indexing
robiai33,839,https://t.me/robiai33/839,مجموعة الاحكام القضائية 10.pdf,3.6 MB,2026-08-06T20:41:31+00:00,,,مادة قانونية غير مصنفة وغير متحققة,not_downloaded,unverified,not_eligible,Telegram preview supplies metadata only; download original and verify official provenance before indexing
robiai33,840,https://t.me/robiai33/840,مجموعه الاحكام القضائية 11.pdf,4.4 MB,2026-08-06T20:41:31+00:00,,,مادة قانونية غير مصنفة وغير متحققة,not_downloaded,unverified,not_eligible,Telegram preview supplies metadata only; download original and verify official provenance before indexing
robiai33,841,https://t.me/robiai33/841,مجموعه الاحكام القضائية12.pdf,3.9 MB,2026-08-06T20:41:31+00:00,,,مادة قانونية غير مصنفة وغير متحققة,not_downloaded,unverified,not_eligible,Telegram preview supplies metadata only; download original and verify official provenance before indexing
robiai33,842,https://t.me/robiai33/842,مجموعه الاحكام القضائية13.pdf,2.8 MB,2026-08-06T20:41:31+00:00,,,مادة قانونية غير مصنفة وغير متحققة,not_downloaded,unverified,not_eligible,Telegram preview supplies metadata only; download original and verify official provenance before indexing
robiai33,843,https://t.me/robiai33/843,مجموعه الاحكام القضائية14.pdf,4.3 MB,2026-08-06T20:41:31+00:00,,,مادة قانونية غير مصنفة وغير متحققة,not_downloaded,unverified,not_eligible,Telegram preview supplies metadata only; download original and verify official provenance before indexing
robiai33,844,https://t.me/robiai33/844,مجموعه الاحكام القضائية15.pdf,4.6 MB,2026-08-06T20:41:31+00:00,,,مادة قانونية غير مصنفة وغير متحققة,not_downloaded,unverified,not_eligible,Telegram preview supplies metadata only; download original and verify official provenance before indexing
robiai33,845,https://t.me/robiai33/845,مجموعه الاحكام القضائية16.pdf,4.5 MB,2026-08-06T20:41:31+00:00,,,مادة قانونية غير مصنفة وغير متحققة,not_downloaded,unverified,not_eligible,Telegram preview supplies metadata only; download original and verify official provenance before indexing
robiai33,846,https://t.me/robiai33/846,مجموعه الاحكام القضائية17.pdf,3.4 MB,2026-08-06T20:41:31+00:00,,,مادة قانونية غير مصنفة وغير متحققة,not_downloaded,unverified,not_eligible,Telegram preview supplies metadata only; download original and verify official provenance before indexing
robiai33,847,https://t.me/robiai33/847,18 مجموعة الاحكام القضائية.pdf,3 MB,2026-08-06T20:41:31+00:00,,,مادة قانونية غير مصنفة وغير متحققة,not_downloaded,unverified,not_eligible,Telegram preview supplies metadata only; download original and verify official provenance before indexing
robiai33,848,https://t.me/robiai33/848,19 مجموعة الاحكام القضائية.pdf,2.4 MB,2026-08-06T20:41:31+00:00,,,مادة قانونية غير مصنفة وغير متحققة,not_downloaded,unverified,not_eligible,Telegram preview supplies metadata only; download original and verify official provenance before indexing
robiai33,849,https://t.me/robiai33/849,مجموعه الاحكام القضائية20.pdf,2.4 MB,2026-08-06T20:41:31+00:00,,,مادة قانونية غير مصنفة وغير متحققة,not_downloaded,unverified,not_eligible,Telegram preview supplies metadata only; download original and verify official provenance before indexing
robiai33,850,https://t.me/robiai33/850,مجموعه الاحكام القضائية21.pdf,2.3 MB,2026-08-06T20:41:31+00:00,,,مادة قانونية غير مصنفة وغير متحققة,not_downloaded,unverified,not_eligible,Telegram preview supplies metadata only; download original and verify official provenance before indexing
robiai33,851,https://t.me/robiai33/851,مجموعه الاحكام القضائية22.pdf,3.4 MB,2026-08-06T20:41:31+00:00,,,مادة قانونية غير مصنفة وغير متحققة,not_downloaded,unverified,not_eligible,Telegram preview supplies metadata only; download original and verify official provenance before indexing
robiai33,852,https://t.me/robiai33/852,مجموعه الاحكام القضائية23.pdf,3.9 MB,2026-08-06T20:41:32+00:00,,/s/robiai33?after=852,مادة قانونية غير مصنفة وغير متحققة,not_downloaded,unverified,not_eligible,Telegram preview supplies metadata only; download original and verify official provenance before indexing
robiai33,853,https://t.me/robiai33/853,مجموعه الاحكام القضائية24.pdf,8 MB,2026-08-06T20:41:32+00:00,,,مادة قانونية غير مصنفة وغير متحققة,not_downloaded,unverified,not_eligible,Telegram preview supplies metadata only; download original and verify official provenance before indexing
robiai33,854,https://t.me/robiai33/854,مجموعه الاحكام القضائية25.pdf,4.5 MB,2026-08-06T20:41:32+00:00,,,مادة قانونية غير مصنفة وغير متحققة,not_downloaded,unverified,not_eligible,Telegram preview supplies metadata only; download original and verify official provenance before indexing
robiai33,855,https://t.me/robiai33/855,26_2 مجموعة الاحكام القضائسة.pdf,2.7 MB,2026-08-06T20:41:32+00:00,,,مادة قانونية غير مصنفة وغير متحققة,not_downloaded,unverified,not_eligible,Telegram preview supplies metadata only; download original and verify official provenance before indexing
robiai33,856,https://t.me/robiai33/856,27_2 مجموعة الاحكام القضائية.pdf,4.1 MB,2026-08-06T20:41:32+00:00,,,مادة قانونية غير مصنفة وغير متحققة,not_downloaded,unverified,not_eligible,Telegram preview supplies metadata only; download original and verify official provenance before indexing
robiai33,857,https://t.me/robiai33/857,28_2 مجموعة الاحكام القضائية.pdf,4.2 MB,2026-08-06T20:41:32+00:00,,,مادة قانونية غير مصنفة وغير متحققة,not_downloaded,unverified,not_eligible,Telegram preview supplies metadata only; download original and verify official provenance before indexing
robiai33,858,https://t.me/robiai33/858,29 مجموعة الاحكام القضائية.pdf,27.8 MB,2026-08-06T20:41:32+00:00,,,مادة قانونية غير مصنفة وغير متحققة,not_downloaded,unverified,not_eligible,Telegram preview supplies metadata only; download original and verify official provenance before indexing
robiai33,859,https://t.me/robiai33/859,مجموعه الاحكام القضائية30.pdf,1.5 MB,2026-08-06T20:41:32+00:00,,,مادة قانونية غير مصنفة وغير متحققة,not_downloaded,unverified,not_eligible,Telegram preview supplies metadata only; download original and verify official provenance before indexing
robiai33,860,https://t.me/robiai33/860,1-1مجموعة الاحكام القضائية.pdf,5.1 MB,2026-08-06T20:41:32+00:00,,,مادة قانونية غير مصنفة وغير متحققة,not_downloaded,unverified,not_eligible,Telegram preview supplies metadata only; download original and verify official provenance before indexing
robiai33,861,https://t.me/robiai33/861,مجموعه الاحكام القضائية 2.pdf,2.8 MB,2026-08-06T20:41:32+00:00,,,مادة قانونية غير مصنفة وغير متحققة,not_downloaded,unverified,not_eligible,Telegram preview supplies metadata only; download original and verify official provenance before indexing
robiai33,862,https://t.me/robiai33/862,مجموعه الاحكام القضائية 3.pdf,5.6 MB,2026-08-06T20:41:32+00:00,,,مادة قانونية غير مصنفة وغير متحققة,not_downloaded,unverified,not_eligible,Telegram preview supplies metadata only; download original and verify official provenance before indexing
robiai33,863,https://t.me/robiai33/863,مجموعه الاحكام القضائية 4.pdf,4.6 MB,2026-08-06T20:41:32+00:00,,,مادة قانونية غير مصنفة وغير متحققة,not_downloaded,unverified,not_eligible,Telegram preview supplies metadata only; download original and verify official provenance before indexing
robiai33,864,https://t.me/robiai33/864,مجموعه الاحكام القضائية 5.pdf,3.8 MB,2026-08-06T20:41:32+00:00,,,مادة قانونية غير مصنفة وغير متحققة,not_downloaded,unverified,not_eligible,Telegram preview supplies metadata only; download original and verify official provenance before indexing
robiai33,865,https://t.me/robiai33/865,مجموعه الاحكام القضائية 6.pdf,4.2 MB,2026-08-06T20:41:32+00:00,,,مادة قانونية غير مصنفة وغير متحققة,not_downloaded,unverified,not_eligible,Telegram preview supplies metadata only; download original and verify official provenance before indexing
robiai33,866,https://t.me/robiai33/866,مجموعه الاحكام القضائية 7.pdf,2.6 MB,2026-08-06T20:41:32+00:00,,,مادة قانونية غير مصنفة وغير متحققة,not_downloaded,unverified,not_eligible,Telegram preview supplies metadata only; download original and verify official provenance before indexing
robiai33,867,https://t.me/robiai33/867,مجموعه الاحكام القضائية 8.pdf,3.4 MB,2026-08-06T20:41:32+00:00,,,مادة قانونية غير مصنفة وغير متحققة,not_downloaded,unverified,not_eligible,Telegram preview supplies metadata only; download original and verify official provenance before indexing
robiai33,868,https://t.me/robiai33/868,مجموعه الاحكام القضائية 9.pdf,3.5 MB,2026-08-06T20:41:32+00:00,,,مادة قانونية غير مصنفة وغير متحققة,not_downloaded,unverified,not_eligible,Telegram preview supplies metadata only; download original and verify official provenance before indexing
robiai33,869,https://t.me/robiai33/869,مجموعة الاحكام القضائية 10.pdf,3.6 MB,2026-08-06T20:41:32+00:00,,,مادة قانونية غير مصنفة وغير متحققة,not_downloaded,unverified,not_eligible,Telegram preview supplies metadata only; download original and verify official provenance before indexing
robiai33,870,https://t.me/robiai33/870,مجموعه الاحكام القضائية 11.pdf,4.4 MB,2026-08-06T20:41:32+00:00,,,مادة قانونية غير مصنفة وغير متحققة,not_downloaded,unverified,not_eligible,Telegram preview supplies metadata only; download original and verify official provenance before indexing
robiai33,871,https://t.me/robiai33/871,مجموعه الاحكام القضائية12.pdf,3.9 MB,2026-08-06T20:41:32+00:00,,,مادة قانونية غير مصنفة وغير متحققة,not_downloaded,unverified,not_eligible,Telegram preview supplies metadata only; download original and verify official provenance before indexing
robiai33,872,https://t.me/robiai33/872,مجموعه الاحكام القضائية13.pdf,2.8 MB,2026-08-06T20:41:32+00:00,,/s/robiai33?after=872,مادة قانونية غير مصنفة وغير متحققة,not_downloaded,unverified,not_eligible,Telegram preview supplies metadata only; download original and verify official provenance before indexing
robiai33,873,https://t.me/robiai33/873,مجموعه الاحكام القضائية14.pdf,4.3 MB,2026-08-06T20:41:32+00:00,,,مادة قانونية غير مصنفة وغير متحققة,not_downloaded,unverified,not_eligible,Telegram preview supplies metadata only; download original and verify official provenance before indexing
robiai33,874,https://t.me/robiai33/874,مجموعه الاحكام القضائية15.pdf,4.6 MB,2026-08-06T20:41:32+00:00,,,مادة قانونية غير مصنفة وغير متحققة,not_downloaded,unverified,not_eligible,Telegram preview supplies metadata only; download original and verify official provenance before indexing
robiai33,875,https://t.me/robiai33/875,مجموعه الاحكام القضائية16.pdf,4.5 MB,2026-08-06T20:41:32+00:00,,,مادة قانونية غير مصنفة وغير متحققة,not_downloaded,unverified,not_eligible,Telegram preview supplies metadata only; download original and verify official provenance before indexing
robiai33,876,https://t.me/robiai33/876,مجموعه الاحكام القضائية17.pdf,3.4 MB,2026-08-06T20:41:33+00:00,,,مادة قانونية غير مصنفة وغير متحققة,not_downloaded,unverified,not_eligible,Telegram preview supplies metadata only; download original and verify official provenance before indexing
robiai33,877,https://t.me/robiai33/877,18 مجموعة الاحكام القضائية.pdf,3 MB,2026-08-06T20:41:33+00:00,,,مادة قانونية غير مصنفة وغير متحققة,not_downloaded,unverified,not_eligible,Telegram preview supplies metadata only; download original and verify official provenance before indexing
robiai33,878,https://t.me/robiai33/878,19 مجموعة الاحكام القضائية.pdf,2.4 MB,2026-08-06T20:41:33+00:00,,,مادة قانونية غير مصنفة وغير متحققة,not_downloaded,unverified,not_eligible,Telegram preview supplies metadata only; download original and verify official provenance before indexing
robiai33,879,https://t.me/robiai33/879,مجموعه الاحكام القضائية20.pdf,2.4 MB,2026-08-06T20:41:33+00:00,,,مادة قانونية غير مصنفة وغير متحققة,not_downloaded,unverified,not_eligible,Telegram preview supplies metadata only; download original and verify official provenance before indexing
robiai33,880,https://t.me/robiai33/880,مجموعه الاحكام القضائية21.pdf,2.3 MB,2026-08-06T20:41:33+00:00,,,مادة قانونية غير مصنفة وغير متحققة,not_downloaded,unverified,not_eligible,Telegram preview supplies metadata only; download original and verify official provenance before indexing
robiai33,881,https://t.me/robiai33/881,مجموعه الاحكام القضائية22.pdf,3.4 MB,2026-08-06T20:41:33+00:00,,,مادة قانونية غير مصنفة وغير متحققة,not_downloaded,unverified,not_eligible,Telegram preview supplies metadata only; download original and verify official provenance before indexing
robiai33,882,https://t.me/robiai33/882,مجموعه الاحكام القضائية23.pdf,3.9 MB,2026-08-06T20:41:33+00:00,,,مادة قانونية غير مصنفة وغير متحققة,not_downloaded,unverified,not_eligible,Telegram preview supplies metadata only; download original and verify official provenance before indexing
robiai33,883,https://t.me/robiai33/883,مجموعه الاحكام القضائية24.pdf,8 MB,2026-08-06T20:41:33+00:00,,,مادة قانونية غير مصنفة وغير متحققة,not_downloaded,unverified,not_eligible,Telegram preview supplies metadata only; download original and verify official provenance before indexing
robiai33,884,https://t.me/robiai33/884,مجموعه الاحكام القضائية25.pdf,4.5 MB,2026-08-06T20:41:33+00:00,,,مادة قانونية غير مصنفة وغير متحققة,not_downloaded,unverified,not_eligible,Telegram preview supplies metadata only; download original and verify official provenance before indexing
robiai33,885,https://t.me/robiai33/885,26_2 مجموعة الاحكام القضائسة.pdf,2.7 MB,2026-08-06T20:41:33+00:00,,,مادة قانونية غير مصنفة وغير متحققة,not_downloaded,unverified,not_eligible,Telegram preview supplies metadata only; download original and verify official provenance before indexing
robiai33,886,https://t.me/robiai33/886,27_2 مجموعة الاحكام القضائية.pdf,4.1 MB,2026-08-06T20:41:35+00:00,,,مادة قانونية غير مصنفة وغير متحققة,not_downloaded,unverified,not_eligible,Telegram preview supplies metadata only; download original and verify official provenance before indexing
robiai33,887,https://t.me/robiai33/887,28_2 مجموعة الاحكام القضائية.pdf,4.2 MB,2026-08-06T20:41:35+00:00,,,مادة قانونية غير مصنفة وغير متحققة,not_downloaded,unverified,not_eligible,Telegram preview supplies metadata only; download original and verify official provenance before indexing
robiai33,888,https://t.me/robiai33/888,29 مجموعة الاحكام القضائية.pdf,27.8 MB,2026-08-06T20:41:35+00:00,,,مادة قانونية غير مصنفة وغير متحققة,not_downloaded,unverified,not_eligible,Telegram preview supplies metadata only; download original and verify official provenance before indexing
robiai33,889,https://t.me/robiai33/889,مجموعه الاحكام القضائية30.pdf,1.5 MB,2026-08-06T20:41:36+00:00,,,مادة قانونية غير مصنفة وغير متحققة,not_downloaded,unverified,not_eligible,Telegram preview supplies metadata only; download original and verify official provenance before indexing
robiai33,890,https://t.me/robiai33/890,تسبيبات القضاء العام.pdf,7 MB,2026-08-06T20:41:36+00:00,,,مادة قانونية غير مصنفة وغير متحققة,not_downloaded,unverified,not_eligible,Telegram preview supplies metadata only; download original and verify official provenance before indexing
robiai33,891,https://t.me/robiai33/891,القانون الجنائي .pdf,2.9 MB,2026-08-06T20:41:36+00:00,,,مادة قانونية غير مصنفة وغير متحققة,not_downloaded,unverified,not_eligible,Telegram preview supplies metadata only; download original and verify official provenance before indexing
robiai33,892,https://t.me/robiai33/892,التسبيب من نظام الإثبات.pdf,815 KB,2026-08-06T20:41:36+00:00,,/s/robiai33?after=892,لائحة/نظام مرشح غير متحقق,not_downloaded,unverified,not_eligible,Telegram preview supplies metadata only; download original and verify official provenance before indexing
robiai33,893,https://t.me/robiai33/893?single,فهرس_تعاميم_وزارة_العدل_1345هـ_1412هـ_الأول.pdf,295.4 KB,2026-08-06T20:41:36+00:00,,,فهرس/مدونة مرجعية غير مستقلة,not_downloaded,unverified,not_eligible,Telegram preview supplies metadata only; download original and verify official provenance before indexing
robiai33,893,https://t.me/robiai33/895?single,فهرس_تعاميم_وزارة_العدل_1345هـ_1412هـ_الثالث.pdf,336.6 KB,2026-08-06T20:41:36+00:00,,,فهرس/مدونة مرجعية غير مستقلة,not_downloaded,unverified,not_eligible,Telegram preview supplies metadata only; download original and verify official provenance before indexing
robiai33,893,https://t.me/robiai33/894?single,فهرس_تعاميم_وزارة_العدل_1345هـ_1412هـ_الثاني.pdf,297.5 KB,2026-08-06T20:41:36+00:00,,,فهرس/مدونة مرجعية غير مستقلة,not_downloaded,unverified,not_eligible,Telegram preview supplies metadata only; download original and verify official provenance before indexing
robiai33,893,https://t.me/robiai33/897?single,فهرس_تعاميم_وزارة_العدل_1345هـ_1412هـ_الخامس_.pdf,420.1 KB,2026-08-06T20:41:36+00:00,,,فهرس/مدونة مرجعية غير مستقلة,not_downloaded,unverified,not_eligible,Telegram preview supplies metadata only; download original and verify official provenance before indexing
robiai33,893,https://t.me/robiai33/896?single,فهرس_تعاميم_وزارة_العدل_1345هـ_1412هـ_الرابع.pdf,335.6 KB,2026-08-06T20:41:36+00:00,,,فهرس/مدونة مرجعية غير مستقلة,not_downloaded,unverified,not_eligible,Telegram preview supplies metadata only; download original and verify official provenance before indexing
robiai33,898,https://t.me/robiai33/898,1-1مجموعة الاحكام القضائية.pdf,5.1 MB,2026-08-06T20:41:36+00:00,,,مادة قانونية غير مصنفة وغير متحققة,not_downloaded,unverified,not_eligible,Telegram preview supplies metadata only; download original and verify official provenance before indexing
robiai33,899,https://t.me/robiai33/899,مجموعه الاحكام القضائية 2.pdf,2.8 MB,2026-08-06T20:41:36+00:00,,,مادة قانونية غير مصنفة وغير متحققة,not_downloaded,unverified,not_eligible,Telegram preview supplies metadata only; download original and verify official provenance before indexing
robiai33,900,https://t.me/robiai33/900,مجموعه الاحكام القضائية 3.pdf,5.6 MB,2026-08-06T20:41:42+00:00,,,مادة قانونية غير مصنفة وغير متحققة,not_downloaded,unverified,not_eligible,Telegram preview supplies metadata only; download original and verify official provenance before indexing
robiai33,901,https://t.me/robiai33/901,مجموعه الاحكام القضائية 4.pdf,4.6 MB,2026-08-06T20:41:42+00:00,,,مادة قانونية غير مصنفة وغير متحققة,not_downloaded,unverified,not_eligible,Telegram preview supplies metadata only; download original and verify official provenance before indexing
robiai33,902,https://t.me/robiai33/902,مجموعه الاحكام القضائية 5.pdf,3.8 MB,2026-08-06T20:41:42+00:00,,,مادة قانونية غير مصنفة وغير متحققة,not_downloaded,unverified,not_eligible,Telegram preview supplies metadata only; download original and verify official provenance before indexing
robiai33,903,https://t.me/robiai33/903,مجموعه الاحكام القضائية 6.pdf,4.2 MB,2026-08-06T20:41:42+00:00,,,مادة قانونية غير مصنفة وغير متحققة,not_downloaded,unverified,not_eligible,Telegram preview supplies metadata only; download original and verify official provenance before indexing
robiai33,904,https://t.me/robiai33/904,مجموعه الاحكام القضائية 7.pdf,2.6 MB,2026-08-06T20:41:43+00:00,,,مادة قانونية غير مصنفة وغير متحققة,not_downloaded,unverified,not_eligible,Telegram preview supplies metadata only; download original and verify official provenance before indexing
robiai33,905,https://t.me/robiai33/905,مجموعه الاحكام القضائية 8.pdf,3.4 MB,2026-08-06T20:41:43+00:00,,,مادة قانونية غير مصنفة وغير متحققة,not_downloaded,unverified,not_eligible,Telegram preview supplies metadata only; download original and verify official provenance before indexing
robiai33,906,https://t.me/robiai33/906,مجموعه الاحكام القضائية 9.pdf,3.5 MB,2026-08-06T20:41:43+00:00,,,مادة قانونية غير مصنفة وغير متحققة,not_downloaded,unverified,not_eligible,Telegram preview supplies metadata only; download original and verify official provenance before indexing
robiai33,907,https://t.me/robiai33/907,مجموعة الاحكام القضائية 10.pdf,3.6 MB,2026-08-06T20:41:43+00:00,,,مادة قانونية غير مصنفة وغير متحققة,not_downloaded,unverified,not_eligible,Telegram preview supplies metadata only; download original and verify official provenance before indexing
robiai33,908,https://t.me/robiai33/908,مجموعه الاحكام القضائية 11.pdf,4.4 MB,2026-08-06T20:41:43+00:00,,,مادة قانونية غير مصنفة وغير متحققة,not_downloaded,unverified,not_eligible,Telegram preview supplies metadata only; download original and verify official provenance before indexing
robiai33,909,https://t.me/robiai33/909,مجموعه الاحكام القضائية12.pdf,3.9 MB,2026-08-06T20:41:43+00:00,,,مادة قانونية غير مصنفة وغير متحققة,not_downloaded,unverified,not_eligible,Telegram preview supplies metadata only; download original and verify official provenance before indexing
robiai33,910,https://t.me/robiai33/910,مجموعه الاحكام القضائية13.pdf,2.8 MB,2026-08-06T20:41:43+00:00,,,مادة قانونية غير مصنفة وغير متحققة,not_downloaded,unverified,not_eligible,Telegram preview supplies metadata only; download original and verify official provenance before indexing
robiai33,911,https://t.me/robiai33/911,مجموعه الاحكام القضائية14.pdf,4.3 MB,2026-08-06T20:41:43+00:00,,,مادة قانونية غير مصنفة وغير متحققة,not_downloaded,unverified,not_eligible,Telegram preview supplies metadata only; download original and verify official provenance before indexing
robiai33,912,https://t.me/robiai33/912,مجموعه الاحكام القضائية15.pdf,4.6 MB,2026-08-06T20:41:43+00:00,,,مادة قانونية غير مصنفة وغير متحققة,not_downloaded,unverified,not_eligible,Telegram preview supplies metadata only; download original and verify official provenance before indexing
robiai33,913,https://t.me/robiai33/913,مجموعه الاحكام القضائية16.pdf,4.5 MB,2026-08-06T20:41:43+00:00,,/s/robiai33?after=913,مادة قانونية غير مصنفة وغير متحققة,not_downloaded,unverified,not_eligible,Telegram preview supplies metadata only; download original and verify official provenance before indexing
robiai33,914,https://t.me/robiai33/914,مجموعه الاحكام القضائية17.pdf,3.4 MB,2026-08-06T20:41:43+00:00,,,مادة قانونية غير مصنفة وغير متحققة,not_downloaded,unverified,not_eligible,Telegram preview supplies metadata only; download original and verify official provenance before indexing
robiai33,915,https://t.me/robiai33/915,18 مجموعة الاحكام القضائية.pdf,3 MB,2026-08-06T20:41:43+00:00,,,مادة قانونية غير مصنفة وغير متحققة,not_downloaded,unverified,not_eligible,Telegram preview supplies metadata only; download original and verify official provenance before indexing
robiai33,916,https://t.me/robiai33/916,19 مجموعة الاحكام القضائية.pdf,2.4 MB,2026-08-06T20:41:43+00:00,,,مادة قانونية غير مصنفة وغير متحققة,not_downloaded,unverified,not_eligible,Telegram preview supplies metadata only; download original and verify official provenance before indexing
robiai33,917,https://t.me/robiai33/917,مجموعه الاحكام القضائية20.pdf,2.4 MB,2026-08-06T20:41:43+00:00,,,مادة قانونية غير مصنفة وغير متحققة,not_downloaded,unverified,not_eligible,Telegram preview supplies metadata only; download original and verify official provenance before indexing
robiai33,918,https://t.me/robiai33/918,مجموعه الاحكام القضائية21.pdf,2.3 MB,2026-08-06T20:41:43+00:00,,,مادة قانونية غير مصنفة وغير متحققة,not_downloaded,unverified,not_eligible,Telegram preview supplies metadata only; download original and verify official provenance before indexing
robiai33,919,https://t.me/robiai33/919,مجموعه الاحكام القضائية22.pdf,3.4 MB,2026-08-06T20:41:43+00:00,,,مادة قانونية غير مصنفة وغير متحققة,not_downloaded,unverified,not_eligible,Telegram preview supplies metadata only; download original and verify official provenance before indexing
robiai33,920,https://t.me/robiai33/920,مجموعه الاحكام القضائية23.pdf,3.9 MB,2026-08-06T20:41:43+00:00,,,مادة قانونية غير مصنفة وغير متحققة,not_downloaded,unverified,not_eligible,Telegram preview supplies metadata only; download original and verify official provenance before indexing
robiai33,921,https://t.me/robiai33/921,مجموعه الاحكام القضائية24.pdf,8 MB,2026-08-06T20:41:43+00:00,,,مادة قانونية غير مصنفة وغير متحققة,not_downloaded,unverified,not_eligible,Telegram preview supplies metadata only; download original and verify official provenance before indexing
robiai33,922,https://t.me/robiai33/922,مجموعه الاحكام القضائية25.pdf,4.5 MB,2026-08-06T20:41:43+00:00,,,مادة قانونية غير مصنفة وغير متحققة,not_downloaded,unverified,not_eligible,Telegram preview supplies metadata only; download original and verify official provenance before indexing
robiai33,923,https://t.me/robiai33/923,26_2 مجموعة الاحكام القضائسة.pdf,2.7 MB,2026-08-06T20:41:43+00:00,,,مادة قانونية غير مصنفة وغير متحققة,not_downloaded,unverified,not_eligible,Telegram preview supplies metadata only; download original and verify official provenance before indexing
robiai33,924,https://t.me/robiai33/924,27_2 مجموعة الاحكام القضائية.pdf,4.1 MB,2026-08-06T20:41:43+00:00,,,مادة قانونية غير مصنفة وغير متحققة,not_downloaded,unverified,not_eligible,Telegram preview supplies metadata only; download original and verify official provenance before indexing
robiai33,925,https://t.me/robiai33/925,28_2 مجموعة الاحكام القضائية.pdf,4.2 MB,2026-08-06T20:41:43+00:00,,,مادة قانونية غير مصنفة وغير متحققة,not_downloaded,unverified,not_eligible,Telegram preview supplies metadata only; download original and verify official provenance before indexing
robiai33,926,https://t.me/robiai33/926,29 مجموعة الاحكام القضائية.pdf,27.8 MB,2026-08-06T20:41:43+00:00,,,مادة قانونية غير مصنفة وغير متحققة,not_downloaded,unverified,not_eligible,Telegram preview supplies metadata only; download original and verify official provenance before indexing
robiai33,927,https://t.me/robiai33/927,مجموعه الاحكام القضائية30.pdf,1.5 MB,2026-08-06T20:41:43+00:00,,,مادة قانونية غير مصنفة وغير متحققة,not_downloaded,unverified,not_eligible,Telegram preview supplies metadata only; download original and verify official provenance before indexing
robiai33,928,https://t.me/robiai33/928,سؤال وجواب القضاء الطبي .pdf,1.1 MB,2026-08-06T20:41:43+00:00,,,مادة قانونية غير مصنفة وغير متحققة,not_downloaded,unverified,not_eligible,Telegram preview supplies metadata only; download original and verify official provenance before indexing
robiai33,929,https://t.me/robiai33/929,الحقوق_المالية_لإنتهاء_العقد_في_نظام_العمل_1.pdf,1.4 MB,2026-08-06T20:41:44+00:00,,,لائحة/نظام مرشح غير متحقق,not_downloaded,unverified,not_eligible,Telegram preview supplies metadata only; download original and verify official provenance before indexing
robiai33,930,https://t.me/robiai33/930,الأدلة_الإجرائية_لنظام_الإثبات.pdf,1.5 MB,2026-08-06T20:41:44+00:00,,,لائحة/نظام مرشح غير متحقق,not_downloaded,unverified,not_eligible,Telegram preview supplies metadata only; download original and verify official provenance before indexing
robiai33,931,https://t.me/robiai33/931,01_تقاعد_مدني_معاش_تقاعدي_العجز_الصحي_وقت_الإصابة_بالمرض_احتمال.pdf,998.4 KB,2026-08-06T20:41:44+00:00,,,مادة قانونية غير مصنفة وغير متحققة,not_downloaded,unverified,not_eligible,Telegram preview supplies metadata only; download original and verify official provenance before indexing
robiai33,932,https://t.me/robiai33/932,09_تقاعد_عسكري_ضم_خدمة_إجازة_استثنائية_مرافقة_مبتعث_مناط_احتساب.pdf,1021 KB,2026-08-06T20:41:44+00:00,,,مادة قانونية غير مصنفة وغير متحققة,not_downloaded,unverified,not_eligible,Telegram preview supplies metadata only; download original and verify official provenance before indexing
robiai33,933,https://t.me/robiai33/933,التسبيبات_الفقهية_في_مختلف_المجالات_القانونية_مع_الفهرسة.pdf,9.5 MB,2026-08-06T20:41:44+00:00,,/s/robiai33?after=933,فهرس/مدونة مرجعية غير مستقلة,not_downloaded,unverified,not_eligible,Telegram preview supplies metadata only; download original and verify official provenance before indexing
robiai33,934,https://t.me/robiai33/934,السوابق القضائية كاملة.pdf,17.7 MB,2026-08-06T20:42:16+00:00,,,سابقة قضائية مرشحة غير متحققة,not_downloaded,unverified,not_eligible,Telegram preview supplies metadata only; download original and verify official provenance before indexing
robiai33,935,https://t.me/robiai33/935?single,15_تعويض_عن_سجن_صدور_حكم_جزائي_نها.pdf,350.3 KB,2026-08-06T20:44:40+00:00,,,حكم قضائي مرشح غير متحقق,not_downloaded,unverified,not_eligible,Telegram preview supplies metadata only; download original and verify official provenance before indexing
robiai33,935,https://t.me/robiai33/936?single,21_تعويض_عن_أضرار_الإفراج_عن_وافد_هارب_عدم_ث.pdf,286.2 KB,2026-08-06T20:44:40+00:00,,,مادة قانونية غير مصنفة وغير متحققة,not_downloaded,unverified,not_eligible,Telegram preview supplies metadata only; download original and verify official provenance before indexing
robiai33,935,https://t.me/robiai33/937?single,2_تعويض_عن_توقيف_توقيف_المدعي_من_غير_ال.pdf,356.3 KB,2026-08-06T20:44:40+00:00,,,مادة قانونية غير مصنفة وغير متحققة,not_downloaded,unverified,not_eligible,Telegram preview supplies metadata only; download original and verify official provenance before indexing
robiai33,938,https://t.me/robiai33/938,التسببيات_القضائية_للأحكام_التجارية_للقاضي_أحمد_بن_محمد_الحارثي.pdf,784.8 KB,2026-08-06T20:45:14+00:00,,,مادة قانونية غير مصنفة وغير متحققة,not_downloaded,unverified,not_eligible,Telegram preview supplies metadata only; download original and verify official provenance before indexing
robiai33,939,https://t.me/robiai33/939,130753.pdf,980.7 KB,2026-08-06T20:47:23+00:00,,,مادة قانونية غير مصنفة وغير متحققة,not_downloaded,unverified,not_eligible,Telegram preview supplies metadata only; download original and verify official provenance before indexing
robiai33,940,https://t.me/robiai33/940,56965.pdf,595.9 KB,2026-08-06T20:47:24+00:00,,,مادة قانونية غير مصنفة وغير متحققة,not_downloaded,unverified,not_eligible,Telegram preview supplies metadata only; download original and verify official provenance before indexing
robiai33,941,https://t.me/robiai33/941,تسبيبات نفقة الأقارب.pdf,301.3 KB,2026-08-06T20:47:24+00:00,,,مادة قانونية غير مصنفة وغير متحققة,not_downloaded,unverified,not_eligible,Telegram preview supplies metadata only; download original and verify official provenance before indexing
robiai33,942,https://t.me/robiai33/942,نظام التوثيق المعتمد.pdf,799.3 KB,2026-08-06T20:47:24+00:00,,,لائحة/نظام مرشح غير متحقق,not_downloaded,unverified,not_eligible,Telegram preview supplies metadata only; download original and verify official provenance before indexing
robiai33,943,https://t.me/robiai33/943,لوائح نظام المحاكم التجارية.pdf,12 MB,2026-08-06T20:47:24+00:00,,,لائحة/نظام مرشح غير متحقق,not_downloaded,unverified,not_eligible,Telegram preview supplies metadata only; download original and verify official provenance before indexing
robiai33,944,https://t.me/robiai33/944,تعميم_اختصاص_النظر_في_الدعاوى_الكبيرة_1441.pdf,79.9 KB,2026-08-06T20:47:24+00:00,,,تعميم مرشح غير متحقق,not_downloaded,unverified,not_eligible,Telegram preview supplies metadata only; download original and verify official provenance before indexing
robiai33,945,https://t.me/robiai33/945,تعميم_النيابة_العامة_الجديد_مهم_جدا37299_.pdf,913.3 KB,2026-08-06T20:47:24+00:00,,,تعميم مرشح غير متحقق,not_downloaded,unverified,not_eligible,Telegram preview supplies metadata only; download original and verify official provenance before indexing
robiai33,946,https://t.me/robiai33/946,‎⁨تعميم_تفعيل_قضاء_الاستئناف_في_٠١_٠٣_١٤٤٢هـ⁩.pdf,56.8 KB,2026-08-06T20:47:24+00:00,,,تعميم مرشح غير متحقق,not_downloaded,unverified,not_eligible,Telegram preview supplies metadata only; download original and verify official provenance before indexing
robiai33,947,https://t.me/robiai33/947,القواعد_الجديدة_بشأن_تملك_العقار.pdf,8.2 MB,2026-08-06T20:47:24+00:00,,,مادة قانونية غير مصنفة وغير متحققة,not_downloaded,unverified,not_eligible,Telegram preview supplies metadata only; download original and verify official provenance before indexing
robiai33,948,https://t.me/robiai33/948,أسانيد القضاة في دعوى النفقة.pdf,869.3 KB,2026-08-06T20:47:24+00:00,,,مادة قانونية غير مصنفة وغير متحققة,not_downloaded,unverified,not_eligible,Telegram preview supplies metadata only; download original and verify official provenance before indexing
robiai33,949,https://t.me/robiai33/949,أحكام_29_الأسانيد_النظامية_للأحكام_.pdf,27.8 MB,2026-08-06T20:47:24+00:00,,,لائحة/نظام مرشح غير متحقق,not_downloaded,unverified,not_eligible,Telegram preview supplies metadata only; download original and verify official provenance before indexing
robiai33,950,https://t.me/robiai33/950,أحكام_29_الأسانيد_النظامية_للأحكام_.pdf,27.8 MB,2026-08-06T20:47:24+00:00,,,لائحة/نظام مرشح غير متحقق,not_downloaded,unverified,not_eligible,Telegram preview supplies metadata only; download original and verify official provenance before indexing
robiai33,951,https://t.me/robiai33/951,12_9 مجموعة الاحكام القضائية.pdf,3.9 MB,2026-08-06T20:47:24+00:00,,,مادة قانونية غير مصنفة وغير متحققة,not_downloaded,unverified,not_eligible,Telegram preview supplies metadata only; download original and verify official provenance before indexing
robiai33,952,https://t.me/robiai33/952,"القواعد_العامة_لقضاء_التنفيذ,_د_عبدالله_الزايد.pdf",1.1 MB,2026-08-06T20:47:24+00:00,,,مادة قانونية غير مصنفة وغير متحققة,not_downloaded,unverified,not_eligible,Telegram preview supplies metadata only; download original and verify official provenance before indexing
robiai33,953,https://t.me/robiai33/953,حكم قضائي جنائي.pdf,538.6 KB,2026-08-06T20:47:24+00:00,,/s/robiai33?after=953,حكم قضائي مرشح غير متحقق,not_downloaded,unverified,not_eligible,Telegram preview supplies metadata only; download original and verify official provenance before indexing
robiai33,954,https://t.me/robiai33/954?single,1-1.pdf,12.4 MB,2026-08-06T20:47:24+00:00,,,مادة قانونية غير مصنفة وغير متحققة,not_downloaded,unverified,not_eligible,Telegram preview supplies metadata only; download original and verify official provenance before indexing
robiai33,954,https://t.me/robiai33/962?single,10-1.pdf,9.1 MB,2026-08-06T20:47:24+00:00,,,مادة قانونية غير مصنفة وغير متحققة,not_downloaded,unverified,not_eligible,Telegram preview supplies metadata only; download original and verify official provenance before indexing
robiai33,954,https://t.me/robiai33/955?single,12-1.pdf,10 MB,2026-08-06T20:47:24+00:00,,,مادة قانونية غير مصنفة وغير متحققة,not_downloaded,unverified,not_eligible,Telegram preview supplies metadata only; download original and verify official provenance before indexing
robiai33,954,https://t.me/robiai33/956?single,13-1.pdf,10.6 MB,2026-08-06T20:47:24+00:00,,,مادة قانونية غير مصنفة وغير متحققة,not_downloaded,unverified,not_eligible,Telegram preview supplies metadata only; download original and verify official provenance before indexing
robiai33,954,https://t.me/robiai33/957?single,14-1.pdf,5.1 MB,2026-08-06T20:47:24+00:00,,,مادة قانونية غير مصنفة وغير متحققة,not_downloaded,unverified,not_eligible,Telegram preview supplies metadata only; download original and verify official provenance before indexing
robiai33,954,https://t.me/robiai33/958?single,5-1.pdf,7.1 MB,2026-08-06T20:47:24+00:00,,,مادة قانونية غير مصنفة وغير متحققة,not_downloaded,unverified,not_eligible,Telegram preview supplies metadata only; download original and verify official provenance before indexing
robiai33,954,https://t.me/robiai33/959?single,6-1.pdf,7 MB,2026-08-06T20:47:24+00:00,,,مادة قانونية غير مصنفة وغير متحققة,not_downloaded,unverified,not_eligible,Telegram preview supplies metadata only; download original and verify official provenance before indexing
robiai33,954,https://t.me/robiai33/960?single,7-1.pdf,7.1 MB,2026-08-06T20:47:24+00:00,,,مادة قانونية غير مصنفة وغير متحققة,not_downloaded,unverified,not_eligible,Telegram preview supplies metadata only; download original and verify official provenance before indexing
robiai33,954,https://t.me/robiai33/961?single,8-2.pdf,8.1 MB,2026-08-06T20:47:24+00:00,,,مادة قانونية غير مصنفة وغير متحققة,not_downloaded,unverified,not_eligible,Telegram preview supplies metadata only; download original and verify official provenance before indexing
robiai33,954,https://t.me/robiai33/963?single,9-1.pdf,8.7 MB,2026-08-06T20:47:24+00:00,,,مادة قانونية غير مصنفة وغير متحققة,not_downloaded,unverified,not_eligible,Telegram preview supplies metadata only; download original and verify official provenance before indexing
robiai33,964,https://t.me/robiai33/965?single,11-1.pdf,10.1 MB,2026-08-06T20:47:25+00:00,,,مادة قانونية غير مصنفة وغير متحققة,not_downloaded,unverified,not_eligible,Telegram preview supplies metadata only; download original and verify official provenance before indexing
robiai33,964,https://t.me/robiai33/964?single,12-1 (1).pdf,10 MB,2026-08-06T20:47:25+00:00,,,مادة قانونية غير مصنفة وغير متحققة,not_downloaded,unverified,not_eligible,Telegram preview supplies metadata only; download original and verify official provenance before indexing
robiai33,964,https://t.me/robiai33/966?single,13-1 (1).pdf,10.6 MB,2026-08-06T20:47:25+00:00,,,مادة قانونية غير مصنفة وغير متحققة,not_downloaded,unverified,not_eligible,Telegram preview supplies metadata only; download original and verify official provenance before indexing
robiai33,964,https://t.me/robiai33/967?single,14-1 (1).pdf,5.1 MB,2026-08-06T20:47:25+00:00,,,مادة قانونية غير مصنفة وغير متحققة,not_downloaded,unverified,not_eligible,Telegram preview supplies metadata only; download original and verify official provenance before indexing
robiai33,968,https://t.me/robiai33/968,حكم جزائي12.pdf,367.2 KB,2026-08-06T20:47:25+00:00,,,حكم قضائي مرشح غير متحقق,not_downloaded,unverified,not_eligible,Telegram preview supplies metadata only; download original and verify official provenance before indexing
robiai33,969,https://t.me/robiai33/969,حكم جزائي13.pdf,356.4 KB,2026-08-06T20:47:25+00:00,,,حكم قضائي مرشح غير متحقق,not_downloaded,unverified,not_eligible,Telegram preview supplies metadata only; download original and verify official provenance before indexing
robiai33,970,https://t.me/robiai33/970,دعوى_قرار_إداري_جزائي_غرامة_مالية_صرف_ص.pdf,434.1 KB,2026-08-06T20:47:25+00:00,,,قرار مرشح غير متحقق,not_downloaded,unverified,not_eligible,Telegram preview supplies metadata only; download original and verify official provenance before indexing
robiai33,971,https://t.me/robiai33/971,دعوى_قرار_إداري_جزائي_غرامة_مالية_لجنة_.pdf,440.1 KB,2026-08-06T20:47:25+00:00,,,قرار مرشح غير متحقق,not_downloaded,unverified,not_eligible,Telegram preview supplies metadata only; download original and verify official provenance before indexing
robiai33,972,https://t.me/robiai33/972,أ_قرارإداري_قرار_جزائي_غرامة_مالية_الإحدا.pdf,450.2 KB,2026-08-06T20:47:25+00:00,,,قرار مرشح غير متحقق,not_downloaded,unverified,not_eligible,Telegram preview supplies metadata only; download original and verify official provenance before indexing
robiai33,973,https://t.me/robiai33/973,قرار_إداري_قرار_جزائي_غرامة_مالية_تجاوز.pdf,450.2 KB,2026-08-06T20:47:25+00:00,,,قرار مرشح غير متحقق,not_downloaded,unverified,not_eligible,Telegram preview supplies metadata only; download original and verify official provenance before indexing
robiai33,974,https://t.me/robiai33/974,دعوى_قرار_إداري_قرار_جزائي_مرافق_عامة.pdf,400.1 KB,2026-08-06T20:47:25+00:00,,,قرار مرشح غير متحقق,not_downloaded,unverified,not_eligible,Telegram preview supplies metadata only; download original and verify official provenance before indexing
robiai33,975,https://t.me/robiai33/975,1-1مجموعة الاحكام القضائية.pdf,5.1 MB,2026-08-06T20:47:25+00:00,,,مادة قانونية غير مصنفة وغير متحققة,not_downloaded,unverified,not_eligible,Telegram preview supplies metadata only; download original and verify official provenance before indexing
robiai33,976,https://t.me/robiai33/976,مجموعه الاحكام القضائية 2.pdf,2.8 MB,2026-08-06T20:47:25+00:00,,,مادة قانونية غير مصنفة وغير متحققة,not_downloaded,unverified,not_eligible,Telegram preview supplies metadata only; download original and verify official provenance before indexing
robiai33,977,https://t.me/robiai33/977,مجموعه الاحكام القضائية 3.pdf,5.6 MB,2026-08-06T20:47:25+00:00,,,مادة قانونية غير مصنفة وغير متحققة,not_downloaded,unverified,not_eligible,Telegram preview supplies metadata only; download original and verify official provenance before indexing
robiai33,978,https://t.me/robiai33/978,مجموعه الاحكام القضائية 4.pdf,4.6 MB,2026-08-06T20:47:25+00:00,,,مادة قانونية غير مصنفة وغير متحققة,not_downloaded,unverified,not_eligible,Telegram preview supplies metadata only; download original and verify official provenance before indexing
robiai33,979,https://t.me/robiai33/979,مجموعه الاحكام القضائية 5.pdf,3.8 MB,2026-08-06T20:47:25+00:00,,,مادة قانونية غير مصنفة وغير متحققة,not_downloaded,unverified,not_eligible,Telegram preview supplies metadata only; download original and verify official provenance before indexing
robiai33,980,https://t.me/robiai33/980,مجموعه الاحكام القضائية 6.pdf,4.2 MB,2026-08-06T20:47:25+00:00,,/s/robiai33?after=980,مادة قانونية غير مصنفة وغير متحققة,not_downloaded,unverified,not_eligible,Telegram preview supplies metadata only; download original and verify official provenance before indexing
robiai33,981,https://t.me/robiai33/981,مجموعه الاحكام القضائية 7.pdf,2.6 MB,2026-08-06T20:47:25+00:00,,,مادة قانونية غير مصنفة وغير متحققة,not_downloaded,unverified,not_eligible,Telegram preview supplies metadata only; download original and verify official provenance before indexing
robiai33,982,https://t.me/robiai33/982,مجموعه الاحكام القضائية 8.pdf,3.4 MB,2026-08-06T20:47:25+00:00,,,مادة قانونية غير مصنفة وغير متحققة,not_downloaded,unverified,not_eligible,Telegram preview supplies metadata only; download original and verify official provenance before indexing
robiai33,983,https://t.me/robiai33/983,مجموعه الاحكام القضائية 9.pdf,3.5 MB,2026-08-06T20:47:25+00:00,,,مادة قانونية غير مصنفة وغير متحققة,not_downloaded,unverified,not_eligible,Telegram preview supplies metadata only; download original and verify official provenance before indexing
robiai33,984,https://t.me/robiai33/984,مجموعة الاحكام القضائية 10.pdf,3.6 MB,2026-08-06T20:47:25+00:00,,,مادة قانونية غير مصنفة وغير متحققة,not_downloaded,unverified,not_eligible,Telegram preview supplies metadata only; download original and verify official provenance before indexing
robiai33,985,https://t.me/robiai33/985,مجموعه الاحكام القضائية 11.pdf,4.4 MB,2026-08-06T20:47:25+00:00,,,مادة قانونية غير مصنفة وغير متحققة,not_downloaded,unverified,not_eligible,Telegram preview supplies metadata only; download original and verify official provenance before indexing
robiai33,986,https://t.me/robiai33/986,مجموعه الاحكام القضائية12.pdf,3.9 MB,2026-08-06T20:47:25+00:00,,,مادة قانونية غير مصنفة وغير متحققة,not_downloaded,unverified,not_eligible,Telegram preview supplies metadata only; download original and verify official provenance before indexing
robiai33,987,https://t.me/robiai33/987,مجموعه الاحكام القضائية13.pdf,2.8 MB,2026-08-06T20:47:25+00:00,,,مادة قانونية غير مصنفة وغير متحققة,not_downloaded,unverified,not_eligible,Telegram preview supplies metadata only; download original and verify official provenance before indexing
robiai33,988,https://t.me/robiai33/988,مجموعه الاحكام القضائية14.pdf,4.3 MB,2026-08-06T20:47:26+00:00,,,مادة قانونية غير مصنفة وغير متحققة,not_downloaded,unverified,not_eligible,Telegram preview supplies metadata only; download original and verify official provenance before indexing
robiai33,989,https://t.me/robiai33/989,مجموعه الاحكام القضائية15.pdf,4.6 MB,2026-08-06T20:47:26+00:00,,,مادة قانونية غير مصنفة وغير متحققة,not_downloaded,unverified,not_eligible,Telegram preview supplies metadata only; download original and verify official provenance before indexing
robiai33,990,https://t.me/robiai33/990,مجموعه الاحكام القضائية16.pdf,4.5 MB,2026-08-06T20:47:26+00:00,,,مادة قانونية غير مصنفة وغير متحققة,not_downloaded,unverified,not_eligible,Telegram preview supplies metadata only; download original and verify official provenance before indexing
robiai33,991,https://t.me/robiai33/991,مجموعه الاحكام القضائية17.pdf,3.4 MB,2026-08-06T20:47:26+00:00,,,مادة قانونية غير مصنفة وغير متحققة,not_downloaded,unverified,not_eligible,Telegram preview supplies metadata only; download original and verify official provenance before indexing
robiai33,992,https://t.me/robiai33/992,18 مجموعة الاحكام القضائية.pdf,3 MB,2026-08-06T20:47:26+00:00,,,مادة قانونية غير مصنفة وغير متحققة,not_downloaded,unverified,not_eligible,Telegram preview supplies metadata only; download original and verify official provenance before indexing
robiai33,993,https://t.me/robiai33/993,19 مجموعة الاحكام القضائية.pdf,2.4 MB,2026-08-06T20:47:26+00:00,,,مادة قانونية غير مصنفة وغير متحققة,not_downloaded,unverified,not_eligible,Telegram preview supplies metadata only; download original and verify official provenance before indexing
robiai33,994,https://t.me/robiai33/994,مجموعه الاحكام القضائية20.pdf,2.4 MB,2026-08-06T20:47:26+00:00,,,مادة قانونية غير مصنفة وغير متحققة,not_downloaded,unverified,not_eligible,Telegram preview supplies metadata only; download original and verify official provenance before indexing
robiai33,995,https://t.me/robiai33/995,مجموعه الاحكام القضائية21.pdf,2.3 MB,2026-08-06T20:47:26+00:00,,,مادة قانونية غير مصنفة وغير متحققة,not_downloaded,unverified,not_eligible,Telegram preview supplies metadata only; download original and verify official provenance before indexing
robiai33,996,https://t.me/robiai33/996,مجموعه الاحكام القضائية22.pdf,3.4 MB,2026-08-06T20:47:26+00:00,,,مادة قانونية غير مصنفة وغير متحققة,not_downloaded,unverified,not_eligible,Telegram preview supplies metadata only; download original and verify official provenance before indexing
robiai33,997,https://t.me/robiai33/997,مجموعه الاحكام القضائية23.pdf,3.9 MB,2026-08-06T20:47:26+00:00,,,مادة قانونية غير مصنفة وغير متحققة,not_downloaded,unverified,not_eligible,Telegram preview supplies metadata only; download original and verify official provenance before indexing
robiai33,998,https://t.me/robiai33/998,مجموعه الاحكام القضائية24.pdf,8 MB,2026-08-06T20:47:26+00:00,,,مادة قانونية غير مصنفة وغير متحققة,not_downloaded,unverified,not_eligible,Telegram preview supplies metadata only; download original and verify official provenance before indexing
robiai33,999,https://t.me/robiai33/999,مجموعه الاحكام القضائية25.pdf,4.5 MB,2026-08-06T20:47:26+00:00,,,مادة قانونية غير مصنفة وغير متحققة,not_downloaded,unverified,not_eligible,Telegram preview supplies metadata only; download original and verify official provenance before indexing
robiai33,1000,https://t.me/robiai33/1000,26_2 مجموعة الاحكام القضائسة.pdf,2.7 MB,2026-08-06T20:47:26+00:00,,/s/robiai33?after=1000,مادة قانونية غير مصنفة وغير متحققة,not_downloaded,unverified,not_eligible,Telegram preview supplies metadata only; download original and verify official provenance before indexing
robiai33,1001,https://t.me/robiai33/1001,27_2 مجموعة الاحكام القضائية.pdf,4.1 MB,2026-08-06T20:47:26+00:00,,,مادة قانونية غير مصنفة وغير متحققة,not_downloaded,unverified,not_eligible,Telegram preview supplies metadata only; download original and verify official provenance before indexing
robiai33,1002,https://t.me/robiai33/1002,28_2 مجموعة الاحكام القضائية.pdf,4.2 MB,2026-08-06T20:47:26+00:00,,,مادة قانونية غير مصنفة وغير متحققة,not_downloaded,unverified,not_eligible,Telegram preview supplies metadata only; download original and verify official provenance before indexing
robiai33,1003,https://t.me/robiai33/1003,29 مجموعة الاحكام القضائية.pdf,27.8 MB,2026-08-06T20:47:26+00:00,,,مادة قانونية غير مصنفة وغير متحققة,not_downloaded,unverified,not_eligible,Telegram preview supplies metadata only; download original and verify official provenance before indexing
robiai33,1004,https://t.me/robiai33/1004,مجموعه الاحكام القضائية30.pdf,1.5 MB,2026-08-06T20:47:26+00:00,,,مادة قانونية غير مصنفة وغير متحققة,not_downloaded,unverified,not_eligible,Telegram preview supplies metadata only; download original and verify official provenance before indexing
robiai33,1005,https://t.me/robiai33/1005,ملف_مهم_قضائيات_القاضي_ناصر_الجربوع.pdf,231.7 KB,2026-08-06T20:47:26+00:00,,,مادة قانونية غير مصنفة وغير متحققة,not_downloaded,unverified,not_eligible,Telegram preview supplies metadata only; download original and verify official provenance before indexing
robiai33,1006,https://t.me/robiai33/1006,01_2.pdf,9.1 MB,2026-08-07T00:58:16+00:00,,,مادة قانونية غير مصنفة وغير متحققة,not_downloaded,unverified,not_eligible,Telegram preview supplies metadata only; download original and verify official provenance before indexing
robiai33,1007,https://t.me/robiai33/1007,2_47.pdf,8.3 MB,2026-08-07T00:58:16+00:00,,,مادة قانونية غير مصنفة وغير متحققة,not_downloaded,unverified,not_eligible,Telegram preview supplies metadata only; download original and verify official provenance before indexing
robiai33,1008,https://t.me/robiai33/1008,3_41.pdf,7.7 MB,2026-08-07T00:58:16+00:00,,,مادة قانونية غير مصنفة وغير متحققة,not_downloaded,unverified,not_eligible,Telegram preview supplies metadata only; download original and verify official provenance before indexing
robiai33,1009,https://t.me/robiai33/1009,4_40.pdf,8.1 MB,2026-08-07T00:58:16+00:00,,,مادة قانونية غير مصنفة وغير متحققة,not_downloaded,unverified,not_eligible,Telegram preview supplies metadata only; download original and verify official provenance before indexing
robiai33,1010,https://t.me/robiai33/1010,5_36.pdf,7.1 MB,2026-08-07T00:58:16+00:00,,,مادة قانونية غير مصنفة وغير متحققة,not_downloaded,unverified,not_eligible,Telegram preview supplies metadata only; download original and verify official provenance before indexing
robiai33,1011,https://t.me/robiai33/1011,6_33.pdf,7 MB,2026-08-07T00:58:16+00:00,,,مادة قانونية غير مصنفة وغير متحققة,not_downloaded,unverified,not_eligible,Telegram preview supplies metadata only; download original and verify official provenance before indexing
robiai33,1012,https://t.me/robiai33/1012,7_32.pdf,7.1 MB,2026-08-07T00:58:16+00:00,,,مادة قانونية غير مصنفة وغير متحققة,not_downloaded,unverified,not_eligible,Telegram preview supplies metadata only; download original and verify official provenance before indexing
robiai33,1013,https://t.me/robiai33/1013,8_22.pdf,8.1 MB,2026-08-07T00:58:16+00:00,,,مادة قانونية غير مصنفة وغير متحققة,not_downloaded,unverified,not_eligible,Telegram preview supplies metadata only; download original and verify official provenance before indexing
robiai33,1014,https://t.me/robiai33/1014,9_26.pdf,8.7 MB,2026-08-07T00:58:16+00:00,,,مادة قانونية غير مصنفة وغير متحققة,not_downloaded,unverified,not_eligible,Telegram preview supplies metadata only; download original and verify official provenance before indexing
robiai33,1015,https://t.me/robiai33/1015,10_24.pdf,9.1 MB,2026-08-07T00:58:16+00:00,,,مادة قانونية غير مصنفة وغير متحققة,not_downloaded,unverified,not_eligible,Telegram preview supplies metadata only; download original and verify official provenance before indexing
robiai33,1016,https://t.me/robiai33/1016,11_21.pdf,10.1 MB,2026-08-07T00:58:16+00:00,,,مادة قانونية غير مصنفة وغير متحققة,not_downloaded,unverified,not_eligible,Telegram preview supplies metadata only; download original and verify official provenance before indexing
robiai33,1017,https://t.me/robiai33/1017,12_18.pdf,10 MB,2026-08-07T00:58:17+00:00,,,مادة قانونية غير مصنفة وغير متحققة,not_downloaded,unverified,not_eligible,Telegram preview supplies metadata only; download original and verify official provenance before indexing
robiai33,1018,https://t.me/robiai33/1018,13_12.pdf,10.6 MB,2026-08-07T00:58:17+00:00,,,مادة قانونية غير مصنفة وغير متحققة,not_downloaded,unverified,not_eligible,Telegram preview supplies metadata only; download original and verify official provenance before indexing
robiai33,1019,https://t.me/robiai33/1019,14_13.pdf,5.1 MB,2026-08-07T00:58:17+00:00,,,مادة قانونية غير مصنفة وغير متحققة,not_downloaded,unverified,not_eligible,Telegram preview supplies metadata only; download original and verify official provenance before indexing
robiai33,1020,https://t.me/robiai33/1020,السوابق_القضائية_في_الملكية_الفكرية.pdf,2.6 MB,2026-08-07T00:59:23+00:00,,,سابقة قضائية مرشحة غير متحققة,not_downloaded,unverified,not_eligible,Telegram preview supplies metadata only; download original and verify official provenance before indexing
robiai33,1021,https://t.me/robiai33/1028?single,03 - السوابق القضائية.pdf,405.5 KB,2026-08-07T01:03:01+00:00,,,سابقة قضائية مرشحة غير متحققة,not_downloaded,unverified,not_eligible,Telegram preview supplies metadata only; download original and verify official provenance before indexing
robiai33,1021,https://t.me/robiai33/1030?single,28_2 مجموعة الاحكام القضائية.pdf,4.2 MB,2026-08-07T01:03:01+00:00,,,مادة قانونية غير مصنفة وغير متحققة,not_downloaded,unverified,not_eligible,Telegram preview supplies metadata only; download original and verify official provenance before indexing
robiai33,1021,https://t.me/robiai33/1026?single,_السوابق_القضائية_في_عقود_المعاوضات_التجارية_.pdf,16.9 MB,2026-08-07T01:03:01+00:00,,,سابقة قضائية مرشحة غير متحققة,not_downloaded,unverified,not_eligible,Telegram preview supplies metadata only; download original and verify official provenance before indexing
robiai33,1021,https://t.me/robiai33/1023?single,_السوابق_القضائية_في_عقود_المعاوضات_التجارية_2.pdf,16.9 MB,2026-08-07T01:03:01+00:00,,,سابقة قضائية مرشحة غير متحققة,not_downloaded,unverified,not_eligible,Telegram preview supplies metadata only; download original and verify official provenance before indexing
robiai33,1021,https://t.me/robiai33/1022?single,_السوابق_القضائية_في_عقود_المعاوضات_التجارية_2_نسخة.pdf,16.9 MB,2026-08-07T01:03:01+00:00,,,سابقة قضائية مرشحة غير متحققة,not_downloaded,unverified,not_eligible,Telegram preview supplies metadata only; download original and verify official provenance before indexing
robiai33,1021,https://t.me/robiai33/1025?single,_السوابق_القضائية_في_عقود_المعاوضات_التجارية_نسخة.pdf,16.9 MB,2026-08-07T01:03:01+00:00,,,سابقة قضائية مرشحة غير متحققة,not_downloaded,unverified,not_eligible,Telegram preview supplies metadata only; download original and verify official provenance before indexing
robiai33,1021,https://t.me/robiai33/1021?single,السوابق_القضائية_ديوان_المظالم_231015_132744.pdf,15.7 MB,2026-08-07T01:03:01+00:00,,,سابقة قضائية مرشحة غير متحققة,not_downloaded,unverified,not_eligible,Telegram preview supplies metadata only; download original and verify official provenance before indexing
robiai33,1021,https://t.me/robiai33/1027?single,المبادئ_والسوابق_القضائية_المحلية_والدولية_في_مجال_حقوق_المؤلف.pdf,1.9 MB,2026-08-07T01:03:01+00:00,,,سابقة قضائية مرشحة غير متحققة,not_downloaded,unverified,not_eligible,Telegram preview supplies metadata only; download original and verify official provenance before indexing
robiai33,1021,https://t.me/robiai33/1024?single,مدونة_السوابق_القضائية_التأمينية_للجنة_الاستئنافية_للفصل_في_المنازعات.pdf,26 MB,2026-08-07T01:03:01+00:00,,,فهرس/مدونة مرجعية غير مستقلة,not_downloaded,unverified,not_eligible,Telegram preview supplies metadata only; download original and verify official provenance before indexing
robiai33,1021,https://t.me/robiai33/1029?single,نسخة_من_⁨مدونة_المبادئ_العمالية_1432_pdf⁩.pdf,22.4 MB,2026-08-07T01:03:01+00:00,,,فهرس/مدونة مرجعية غير مستقلة,not_downloaded,unverified,not_eligible,Telegram preview supplies metadata only; download original and verify official provenance before indexing
robiai33,1031,https://t.me/robiai33/1034?single,18 مجموعة الاحكام القضائية.pdf,3 MB,2026-08-07T01:03:03+00:00,,,مادة قانونية غير مصنفة وغير متحققة,not_downloaded,unverified,not_eligible,Telegram preview supplies metadata only; download original and verify official provenance before indexing
robiai33,1031,https://t.me/robiai33/1040?single,18.pdf,3 MB,2026-08-07T01:03:03+00:00,,,مادة قانونية غير مصنفة وغير متحققة,not_downloaded,unverified,not_eligible,Telegram preview supplies metadata only; download original and verify official provenance before indexing
robiai33,1031,https://t.me/robiai33/1033?single,19 مجموعة الاحكام القضائية.pdf,2.4 MB,2026-08-07T01:03:03+00:00,,,مادة قانونية غير مصنفة وغير متحققة,not_downloaded,unverified,not_eligible,Telegram preview supplies metadata only; download original and verify official provenance before indexing
robiai33,1031,https://t.me/robiai33/1039?single,19.pdf,2.4 MB,2026-08-07T01:03:03+00:00,,,مادة قانونية غير مصنفة وغير متحققة,not_downloaded,unverified,not_eligible,Telegram preview supplies metadata only; download original and verify official provenance before indexing
robiai33,1031,https://t.me/robiai33/1038?single,25.pdf,4.5 MB,2026-08-07T01:03:03+00:00,,,مادة قانونية غير مصنفة وغير متحققة,not_downloaded,unverified,not_eligible,Telegram preview supplies metadata only; download original and verify official provenance before indexing
robiai33,1031,https://t.me/robiai33/1032?single,26_2 مجموعة الاحكام القضائسة.pdf,2.7 MB,2026-08-07T01:03:03+00:00,,,مادة قانونية غير مصنفة وغير متحققة,not_downloaded,unverified,not_eligible,Telegram preview supplies metadata only; download original and verify official provenance before indexing
robiai33,1031,https://t.me/robiai33/1036?single,27.pdf,4.1 MB,2026-08-07T01:03:03+00:00,,,مادة قانونية غير مصنفة وغير متحققة,not_downloaded,unverified,not_eligible,Telegram preview supplies metadata only; download original and verify official provenance before indexing
robiai33,1031,https://t.me/robiai33/1031?single,27_2 مجموعة الاحكام القضائية.pdf,4.1 MB,2026-08-07T01:03:03+00:00,,,مادة قانونية غير مصنفة وغير متحققة,not_downloaded,unverified,not_eligible,Telegram preview supplies metadata only; download original and verify official provenance before indexing
robiai33,1031,https://t.me/robiai33/1037?single,28.pdf,4.2 MB,2026-08-07T01:03:03+00:00,,,مادة قانونية غير مصنفة وغير متحققة,not_downloaded,unverified,not_eligible,Telegram preview supplies metadata only; download original and verify official provenance before indexing
robiai33,1031,https://t.me/robiai33/1035?single,سوابق_في_القتل_واسباب_الاباحه_وغيره_2.pdf,1.2 MB,2026-08-07T01:03:03+00:00,,,سابقة قضائية مرشحة غير متحققة,not_downloaded,unverified,not_eligible,Telegram preview supplies metadata only; download original and verify official provenance before indexing
robiai33,1041,https://t.me/robiai33/1048?single,10.pdf,3.6 MB,2026-08-07T01:03:08+00:00,,,مادة قانونية غير مصنفة وغير متحققة,not_downloaded,unverified,not_eligible,Telegram preview supplies metadata only; download original and verify official provenance before indexing
robiai33,1041,https://t.me/robiai33/1046?single,12.pdf,3.9 MB,2026-08-07T01:03:08+00:00,,,مادة قانونية غير مصنفة وغير متحققة,not_downloaded,unverified,not_eligible,Telegram preview supplies metadata only; download original and verify official provenance before indexing
robiai33,1041,https://t.me/robiai33/1043?single,16.pdf,4.5 MB,2026-08-07T01:03:08+00:00,,,مادة قانونية غير مصنفة وغير متحققة,not_downloaded,unverified,not_eligible,Telegram preview supplies metadata only; download original and verify official provenance before indexing
robiai33,1041,https://t.me/robiai33/1042?single,22.pdf,3.4 MB,2026-08-07T01:03:08+00:00,,,مادة قانونية غير مصنفة وغير متحققة,not_downloaded,unverified,not_eligible,Telegram preview supplies metadata only; download original and verify official provenance before indexing
robiai33,1041,https://t.me/robiai33/1041?single,23.pdf,3.9 MB,2026-08-07T01:03:08+00:00,,,مادة قانونية غير مصنفة وغير متحققة,not_downloaded,unverified,not_eligible,Telegram preview supplies metadata only; download original and verify official provenance before indexing
robiai33,1041,https://t.me/robiai33/1050?single,30.pdf,1.5 MB,2026-08-07T01:03:08+00:00,,,مادة قانونية غير مصنفة وغير متحققة,not_downloaded,unverified,not_eligible,Telegram preview supplies metadata only; download original and verify official provenance before indexing
robiai33,1041,https://t.me/robiai33/1049?single,6.pdf,4.2 MB,2026-08-07T01:03:08+00:00,,,مادة قانونية غير مصنفة وغير متحققة,not_downloaded,unverified,not_eligible,Telegram preview supplies metadata only; download original and verify official provenance before indexing
robiai33,1041,https://t.me/robiai33/1044?single,8.pdf,3.4 MB,2026-08-07T01:03:08+00:00,,,مادة قانونية غير مصنفة وغير متحققة,not_downloaded,unverified,not_eligible,Telegram preview supplies metadata only; download original and verify official provenance before indexing
robiai33,1041,https://t.me/robiai33/1047?single,9.pdf,3.5 MB,2026-08-07T01:03:08+00:00,,,مادة قانونية غير مصنفة وغير متحققة,not_downloaded,unverified,not_eligible,Telegram preview supplies metadata only; download original and verify official provenance before indexing
robiai33,1041,https://t.me/robiai33/1045?single,920031732-السوابق-القضائية-كاملة.pdf,17.7 MB,2026-08-07T01:03:08+00:00,,,سابقة قضائية مرشحة غير متحققة,not_downloaded,unverified,not_eligible,Telegram preview supplies metadata only; download original and verify official provenance before indexing
robiai33,1051,https://t.me/robiai33/1055?single,14.pdf,4.3 MB,2026-08-07T01:03:10+00:00,,,مادة قانونية غير مصنفة وغير متحققة,not_downloaded,unverified,not_eligible,Telegram preview supplies metadata only; download original and verify official provenance before indexing
robiai33,1051,https://t.me/robiai33/1054?single,15.pdf,4.6 MB,2026-08-07T01:03:10+00:00,,,مادة قانونية غير مصنفة وغير متحققة,not_downloaded,unverified,not_eligible,Telegram preview supplies metadata only; download original and verify official provenance before indexing
robiai33,1051,https://t.me/robiai33/1057?single,20.pdf,2.4 MB,2026-08-07T01:03:10+00:00,,,مادة قانونية غير مصنفة وغير متحققة,not_downloaded,unverified,not_eligible,Telegram preview supplies metadata only; download original and verify official provenance before indexing
robiai33,1051,https://t.me/robiai33/1051?single,21.pdf,2.3 MB,2026-08-07T01:03:10+00:00,,,مادة قانونية غير مصنفة وغير متحققة,not_downloaded,unverified,not_eligible,Telegram preview supplies metadata only; download original and verify official provenance before indexing
robiai33,1051,https://t.me/robiai33/1053?single,24.pdf,8 MB,2026-08-07T01:03:10+00:00,,,مادة قانونية غير مصنفة وغير متحققة,not_downloaded,unverified,not_eligible,Telegram preview supplies metadata only; download original and verify official provenance before indexing
robiai33,1051,https://t.me/robiai33/1056?single,3-1.pdf,5.6 MB,2026-08-07T01:03:10+00:00,,,مادة قانونية غير مصنفة وغير متحققة,not_downloaded,unverified,not_eligible,Telegram preview supplies metadata only; download original and verify official provenance before indexing
robiai33,1051,https://t.me/robiai33/1052?single,7.pdf,2.6 MB,2026-08-07T01:03:10+00:00,,,مادة قانونية غير مصنفة وغير متحققة,not_downloaded,unverified,not_eligible,Telegram preview supplies metadata only; download original and verify official provenance before indexing
robiai33,1058,https://t.me/robiai33/1058,السوابق القضائية لحقوق المؤلف.pdf,1.9 MB,2026-08-07T01:07:17+00:00,,,سابقة قضائية مرشحة غير متحققة,not_downloaded,unverified,not_eligible,Telegram preview supplies metadata only; download original and verify official provenance before indexing
robiai33,1062,https://t.me/robiai33/1062,‎مكتبة نفع القضائية.pdf,2.8 MB,2026-08-07T02:58:54+00:00,,,مادة قانونية غير مصنفة وغير متحققة,not_downloaded,unverified,not_eligible,Telegram preview supplies metadata only; download original and verify official provenance before indexing
robiai33,1063,https://t.me/robiai33/1063,المدد النظامية .pdf,6.4 MB,2026-08-07T03:00:57+00:00,,,لائحة/نظام مرشح غير متحقق,not_downloaded,unverified,not_eligible,Telegram preview supplies metadata only; download original and verify official provenance before indexing
robiai33,1065,https://t.me/robiai33/1065,م٢.pdf,890 KB,2026-08-07T03:35:49+00:00,,/s/robiai33?after=1065,مادة قانونية غير مصنفة وغير متحققة,not_downloaded,unverified,not_eligible,Telegram preview supplies metadata only; download original and verify official provenance before indexing
robiai33,1066,https://t.me/robiai33/1066,١٦.pdf,837.2 KB,2026-08-07T03:35:56+00:00,,,مادة قانونية غير مصنفة وغير متحققة,not_downloaded,unverified,not_eligible,Telegram preview supplies metadata only; download original and verify official provenance before indexing
robiai33,1067,https://t.me/robiai33/1067,القضايا التعليمية.pdf,1.9 MB,2026-08-07T03:37:11+00:00,,,مادة قانونية غير مصنفة وغير متحققة,not_downloaded,unverified,not_eligible,Telegram preview supplies metadata only; download original and verify official provenance before indexing
robiai33,1303,https://t.me/robiai33/1303,تعاميم وزارة العدل كاملة.pdf,15.8 MB,2026-08-31T23:02:43+00:00,,,مادة قانونية غير مصنفة وغير متحققة,not_downloaded,unverified,not_eligible,Telegram preview supplies metadata only; download original and verify official provenance before indexing
robiai33,1304,https://t.me/robiai33/1304,7778_قرار_معالي_الوزير_رقم_٥٠٦٢.pdf,269.7 KB,2026-08-31T23:02:54+00:00,,,قرار مرشح غير متحقق,not_downloaded,unverified,not_eligible,Telegram preview supplies metadata only; download original and verify official provenance before indexing
robiai33,1305,https://t.me/robiai33/1305,ملف_التعميم.pdf,170.2 KB,2026-08-31T23:03:06+00:00,,,تعميم مرشح غير متحقق,not_downloaded,unverified,not_eligible,Telegram preview supplies metadata only; download original and verify official provenance before indexing
robiai33,1306,https://t.me/robiai33/1306,فهرس_تعاميم_وزارة_العدل_1345هـ_1412هـ.pdf,295.4 KB,2026-08-31T23:03:16+00:00,,,فهرس/مدونة مرجعية غير مستقلة,not_downloaded,unverified,not_eligible,Telegram preview supplies metadata only; download original and verify official provenance before indexing
robiai33,1307,https://t.me/robiai33/1307,‎⁨قرارات_المحكمة_العليا_الجزائية⁩.pdf,656.3 KB,2026-09-01T03:46:43+00:00,,,قرار مرشح غير متحقق,not_downloaded,unverified,not_eligible,Telegram preview supplies metadata only; download original and verify official provenance before indexing
robiai33,1308,https://t.me/robiai33/1308,اسئلة التكاليف القضائية.pdf,656.8 KB,2026-09-06T04:19:08+00:00,,,مادة قانونية غير مصنفة وغير متحققة,not_downloaded,unverified,not_eligible,Telegram preview supplies metadata only; download original and verify official provenance before indexing
robiai33,1309,https://t.me/robiai33/1309,المجلد الأول-32.pdf,52.4 MB,2026-09-06T04:19:08+00:00,,,مادة قانونية غير مصنفة وغير متحققة,not_downloaded,unverified,not_eligible,Telegram preview supplies metadata only; download original and verify official provenance before indexing
robiai33,1310,https://t.me/robiai33/1310,دليل اجراءات الدعوى العمالية .pdf,3.4 MB,2026-09-06T04:19:08+00:00,,,مادة قانونية غير مصنفة وغير متحققة,not_downloaded,unverified,not_eligible,Telegram preview supplies metadata only; download original and verify official provenance before indexing
robiai33,1311,https://t.me/robiai33/1311,بحث_الدعاوى_العمالية_للقاضي_ناصر_الجربوع.pdf,3.9 MB,2026-09-06T04:19:08+00:00,,,مادة قانونية غير مصنفة وغير متحققة,not_downloaded,unverified,not_eligible,Telegram preview supplies metadata only; download original and verify official provenance before indexing
robiai33,1312,https://t.me/robiai33/1312,المجلد الأول-32.pdf,52.4 MB,2026-09-06T06:55:23+00:00,,,مادة قانونية غير مصنفة وغير متحققة,not_downloaded,unverified,not_eligible,Telegram preview supplies metadata only; download original and verify official provenance before indexing
robiai33,1313,https://t.me/robiai33/1313,بحث_الدعاوى_العمالية_للقاضي_ناصر_الجربوع.pdf,3.9 MB,2026-09-06T06:56:18+00:00,,,مادة قانونية غير مصنفة وغير متحققة,not_downloaded,unverified,not_eligible,Telegram preview supplies metadata only; download original and verify official provenance before indexing
robiai33,1314,https://t.me/robiai33/1314,‎سوابق قضائية عمالية .pdf,2.8 MB,2026-09-06T06:57:13+00:00,,,سابقة قضائية مرشحة غير متحققة,not_downloaded,unverified,not_eligible,Telegram preview supplies metadata only; download original and verify official provenance before indexing
robiai33,1315,https://t.me/robiai33/1315,قضايا اتعاب المحاماة 1441-2.pdf,7.4 MB,2026-09-06T06:57:54+00:00,,,مادة قانونية غير مصنفة وغير متحققة,not_downloaded,unverified,not_eligible,Telegram preview supplies metadata only; download original and verify official provenance before indexing
robiai33,1316,https://t.me/robiai33/1316,ملخص الممتع في القواعد الفقهية.pdf,10.3 MB,2026-09-06T06:59:06+00:00,,,مادة قانونية غير مصنفة وغير متحققة,not_downloaded,unverified,not_eligible,Telegram preview supplies metadata only; download original and verify official provenance before indexing
robiai33,1317,https://t.me/robiai33/1317,لائحة_العمالة_المنزلية_ومن_في_حكمها_قرار_رقم_40676_وتاريخ_17_03.pdf,9.9 MB,2026-09-06T07:00:35+00:00,,,قرار مرشح غير متحقق,not_downloaded,unverified,not_eligible,Telegram preview supplies metadata only; download original and verify official provenance before indexing
robiai33,1318,https://t.me/robiai33/1318,تسبيبات عمالية.pdf,1.4 MB,2026-09-06T07:01:13+00:00,,,مادة قانونية غير مصنفة وغير متحققة,not_downloaded,unverified,not_eligible,Telegram preview supplies metadata only; download original and verify official provenance before indexing
robiai33,1319,https://t.me/robiai33/1319,القواعد_والإجراءات_المنظمة_للتسوية_الودية_في_الخلافات_العمالية.pdf,5.9 MB,2026-09-06T07:01:42+00:00,,,مادة قانونية غير مصنفة وغير متحققة,not_downloaded,unverified,not_eligible,Telegram preview supplies metadata only; download original and verify official provenance before indexing
robiai33,1320,https://t.me/robiai33/1320,aldlyl_alarshady_lmbadrt_qd_al_ml_almwthq_sndana_tnfydhyana_ar.pdf,465.1 KB,2026-09-06T07:02:59+00:00,,,مادة قانونية غير مصنفة وغير متحققة,not_downloaded,unverified,not_eligible,Telegram preview supplies metadata only; download original and verify official provenance before indexing
robiai33,1321,https://t.me/robiai33/1321,مدونة_المبادئ_القضائية_في_المنازعات_المصرفية_وال_240502_162405.pdf,95.7 MB,2026-09-06T07:03:35+00:00,,,فهرس/مدونة مرجعية غير مستقلة,not_downloaded,unverified,not_eligible,Telegram preview supplies metadata only; download original and verify official provenance before indexing
robiai33,1322,https://t.me/robiai33/1322,50 سؤال في القضاء العمالي.pdf,449.3 KB,2026-09-06T07:04:41+00:00,,,مادة قانونية غير مصنفة وغير متحققة,not_downloaded,unverified,not_eligible,Telegram preview supplies metadata only; download original and verify official provenance before indexing
robiai33,1323,https://t.me/robiai33/1323,‎المستجدات_في_عقود_الشركات_بعد_صدور_نظام_المعاملات_المدنية.pdf,685.8 KB,2026-09-06T07:06:14+00:00,,,لائحة/نظام مرشح غير متحقق,not_downloaded,unverified,not_eligible,Telegram preview supplies metadata only; download original and verify official provenance before indexing
robiai33,1324,https://t.me/robiai33/1324,فهرس_الأنظمة_السعودية_موقع_هيئة.pdf,12 MB,2026-09-06T07:07:45+00:00,,,فهرس/مدونة مرجعية غير مستقلة,not_downloaded,unverified,not_eligible,Telegram preview supplies metadata only; download original and verify official provenance before indexing
robiai33,1325,https://t.me/robiai33/1325,مخالفات العمل 6-9-1447.pdf,33.6 MB,2026-09-06T07:08:40+00:00,,,مادة قانونية غير مصنفة وغير متحققة,not_downloaded,unverified,not_eligible,Telegram preview supplies metadata only; download original and verify official provenance before indexing
robiai33,1326,https://t.me/robiai33/1326,لائحة_العمالة_المنزلية_ومن_في_حكمهم.pdf,5.9 MB,2026-09-06T07:09:25+00:00,,,لائحة/نظام مرشح غير متحقق,not_downloaded,unverified,not_eligible,Telegram preview supplies metadata only; download original and verify official provenance before indexing
robiai33,1327,https://t.me/robiai33/1327,جامِعُ_المُدَدِ_النِّظاميَّة_في_أنظِمَةِ_المَمْلَكَةِ_العَرَبِيَّةِ.pdf,6.4 MB,2026-09-06T07:10:09+00:00,,,مادة قانونية غير مصنفة وغير متحققة,not_downloaded,unverified,not_eligible,Telegram preview supplies metadata only; download original and verify official provenance before indexing
robiai33,1328,https://t.me/robiai33/1328,المذكرات واللوائح القانونية.pdf,15.8 MB,2026-09-06T07:11:23+00:00,,,مادة قانونية غير مصنفة وغير متحققة,not_downloaded,unverified,not_eligible,Telegram preview supplies metadata only; download original and verify official provenance before indexing
robiai33,1329,https://t.me/robiai33/1329,SAMA_AR_11101_VER1.pdf,305.6 KB,2026-09-06T07:12:22+00:00,,,مادة قانونية غير مصنفة وغير متحققة,not_downloaded,unverified,not_eligible,Telegram preview supplies metadata only; download original and verify official provenance before indexing
robiai33,1330,https://t.me/robiai33/1330,تعميم_تحديث_بيانات_المحامين_عبر_بوابة_ناجز.pdf,32 KB,2026-09-06T07:12:34+00:00,,,تعميم مرشح غير متحقق,not_downloaded,unverified,not_eligible,Telegram preview supplies metadata only; download original and verify official provenance before indexing
robiai33,1331,https://t.me/robiai33/1331,تعميم جديد بدل طبيعة عمل.pdf,488.7 KB,2026-09-06T07:12:48+00:00,,,تعميم مرشح غير متحقق,not_downloaded,unverified,not_eligible,Telegram preview supplies metadata only; download original and verify official provenance before indexing
robiai33,1332,https://t.me/robiai33/1332,تعميم بشأن التسجيل (واثق).pdf,40.5 KB,2026-09-06T07:13:00+00:00,,,تعميم مرشح غير متحقق,not_downloaded,unverified,not_eligible,Telegram preview supplies metadata only; download original and verify official provenance before indexing
robiai33,1333,https://t.me/robiai33/1333,سوابق مخدرات .pdf,3.4 MB,2026-09-06T07:13:34+00:00,,,سابقة قضائية مرشحة غير متحققة,not_downloaded,unverified,not_eligible,Telegram preview supplies metadata only; download original and verify official provenance before indexing
robiai33,1334,https://t.me/robiai33/1334,‎سوابق قضائية ،جنائي.pdf,9.1 MB,2026-09-06T07:14:15+00:00,,,سابقة قضائية مرشحة غير متحققة,not_downloaded,unverified,not_eligible,Telegram preview supplies metadata only; download original and verify official provenance before indexing
robiai33,1335,https://t.me/robiai33/1335,سوابق_قضائية_في_طلبات_التماس_اعادة_النظر_260613_180644.pdf,1.4 MB,2026-09-06T07:14:52+00:00,,,سابقة قضائية مرشحة غير متحققة,not_downloaded,unverified,not_eligible,Telegram preview supplies metadata only; download original and verify official provenance before indexing
