post_url,filename_as_published,status,failure_or_next_step
https://t.me/robiai33/3,_مدونة الأخلاقيات القضائية.pdf,pending_authorized_download,"Telegram public preview has no binary download URL; use an authorised Telegram session, then preserve binary and SHA-256"
https://t.me/robiai33/4,مدونة التأمينات .pdf,pending_authorized_download,"Telegram public preview has no binary download URL; use an authorised Telegram session, then preserve binary and SHA-256"
https://t.me/robiai33/5,‎⁨تعاميم الانهاءات ⁩.pdf,pending_authorized_download,"Telegram public preview has no binary download URL; use an authorised Telegram session, then preserve binary and SHA-256"
https://t.me/robiai33/6,مدونة_السوابق_القضائية_التأمينية_للجنة_الاستئنافية_للفصل_في_المنازعات.pdf,pending_authorized_download,"Telegram public preview has no binary download URL; use an authorised Telegram session, then preserve binary and SHA-256"
https://t.me/robiai33/7,السوابق_الجنائية_وكيفية_رد_الاعتبار؟_للقاضي_أحمد_القحطاني.pdf,pending_authorized_download,"Telegram public preview has no binary download URL; use an authorised Telegram session, then preserve binary and SHA-256"
https://t.me/robiai33/8,‎⁨ملف_تحليل_السوابق_القضائية_20⁩.pdf,pending_authorized_download,"Telegram public preview has no binary download URL; use an authorised Telegram session, then preserve binary and SHA-256"
https://t.me/robiai33/9,القواعد_والشروط_والمصطلحات_الواردة_في_شرح_نظام_الإثبات_الصادر_من.pdf,pending_authorized_download,"Telegram public preview has no binary download URL; use an authorised Telegram session, then preserve binary and SHA-256"
https://t.me/robiai33/10,‎⁨ملف_تحليل_السوابق_القضائية_20⁩.pdf,pending_authorized_download,"Telegram public preview has no binary download URL; use an authorised Telegram session, then preserve binary and SHA-256"
https://t.me/robiai33/11,‎مدونة_السوابق_القضائية_التأمينية.pdf,pending_authorized_download,"Telegram public preview has no binary download URL; use an authorised Telegram session, then preserve binary and SHA-256"
https://t.me/robiai33/12,مدونة_السوابق_القضائية_التأمينية_للجنة_الاستئنافية_للفصل_في_المنازعات.pdf,pending_authorized_download,"Telegram public preview has no binary download URL; use an authorised Telegram session, then preserve binary and SHA-256"
https://t.me/robiai33/13,نموذج تحليل حكم قضائي.pdf,pending_authorized_download,"Telegram public preview has no binary download URL; use an authorised Telegram session, then preserve binary and SHA-256"
https://t.me/robiai33/14,الوجيز_لقرارات_المحكمة_العليا_في_القضايا_التجارية.pdf,pending_authorized_download,"Telegram public preview has no binary download URL; use an authorised Telegram session, then preserve binary and SHA-256"
https://t.me/robiai33/15,حكم تجاري8.pdf,pending_authorized_download,"Telegram public preview has no binary download URL; use an authorised Telegram session, then preserve binary and SHA-256"
https://t.me/robiai33/16,قضايا أتعاب المحاماة.pdf,pending_authorized_download,"Telegram public preview has no binary download URL; use an authorised Telegram session, then preserve binary and SHA-256"
https://t.me/robiai33/17,قضايا التعويض .pdf,pending_authorized_download,"Telegram public preview has no binary download URL; use an authorised Telegram session, then preserve binary and SHA-256"
https://t.me/robiai33/18,قضايا الطلبات العاجلة.pdf,pending_authorized_download,"Telegram public preview has no binary download URL; use an authorised Telegram session, then preserve binary and SHA-256"
https://t.me/robiai33/19,قضايا الجعالة.pdf,pending_authorized_download,"Telegram public preview has no binary download URL; use an authorised Telegram session, then preserve binary and SHA-256"
https://t.me/robiai33/20,قضايا النقل.pdf,pending_authorized_download,"Telegram public preview has no binary download URL; use an authorised Telegram session, then preserve binary and SHA-256"
https://t.me/robiai33/21,قضايا طلبات تفسير الحكم.pdf,pending_authorized_download,"Telegram public preview has no binary download URL; use an authorised Telegram session, then preserve binary and SHA-256"
https://t.me/robiai33/22,قضايا_الاستصناع_و_الإفلاس_و_الحوالة_و_الكفالة.pdf,pending_authorized_download,"Telegram public preview has no binary download URL; use an authorised Telegram session, then preserve binary and SHA-256"
https://t.me/robiai33/23,27_تزوير_بالترك _رشوة _ مساهمة _ عدم_التسجيل_في_سجلات_الجوازات_لتسهيل.pdf,pending_authorized_download,"Telegram public preview has no binary download URL; use an authorised Telegram session, then preserve binary and SHA-256"
https://t.me/robiai33/24,قضايا الاختصاص.pdf,pending_authorized_download,"Telegram public preview has no binary download URL; use an authorised Telegram session, then preserve binary and SHA-256"
https://t.me/robiai33/25,قضايا الإفلاس و التصفية.pdf,pending_authorized_download,"Telegram public preview has no binary download URL; use an authorised Telegram session, then preserve binary and SHA-256"
https://t.me/robiai33/26,قضايا البيوع.pdf,pending_authorized_download,"Telegram public preview has no binary download URL; use an authorised Telegram session, then preserve binary and SHA-256"
https://t.me/robiai33/27,قضايا التوريد.pdf,pending_authorized_download,"Telegram public preview has no binary download URL; use an authorised Telegram session, then preserve binary and SHA-256"
https://t.me/robiai33/28,قضايا الجعالة و السمسرة.pdf,pending_authorized_download,"Telegram public preview has no binary download URL; use an authorised Telegram session, then preserve binary and SHA-256"
https://t.me/robiai33/29,قضايا الشركات.pdf,pending_authorized_download,"Telegram public preview has no binary download URL; use an authorised Telegram session, then preserve binary and SHA-256"
https://t.me/robiai33/30,قضايا القبول.pdf,pending_authorized_download,"Telegram public preview has no binary download URL; use an authorised Telegram session, then preserve binary and SHA-256"
https://t.me/robiai33/31,‎⁨تعميم الاستئناف⁩.pdf,pending_authorized_download,"Telegram public preview has no binary download URL; use an authorised Telegram session, then preserve binary and SHA-256"
https://t.me/robiai33/32,الطلبات العاجلة.pdf,pending_authorized_download,"Telegram public preview has no binary download URL; use an authorised Telegram session, then preserve binary and SHA-256"
https://t.me/robiai33/33,طلبات الالتماس.pdf,pending_authorized_download,"Telegram public preview has no binary download URL; use an authorised Telegram session, then preserve binary and SHA-256"
https://t.me/robiai33/34,قضايا متنوعة.pdf,pending_authorized_download,"Telegram public preview has no binary download URL; use an authorised Telegram session, then preserve binary and SHA-256"
https://t.me/robiai33/35,2_مدونة_الأحكام_القضائية_الجنايات.pdf,pending_authorized_download,"Telegram public preview has no binary download URL; use an authorised Telegram session, then preserve binary and SHA-256"
https://t.me/robiai33/36?single,18 مجموعة الاحكام القضائية.pdf,pending_authorized_download,"Telegram public preview has no binary download URL; use an authorised Telegram session, then preserve binary and SHA-256"
https://t.me/robiai33/37?single,19 مجموعة الاحكام القضائية.pdf,pending_authorized_download,"Telegram public preview has no binary download URL; use an authorised Telegram session, then preserve binary and SHA-256"
https://t.me/robiai33/38?single,26_2 مجموعة الاحكام القضائسة.pdf,pending_authorized_download,"Telegram public preview has no binary download URL; use an authorised Telegram session, then preserve binary and SHA-256"
https://t.me/robiai33/39?single,27_2 مجموعة الاحكام القضائية.pdf,pending_authorized_download,"Telegram public preview has no binary download URL; use an authorised Telegram session, then preserve binary and SHA-256"
https://t.me/robiai33/40?single,28_2 مجموعة الاحكام القضائية.pdf,pending_authorized_download,"Telegram public preview has no binary download URL; use an authorised Telegram session, then preserve binary and SHA-256"
https://t.me/robiai33/41?single,29 مجموعة الاحكام القضائية.pdf,pending_authorized_download,"Telegram public preview has no binary download URL; use an authorised Telegram session, then preserve binary and SHA-256"
https://t.me/robiai33/43,تعميم_مبادئ_التمويل_المسئول_للأفراد.pdf,pending_authorized_download,"Telegram public preview has no binary download URL; use an authorised Telegram session, then preserve binary and SHA-256"
https://t.me/robiai33/44,المختصر_للتعاميم_المهمة_في_التصنيف.pdf,pending_authorized_download,"Telegram public preview has no binary download URL; use an authorised Telegram session, then preserve binary and SHA-256"
https://t.me/robiai33/45,ملخص قرارت هيئة التدقيق مجتمعة.pdf,pending_authorized_download,"Telegram public preview has no binary download URL; use an authorised Telegram session, then preserve binary and SHA-256"
https://t.me/robiai33/46,1(1).pdf,pending_authorized_download,"Telegram public preview has no binary download URL; use an authorised Telegram session, then preserve binary and SHA-256"
https://t.me/robiai33/47,10.pdf,pending_authorized_download,"Telegram public preview has no binary download URL; use an authorised Telegram session, then preserve binary and SHA-256"
https://t.me/robiai33/48,11.pdf,pending_authorized_download,"Telegram public preview has no binary download URL; use an authorised Telegram session, then preserve binary and SHA-256"
https://t.me/robiai33/49,13.pdf,pending_authorized_download,"Telegram public preview has no binary download URL; use an authorised Telegram session, then preserve binary and SHA-256"
https://t.me/robiai33/50,14.pdf,pending_authorized_download,"Telegram public preview has no binary download URL; use an authorised Telegram session, then preserve binary and SHA-256"
https://t.me/robiai33/51,9.pdf,pending_authorized_download,"Telegram public preview has no binary download URL; use an authorised Telegram session, then preserve binary and SHA-256"
https://t.me/robiai33/52,8.pdf,pending_authorized_download,"Telegram public preview has no binary download URL; use an authorised Telegram session, then preserve binary and SHA-256"
https://t.me/robiai33/53,6.pdf,pending_authorized_download,"Telegram public preview has no binary download URL; use an authorised Telegram session, then preserve binary and SHA-256"
https://t.me/robiai33/54,2.pdf,pending_authorized_download,"Telegram public preview has no binary download URL; use an authorised Telegram session, then preserve binary and SHA-256"
https://t.me/robiai33/55,3.pdf,pending_authorized_download,"Telegram public preview has no binary download URL; use an authorised Telegram session, then preserve binary and SHA-256"
https://t.me/robiai33/56,5.pdf,pending_authorized_download,"Telegram public preview has no binary download URL; use an authorised Telegram session, then preserve binary and SHA-256"
https://t.me/robiai33/57,قضايا حضانه.pdf,pending_authorized_download,"Telegram public preview has no binary download URL; use an authorised Telegram session, then preserve binary and SHA-256"
https://t.me/robiai33/58,دليل إجراءات قضايا غسل الاموال.pdf,pending_authorized_download,"Telegram public preview has no binary download URL; use an authorised Telegram session, then preserve binary and SHA-256"
https://t.me/robiai33/64?single,المنازعات_المصرفية_إجراءات_التقاضي.pdf,pending_authorized_download,"Telegram public preview has no binary download URL; use an authorised Telegram session, then preserve binary and SHA-256"
https://t.me/robiai33/65,حقوقي مكتمل.pdf,pending_authorized_download,"Telegram public preview has no binary download URL; use an authorised Telegram session, then preserve binary and SHA-256"
https://t.me/robiai33/66,تعميم_مبادئ_التمويل_المسئول_للأفراد.pdf,pending_authorized_download,"Telegram public preview has no binary download URL; use an authorised Telegram session, then preserve binary and SHA-256"
https://t.me/robiai33/67?single,حكم إداري1.pdf,pending_authorized_download,"Telegram public preview has no binary download URL; use an authorised Telegram session, then preserve binary and SHA-256"
https://t.me/robiai33/68?single,حكم إداري2.pdf,pending_authorized_download,"Telegram public preview has no binary download URL; use an authorised Telegram session, then preserve binary and SHA-256"
https://t.me/robiai33/69?single,حكم إداري3.pdf,pending_authorized_download,"Telegram public preview has no binary download URL; use an authorised Telegram session, then preserve binary and SHA-256"
https://t.me/robiai33/73?single,السوابق_القضائية_عبدالله_آل_خنين.pdf,pending_authorized_download,"Telegram public preview has no binary download URL; use an authorised Telegram session, then preserve binary and SHA-256"
https://t.me/robiai33/71?single,أسس_الملازمة_1440هـ_القاضي_عادل.pdf,pending_authorized_download,"Telegram public preview has no binary download URL; use an authorised Telegram session, then preserve binary and SHA-256"
https://t.me/robiai33/72?single,دليل الأسئلة العدليّة.pdf,pending_authorized_download,"Telegram public preview has no binary download URL; use an authorised Telegram session, then preserve binary and SHA-256"
https://t.me/robiai33/70?single,قواعد التسوية الودية العمالية.pdf,pending_authorized_download,"Telegram public preview has no binary download URL; use an authorised Telegram session, then preserve binary and SHA-256"
https://t.me/robiai33/74?single,تقريرات_محكمة_التمييز_الجزء_الأول.pdf,pending_authorized_download,"Telegram public preview has no binary download URL; use an authorised Telegram session, then preserve binary and SHA-256"
https://t.me/robiai33/75?single,تقريرات_محكمة_التمييز_الجزء_الثاني.pdf,pending_authorized_download,"Telegram public preview has no binary download URL; use an authorised Telegram session, then preserve binary and SHA-256"
https://t.me/robiai33/76?single,تقريرات محكمة الاستئناف.pdf,pending_authorized_download,"Telegram public preview has no binary download URL; use an authorised Telegram session, then preserve binary and SHA-256"
https://t.me/robiai33/77?single,تقريرات_محكمة_التمييز_الجزء_الأول.pdf,pending_authorized_download,"Telegram public preview has no binary download URL; use an authorised Telegram session, then preserve binary and SHA-256"
https://t.me/robiai33/78?single,تقريرات_محكمة_التمييز_الجزء_الثاني.pdf,pending_authorized_download,"Telegram public preview has no binary download URL; use an authorised Telegram session, then preserve binary and SHA-256"
https://t.me/robiai33/79,06_رشوة_موظف_عام_طلب_مبلغ_مالي_انعدام_الفائدة_من_الرشوة_دلائل.pdf,pending_authorized_download,"Telegram public preview has no binary download URL; use an authorised Telegram session, then preserve binary and SHA-256"
https://t.me/robiai33/80,عقد أشغال عامة.pdf,pending_authorized_download,"Telegram public preview has no binary download URL; use an authorised Telegram session, then preserve binary and SHA-256"
https://t.me/robiai33/81,عقد أشغال عامة1.pdf,pending_authorized_download,"Telegram public preview has no binary download URL; use an authorised Telegram session, then preserve binary and SHA-256"
https://t.me/robiai33/82,عقد أشغال عامة2.pdf,pending_authorized_download,"Telegram public preview has no binary download URL; use an authorised Telegram session, then preserve binary and SHA-256"
https://t.me/robiai33/83,عقد أشغال عامة3.pdf,pending_authorized_download,"Telegram public preview has no binary download URL; use an authorised Telegram session, then preserve binary and SHA-256"
https://t.me/robiai33/84,عقد أشغال عامة4.pdf,pending_authorized_download,"Telegram public preview has no binary download URL; use an authorised Telegram session, then preserve binary and SHA-256"
https://t.me/robiai33/85,عقد أشغال عامة5.pdf,pending_authorized_download,"Telegram public preview has no binary download URL; use an authorised Telegram session, then preserve binary and SHA-256"
https://t.me/robiai33/86,عقد أشغال عامة6.pdf,pending_authorized_download,"Telegram public preview has no binary download URL; use an authorised Telegram session, then preserve binary and SHA-256"
https://t.me/robiai33/87,عقد تشغيل وصيانة.pdf,pending_authorized_download,"Telegram public preview has no binary download URL; use an authorised Telegram session, then preserve binary and SHA-256"
https://t.me/robiai33/88,عقد تشغيل وصيانة1.pdf,pending_authorized_download,"Telegram public preview has no binary download URL; use an authorised Telegram session, then preserve binary and SHA-256"
https://t.me/robiai33/89,عقد تشغيل وصيانة2.pdf,pending_authorized_download,"Telegram public preview has no binary download URL; use an authorised Telegram session, then preserve binary and SHA-256"
https://t.me/robiai33/90,عقد تشغيل وصيانة3.pdf,pending_authorized_download,"Telegram public preview has no binary download URL; use an authorised Telegram session, then preserve binary and SHA-256"
https://t.me/robiai33/91,عقد تقديم خدمات استشارية.pdf,pending_authorized_download,"Telegram public preview has no binary download URL; use an authorised Telegram session, then preserve binary and SHA-256"
https://t.me/robiai33/92,دعوى عقد سبق الفصل فيها.pdf,pending_authorized_download,"Telegram public preview has no binary download URL; use an authorised Telegram session, then preserve binary and SHA-256"
https://t.me/robiai33/93,دعوى عقد سبق الفصل فيها1.pdf,pending_authorized_download,"Telegram public preview has no binary download URL; use an authorised Telegram session, then preserve binary and SHA-256"
https://t.me/robiai33/94,دعوى عقد.pdf,pending_authorized_download,"Telegram public preview has no binary download URL; use an authorised Telegram session, then preserve binary and SHA-256"
https://t.me/robiai33/95,عقد إجارة.pdf,pending_authorized_download,"Telegram public preview has no binary download URL; use an authorised Telegram session, then preserve binary and SHA-256"
https://t.me/robiai33/96,عقد إجارة1.pdf,pending_authorized_download,"Telegram public preview has no binary download URL; use an authorised Telegram session, then preserve binary and SHA-256"
https://t.me/robiai33/97,عقد أداء خدمة.pdf,pending_authorized_download,"Telegram public preview has no binary download URL; use an authorised Telegram session, then preserve binary and SHA-256"
https://t.me/robiai33/98,عقد أداء خدمة1.pdf,pending_authorized_download,"Telegram public preview has no binary download URL; use an authorised Telegram session, then preserve binary and SHA-256"
https://t.me/robiai33/99,عقد إداري.pdf,pending_authorized_download,"Telegram public preview has no binary download URL; use an authorised Telegram session, then preserve binary and SHA-256"
https://t.me/robiai33/100,عقد استثمار وإيجار.pdf,pending_authorized_download,"Telegram public preview has no binary download URL; use an authorised Telegram session, then preserve binary and SHA-256"
https://t.me/robiai33/101,عقد استثمار.pdf,pending_authorized_download,"Telegram public preview has no binary download URL; use an authorised Telegram session, then preserve binary and SHA-256"
https://t.me/robiai33/102,عقد استثمار1.pdf,pending_authorized_download,"Telegram public preview has no binary download URL; use an authorised Telegram session, then preserve binary and SHA-256"
https://t.me/robiai33/103,عقد استثمار2.pdf,pending_authorized_download,"Telegram public preview has no binary download URL; use an authorised Telegram session, then preserve binary and SHA-256"
https://t.me/robiai33/104,عقد استثمار3.pdf,pending_authorized_download,"Telegram public preview has no binary download URL; use an authorised Telegram session, then preserve binary and SHA-256"
https://t.me/robiai33/105,عقد استثمار4.pdf,pending_authorized_download,"Telegram public preview has no binary download URL; use an authorised Telegram session, then preserve binary and SHA-256"
https://t.me/robiai33/106,عقد استثمار5.pdf,pending_authorized_download,"Telegram public preview has no binary download URL; use an authorised Telegram session, then preserve binary and SHA-256"
https://t.me/robiai33/107,عقد استثمار6.pdf,pending_authorized_download,"Telegram public preview has no binary download URL; use an authorised Telegram session, then preserve binary and SHA-256"
https://t.me/robiai33/108,عقد استثمار7.pdf,pending_authorized_download,"Telegram public preview has no binary download URL; use an authorised Telegram session, then preserve binary and SHA-256"
https://t.me/robiai33/109,عقد استثمار9.pdf,pending_authorized_download,"Telegram public preview has no binary download URL; use an authorised Telegram session, then preserve binary and SHA-256"
https://t.me/robiai33/110,عقد استثمار10.pdf,pending_authorized_download,"Telegram public preview has no binary download URL; use an authorised Telegram session, then preserve binary and SHA-256"
https://t.me/robiai33/111,عقد استثمار11.pdf,pending_authorized_download,"Telegram public preview has no binary download URL; use an authorised Telegram session, then preserve binary and SHA-256"
https://t.me/robiai33/112,عقد استثمار12.pdf,pending_authorized_download,"Telegram public preview has no binary download URL; use an authorised Telegram session, then preserve binary and SHA-256"
https://t.me/robiai33/113,عقد استثمار13.pdf,pending_authorized_download,"Telegram public preview has no binary download URL; use an authorised Telegram session, then preserve binary and SHA-256"
https://t.me/robiai33/114,عقد استثمار14.pdf,pending_authorized_download,"Telegram public preview has no binary download URL; use an authorised Telegram session, then preserve binary and SHA-256"
https://t.me/robiai33/115,عقد استثمار16.pdf,pending_authorized_download,"Telegram public preview has no binary download URL; use an authorised Telegram session, then preserve binary and SHA-256"
https://t.me/robiai33/116,عقد استثمار17.pdf,pending_authorized_download,"Telegram public preview has no binary download URL; use an authorised Telegram session, then preserve binary and SHA-256"
https://t.me/robiai33/117,عقد استثمار18.pdf,pending_authorized_download,"Telegram public preview has no binary download URL; use an authorised Telegram session, then preserve binary and SHA-256"
https://t.me/robiai33/118,عقد استثمار20.pdf,pending_authorized_download,"Telegram public preview has no binary download URL; use an authorised Telegram session, then preserve binary and SHA-256"
https://t.me/robiai33/119,عقد استقمار21.pdf,pending_authorized_download,"Telegram public preview has no binary download URL; use an authorised Telegram session, then preserve binary and SHA-256"
https://t.me/robiai33/120,قرار_مجمع_الفقه_الإسلامي_بشأن_الظروف_الطارئة.pdf,pending_authorized_download,"Telegram public preview has no binary download URL; use an authorised Telegram session, then preserve binary and SHA-256"
https://t.me/robiai33/121,39_عقد_–_أشغال_عامة_–_مسؤولية_عقدية_التعويض_عن_تمديد_العقد_–_عدم.pdf,pending_authorized_download,"Telegram public preview has no binary download URL; use an authorised Telegram session, then preserve binary and SHA-256"
https://t.me/robiai33/123?single,PHOTO-2018-05-28-14-11-46.jpg,pending_authorized_download,"Telegram public preview has no binary download URL; use an authorised Telegram session, then preserve binary and SHA-256"
https://t.me/robiai33/124?single,PHOTO-2018-12-04-12-54-52.jpg,pending_authorized_download,"Telegram public preview has no binary download URL; use an authorised Telegram session, then preserve binary and SHA-256"
https://t.me/robiai33/125?single,PHOTO-2019-09-23-19-06-36.jpg,pending_authorized_download,"Telegram public preview has no binary download URL; use an authorised Telegram session, then preserve binary and SHA-256"
https://t.me/robiai33/126?single,PHOTO-2019-10-17-15-13-56.jpg,pending_authorized_download,"Telegram public preview has no binary download URL; use an authorised Telegram session, then preserve binary and SHA-256"
https://t.me/robiai33/127?single,PHOTO-2020-01-27-12-08-23.jpg,pending_authorized_download,"Telegram public preview has no binary download URL; use an authorised Telegram session, then preserve binary and SHA-256"
https://t.me/robiai33/128?single,PHOTO-2020-03-18-13-41-19.jpg,pending_authorized_download,"Telegram public preview has no binary download URL; use an authorised Telegram session, then preserve binary and SHA-256"
https://t.me/robiai33/129,القواعد_الفقهية_المتعلقة_بالقضايا.pdf,pending_authorized_download,"Telegram public preview has no binary download URL; use an authorised Telegram session, then preserve binary and SHA-256"
https://t.me/robiai33/130?single,تظلم من قرار (1).pdf,pending_authorized_download,"Telegram public preview has no binary download URL; use an authorised Telegram session, then preserve binary and SHA-256"
https://t.me/robiai33/131?single,تظلم من قرار (2).pdf,pending_authorized_download,"Telegram public preview has no binary download URL; use an authorised Telegram session, then preserve binary and SHA-256"
https://t.me/robiai33/132?single,تظلم من قرار (3).pdf,pending_authorized_download,"Telegram public preview has no binary download URL; use an authorised Telegram session, then preserve binary and SHA-256"
https://t.me/robiai33/133?single,تظلم من قرار (4).pdf,pending_authorized_download,"Telegram public preview has no binary download URL; use an authorised Telegram session, then preserve binary and SHA-256"
https://t.me/robiai33/134?single,تظلم من قرار (5).pdf,pending_authorized_download,"Telegram public preview has no binary download URL; use an authorised Telegram session, then preserve binary and SHA-256"
https://t.me/robiai33/135?single,تظلم من قرار (6).pdf,pending_authorized_download,"Telegram public preview has no binary download URL; use an authorised Telegram session, then preserve binary and SHA-256"
https://t.me/robiai33/136?single,تظلم من قرار (7).pdf,pending_authorized_download,"Telegram public preview has no binary download URL; use an authorised Telegram session, then preserve binary and SHA-256"
https://t.me/robiai33/137,أعمال الوساطة بدون ترخيص (1).pdf,pending_authorized_download,"Telegram public preview has no binary download URL; use an authorised Telegram session, then preserve binary and SHA-256"
https://t.me/robiai33/138,أعمال الوساطة بدون ترخيص (2).pdf,pending_authorized_download,"Telegram public preview has no binary download URL; use an authorised Telegram session, then preserve binary and SHA-256"
https://t.me/robiai33/139,أعمال الوساطة بدون ترخيص (3).pdf,pending_authorized_download,"Telegram public preview has no binary download URL; use an authorised Telegram session, then preserve binary and SHA-256"
https://t.me/robiai33/140,أعمال الوساطة بدون ترخيص (4).pdf,pending_authorized_download,"Telegram public preview has no binary download URL; use an authorised Telegram session, then preserve binary and SHA-256"
https://t.me/robiai33/141,أعمال الوساطة بدون ترخيص (5).pdf,pending_authorized_download,"Telegram public preview has no binary download URL; use an authorised Telegram session, then preserve binary and SHA-256"
https://t.me/robiai33/142,أعمال الوساطة بدون ترخيص (6).pdf,pending_authorized_download,"Telegram public preview has no binary download URL; use an authorised Telegram session, then preserve binary and SHA-256"
https://t.me/robiai33/143,أعمال الوساطة بدون ترخيص.pdf,pending_authorized_download,"Telegram public preview has no binary download URL; use an authorised Telegram session, then preserve binary and SHA-256"
https://t.me/robiai33/144,التأخر في تخصيص أسهم.pdf,pending_authorized_download,"Telegram public preview has no binary download URL; use an authorised Telegram session, then preserve binary and SHA-256"
https://t.me/robiai33/145,التأخر_في_تخصيص_قيمة_أرباح_أوراق.pdf,pending_authorized_download,"Telegram public preview has no binary download URL; use an authorised Telegram session, then preserve binary and SHA-256"
https://t.me/robiai33/146,المنع من التصرف في أسهم.pdf,pending_authorized_download,"Telegram public preview has no binary download URL; use an authorised Telegram session, then preserve binary and SHA-256"
https://t.me/robiai33/147,بيع أسهم حقوق أولية.pdf,pending_authorized_download,"Telegram public preview has no binary download URL; use an authorised Telegram session, then preserve binary and SHA-256"
https://t.me/robiai33/148,صفقة أوراق مالية بدون إذن.pdf,pending_authorized_download,"Telegram public preview has no binary download URL; use an authorised Telegram session, then preserve binary and SHA-256"
https://t.me/robiai33/149,عدم التصرف في أسهم (1).pdf,pending_authorized_download,"Telegram public preview has no binary download URL; use an authorised Telegram session, then preserve binary and SHA-256"
https://t.me/robiai33/150,عدم التصرف في أسهم (2).pdf,pending_authorized_download,"Telegram public preview has no binary download URL; use an authorised Telegram session, then preserve binary and SHA-256"
https://t.me/robiai33/151,عدم التصرف في أسهم (3).pdf,pending_authorized_download,"Telegram public preview has no binary download URL; use an authorised Telegram session, then preserve binary and SHA-256"
https://t.me/robiai33/152,عدم التصرف في أسهم (4).pdf,pending_authorized_download,"Telegram public preview has no binary download URL; use an authorised Telegram session, then preserve binary and SHA-256"
https://t.me/robiai33/153,عقود استثمارية في السوق المالية.pdf,pending_authorized_download,"Telegram public preview has no binary download URL; use an authorised Telegram session, then preserve binary and SHA-256"
https://t.me/robiai33/154,عقود خاصة.pdf,pending_authorized_download,"Telegram public preview has no binary download URL; use an authorised Telegram session, then preserve binary and SHA-256"
https://t.me/robiai33/155,أحكام لجنة الأوراق التجارية.pdf,pending_authorized_download,"Telegram public preview has no binary download URL; use an authorised Telegram session, then preserve binary and SHA-256"
https://t.me/robiai33/156,30تأديب_–_التحرش_–_الحرمان_من_علاوة.pdf,pending_authorized_download,"Telegram public preview has no binary download URL; use an authorised Telegram session, then preserve binary and SHA-256"
https://t.me/robiai33/157,عدم_اختصاص_ولائي_مقاولة_بلا_توريد.pdf,pending_authorized_download,"Telegram public preview has no binary download URL; use an authorised Telegram session, then preserve binary and SHA-256"
https://t.me/robiai33/158,عدم_اختصاص_ولائي_كفالة_كفالة_غير.pdf,pending_authorized_download,"Telegram public preview has no binary download URL; use an authorised Telegram session, then preserve binary and SHA-256"
https://t.me/robiai33/159,عدم_اختصاص_ولائي_عمل_غير_تجاري.pdf,pending_authorized_download,"Telegram public preview has no binary download URL; use an authorised Telegram session, then preserve binary and SHA-256"
https://t.me/robiai33/160,عدم_اختصاص_ولائي_عقار_مقاولة_إنشاء.pdf,pending_authorized_download,"Telegram public preview has no binary download URL; use an authorised Telegram session, then preserve binary and SHA-256"
https://t.me/robiai33/161,عدم_اختصاص_ولائي_عقار_شراكة_في.pdf,pending_authorized_download,"Telegram public preview has no binary download URL; use an authorised Telegram session, then preserve binary and SHA-256"
https://t.me/robiai33/162,عدم_اختصاص_ولائي_عقار_إجار_عقار.pdf,pending_authorized_download,"Telegram public preview has no binary download URL; use an authorised Telegram session, then preserve binary and SHA-256"
https://t.me/robiai33/163,عدم_اختصاص_ولائي_طلب_إعادة_أسهم.pdf,pending_authorized_download,"Telegram public preview has no binary download URL; use an authorised Telegram session, then preserve binary and SHA-256"
https://t.me/robiai33/164,عدم اختصاص ولائي - صفة التاجر.pdf,pending_authorized_download,"Telegram public preview has no binary download URL; use an authorised Telegram session, then preserve binary and SHA-256"
https://t.me/robiai33/165,عدم_اختصاص_ولائي_صفة_التاجر_العمل.pdf,pending_authorized_download,"Telegram public preview has no binary download URL; use an authorised Telegram session, then preserve binary and SHA-256"
https://t.me/robiai33/166,عدم_اختصاص_ولائي_أوراق_تجارية.pdf,pending_authorized_download,"Telegram public preview has no binary download URL; use an authorised Telegram session, then preserve binary and SHA-256"
https://t.me/robiai33/167,عدم_اختصاص_ولائي_أعمال_زراعية.pdf,pending_authorized_download,"Telegram public preview has no binary download URL; use an authorised Telegram session, then preserve binary and SHA-256"
https://t.me/robiai33/168,عدم_اختصاص_ولائي_أعمال_زراعية.pdf,pending_authorized_download,"Telegram public preview has no binary download URL; use an authorised Telegram session, then preserve binary and SHA-256"
https://t.me/robiai33/169,عدم_اختصاص_مكاني_حكم_غيابي_إلغاء.pdf,pending_authorized_download,"Telegram public preview has no binary download URL; use an authorised Telegram session, then preserve binary and SHA-256"
https://t.me/robiai33/170,شركة_عقد_مضاربة_إثبات_شراكة_قرائن.pdf,pending_authorized_download,"Telegram public preview has no binary download URL; use an authorised Telegram session, then preserve binary and SHA-256"
https://t.me/robiai33/171,شركة_اكتتاب_أسهم_أرباح_سداد_قيمة.pdf,pending_authorized_download,"Telegram public preview has no binary download URL; use an authorised Telegram session, then preserve binary and SHA-256"
https://t.me/robiai33/172,شركة_إثبات_شراكة_طرق_الإثبات_يمين.pdf,pending_authorized_download,"Telegram public preview has no binary download URL; use an authorised Telegram session, then preserve binary and SHA-256"
https://t.me/robiai33/173,شركة_مضاربة_مخالفة_اتفاق_المضاربة.pdf,pending_authorized_download,"Telegram public preview has no binary download URL; use an authorised Telegram session, then preserve binary and SHA-256"
https://t.me/robiai33/174,مجموعة الاحكام القضائية ١٤٣٥ ج١.pdf,pending_authorized_download,"Telegram public preview has no binary download URL; use an authorised Telegram session, then preserve binary and SHA-256"
https://t.me/robiai33/175,مجموعة_الاحكام_القضائية_١٤٣٥_ج٢.pdf,pending_authorized_download,"Telegram public preview has no binary download URL; use an authorised Telegram session, then preserve binary and SHA-256"
https://t.me/robiai33/176,مجموعة الاحكام القضائية ١٤٣٥ ج٣.pdf,pending_authorized_download,"Telegram public preview has no binary download URL; use an authorised Telegram session, then preserve binary and SHA-256"
https://t.me/robiai33/177,مجموعة الاحكام القضائية ١٤٣٥ ج٤.pdf,pending_authorized_download,"Telegram public preview has no binary download URL; use an authorised Telegram session, then preserve binary and SHA-256"
https://t.me/robiai33/178,مجموعة الاحكام القضائية ١٤٣٥ ج٥.pdf,pending_authorized_download,"Telegram public preview has no binary download URL; use an authorised Telegram session, then preserve binary and SHA-256"
https://t.me/robiai33/179,مجموعة الاحكام القضائية ١٤٣٥ ج٦.pdf,pending_authorized_download,"Telegram public preview has no binary download URL; use an authorised Telegram session, then preserve binary and SHA-256"
https://t.me/robiai33/180,مجموعة الاحكام القضائية ١٤٣٥ ج٧.pdf,pending_authorized_download,"Telegram public preview has no binary download URL; use an authorised Telegram session, then preserve binary and SHA-256"
https://t.me/robiai33/181,مجموعة الاحكام القضائية ١٤٣٥ ج٨.pdf,pending_authorized_download,"Telegram public preview has no binary download URL; use an authorised Telegram session, then preserve binary and SHA-256"
https://t.me/robiai33/182,مجموعة الاحكام القضائية ١٤٣٥ ج٩.pdf,pending_authorized_download,"Telegram public preview has no binary download URL; use an authorised Telegram session, then preserve binary and SHA-256"
https://t.me/robiai33/183,مجموعة_الاحكام_القضائية_١٤٣٥_ج١٠.pdf,pending_authorized_download,"Telegram public preview has no binary download URL; use an authorised Telegram session, then preserve binary and SHA-256"
https://t.me/robiai33/184,مجموعة_الاحكام_القضائية_١٤٣٥_ج١١.pdf,pending_authorized_download,"Telegram public preview has no binary download URL; use an authorised Telegram session, then preserve binary and SHA-256"
https://t.me/robiai33/185,مجموعة_الاحكام_القضائية_١٤٣٥_ج١٢.pdf,pending_authorized_download,"Telegram public preview has no binary download URL; use an authorised Telegram session, then preserve binary and SHA-256"
https://t.me/robiai33/186,مجموعة_الاحكام_القضائية_١٤٣٥_ج١٣.pdf,pending_authorized_download,"Telegram public preview has no binary download URL; use an authorised Telegram session, then preserve binary and SHA-256"
https://t.me/robiai33/187,مجموعة_الاحكام_القضائية_١٤٣٥_ج١٤.pdf,pending_authorized_download,"Telegram public preview has no binary download URL; use an authorised Telegram session, then preserve binary and SHA-256"
https://t.me/robiai33/188,الأحكام_والمبادئ_التجارية_للأعوام.pdf,pending_authorized_download,"Telegram public preview has no binary download URL; use an authorised Telegram session, then preserve binary and SHA-256"
https://t.me/robiai33/189,الأحكام_والمبادئ_التجارية_للأعوام.pdf,pending_authorized_download,"Telegram public preview has no binary download URL; use an authorised Telegram session, then preserve binary and SHA-256"
https://t.me/robiai33/190,الأحكام_والمبادئ_التجارية_للأعوام.pdf,pending_authorized_download,"Telegram public preview has no binary download URL; use an authorised Telegram session, then preserve binary and SHA-256"
https://t.me/robiai33/191,الأحكام_والمبادئ_التجارية_للأعوام.pdf,pending_authorized_download,"Telegram public preview has no binary download URL; use an authorised Telegram session, then preserve binary and SHA-256"
https://t.me/robiai33/192,الأحكام_والمبادئ_التجارية_للأعوام.pdf,pending_authorized_download,"Telegram public preview has no binary download URL; use an authorised Telegram session, then preserve binary and SHA-256"
https://t.me/robiai33/193,مبادئ المحكمة العليا.pdf,pending_authorized_download,"Telegram public preview has no binary download URL; use an authorised Telegram session, then preserve binary and SHA-256"
https://t.me/robiai33/194,إثبات النسب.pdf,pending_authorized_download,"Telegram public preview has no binary download URL; use an authorised Telegram session, then preserve binary and SHA-256"
https://t.me/robiai33/195,إذن_جديد_بعد_الطلاق_وحصول_البينونة.pdf,pending_authorized_download,"Telegram public preview has no binary download URL; use an authorised Telegram session, then preserve binary and SHA-256"
https://t.me/robiai33/196,تعميم_اتفاقية_الرياض_العربية_للتعاون.pdf,pending_authorized_download,"Telegram public preview has no binary download URL; use an authorised Telegram session, then preserve binary and SHA-256"
https://t.me/robiai33/197,تعميم الحضانة.pdf,pending_authorized_download,"Telegram public preview has no binary download URL; use an authorised Telegram session, then preserve binary and SHA-256"
https://t.me/robiai33/198,5.pdf,pending_authorized_download,"Telegram public preview has no binary download URL; use an authorised Telegram session, then preserve binary and SHA-256"
https://t.me/robiai33/199,4.pdf,pending_authorized_download,"Telegram public preview has no binary download URL; use an authorised Telegram session, then preserve binary and SHA-256"
https://t.me/robiai33/200,7.pdf,pending_authorized_download,"Telegram public preview has no binary download URL; use an authorised Telegram session, then preserve binary and SHA-256"
https://t.me/robiai33/201,8.pdf,pending_authorized_download,"Telegram public preview has no binary download URL; use an authorised Telegram session, then preserve binary and SHA-256"
https://t.me/robiai33/202,9.pdf,pending_authorized_download,"Telegram public preview has no binary download URL; use an authorised Telegram session, then preserve binary and SHA-256"
https://t.me/robiai33/203,10.pdf,pending_authorized_download,"Telegram public preview has no binary download URL; use an authorised Telegram session, then preserve binary and SHA-256"
https://t.me/robiai33/204,11.pdf,pending_authorized_download,"Telegram public preview has no binary download URL; use an authorised Telegram session, then preserve binary and SHA-256"
https://t.me/robiai33/205,13.pdf,pending_authorized_download,"Telegram public preview has no binary download URL; use an authorised Telegram session, then preserve binary and SHA-256"
https://t.me/robiai33/206,14.pdf,pending_authorized_download,"Telegram public preview has no binary download URL; use an authorised Telegram session, then preserve binary and SHA-256"
https://t.me/robiai33/207,أحكام لجنة الأوراق التجارية.pdf,pending_authorized_download,"Telegram public preview has no binary download URL; use an authorised Telegram session, then preserve binary and SHA-256"
https://t.me/robiai33/208,المجلد_الأول_القرارات_و_المبادئ.pdf,pending_authorized_download,"Telegram public preview has no binary download URL; use an authorised Telegram session, then preserve binary and SHA-256"
https://t.me/robiai33/209,المجلد_الثالث_القرارات_و_المبادئ.pdf,pending_authorized_download,"Telegram public preview has no binary download URL; use an authorised Telegram session, then preserve binary and SHA-256"
https://t.me/robiai33/210,المجلد_الثاني_القرارات_و_المبادئ.pdf,pending_authorized_download,"Telegram public preview has no binary download URL; use an authorised Telegram session, then preserve binary and SHA-256"
https://t.me/robiai33/211,المجلد_الرابع_القرارات_و_المبادئ.pdf,pending_authorized_download,"Telegram public preview has no binary download URL; use an authorised Telegram session, then preserve binary and SHA-256"
https://t.me/robiai33/212,مجلد_المبادئ_القرارات_و_المبادئ.pdf,pending_authorized_download,"Telegram public preview has no binary download URL; use an authorised Telegram session, then preserve binary and SHA-256"
https://t.me/robiai33/213,2_قرار_إداري_سلبي_امتناع_عن_إحالة.pdf,pending_authorized_download,"Telegram public preview has no binary download URL; use an authorised Telegram session, then preserve binary and SHA-256"
https://t.me/robiai33/214,24_قرار_إداري_سلبي_امتناع_عن_تعيين.pdf,pending_authorized_download,"Telegram public preview has no binary download URL; use an authorised Telegram session, then preserve binary and SHA-256"
https://t.me/robiai33/215,36_قرار_إداري_سلبي_امتناع_عن_الفسح.pdf,pending_authorized_download,"Telegram public preview has no binary download URL; use an authorised Telegram session, then preserve binary and SHA-256"
https://t.me/robiai33/216?single,1.pdf,pending_authorized_download,"Telegram public preview has no binary download URL; use an authorised Telegram session, then preserve binary and SHA-256"
https://t.me/robiai33/225?single,10.pdf,pending_authorized_download,"Telegram public preview has no binary download URL; use an authorised Telegram session, then preserve binary and SHA-256"
https://t.me/robiai33/217?single,2.pdf,pending_authorized_download,"Telegram public preview has no binary download URL; use an authorised Telegram session, then preserve binary and SHA-256"
https://t.me/robiai33/218?single,3.pdf,pending_authorized_download,"Telegram public preview has no binary download URL; use an authorised Telegram session, then preserve binary and SHA-256"
https://t.me/robiai33/219?single,4.pdf,pending_authorized_download,"Telegram public preview has no binary download URL; use an authorised Telegram session, then preserve binary and SHA-256"
https://t.me/robiai33/220?single,5.pdf,pending_authorized_download,"Telegram public preview has no binary download URL; use an authorised Telegram session, then preserve binary and SHA-256"
https://t.me/robiai33/221?single,6.pdf,pending_authorized_download,"Telegram public preview has no binary download URL; use an authorised Telegram session, then preserve binary and SHA-256"
https://t.me/robiai33/222?single,7.pdf,pending_authorized_download,"Telegram public preview has no binary download URL; use an authorised Telegram session, then preserve binary and SHA-256"
https://t.me/robiai33/223?single,8.pdf,pending_authorized_download,"Telegram public preview has no binary download URL; use an authorised Telegram session, then preserve binary and SHA-256"
https://t.me/robiai33/224?single,9.pdf,pending_authorized_download,"Telegram public preview has no binary download URL; use an authorised Telegram session, then preserve binary and SHA-256"
https://t.me/robiai33/226,سوابق_قضائية_في_جرائم_معلوماتية.pdf,pending_authorized_download,"Telegram public preview has no binary download URL; use an authorised Telegram session, then preserve binary and SHA-256"
https://t.me/robiai33/227,سفاري.pdf,pending_authorized_download,"Telegram public preview has no binary download URL; use an authorised Telegram session, then preserve binary and SHA-256"
https://t.me/robiai33/228,سفاري.pdf,pending_authorized_download,"Telegram public preview has no binary download URL; use an authorised Telegram session, then preserve binary and SHA-256"
https://t.me/robiai33/229,file.pdf,pending_authorized_download,"Telegram public preview has no binary download URL; use an authorised Telegram session, then preserve binary and SHA-256"
https://t.me/robiai33/230,100.pdf,pending_authorized_download,"Telegram public preview has no binary download URL; use an authorised Telegram session, then preserve binary and SHA-256"
https://t.me/robiai33/231?single,المجلد الأول.pdf,pending_authorized_download,"Telegram public preview has no binary download URL; use an authorised Telegram session, then preserve binary and SHA-256"
https://t.me/robiai33/232?single,المجلد الثاني.pdf,pending_authorized_download,"Telegram public preview has no binary download URL; use an authorised Telegram session, then preserve binary and SHA-256"
https://t.me/robiai33/233,التسبيبات_الفقهية_في_باب_الإجارة_1443.pdf,pending_authorized_download,"Telegram public preview has no binary download URL; use an authorised Telegram session, then preserve binary and SHA-256"
https://t.me/robiai33/234,مهمات_من_القواعد_كتاب_الجنايات_الماجد.pdf,pending_authorized_download,"Telegram public preview has no binary download URL; use an authorised Telegram session, then preserve binary and SHA-256"
https://t.me/robiai33/235,تسبيبات فقهية شاملة.pdf,pending_authorized_download,"Telegram public preview has no binary download URL; use an authorised Telegram session, then preserve binary and SHA-256"
https://t.me/robiai33/236,التطبيقات القضائية للتحكيم.pdf1.pdf,pending_authorized_download,"Telegram public preview has no binary download URL; use an authorised Telegram session, then preserve binary and SHA-256"
https://t.me/robiai33/237,‎⁨حكم_قضائي_بإلزام_مدير_شركة_ات_مسؤولية_محدودة_بسداد_الديون_الثابتة⁩.pdf,pending_authorized_download,"Telegram public preview has no binary download URL; use an authorised Telegram session, then preserve binary and SHA-256"
https://t.me/robiai33/238,‎⁨حكم_قضائي_بإلزام_مدير_شركة_ات_مسؤولية_محدودة_بسداد_الديون_الثابتة⁩.pdf,pending_authorized_download,"Telegram public preview has no binary download URL; use an authorised Telegram session, then preserve binary and SHA-256"
https://t.me/robiai33/239,‎⁨حكم_قضائي_بإلزام_مدير_شركة_ات_مسؤولية_محدودة_بسداد_الديون_الثابتة⁩.pdf,pending_authorized_download,"Telegram public preview has no binary download URL; use an authorised Telegram session, then preserve binary and SHA-256"
https://t.me/robiai33/240,التطبيقات القضائية للتحكيم.pdf1.pdf,pending_authorized_download,"Telegram public preview has no binary download URL; use an authorised Telegram session, then preserve binary and SHA-256"
https://t.me/robiai33/241,78.pdf,pending_authorized_download,"Telegram public preview has no binary download URL; use an authorised Telegram session, then preserve binary and SHA-256"
https://t.me/robiai33/242,78.pdf,pending_authorized_download,"Telegram public preview has no binary download URL; use an authorised Telegram session, then preserve binary and SHA-256"
https://t.me/robiai33/243,ايقاف الاستحكامات.pdf,pending_authorized_download,"Telegram public preview has no binary download URL; use an authorised Telegram session, then preserve binary and SHA-256"
https://t.me/robiai33/244,المبادىء_والقرارات_والتقريرات_في.pdf,pending_authorized_download,"Telegram public preview has no binary download URL; use an authorised Telegram session, then preserve binary and SHA-256"
https://t.me/robiai33/245,تعاميم وزارة العدل كاملة.pdf,pending_authorized_download,"Telegram public preview has no binary download URL; use an authorised Telegram session, then preserve binary and SHA-256"
https://t.me/robiai33/246,‎⁨تعميم لكافة الجهات الحكومية⁩.pdf,pending_authorized_download,"Telegram public preview has no binary download URL; use an authorised Telegram session, then preserve binary and SHA-256"
https://t.me/robiai33/247,تعاميم المخدرات.pdf,pending_authorized_download,"Telegram public preview has no binary download URL; use an authorised Telegram session, then preserve binary and SHA-256"
https://t.me/robiai33/248,مجموعة الأحكام (٣٥) مجلد ١٢.pdf,pending_authorized_download,"Telegram public preview has no binary download URL; use an authorised Telegram session, then preserve binary and SHA-256"
https://t.me/robiai33/249,مجموعة الأحكام (٣٥) الفهارس ١٤.pdf,pending_authorized_download,"Telegram public preview has no binary download URL; use an authorised Telegram session, then preserve binary and SHA-256"
https://t.me/robiai33/250,مجموعة الأحكام (٣٥) مجلد ٢.pdf,pending_authorized_download,"Telegram public preview has no binary download URL; use an authorised Telegram session, then preserve binary and SHA-256"
https://t.me/robiai33/251,مجموعة الأحكام (٣٥) مجلد ٣.pdf,pending_authorized_download,"Telegram public preview has no binary download URL; use an authorised Telegram session, then preserve binary and SHA-256"
https://t.me/robiai33/252,مجموعة الأحكام (٣٥) مجلد ٤.pdf,pending_authorized_download,"Telegram public preview has no binary download URL; use an authorised Telegram session, then preserve binary and SHA-256"
https://t.me/robiai33/253,مجموعة الأحكام (٣٥) مجلد ٥.pdf,pending_authorized_download,"Telegram public preview has no binary download URL; use an authorised Telegram session, then preserve binary and SHA-256"
https://t.me/robiai33/254,مجموعة الأحكام (٣٥) مجلد ٦.pdf,pending_authorized_download,"Telegram public preview has no binary download URL; use an authorised Telegram session, then preserve binary and SHA-256"
https://t.me/robiai33/255,مجموعة الأحكام (٣٥) مجلد ٧.pdf,pending_authorized_download,"Telegram public preview has no binary download URL; use an authorised Telegram session, then preserve binary and SHA-256"
https://t.me/robiai33/256,مجموعة الأحكام (٣٥) مجلد ٨.pdf,pending_authorized_download,"Telegram public preview has no binary download URL; use an authorised Telegram session, then preserve binary and SHA-256"
https://t.me/robiai33/257,مجموعة الأحكام (٣٥) مجلد ٩.pdf,pending_authorized_download,"Telegram public preview has no binary download URL; use an authorised Telegram session, then preserve binary and SHA-256"
https://t.me/robiai33/258,مجموعة الأحكام (٣٥) مجلد ١١.pdf,pending_authorized_download,"Telegram public preview has no binary download URL; use an authorised Telegram session, then preserve binary and SHA-256"
https://t.me/robiai33/259,مجموعة الأحكام (٣٥) مجلد ١٠.pdf,pending_authorized_download,"Telegram public preview has no binary download URL; use an authorised Telegram session, then preserve binary and SHA-256"
https://t.me/robiai33/260,مجموعة الأحكام (٣٥) مجلد ١.pdf,pending_authorized_download,"Telegram public preview has no binary download URL; use an authorised Telegram session, then preserve binary and SHA-256"
https://t.me/robiai33/261,مجموعة الأحكام (٣٥) مجلد ١٣.pdf,pending_authorized_download,"Telegram public preview has no binary download URL; use an authorised Telegram session, then preserve binary and SHA-256"
https://t.me/robiai33/262,مجموعة الأحكام (٣٥) مجلد ١١.pdf,pending_authorized_download,"Telegram public preview has no binary download URL; use an authorised Telegram session, then preserve binary and SHA-256"
https://t.me/robiai33/263,المبادئ والقرارات.pdf,pending_authorized_download,"Telegram public preview has no binary download URL; use an authorised Telegram session, then preserve binary and SHA-256"
https://t.me/robiai33/264,معجم مصطلحات العلوم الشرعية 4.pdf,pending_authorized_download,"Telegram public preview has no binary download URL; use an authorised Telegram session, then preserve binary and SHA-256"
https://t.me/robiai33/265,معجم مصطلحات العلوم الشرعية 2.pdf,pending_authorized_download,"Telegram public preview has no binary download URL; use an authorised Telegram session, then preserve binary and SHA-256"
https://t.me/robiai33/266,معجم مصطلحات العلوم الشرعية 3.pdf,pending_authorized_download,"Telegram public preview has no binary download URL; use an authorised Telegram session, then preserve binary and SHA-256"
https://t.me/robiai33/267,معجم مصلطحات العلوم الشرعية 1.pdf,pending_authorized_download,"Telegram public preview has no binary download URL; use an authorised Telegram session, then preserve binary and SHA-256"
https://t.me/robiai33/268,تجاري 1.pdf,pending_authorized_download,"Telegram public preview has no binary download URL; use an authorised Telegram session, then preserve binary and SHA-256"
https://t.me/robiai33/269,تجاري 2.pdf,pending_authorized_download,"Telegram public preview has no binary download URL; use an authorised Telegram session, then preserve binary and SHA-256"
https://t.me/robiai33/270,تجاري 3.pdf,pending_authorized_download,"Telegram public preview has no binary download URL; use an authorised Telegram session, then preserve binary and SHA-256"
https://t.me/robiai33/271,تجاري 4.pdf,pending_authorized_download,"Telegram public preview has no binary download URL; use an authorised Telegram session, then preserve binary and SHA-256"
https://t.me/robiai33/272,تجاري 5.pdf,pending_authorized_download,"Telegram public preview has no binary download URL; use an authorised Telegram session, then preserve binary and SHA-256"
https://t.me/robiai33/273,الفهارس تجاري.pdf,pending_authorized_download,"Telegram public preview has no binary download URL; use an authorised Telegram session, then preserve binary and SHA-256"
https://t.me/robiai33/274,جزائي 1.pdf,pending_authorized_download,"Telegram public preview has no binary download URL; use an authorised Telegram session, then preserve binary and SHA-256"
https://t.me/robiai33/275,جزائي 2.pdf,pending_authorized_download,"Telegram public preview has no binary download URL; use an authorised Telegram session, then preserve binary and SHA-256"
https://t.me/robiai33/276,الفهارس جزائي.pdf,pending_authorized_download,"Telegram public preview has no binary download URL; use an authorised Telegram session, then preserve binary and SHA-256"
https://t.me/robiai33/277,مجموعة المبادئ التجارية.pdf,pending_authorized_download,"Telegram public preview has no binary download URL; use an authorised Telegram session, then preserve binary and SHA-256"
https://t.me/robiai33/278,مدونة_التفتيش_القضائي_الإصدار_الأول.pdf,pending_authorized_download,"Telegram public preview has no binary download URL; use an authorised Telegram session, then preserve binary and SHA-256"
https://t.me/robiai33/279,تعليمات_بشأن_تطبيق_لائحة_التصرف_في_عقارات_الدولة.pdf,pending_authorized_download,"Telegram public preview has no binary download URL; use an authorised Telegram session, then preserve binary and SHA-256"
https://t.me/robiai33/280,نظام_نزع_ملكية_العقارات_للمنفعة_العامة،_ووضع_اليد_المؤقت_على_العقار.pdf,pending_authorized_download,"Telegram public preview has no binary download URL; use an authorised Telegram session, then preserve binary and SHA-256"
https://t.me/robiai33/281,100.pdf,pending_authorized_download,"Telegram public preview has no binary download URL; use an authorised Telegram session, then preserve binary and SHA-256"
https://t.me/robiai33/283,الملف_المرفق.pdf,pending_authorized_download,"Telegram public preview has no binary download URL; use an authorised Telegram session, then preserve binary and SHA-256"
https://t.me/robiai33/284,أمر_ملكي_في_شأن_عقوبة_كل_من_يسهل_دخول_المتسلل_للمملكة_أو_نقله.pdf,pending_authorized_download,"Telegram public preview has no binary download URL; use an authorised Telegram session, then preserve binary and SHA-256"
https://t.me/robiai33/285,قرار_المحكمة_العليا_بشأن_إقرار_مبادئ_في_شأن_الجوانب_المتصلة.pdf,pending_authorized_download,"Telegram public preview has no binary download URL; use an authorised Telegram session, then preserve binary and SHA-256"
https://t.me/robiai33/286,مبادئ الأوراق التجارية 1.pdf,pending_authorized_download,"Telegram public preview has no binary download URL; use an authorised Telegram session, then preserve binary and SHA-256"
https://t.me/robiai33/287,المبادئ والقرارات.pdf,pending_authorized_download,"Telegram public preview has no binary download URL; use an authorised Telegram session, then preserve binary and SHA-256"
https://t.me/robiai33/288,التطبيق القضائي.pdf,pending_authorized_download,"Telegram public preview has no binary download URL; use an authorised Telegram session, then preserve binary and SHA-256"
https://t.me/robiai33/289,13 - ت - 8224 في 5 - 1 - 1442 هـ.pdf,pending_authorized_download,"Telegram public preview has no binary download URL; use an authorised Telegram session, then preserve binary and SHA-256"
https://t.me/robiai33/290,قرار رقم 1.pdf,pending_authorized_download,"Telegram public preview has no binary download URL; use an authorised Telegram session, then preserve binary and SHA-256"
https://t.me/robiai33/291,فهرسة_وتصنيف_التعاميم_المنظمة_لعمل_كاتب_العدل_1442هـ.pdf,pending_authorized_download,"Telegram public preview has no binary download URL; use an authorised Telegram session, then preserve binary and SHA-256"
https://t.me/robiai33/292,file-3.pdf,pending_authorized_download,"Telegram public preview has no binary download URL; use an authorised Telegram session, then preserve binary and SHA-256"
https://t.me/robiai33/293,الملف_المرفق.pdf,pending_authorized_download,"Telegram public preview has no binary download URL; use an authorised Telegram session, then preserve binary and SHA-256"
https://t.me/robiai33/294,‎⁨الملف_المرفق⁩.pdf,pending_authorized_download,"Telegram public preview has no binary download URL; use an authorised Telegram session, then preserve binary and SHA-256"
https://t.me/robiai33/295,Unknown.pdf,pending_authorized_download,"Telegram public preview has no binary download URL; use an authorised Telegram session, then preserve binary and SHA-256"
https://t.me/robiai33/296,‎⁨١٣ - ت - ٨١٣٤⁩.pdf,pending_authorized_download,"Telegram public preview has no binary download URL; use an authorised Telegram session, then preserve binary and SHA-256"
https://t.me/robiai33/297,‎⁨١٣ - ت - ٨١٣٤⁩.pdf,pending_authorized_download,"Telegram public preview has no binary download URL; use an authorised Telegram session, then preserve binary and SHA-256"
https://t.me/robiai33/298,02.pdf,pending_authorized_download,"Telegram public preview has no binary download URL; use an authorised Telegram session, then preserve binary and SHA-256"
https://t.me/robiai33/299,8268802c-b2a0-4fd6-908e-9af6bd1bb50b.pdf,pending_authorized_download,"Telegram public preview has no binary download URL; use an authorised Telegram session, then preserve binary and SHA-256"
https://t.me/robiai33/300,f0914de6-eb55-46c0-b280-86a93bea7249.pdf,pending_authorized_download,"Telegram public preview has no binary download URL; use an authorised Telegram session, then preserve binary and SHA-256"
https://t.me/robiai33/301,67188004-a502-43a9-ac90-1c89a7b3626a.pdf,pending_authorized_download,"Telegram public preview has no binary download URL; use an authorised Telegram session, then preserve binary and SHA-256"
https://t.me/robiai33/302,scan0003.pdf.pdf,pending_authorized_download,"Telegram public preview has no binary download URL; use an authorised Telegram session, then preserve binary and SHA-256"
https://t.me/robiai33/303,‎⁨دليل_الأسئلة_العدلية_في_القضاء.pdf,pending_authorized_download,"Telegram public preview has no binary download URL; use an authorised Telegram session, then preserve binary and SHA-256"
https://t.me/robiai33/304,تسبيبات وسائل الإثبات.pdf,pending_authorized_download,"Telegram public preview has no binary download URL; use an authorised Telegram session, then preserve binary and SHA-256"
https://t.me/robiai33/305,مجموعة_قواعد_واصول_القانون_تسبيبات.pdf,pending_authorized_download,"Telegram public preview has no binary download URL; use an authorised Telegram session, then preserve binary and SHA-256"
https://t.me/robiai33/306,فهرسة نظام الإجراءات الجزائية.pdf,pending_authorized_download,"Telegram public preview has no binary download URL; use an authorised Telegram session, then preserve binary and SHA-256"
https://t.me/robiai33/307,التعاميم_ومواد_الأنظمة_المهمة_في.pdf,pending_authorized_download,"Telegram public preview has no binary download URL; use an authorised Telegram session, then preserve binary and SHA-256"
https://t.me/robiai33/308,02.pdf,pending_authorized_download,"Telegram public preview has no binary download URL; use an authorised Telegram session, then preserve binary and SHA-256"
https://t.me/robiai33/309,تعميم من الديوان الملكي 1443هـ.pdf,pending_authorized_download,"Telegram public preview has no binary download URL; use an authorised Telegram session, then preserve binary and SHA-256"
https://t.me/robiai33/310,أمر_ملكي_بخصوص_طلبات_تملك_العقارات.pdf,pending_authorized_download,"Telegram public preview has no binary download URL; use an authorised Telegram session, then preserve binary and SHA-256"
https://t.me/robiai33/311,تعميم_تنفيذ_الأحكام_الصادرة_بانتقال_الملكية_العقارية.pdf,pending_authorized_download,"Telegram public preview has no binary download URL; use an authorised Telegram session, then preserve binary and SHA-256"
https://t.me/robiai33/312,الملف_المرفق.pdf,pending_authorized_download,"Telegram public preview has no binary download URL; use an authorised Telegram session, then preserve binary and SHA-256"
https://t.me/robiai33/314?single,نظام الإثبات - نسخة هيئة الخبراء.pdf,pending_authorized_download,"Telegram public preview has no binary download URL; use an authorised Telegram session, then preserve binary and SHA-256"
https://t.me/robiai33/313?single,نظام_الإثبات_نسخة_مركز_الوثائق_والمحفوظات.pdf,pending_authorized_download,"Telegram public preview has no binary download URL; use an authorised Telegram session, then preserve binary and SHA-256"
https://t.me/robiai33/315,قواعد الحد من تعارض المصالح.pdf,pending_authorized_download,"Telegram public preview has no binary download URL; use an authorised Telegram session, then preserve binary and SHA-256"
https://t.me/robiai33/316,تعميم_التوجيه_الكريم_بأنهاء_دوام_يوم_الثلاثاء_2الساعة_12_ظهراً_وذلك.pdf,pending_authorized_download,"Telegram public preview has no binary download URL; use an authorised Telegram session, then preserve binary and SHA-256"
https://t.me/robiai33/317,التكاليف القضائية.pdf,pending_authorized_download,"Telegram public preview has no binary download URL; use an authorised Telegram session, then preserve binary and SHA-256"
https://t.me/robiai33/318,تعويض_عن_الربح_الفائت_إغلاق_محل.pdf,pending_authorized_download,"Telegram public preview has no binary download URL; use an authorised Telegram session, then preserve binary and SHA-256"
https://t.me/robiai33/319,ضوابط إيقاف الخدمات 1444.pdf,pending_authorized_download,"Telegram public preview has no binary download URL; use an authorised Telegram session, then preserve binary and SHA-256"
https://t.me/robiai33/320,ضوابط إيقاف الخدمات1444.pdf,pending_authorized_download,"Telegram public preview has no binary download URL; use an authorised Telegram session, then preserve binary and SHA-256"
https://t.me/robiai33/321,IMG_20231012_224822_938.jpg,pending_authorized_download,"Telegram public preview has no binary download URL; use an authorised Telegram session, then preserve binary and SHA-256"
https://t.me/robiai33/322,Gulf.pdf,pending_authorized_download,"Telegram public preview has no binary download URL; use an authorised Telegram session, then preserve binary and SHA-256"
https://t.me/robiai33/323,OriginalAttachPath-1.pdf,pending_authorized_download,"Telegram public preview has no binary download URL; use an authorised Telegram session, then preserve binary and SHA-256"
https://t.me/robiai33/324,قرار_المحكمة_العليا_بشأن_إقرار_مبادئ_في_شأن_الجوانب_المتصلة.pdf,pending_authorized_download,"Telegram public preview has no binary download URL; use an authorised Telegram session, then preserve binary and SHA-256"
https://t.me/robiai33/325,‎⁨تعاميم الانهاءات ⁩.pdf,pending_authorized_download,"Telegram public preview has no binary download URL; use an authorised Telegram session, then preserve binary and SHA-256"
https://t.me/robiai33/326,🔴تعاميم القضاء التجاري abha4712@.pdf.pdf,pending_authorized_download,"Telegram public preview has no binary download URL; use an authorised Telegram session, then preserve binary and SHA-256"
https://t.me/robiai33/327,فهرس_تعاميم_وزارة_العدل_من_١٣٤٥الى_١٤١٢.pdf,pending_authorized_download,"Telegram public preview has no binary download URL; use an authorised Telegram session, then preserve binary and SHA-256"
https://t.me/robiai33/328,تعاميم وزارة العدل كاملة.pdf,pending_authorized_download,"Telegram public preview has no binary download URL; use an authorised Telegram session, then preserve binary and SHA-256"
https://t.me/robiai33/329,تعاميم_المصرف_المركزي_حماية_المستهلك_2020_673.pdf,pending_authorized_download,"Telegram public preview has no binary download URL; use an authorised Telegram session, then preserve binary and SHA-256"
https://t.me/robiai33/330,فهرس_تعاميم_وزارة_العدل_1345هـ_1412هـ_الأول.pdf,pending_authorized_download,"Telegram public preview has no binary download URL; use an authorised Telegram session, then preserve binary and SHA-256"
https://t.me/robiai33/331,تعاميم_المحاكم_في_القضايا_الشخصية.pdf,pending_authorized_download,"Telegram public preview has no binary download URL; use an authorised Telegram session, then preserve binary and SHA-256"
https://t.me/robiai33/332,فهرس_تعاميم_وزارة_العدل_من_١٣٤٥الى_١٤١٢_2.pdf,pending_authorized_download,"Telegram public preview has no binary download URL; use an authorised Telegram session, then preserve binary and SHA-256"
https://t.me/robiai33/333,تعاميم وزارة العدل.pdf,pending_authorized_download,"Telegram public preview has no binary download URL; use an authorised Telegram session, then preserve binary and SHA-256"
https://t.me/robiai33/334,تعاميم وزارة العدل خلال 74 عاما.pdf,pending_authorized_download,"Telegram public preview has no binary download URL; use an authorised Telegram session, then preserve binary and SHA-256"
https://t.me/robiai33/335,تعاميم_لمكاتب_المحاماة_حول_غسل_الأموال.pdf,pending_authorized_download,"Telegram public preview has no binary download URL; use an authorised Telegram session, then preserve binary and SHA-256"
https://t.me/robiai33/336,مرجع_لأهم_تعاميم_القضايا_التجارية_.pdf,pending_authorized_download,"Telegram public preview has no binary download URL; use an authorised Telegram session, then preserve binary and SHA-256"
https://t.me/robiai33/337,فهرس_تعاميم_وزارة_العدل_1345هـ_1412هـ_الأول.pdf,pending_authorized_download,"Telegram public preview has no binary download URL; use an authorised Telegram session, then preserve binary and SHA-256"
https://t.me/robiai33/338,تعاميم_المحاكم_في_القضايا_الشخصية.pdf,pending_authorized_download,"Telegram public preview has no binary download URL; use an authorised Telegram session, then preserve binary and SHA-256"
https://t.me/robiai33/339,4_5816636460505237226.pdf,pending_authorized_download,"Telegram public preview has no binary download URL; use an authorised Telegram session, then preserve binary and SHA-256"
https://t.me/robiai33/340,علاوة فنية للثانوية التجارية.pdf,pending_authorized_download,"Telegram public preview has no binary download URL; use an authorised Telegram session, then preserve binary and SHA-256"
https://t.me/robiai33/341,مرفق4_قرار_مجلس_الوزراء_80_لعام_32_الترقية.pdf,pending_authorized_download,"Telegram public preview has no binary download URL; use an authorised Telegram session, then preserve binary and SHA-256"
https://t.me/robiai33/342,المعاهد_والمراكز_التدريبيه_المعتمدة_لدى_.pdf,pending_authorized_download,"Telegram public preview has no binary download URL; use an authorised Telegram session, then preserve binary and SHA-256"
https://t.me/robiai33/343,تغطية_المركبات_الحكومية_بالتأمين_الألزامي.pdf,pending_authorized_download,"Telegram public preview has no binary download URL; use an authorised Telegram session, then preserve binary and SHA-256"
https://t.me/robiai33/344,قرار المناطق النائية.pdf,pending_authorized_download,"Telegram public preview has no binary download URL; use an authorised Telegram session, then preserve binary and SHA-256"
https://t.me/robiai33/345,توصية ببدل عدوى لدور التوقيف.pdf,pending_authorized_download,"Telegram public preview has no binary download URL; use an authorised Telegram session, then preserve binary and SHA-256"
https://t.me/robiai33/346,نموذج تظلم إداري 23.pdf,pending_authorized_download,"Telegram public preview has no binary download URL; use an authorised Telegram session, then preserve binary and SHA-256"
https://t.me/robiai33/347,توصية مسافة مستحقي الابتعاث.pdf,pending_authorized_download,"Telegram public preview has no binary download URL; use an authorised Telegram session, then preserve binary and SHA-256"
https://t.me/robiai33/348,توصية_بالقضايا_الموجبة_لتوقيف_الترقية_1437.pdf,pending_authorized_download,"Telegram public preview has no binary download URL; use an authorised Telegram session, then preserve binary and SHA-256"
https://t.me/robiai33/349,التعويض_للخسارة_الفعلية_للعسكريين_.pdf,pending_authorized_download,"Telegram public preview has no binary download URL; use an authorised Telegram session, then preserve binary and SHA-256"
https://t.me/robiai33/350,دليل_الاجراءات_الادارية_العسكرية_.pdf,pending_authorized_download,"Telegram public preview has no binary download URL; use an authorised Telegram session, then preserve binary and SHA-256"
https://t.me/robiai33/351,تعميم_مجلس_الوزراء_بصرف_المسحقات_المستقرة.pdf,pending_authorized_download,"Telegram public preview has no binary download URL; use an authorised Telegram session, then preserve binary and SHA-256"
https://t.me/robiai33/352,إضافة_فقرة_ك_إلى_البند_السادس_عشر_من_اللائحة.pdf,pending_authorized_download,"Telegram public preview has no binary download URL; use an authorised Telegram session, then preserve binary and SHA-256"
https://t.me/robiai33/353,تعميم_الاعتراف_بشهادة_برنامج_بكالوريوس_وماجستير_العلوم_العسكرية.pdf,pending_authorized_download,"Telegram public preview has no binary download URL; use an authorised Telegram session, then preserve binary and SHA-256"
https://t.me/robiai33/354,توصية_تعديل_العلاوات_الفنية_المتسحدثة.pdf,pending_authorized_download,"Telegram public preview has no binary download URL; use an authorised Telegram session, then preserve binary and SHA-256"
https://t.me/robiai33/355,قرار_مجلس_الخدمة_العسكرية_الموافقة_على_الدراسة_.pdf,pending_authorized_download,"Telegram public preview has no binary download URL; use an authorised Telegram session, then preserve binary and SHA-256"
https://t.me/robiai33/356,تعديل المادة 28.pdf,pending_authorized_download,"Telegram public preview has no binary download URL; use an authorised Telegram session, then preserve binary and SHA-256"
https://t.me/robiai33/357,اللائحة_التنفيذية_لنظام_التنفيذ_الإداري.pdf,pending_authorized_download,"Telegram public preview has no binary download URL; use an authorised Telegram session, then preserve binary and SHA-256"
https://t.me/robiai33/358,مخصصات المبتعثين ومرافقيهم.pdf,pending_authorized_download,"Telegram public preview has no binary download URL; use an authorised Telegram session, then preserve binary and SHA-256"
https://t.me/robiai33/359,النظام الداخلي للقوات المسلحة.pdf,pending_authorized_download,"Telegram public preview has no binary download URL; use an authorised Telegram session, then preserve binary and SHA-256"
https://t.me/robiai33/360,حكم_بعدم_جواز_تقييد_الترقية_بسن_محدد.pdf,pending_authorized_download,"Telegram public preview has no binary download URL; use an authorised Telegram session, then preserve binary and SHA-256"
https://t.me/robiai33/361,تعليمات التدريب المستديمة.pdf,pending_authorized_download,"Telegram public preview has no binary download URL; use an authorised Telegram session, then preserve binary and SHA-256"
https://t.me/robiai33/362,قرار_مكافأة_لجنة_اتلاف_المخدرات_ومسؤل_حفظها.pdf,pending_authorized_download,"Telegram public preview has no binary download URL; use an authorised Telegram session, then preserve binary and SHA-256"
https://t.me/robiai33/363,توصية_لجنة_الضباط_العليا_بخصوص_تفسير_عمليات_حفظ_الامن_.pdf,pending_authorized_download,"Telegram public preview has no binary download URL; use an authorised Telegram session, then preserve binary and SHA-256"
https://t.me/robiai33/364,تكريم_شهداء_ومصابي_عمليات_مكافحة_الارهاب_.pdf,pending_authorized_download,"Telegram public preview has no binary download URL; use an authorised Telegram session, then preserve binary and SHA-256"
https://t.me/robiai33/365,قرار_التعويض_عن_الوفاة_أو_الإصابة_خارج_اماكن_القنال_مع_العدو.pdf,pending_authorized_download,"Telegram public preview has no binary download URL; use an authorised Telegram session, then preserve binary and SHA-256"
https://t.me/robiai33/366,تعويض_الموظف_المكلف_بالعمل_في_الخارج_في_حالة_الوفة_او_الإصابة.pdf,pending_authorized_download,"Telegram public preview has no binary download URL; use an authorised Telegram session, then preserve binary and SHA-256"
https://t.me/robiai33/367,شروط القبول في الكليات العسكرية .pdf,pending_authorized_download,"Telegram public preview has no binary download URL; use an authorised Telegram session, then preserve binary and SHA-256"
https://t.me/robiai33/368,تعميم_بعدم_النقل_الا_عن_طريق_الشؤون_العسكرية.pdf,pending_authorized_download,"Telegram public preview has no binary download URL; use an authorised Telegram session, then preserve binary and SHA-256"
https://t.me/robiai33/369,‎⁨ضوابط_وإجراءات_دورات_القوات_المسلحة⁩.pdf,pending_authorized_download,"Telegram public preview has no binary download URL; use an authorised Telegram session, then preserve binary and SHA-256"
https://t.me/robiai33/370,لائحة ابتعاث الضباط للدراسات المدنية ال.pdf,pending_authorized_download,"Telegram public preview has no binary download URL; use an authorised Telegram session, then preserve binary and SHA-256"
https://t.me/robiai33/371,القواعد_القانونية_لأعمال_رجال_الأمن.pdf,pending_authorized_download,"Telegram public preview has no binary download URL; use an authorised Telegram session, then preserve binary and SHA-256"
https://t.me/robiai33/372,ضوابط تكريم المتفوقين رياضياً .pdf,pending_authorized_download,"Telegram public preview has no binary download URL; use an authorised Telegram session, then preserve binary and SHA-256"
https://t.me/robiai33/373,مكافأة المناطق الجبلية .pdf,pending_authorized_download,"Telegram public preview has no binary download URL; use an authorised Telegram session, then preserve binary and SHA-256"
https://t.me/robiai33/374,تعميم الدبلوم العسكري المهني.pdf,pending_authorized_download,"Telegram public preview has no binary download URL; use an authorised Telegram session, then preserve binary and SHA-256"
https://t.me/robiai33/375,قرار_مجلس_الوزراء_بصرف_علاوة_التزوير.pdf,pending_authorized_download,"Telegram public preview has no binary download URL; use an authorised Telegram session, then preserve binary and SHA-256"
https://t.me/robiai33/376,دليل_اللجان_الطبية_العسكرية_بوزارة_الداخلية_.pdf,pending_authorized_download,"Telegram public preview has no binary download URL; use an authorised Telegram session, then preserve binary and SHA-256"
https://t.me/robiai33/377,دليل_اللجان_الطبية_القوات_المسلحة.pdf,pending_authorized_download,"Telegram public preview has no binary download URL; use an authorised Telegram session, then preserve binary and SHA-256"
https://t.me/robiai33/378,نظام_الجرائم_المتعلقة_بالوظيفة_العامة_.pdf,pending_authorized_download,"Telegram public preview has no binary download URL; use an authorised Telegram session, then preserve binary and SHA-256"
https://t.me/robiai33/379,قرار مجلس الخدمة العسكرية 8 1426.pdf,pending_authorized_download,"Telegram public preview has no binary download URL; use an authorised Telegram session, then preserve binary and SHA-256"
https://t.me/robiai33/380,حسم_من_مستحقات_الموظف_نهاية_الخدمة_متأخرت_البنك_العقاري_.pdf,pending_authorized_download,"Telegram public preview has no binary download URL; use an authorised Telegram session, then preserve binary and SHA-256"
https://t.me/robiai33/381,توصية الضرر والعدوى لعام ١٤٣٦.pdf,pending_authorized_download,"Telegram public preview has no binary download URL; use an authorised Telegram session, then preserve binary and SHA-256"
https://t.me/robiai33/382,قرار تعديل مستويات القبول .pdf,pending_authorized_download,"Telegram public preview has no binary download URL; use an authorised Telegram session, then preserve binary and SHA-256"
https://t.me/robiai33/383,قرار_مجلس_الوزراء_بتنظيم_المشاركات_الرياضية_.pdf,pending_authorized_download,"Telegram public preview has no binary download URL; use an authorised Telegram session, then preserve binary and SHA-256"
https://t.me/robiai33/384,امر_سامي_بتوحيد_اجراءات_صرف_المبتعثين_.pdf,pending_authorized_download,"Telegram public preview has no binary download URL; use an authorised Telegram session, then preserve binary and SHA-256"
https://t.me/robiai33/385,توصية بطلب التكميل.pdf,pending_authorized_download,"Telegram public preview has no binary download URL; use an authorised Telegram session, then preserve binary and SHA-256"
https://t.me/robiai33/386,معاملة_العسكريين_معاملة_المدنيين_فيما_يتعلق_بإجازة_الأبوة_والوضع.pdf,pending_authorized_download,"Telegram public preview has no binary download URL; use an authorised Telegram session, then preserve binary and SHA-256"
https://t.me/robiai33/387,إجازة شهر للمنقول لمصلحة العمل.pdf,pending_authorized_download,"Telegram public preview has no binary download URL; use an authorised Telegram session, then preserve binary and SHA-256"
https://t.me/robiai33/388,توصية بدل ابتعاث للفرد الاساسي.pdf,pending_authorized_download,"Telegram public preview has no binary download URL; use an authorised Telegram session, then preserve binary and SHA-256"
https://t.me/robiai33/389,لائحة_التدريب_والابتعاث_لمنسوبي_وزارة_الداخلية_القديمة.pdf,pending_authorized_download,"Telegram public preview has no binary download URL; use an authorised Telegram session, then preserve binary and SHA-256"
https://t.me/robiai33/390,اركابات العسكريين والموظفين .pdf,pending_authorized_download,"Telegram public preview has no binary download URL; use an authorised Telegram session, then preserve binary and SHA-256"
https://t.me/robiai33/391,قرار صرف مكافأة البريد.pdf,pending_authorized_download,"Telegram public preview has no binary download URL; use an authorised Telegram session, then preserve binary and SHA-256"
https://t.me/robiai33/392,نظام عقوبات القوات المسلحة .pdf,pending_authorized_download,"Telegram public preview has no binary download URL; use an authorised Telegram session, then preserve binary and SHA-256"
https://t.me/robiai33/393,تعويض إصابات العمل للعسكريين .pdf,pending_authorized_download,"Telegram public preview has no binary download URL; use an authorised Telegram session, then preserve binary and SHA-256"
https://t.me/robiai33/394,توصية علاوة الاتصالات.pdf,pending_authorized_download,"Telegram public preview has no binary download URL; use an authorised Telegram session, then preserve binary and SHA-256"
https://t.me/robiai33/395,توصية مكافأة التأهيل.pdf,pending_authorized_download,"Telegram public preview has no binary download URL; use an authorised Telegram session, then preserve binary and SHA-256"
https://t.me/robiai33/396,قواعد_تنظيم_مكافأة_التأهيل_لضباط_وزارة_الدفاع_.pdf,pending_authorized_download,"Telegram public preview has no binary download URL; use an authorised Telegram session, then preserve binary and SHA-256"
https://t.me/robiai33/397,لائحة التظلمات بوزارة الدفاع .pdf,pending_authorized_download,"Telegram public preview has no binary download URL; use an authorised Telegram session, then preserve binary and SHA-256"
https://t.me/robiai33/398,معايير الترشيح للترقية .pdf,pending_authorized_download,"Telegram public preview has no binary download URL; use an authorised Telegram session, then preserve binary and SHA-256"
https://t.me/robiai33/399,قرار علاوة الإرهاب.pdf,pending_authorized_download,"Telegram public preview has no binary download URL; use an authorised Telegram session, then preserve binary and SHA-256"
https://t.me/robiai33/400,نظام_الملابس_والتجهيزات_العسكرية_.pdf,pending_authorized_download,"Telegram public preview has no binary download URL; use an authorised Telegram session, then preserve binary and SHA-256"
https://t.me/robiai33/401,قرار_التعويض_عن_الإجازات_نهاية_الخدمة.pdf,pending_authorized_download,"Telegram public preview has no binary download URL; use an authorised Telegram session, then preserve binary and SHA-256"
https://t.me/robiai33/402,الأمر_السامي_بعدم_صرف_بدل_ترحيل_للمنقول_بناء_على_طلبه.pdf,pending_authorized_download,"Telegram public preview has no binary download URL; use an authorised Telegram session, then preserve binary and SHA-256"
https://t.me/robiai33/403,منح_العلاوة_الفنية_للتدريب_المهني.pdf,pending_authorized_download,"Telegram public preview has no binary download URL; use an authorised Telegram session, then preserve binary and SHA-256"
https://t.me/robiai33/404,نظام_الأنواط_العسكرية_ولائحته_التنفيذية_.pdf,pending_authorized_download,"Telegram public preview has no binary download URL; use an authorised Telegram session, then preserve binary and SHA-256"
https://t.me/robiai33/405,قرار مجلس الوزراء رقم (١١٧) .pdf,pending_authorized_download,"Telegram public preview has no binary download URL; use an authorised Telegram session, then preserve binary and SHA-256"
https://t.me/robiai33/406,‎⁨أهم_أسئلة_الخدمة_العسكرية⁩.pdf,pending_authorized_download,"Telegram public preview has no binary download URL; use an authorised Telegram session, then preserve binary and SHA-256"
https://t.me/robiai33/407,قرار_مجلس_بخصوص_مضاعفة_الحسم_للغياب_بعد_عيدي_الفطر_والأضحى_.pdf,pending_authorized_download,"Telegram public preview has no binary download URL; use an authorised Telegram session, then preserve binary and SHA-256"
https://t.me/robiai33/408,قرار_صرف_علاوة_للعاملين_في_الاستخبارات_والشرطة_العسكرية_بوازرة_الدفاع.pdf,pending_authorized_download,"Telegram public preview has no binary download URL; use an authorised Telegram session, then preserve binary and SHA-256"
https://t.me/robiai33/409,تفسير_البند_الرابع_للمؤهلات_العلمية.pdf,pending_authorized_download,"Telegram public preview has no binary download URL; use an authorised Telegram session, then preserve binary and SHA-256"
https://t.me/robiai33/410,قرار_مجلس_الوزراء_باضافة_وتعديل_الاجازات.pdf,pending_authorized_download,"Telegram public preview has no binary download URL; use an authorised Telegram session, then preserve binary and SHA-256"
https://t.me/robiai33/411,توصية_اللجنة_بخصوص_الدعم_الميداني_.pdf,pending_authorized_download,"Telegram public preview has no binary download URL; use an authorised Telegram session, then preserve binary and SHA-256"
https://t.me/robiai33/412,قرار_تكريم_المشاركين_في_الحد_الجنوبي.pdf,pending_authorized_download,"Telegram public preview has no binary download URL; use an authorised Telegram session, then preserve binary and SHA-256"
https://t.me/robiai33/413,تعميم_وزير_الداخلية_بخصوص_تأخر_الموظفين_بسبب_سوء_الاحوال_الجوية.pdf,pending_authorized_download,"Telegram public preview has no binary download URL; use an authorised Telegram session, then preserve binary and SHA-256"
https://t.me/robiai33/414,قرار_احداث_علاوة_التوعية_الاسلامية_.pdf,pending_authorized_download,"Telegram public preview has no binary download URL; use an authorised Telegram session, then preserve binary and SHA-256"
https://t.me/robiai33/415,قرار_صرف_علاوة_امن_لاستخبارات_الجيش_والشرطة_العسكرية_.pdf,pending_authorized_download,"Telegram public preview has no binary download URL; use an authorised Telegram session, then preserve binary and SHA-256"
https://t.me/robiai33/416,التعويض عن الاجازات الاعتيادية .pdf,pending_authorized_download,"Telegram public preview has no binary download URL; use an authorised Telegram session, then preserve binary and SHA-256"
https://t.me/robiai33/417,قرار بداية السنة المالية .pdf,pending_authorized_download,"Telegram public preview has no binary download URL; use an authorised Telegram session, then preserve binary and SHA-256"
https://t.me/robiai33/418,قرار_صرف_العلاوة_السنوية_لعام_١٤٣٩_١٤٤٠_.pdf,pending_authorized_download,"Telegram public preview has no binary download URL; use an authorised Telegram session, then preserve binary and SHA-256"
https://t.me/robiai33/419,توصية من تمت براءته بأثر رجعي .pdf,pending_authorized_download,"Telegram public preview has no binary download URL; use an authorised Telegram session, then preserve binary and SHA-256"
https://t.me/robiai33/420,٢١_خدمة_عسكرية_أفراد_توقيف_تخطي_المرجع_التظلم_إلى_مقام_خادم_الحرمين.pdf,pending_authorized_download,"Telegram public preview has no binary download URL; use an authorised Telegram session, then preserve binary and SHA-256"
https://t.me/robiai33/421,‎⁨انتداب_المشاركين_في_أعمال_الحج⁩.pdf,pending_authorized_download,"Telegram public preview has no binary download URL; use an authorised Telegram session, then preserve binary and SHA-256"
https://t.me/robiai33/422,‎⁨قرار_مكافأة_المشاركين_في_أعمال_الحج_⁩.pdf,pending_authorized_download,"Telegram public preview has no binary download URL; use an authorised Telegram session, then preserve binary and SHA-256"
https://t.me/robiai33/423,توصية_بخصوص_معدلات_الحصول_على_مكافأة_التفوق_.pdf,pending_authorized_download,"Telegram public preview has no binary download URL; use an authorised Telegram session, then preserve binary and SHA-256"
https://t.me/robiai33/424,نظام_المرافعات_أمام_ديوان_المظالم_ولائحته_التنفيذية_والقرارات.pdf,pending_authorized_download,"Telegram public preview has no binary download URL; use an authorised Telegram session, then preserve binary and SHA-256"
https://t.me/robiai33/425,قرار_وزير_الداخلية_بصرف_مكافأة_الأعمال_الاضافية_للعاملين_في_الدوريات.pdf,pending_authorized_download,"Telegram public preview has no binary download URL; use an authorised Telegram session, then preserve binary and SHA-256"
https://t.me/robiai33/426,قرار_بداية_الدوام_الرسمي_ونهايته_.pdf,pending_authorized_download,"Telegram public preview has no binary download URL; use an authorised Telegram session, then preserve binary and SHA-256"
https://t.me/robiai33/427,قرار_تعديل_مقدار_تعويض_إصابات_العسكريين_.pdf,pending_authorized_download,"Telegram public preview has no binary download URL; use an authorised Telegram session, then preserve binary and SHA-256"
https://t.me/robiai33/428,مختصر المستحقات المالية (1).pdf,pending_authorized_download,"Telegram public preview has no binary download URL; use an authorised Telegram session, then preserve binary and SHA-256"
https://t.me/robiai33/429,تعديل_نظام_مباشرة_الأموال_العامة_.pdf,pending_authorized_download,"Telegram public preview has no binary download URL; use an authorised Telegram session, then preserve binary and SHA-256"
https://t.me/robiai33/430,25_خدمة_عسكرية _أفراد _حقوق_وظيفية _تعويض _إصابة_عمل _تعديل_قيمة.pdf,pending_authorized_download,"Telegram public preview has no binary download URL; use an authorised Telegram session, then preserve binary and SHA-256"
https://t.me/robiai33/431,قواعد_صرف_مكأفاة_التأهيل_للضباط_٢.pdf,pending_authorized_download,"Telegram public preview has no binary download URL; use an authorised Telegram session, then preserve binary and SHA-256"
https://t.me/robiai33/432,علاوة 38.pdf,pending_authorized_download,"Telegram public preview has no binary download URL; use an authorised Telegram session, then preserve binary and SHA-256"
https://t.me/robiai33/433,‎⁨قرار_195_تفسير_العلاوات_والبدلات_التي_تضاف_عند_التعويض⁩.pdf,pending_authorized_download,"Telegram public preview has no binary download URL; use an authorised Telegram session, then preserve binary and SHA-256"
https://t.me/robiai33/434,ضوابط_التوقيع_بالإنابة_عن_المسؤول_أو_بأمره.pdf,pending_authorized_download,"Telegram public preview has no binary download URL; use an authorised Telegram session, then preserve binary and SHA-256"
https://t.me/robiai33/435,لائحة اللجان المشتركة .pdf,pending_authorized_download,"Telegram public preview has no binary download URL; use an authorised Telegram session, then preserve binary and SHA-256"
https://t.me/robiai33/436,توجيه_وزير_الداخلية_باحتساب_مدة_الدورة_التأهيلية_ضمن_مدة_الخدمة.pdf,pending_authorized_download,"Telegram public preview has no binary download URL; use an authorised Telegram session, then preserve binary and SHA-256"
https://t.me/robiai33/437,اجراءات وضوابط .pdf,pending_authorized_download,"Telegram public preview has no binary download URL; use an authorised Telegram session, then preserve binary and SHA-256"
https://t.me/robiai33/438,‎⁨تحديث العلاوات⁩.pdf,pending_authorized_download,"Telegram public preview has no binary download URL; use an authorised Telegram session, then preserve binary and SHA-256"
https://t.me/robiai33/439,تعميم_وزير_الداخلية_باعتبار_الاربعة_شهور_دورة_الفرد_الاساس_والباقي.pdf,pending_authorized_download,"Telegram public preview has no binary download URL; use an authorised Telegram session, then preserve binary and SHA-256"
https://t.me/robiai33/440,قرار_بشأن_العلاوات_والبدلات_التي_تضاف_للراتب_الاساسي_عند_التعويض.pdf,pending_authorized_download,"Telegram public preview has no binary download URL; use an authorised Telegram session, then preserve binary and SHA-256"
https://t.me/robiai33/441,قرار استحداث علاوة الترجمة.pdf,pending_authorized_download,"Telegram public preview has no binary download URL; use an authorised Telegram session, then preserve binary and SHA-256"
https://t.me/robiai33/442,جواز_الجمع_بين_الميدان_ومكافأة_الحاسب.pdf,pending_authorized_download,"Telegram public preview has no binary download URL; use an authorised Telegram session, then preserve binary and SHA-256"
https://t.me/robiai33/443,‎⁨_تعديل_علاوة_فني_دوريات،والدورات_المتجانسة_⁩.pdf,pending_authorized_download,"Telegram public preview has no binary download URL; use an authorised Telegram session, then preserve binary and SHA-256"
https://t.me/robiai33/444,خطاب_وزير_الداخلية_المبني_على_خطاب_امين_مجلس_الخدمة_العسكرية_.pdf,pending_authorized_download,"Telegram public preview has no binary download URL; use an authorised Telegram session, then preserve binary and SHA-256"
https://t.me/robiai33/445,تعميم_رقم_95870من_أمارة_منطقة_الرياض.pdf,pending_authorized_download,"Telegram public preview has no binary download URL; use an authorised Telegram session, then preserve binary and SHA-256"
https://t.me/robiai33/446,‎⁨٢١_خدمة_عسكرية_أفراد_توقيف_تخطي.pdf,pending_authorized_download,"Telegram public preview has no binary download URL; use an authorised Telegram session, then preserve binary and SHA-256"
https://t.me/robiai33/447,تعميم_مبادئ_التمويل_المسئول_للأفراد.pdf,pending_authorized_download,"Telegram public preview has no binary download URL; use an authorised Telegram session, then preserve binary and SHA-256"
https://t.me/robiai33/448,تعميم.pdf,pending_authorized_download,"Telegram public preview has no binary download URL; use an authorised Telegram session, then preserve binary and SHA-256"
https://t.me/robiai33/449,قرار_مجلس_الوزراء_بتعديل_الفقرة.pdf,pending_authorized_download,"Telegram public preview has no binary download URL; use an authorised Telegram session, then preserve binary and SHA-256"
https://t.me/robiai33/450,موظف_خدمة_عسكرية__تعويض_عن_خدمة.pdf,pending_authorized_download,"Telegram public preview has no binary download URL; use an authorised Telegram session, then preserve binary and SHA-256"
https://t.me/robiai33/451,شرح_آلية_عمل_الاجازات_والانتدابات.pdf,pending_authorized_download,"Telegram public preview has no binary download URL; use an authorised Telegram session, then preserve binary and SHA-256"
https://t.me/robiai33/452,‎⁨قرار_ملكي_وزير_المالية_رئيساً.pdf,pending_authorized_download,"Telegram public preview has no binary download URL; use an authorised Telegram session, then preserve binary and SHA-256"
https://t.me/robiai33/453,تعميم_الداخلية_لنقاط_المؤهلات_العلمية.pdf,pending_authorized_download,"Telegram public preview has no binary download URL; use an authorised Telegram session, then preserve binary and SHA-256"
https://t.me/robiai33/454,ضوابط_تعيين_ذوي_الشهداء_ومن_في_حكمهم.pdf,pending_authorized_download,"Telegram public preview has no binary download URL; use an authorised Telegram session, then preserve binary and SHA-256"
https://t.me/robiai33/455,21_خدمة_عسكرية_قرارات_وظيفية_امتناع_عن_إصدار_مشهد_مزاولة_تخصص_مقتضيات.pdf,pending_authorized_download,"Telegram public preview has no binary download URL; use an authorised Telegram session, then preserve binary and SHA-256"
https://t.me/robiai33/456,علاوة_فنية_للثانوية_الصناعية_والفنية.pdf,pending_authorized_download,"Telegram public preview has no binary download URL; use an authorised Telegram session, then preserve binary and SHA-256"
https://t.me/robiai33/457,توصية_لجنة_الضباط_منح_الفرد_الاداري_مميزات_الميداني_خلال_فترة_التعزيز.pdf,pending_authorized_download,"Telegram public preview has no binary download URL; use an authorised Telegram session, then preserve binary and SHA-256"
https://t.me/robiai33/458,الترتيبات_اللازمة_لتثبيت_شاغلي_الوظائف_الصحية.pdf,pending_authorized_download,"Telegram public preview has no binary download URL; use an authorised Telegram session, then preserve binary and SHA-256"
https://t.me/robiai33/459,توصية_بعدم_تعليق_الترقيات_قبل_1437هـ.pdf,pending_authorized_download,"Telegram public preview has no binary download URL; use an authorised Telegram session, then preserve binary and SHA-256"
https://t.me/robiai33/460,ضوابط مكافأة اللجان.pdf,pending_authorized_download,"Telegram public preview has no binary download URL; use an authorised Telegram session, then preserve binary and SHA-256"
https://t.me/robiai33/461,تعميم نقاط المؤهل.pdf_removed.pdf,pending_authorized_download,"Telegram public preview has no binary download URL; use an authorised Telegram session, then preserve binary and SHA-256"
https://t.me/robiai33/462,تمديد_الخدمة_لأفراد_قطاع_الداخلية.pdf,pending_authorized_download,"Telegram public preview has no binary download URL; use an authorised Telegram session, then preserve binary and SHA-256"
https://t.me/robiai33/463,file.pdf,pending_authorized_download,"Telegram public preview has no binary download URL; use an authorised Telegram session, then preserve binary and SHA-256"
https://t.me/robiai33/464,لائحة التدريب والابتعاث 1443.pdf,pending_authorized_download,"Telegram public preview has no binary download URL; use an authorised Telegram session, then preserve binary and SHA-256"
https://t.me/robiai33/465,سلم رواتب العسكريين الصحيين.pdf,pending_authorized_download,"Telegram public preview has no binary download URL; use an authorised Telegram session, then preserve binary and SHA-256"
https://t.me/robiai33/466,غياب الموظف.png,pending_authorized_download,"Telegram public preview has no binary download URL; use an authorised Telegram session, then preserve binary and SHA-256"
https://t.me/robiai33/467,قرار درجات الإركابات.pdf,pending_authorized_download,"Telegram public preview has no binary download URL; use an authorised Telegram session, then preserve binary and SHA-256"
https://t.me/robiai33/468,1212.pdf,pending_authorized_download,"Telegram public preview has no binary download URL; use an authorised Telegram session, then preserve binary and SHA-256"
https://t.me/robiai33/469,نظام_قوات_الأمن_الداخلي_بعد_التنقيح.pdf,pending_authorized_download,"Telegram public preview has no binary download URL; use an authorised Telegram session, then preserve binary and SHA-256"
https://t.me/robiai33/470,الجزاءات_الإدارية_في_نظام_قوات_الأمن_الداخلي_كتيب_صغير.pdf,pending_authorized_download,"Telegram public preview has no binary download URL; use an authorised Telegram session, then preserve binary and SHA-256"
https://t.me/robiai33/471,توحيد حالات التأهب العسكرية.pdf,pending_authorized_download,"Telegram public preview has no binary download URL; use an authorised Telegram session, then preserve binary and SHA-256"
https://t.me/robiai33/472,مكافأة التأهيل.pdf,pending_authorized_download,"Telegram public preview has no binary download URL; use an authorised Telegram session, then preserve binary and SHA-256"
https://t.me/robiai33/473,قرار_مجلس_الوزراء_رقم_15_عام_1413_مكافأة_الحاسب.pdf,pending_authorized_download,"Telegram public preview has no binary download URL; use an authorised Telegram session, then preserve binary and SHA-256"
https://t.me/robiai33/474,قرار وزاري.pdf,pending_authorized_download,"Telegram public preview has no binary download URL; use an authorised Telegram session, then preserve binary and SHA-256"
https://t.me/robiai33/475,تعميم لجميع المحـاكم.pdf,pending_authorized_download,"Telegram public preview has no binary download URL; use an authorised Telegram session, then preserve binary and SHA-256"
https://t.me/robiai33/476,file.pdf,pending_authorized_download,"Telegram public preview has no binary download URL; use an authorised Telegram session, then preserve binary and SHA-256"
https://t.me/robiai33/477,تسبيبات في مسائل الزيارة .pdf,pending_authorized_download,"Telegram public preview has no binary download URL; use an authorised Telegram session, then preserve binary and SHA-256"
https://t.me/robiai33/478,تسبيبات في مسائل الحضانة.pdf,pending_authorized_download,"Telegram public preview has no binary download URL; use an authorised Telegram session, then preserve binary and SHA-256"
https://t.me/robiai33/479,تعميم قضائي.pdf,pending_authorized_download,"Telegram public preview has no binary download URL; use an authorised Telegram session, then preserve binary and SHA-256"
https://t.me/robiai33/480,تعميم لجميع المحاكم .pdf,pending_authorized_download,"Telegram public preview has no binary download URL; use an authorised Telegram session, then preserve binary and SHA-256"
https://t.me/robiai33/481,ملف.pdf,pending_authorized_download,"Telegram public preview has no binary download URL; use an authorised Telegram session, then preserve binary and SHA-256"
https://t.me/robiai33/482,حكم%20ضد%20الجامعة.pdf,pending_authorized_download,"Telegram public preview has no binary download URL; use an authorised Telegram session, then preserve binary and SHA-256"
https://t.me/robiai33/483,نظام_المحاكم_التجارية_نسخة_مجلس_الوزارة.pdf,pending_authorized_download,"Telegram public preview has no binary download URL; use an authorised Telegram session, then preserve binary and SHA-256"
https://t.me/robiai33/484,صورة PNG 17.png,pending_authorized_download,"Telegram public preview has no binary download URL; use an authorised Telegram session, then preserve binary and SHA-256"
https://t.me/robiai33/485,IMG_5621.PNG,pending_authorized_download,"Telegram public preview has no binary download URL; use an authorised Telegram session, then preserve binary and SHA-256"
https://t.me/robiai33/486,IMG_5620.PNG,pending_authorized_download,"Telegram public preview has no binary download URL; use an authorised Telegram session, then preserve binary and SHA-256"
https://t.me/robiai33/487,scan0003.pdf.pdf,pending_authorized_download,"Telegram public preview has no binary download URL; use an authorised Telegram session, then preserve binary and SHA-256"
https://t.me/robiai33/488,قرار_معالي_الرئيس_رقم_77_لعام_1441هـ.pdf,pending_authorized_download,"Telegram public preview has no binary download URL; use an authorised Telegram session, then preserve binary and SHA-256"
https://t.me/robiai33/489,قرار_معالي_الرئيس_رقم_77_لعام_1441هـ.pdf,pending_authorized_download,"Telegram public preview has no binary download URL; use an authorised Telegram session, then preserve binary and SHA-256"
https://t.me/robiai33/490,قرار_رئيس_مجلس_القضاء_الاعلى_بشأن_استئناف_عقد_جلسات_جميع_القضايا.pdf,pending_authorized_download,"Telegram public preview has no binary download URL; use an authorised Telegram session, then preserve binary and SHA-256"
https://t.me/robiai33/491,دليل_الأسئلة_العدلية_عن_التنفيذ.pdf,pending_authorized_download,"Telegram public preview has no binary download URL; use an authorised Telegram session, then preserve binary and SHA-256"
https://t.me/robiai33/492,تسبيبات فقهية لاحكام الزيارة.pdf,pending_authorized_download,"Telegram public preview has no binary download URL; use an authorised Telegram session, then preserve binary and SHA-256"
https://t.me/robiai33/493,الرسوم القضائية..pdf,pending_authorized_download,"Telegram public preview has no binary download URL; use an authorised Telegram session, then preserve binary and SHA-256"
https://t.me/robiai33/494,دليل_سياسات_واجراءات_إيصال_الخدمات_للمنازل.pdf,pending_authorized_download,"Telegram public preview has no binary download URL; use an authorised Telegram session, then preserve binary and SHA-256"
https://t.me/robiai33/495,تعميم الزواج المبكر.pdf,pending_authorized_download,"Telegram public preview has no binary download URL; use an authorised Telegram session, then preserve binary and SHA-256"
https://t.me/robiai33/496,مطالبة بقيمة جوهرة.pdf,pending_authorized_download,"Telegram public preview has no binary download URL; use an authorised Telegram session, then preserve binary and SHA-256"
https://t.me/robiai33/497,اللائحة_التنفيذية_لتظام_الاحداث_١٤٤٢_٠٤_١٦ه‍_.pdf,pending_authorized_download,"Telegram public preview has no binary download URL; use an authorised Telegram session, then preserve binary and SHA-256"
https://t.me/robiai33/498,تعديل_على_الاختصاص_لدى_المحاكم_21_09_1440.pdf,pending_authorized_download,"Telegram public preview has no binary download URL; use an authorised Telegram session, then preserve binary and SHA-256"
https://t.me/robiai33/499,الجرائم الموجبة للتوقيف .pdf,pending_authorized_download,"Telegram public preview has no binary download URL; use an authorised Telegram session, then preserve binary and SHA-256"
https://t.me/robiai33/500,المبادئ القضائية.pdf,pending_authorized_download,"Telegram public preview has no binary download URL; use an authorised Telegram session, then preserve binary and SHA-256"
https://t.me/robiai33/501,الجرائم الموجبة للتوقيف .pdf,pending_authorized_download,"Telegram public preview has no binary download URL; use an authorised Telegram session, then preserve binary and SHA-256"
https://t.me/robiai33/504?single,01.pdf,pending_authorized_download,"Telegram public preview has no binary download URL; use an authorised Telegram session, then preserve binary and SHA-256"
https://t.me/robiai33/502?single,02.pdf,pending_authorized_download,"Telegram public preview has no binary download URL; use an authorised Telegram session, then preserve binary and SHA-256"
https://t.me/robiai33/505,‎⁨قواعد التملك الجديدة⁩.pdf,pending_authorized_download,"Telegram public preview has no binary download URL; use an authorised Telegram session, then preserve binary and SHA-256"
https://t.me/robiai33/506,أهم القواعد الفقهية للقانوني.pdf,pending_authorized_download,"Telegram public preview has no binary download URL; use an authorised Telegram session, then preserve binary and SHA-256"
https://t.me/robiai33/507,‎⁨تسبيبات القضاء العام ⁩.pdf,pending_authorized_download,"Telegram public preview has no binary download URL; use an authorised Telegram session, then preserve binary and SHA-256"
https://t.me/robiai33/508,تلخيص_كتاب_الممتع_في_القواعد_الفقهية.pdf,pending_authorized_download,"Telegram public preview has no binary download URL; use an authorised Telegram session, then preserve binary and SHA-256"
https://t.me/robiai33/509,قواعد_وترتيبات_التخصيص_او_التحول_.pdf,pending_authorized_download,"Telegram public preview has no binary download URL; use an authorised Telegram session, then preserve binary and SHA-256"
https://t.me/robiai33/510,‎⁨آلية_تنفيذ_الأحكام_الإدارية⁩.pdf,pending_authorized_download,"Telegram public preview has no binary download URL; use an authorised Telegram session, then preserve binary and SHA-256"
https://t.me/robiai33/511,تعميم_البنك_المركزي_للمبالغ_المستثناة_عن_الحجز.pdf,pending_authorized_download,"Telegram public preview has no binary download URL; use an authorised Telegram session, then preserve binary and SHA-256"
https://t.me/robiai33/512,تسبيبات الأحوال والقول لمن ؟.pdf,pending_authorized_download,"Telegram public preview has no binary download URL; use an authorised Telegram session, then preserve binary and SHA-256"
https://t.me/robiai33/514?single,الإلمام بتسبيب الأحكام.pdf,pending_authorized_download,"Telegram public preview has no binary download URL; use an authorised Telegram session, then preserve binary and SHA-256"
https://t.me/robiai33/513?single,التسبيبات_الفقهية_في_مختلف_المجالات_القانونية_مع_الفهرسة.pdf,pending_authorized_download,"Telegram public preview has no binary download URL; use an authorised Telegram session, then preserve binary and SHA-256"
https://t.me/robiai33/515?single,تسبيبات القضاء العام .pdf,pending_authorized_download,"Telegram public preview has no binary download URL; use an authorised Telegram session, then preserve binary and SHA-256"
https://t.me/robiai33/516,‎⁨حكم_في_التعويض_عن_الضرر_المعنوي⁩.pdf,pending_authorized_download,"Telegram public preview has no binary download URL; use an authorised Telegram session, then preserve binary and SHA-256"
https://t.me/robiai33/517,تعميم من الديوان الملكي 1443هـ.pdf,pending_authorized_download,"Telegram public preview has no binary download URL; use an authorised Telegram session, then preserve binary and SHA-256"
https://t.me/robiai33/518,أمر_ملكي_بخصوص_طلبات_تملك_العقارات.pdf,pending_authorized_download,"Telegram public preview has no binary download URL; use an authorised Telegram session, then preserve binary and SHA-256"
https://t.me/robiai33/519,جامع الأنظمة التجارية.pdf,pending_authorized_download,"Telegram public preview has no binary download URL; use an authorised Telegram session, then preserve binary and SHA-256"
https://t.me/robiai33/520,5.pdf,pending_authorized_download,"Telegram public preview has no binary download URL; use an authorised Telegram session, then preserve binary and SHA-256"
https://t.me/robiai33/521,تعميم_جديد_عقود_الايجار_غير_المسجلة.pdf,pending_authorized_download,"Telegram public preview has no binary download URL; use an authorised Telegram session, then preserve binary and SHA-256"
https://t.me/robiai33/522,‎⁨صورة⁩.pdf,pending_authorized_download,"Telegram public preview has no binary download URL; use an authorised Telegram session, then preserve binary and SHA-256"
https://t.me/robiai33/523,تعميم رقم (1544_ت) لعام 1441.pdf,pending_authorized_download,"Telegram public preview has no binary download URL; use an authorised Telegram session, then preserve binary and SHA-256"
https://t.me/robiai33/524,‎⁨تعميم_البنك_المركزي_للمبالغ_المستثناة_عن_الحجز⁩.pdf,pending_authorized_download,"Telegram public preview has no binary download URL; use an authorised Telegram session, then preserve binary and SHA-256"
https://t.me/robiai33/525,01.pdf,pending_authorized_download,"Telegram public preview has no binary download URL; use an authorised Telegram session, then preserve binary and SHA-256"
https://t.me/robiai33/526,نظام المعاملات المدنية.pdf,pending_authorized_download,"Telegram public preview has no binary download URL; use an authorised Telegram session, then preserve binary and SHA-256"
https://t.me/robiai33/527?single,مجلد 3ص310 العبره في العقود.pdf,pending_authorized_download,"Telegram public preview has no binary download URL; use an authorised Telegram session, then preserve binary and SHA-256"
https://t.me/robiai33/528?single,مجلد7ص336 العبره في العقود.pdf,pending_authorized_download,"Telegram public preview has no binary download URL; use an authorised Telegram session, then preserve binary and SHA-256"
https://t.me/robiai33/529,مجموعة_الأحكام_القضائية_البحث.pdf,pending_authorized_download,"Telegram public preview has no binary download URL; use an authorised Telegram session, then preserve binary and SHA-256"
https://t.me/robiai33/530,مجموعة الأحكام القضائية 1.pdf,pending_authorized_download,"Telegram public preview has no binary download URL; use an authorised Telegram session, then preserve binary and SHA-256"
https://t.me/robiai33/531,مجموعة الأحكام القضائية 2.pdf,pending_authorized_download,"Telegram public preview has no binary download URL; use an authorised Telegram session, then preserve binary and SHA-256"
https://t.me/robiai33/532,مجموعة الأحكام القضائية 3.pdf,pending_authorized_download,"Telegram public preview has no binary download URL; use an authorised Telegram session, then preserve binary and SHA-256"
https://t.me/robiai33/533,مجموعة الأحكام القضائية 4.pdf,pending_authorized_download,"Telegram public preview has no binary download URL; use an authorised Telegram session, then preserve binary and SHA-256"
https://t.me/robiai33/534,مجموعة الأحكام القضائية 5.pdf,pending_authorized_download,"Telegram public preview has no binary download URL; use an authorised Telegram session, then preserve binary and SHA-256"
https://t.me/robiai33/535,مجموعة الأحكام القضائية 6.pdf,pending_authorized_download,"Telegram public preview has no binary download URL; use an authorised Telegram session, then preserve binary and SHA-256"
https://t.me/robiai33/536,مجموعة الأحكام القضائية 7.pdf,pending_authorized_download,"Telegram public preview has no binary download URL; use an authorised Telegram session, then preserve binary and SHA-256"
https://t.me/robiai33/537,مجموعة الأحكام القضائية 8.pdf,pending_authorized_download,"Telegram public preview has no binary download URL; use an authorised Telegram session, then preserve binary and SHA-256"
https://t.me/robiai33/538,مجموعة الأحكام القضائية 9.pdf,pending_authorized_download,"Telegram public preview has no binary download URL; use an authorised Telegram session, then preserve binary and SHA-256"
https://t.me/robiai33/539,مجموعة الأحكام القضائية 10.pdf,pending_authorized_download,"Telegram public preview has no binary download URL; use an authorised Telegram session, then preserve binary and SHA-256"
https://t.me/robiai33/540,مجموعة الأحكام القضائية 11.pdf,pending_authorized_download,"Telegram public preview has no binary download URL; use an authorised Telegram session, then preserve binary and SHA-256"
https://t.me/robiai33/541,مجموعة الأحكام القضائية 12.pdf,pending_authorized_download,"Telegram public preview has no binary download URL; use an authorised Telegram session, then preserve binary and SHA-256"
https://t.me/robiai33/542,مجموعة الأحكام القضائية 13.pdf,pending_authorized_download,"Telegram public preview has no binary download URL; use an authorised Telegram session, then preserve binary and SHA-256"
https://t.me/robiai33/543,مجموعة الأحكام القضائية 14.pdf,pending_authorized_download,"Telegram public preview has no binary download URL; use an authorised Telegram session, then preserve binary and SHA-256"
https://t.me/robiai33/544,مجلد 30 الفهرس.pdf,pending_authorized_download,"Telegram public preview has no binary download URL; use an authorised Telegram session, then preserve binary and SHA-256"
https://t.me/robiai33/545,مجلد 1 لعام 1434.pdf,pending_authorized_download,"Telegram public preview has no binary download URL; use an authorised Telegram session, then preserve binary and SHA-256"
https://t.me/robiai33/546,مجلد 2 لعام 1434.pdf,pending_authorized_download,"Telegram public preview has no binary download URL; use an authorised Telegram session, then preserve binary and SHA-256"
https://t.me/robiai33/547,مجلد 3 لعام 1434.pdf,pending_authorized_download,"Telegram public preview has no binary download URL; use an authorised Telegram session, then preserve binary and SHA-256"
https://t.me/robiai33/548,مجلد 4 لعام 1434.pdf,pending_authorized_download,"Telegram public preview has no binary download URL; use an authorised Telegram session, then preserve binary and SHA-256"
https://t.me/robiai33/549,مجلد 5 لعام 1434.pdf,pending_authorized_download,"Telegram public preview has no binary download URL; use an authorised Telegram session, then preserve binary and SHA-256"
https://t.me/robiai33/550,مجلد 6 لعام 1434.pdf,pending_authorized_download,"Telegram public preview has no binary download URL; use an authorised Telegram session, then preserve binary and SHA-256"
https://t.me/robiai33/551,مجلد 7 لعام 1434.pdf,pending_authorized_download,"Telegram public preview has no binary download URL; use an authorised Telegram session, then preserve binary and SHA-256"
https://t.me/robiai33/552,مجلد 8 لعام 1434.pdf,pending_authorized_download,"Telegram public preview has no binary download URL; use an authorised Telegram session, then preserve binary and SHA-256"
https://t.me/robiai33/553,مجلد 9لعام 1434.pdf,pending_authorized_download,"Telegram public preview has no binary download URL; use an authorised Telegram session, then preserve binary and SHA-256"
https://t.me/robiai33/554,مجلد 10 لعام 1434.pdf,pending_authorized_download,"Telegram public preview has no binary download URL; use an authorised Telegram session, then preserve binary and SHA-256"
https://t.me/robiai33/555,مجلد 11 لعام 1434.pdf,pending_authorized_download,"Telegram public preview has no binary download URL; use an authorised Telegram session, then preserve binary and SHA-256"
https://t.me/robiai33/556,مجلد 12 لعام 1434.pdf,pending_authorized_download,"Telegram public preview has no binary download URL; use an authorised Telegram session, then preserve binary and SHA-256"
https://t.me/robiai33/557,مجلد 13 لعام 1434.pdf,pending_authorized_download,"Telegram public preview has no binary download URL; use an authorised Telegram session, then preserve binary and SHA-256"
https://t.me/robiai33/558,مجلد 14 لعام 1434.pdf,pending_authorized_download,"Telegram public preview has no binary download URL; use an authorised Telegram session, then preserve binary and SHA-256"
https://t.me/robiai33/559,مجلد 15 لعام 1434.pdf,pending_authorized_download,"Telegram public preview has no binary download URL; use an authorised Telegram session, then preserve binary and SHA-256"
https://t.me/robiai33/560,مجلد 16 لعام 1434.pdf,pending_authorized_download,"Telegram public preview has no binary download URL; use an authorised Telegram session, then preserve binary and SHA-256"
https://t.me/robiai33/561,مجلد 17 لعام 1434.pdf,pending_authorized_download,"Telegram public preview has no binary download URL; use an authorised Telegram session, then preserve binary and SHA-256"
https://t.me/robiai33/562,مجلد 18 لعام 1434.pdf,pending_authorized_download,"Telegram public preview has no binary download URL; use an authorised Telegram session, then preserve binary and SHA-256"
https://t.me/robiai33/563,مجلد 19 لعام 1434.pdf,pending_authorized_download,"Telegram public preview has no binary download URL; use an authorised Telegram session, then preserve binary and SHA-256"
https://t.me/robiai33/564,مجلد 20 لعام 1434.pdf,pending_authorized_download,"Telegram public preview has no binary download URL; use an authorised Telegram session, then preserve binary and SHA-256"
https://t.me/robiai33/565,مجلد 21 لعام 1434.pdf,pending_authorized_download,"Telegram public preview has no binary download URL; use an authorised Telegram session, then preserve binary and SHA-256"
https://t.me/robiai33/566,مجلد 22 لعام 1434.pdf,pending_authorized_download,"Telegram public preview has no binary download URL; use an authorised Telegram session, then preserve binary and SHA-256"
https://t.me/robiai33/567,مجلد 23 لعام 1434.pdf,pending_authorized_download,"Telegram public preview has no binary download URL; use an authorised Telegram session, then preserve binary and SHA-256"
https://t.me/robiai33/568,مجلد 24 لعام 1434.pdf,pending_authorized_download,"Telegram public preview has no binary download URL; use an authorised Telegram session, then preserve binary and SHA-256"
https://t.me/robiai33/569,مجلد 25 لعام 1434.pdf,pending_authorized_download,"Telegram public preview has no binary download URL; use an authorised Telegram session, then preserve binary and SHA-256"
https://t.me/robiai33/570,مجلد 26لعام 1434.pdf,pending_authorized_download,"Telegram public preview has no binary download URL; use an authorised Telegram session, then preserve binary and SHA-256"
https://t.me/robiai33/571,مجلد 27 لعام 1434.pdf,pending_authorized_download,"Telegram public preview has no binary download URL; use an authorised Telegram session, then preserve binary and SHA-256"
https://t.me/robiai33/572,مجلد 28 لعام 1434.pdf,pending_authorized_download,"Telegram public preview has no binary download URL; use an authorised Telegram session, then preserve binary and SHA-256"
https://t.me/robiai33/573,مجلد 29 الاسانيد.pdf,pending_authorized_download,"Telegram public preview has no binary download URL; use an authorised Telegram session, then preserve binary and SHA-256"
https://t.me/robiai33/574,‎⁨قرار_جدول_المخالفات_والعقوبات⁩.pdf,pending_authorized_download,"Telegram public preview has no binary download URL; use an authorised Telegram session, then preserve binary and SHA-256"
https://t.me/robiai33/575,02_دعوى_–_موانع_نظر_الدعوى_إلغاء_أمر_ملكي_–_أعمال_السيادة_–_الاستئناس.pdf,pending_authorized_download,"Telegram public preview has no binary download URL; use an authorised Telegram session, then preserve binary and SHA-256"
https://t.me/robiai33/576,تعديل_الفقرتين_2،_3_من_المادة_75_من_نظام_المرور_6.pdf,pending_authorized_download,"Telegram public preview has no binary download URL; use an authorised Telegram session, then preserve binary and SHA-256"
https://t.me/robiai33/577,فهرسة_معاملة_بالمحكمة_الادارية_بجدة.pdf,pending_authorized_download,"Telegram public preview has no binary download URL; use an authorised Telegram session, then preserve binary and SHA-256"
https://t.me/robiai33/578,ضوابط إيقاف الخدمات1444.pdf,pending_authorized_download,"Telegram public preview has no binary download URL; use an authorised Telegram session, then preserve binary and SHA-256"
https://t.me/robiai33/579,‎⁨قرار_معالي_الرئيس_رقم_77_لعام_1441هـ⁩.pdf,pending_authorized_download,"Telegram public preview has no binary download URL; use an authorised Telegram session, then preserve binary and SHA-256"
https://t.me/robiai33/580,file.pdf,pending_authorized_download,"Telegram public preview has no binary download URL; use an authorised Telegram session, then preserve binary and SHA-256"
https://t.me/robiai33/581,دليل_الأسئلة_العدلية_عن_التنفيذ.pdf,pending_authorized_download,"Telegram public preview has no binary download URL; use an authorised Telegram session, then preserve binary and SHA-256"
https://t.me/robiai33/582,المدد_النظامية_في_الأرواق_التجارية.pdf,pending_authorized_download,"Telegram public preview has no binary download URL; use an authorised Telegram session, then preserve binary and SHA-256"
https://t.me/robiai33/583,قرار رقم 1.pdf,pending_authorized_download,"Telegram public preview has no binary download URL; use an authorised Telegram session, then preserve binary and SHA-256"
https://t.me/robiai33/584,4_5904742504787347516.pdf,pending_authorized_download,"Telegram public preview has no binary download URL; use an authorised Telegram session, then preserve binary and SHA-256"
https://t.me/robiai33/585,Untitled 1.pdf,pending_authorized_download,"Telegram public preview has no binary download URL; use an authorised Telegram session, then preserve binary and SHA-256"
https://t.me/robiai33/586,قواعد الاختصاص المكاني (2).pdf,pending_authorized_download,"Telegram public preview has no binary download URL; use an authorised Telegram session, then preserve binary and SHA-256"
https://t.me/robiai33/587,التعويض بلا خطأ.pdf,pending_authorized_download,"Telegram public preview has no binary download URL; use an authorised Telegram session, then preserve binary and SHA-256"
https://t.me/robiai33/588,نظام_الرهن_العقاري_المسجل_لعام_1433هـ_.pdf,pending_authorized_download,"Telegram public preview has no binary download URL; use an authorised Telegram session, then preserve binary and SHA-256"
https://t.me/robiai33/589,دليل_الأسئلة_العدلية_عن_التنفيذ.pdf,pending_authorized_download,"Telegram public preview has no binary download URL; use an authorised Telegram session, then preserve binary and SHA-256"
https://t.me/robiai33/590,التوصيات المعتمدة .pdf,pending_authorized_download,"Telegram public preview has no binary download URL; use an authorised Telegram session, then preserve binary and SHA-256"
https://t.me/robiai33/591,احكام الهيئة العامة لمحكمة النقض.pdf,pending_authorized_download,"Telegram public preview has no binary download URL; use an authorised Telegram session, then preserve binary and SHA-256"
https://t.me/robiai33/592,سؤال وجواب الاحوال الشخصية.pdf,pending_authorized_download,"Telegram public preview has no binary download URL; use an authorised Telegram session, then preserve binary and SHA-256"
https://t.me/robiai33/593,IMG_8295.JPG,pending_authorized_download,"Telegram public preview has no binary download URL; use an authorised Telegram session, then preserve binary and SHA-256"
https://t.me/robiai33/594,تعليمات عفو رمضان عام 1440هـ.pdf,pending_authorized_download,"Telegram public preview has no binary download URL; use an authorised Telegram session, then preserve binary and SHA-256"
https://t.me/robiai33/595,قرارات المحكمة العليا.pdf,pending_authorized_download,"Telegram public preview has no binary download URL; use an authorised Telegram session, then preserve binary and SHA-256"
https://t.me/robiai33/596,التوصيات المعتمدة .pdf,pending_authorized_download,"Telegram public preview has no binary download URL; use an authorised Telegram session, then preserve binary and SHA-256"
https://t.me/robiai33/597,اعتراض_على_قضية_مشاركة_في_تزوير.pdf,pending_authorized_download,"Telegram public preview has no binary download URL; use an authorised Telegram session, then preserve binary and SHA-256"
https://t.me/robiai33/598,11.jpg,pending_authorized_download,"Telegram public preview has no binary download URL; use an authorised Telegram session, then preserve binary and SHA-256"
https://t.me/robiai33/599,تـعـمـيـم.pdf,pending_authorized_download,"Telegram public preview has no binary download URL; use an authorised Telegram session, then preserve binary and SHA-256"
https://t.me/robiai33/600,‎⁨بشأن_صرف_مكافأة_الخمسين_ألف.pdf,pending_authorized_download,"Telegram public preview has no binary download URL; use an authorised Telegram session, then preserve binary and SHA-256"
https://t.me/robiai33/601?single,03 - السوابق القضائية.pdf,pending_authorized_download,"Telegram public preview has no binary download URL; use an authorised Telegram session, then preserve binary and SHA-256"
https://t.me/robiai33/608?single,18.pdf,pending_authorized_download,"Telegram public preview has no binary download URL; use an authorised Telegram session, then preserve binary and SHA-256"
https://t.me/robiai33/610?single,19.pdf,pending_authorized_download,"Telegram public preview has no binary download URL; use an authorised Telegram session, then preserve binary and SHA-256"
https://t.me/robiai33/609?single,21.pdf,pending_authorized_download,"Telegram public preview has no binary download URL; use an authorised Telegram session, then preserve binary and SHA-256"
https://t.me/robiai33/607?single,25.pdf,pending_authorized_download,"Telegram public preview has no binary download URL; use an authorised Telegram session, then preserve binary and SHA-256"
https://t.me/robiai33/606?single,27.pdf,pending_authorized_download,"Telegram public preview has no binary download URL; use an authorised Telegram session, then preserve binary and SHA-256"
https://t.me/robiai33/605?single,28.pdf,pending_authorized_download,"Telegram public preview has no binary download URL; use an authorised Telegram session, then preserve binary and SHA-256"
https://t.me/robiai33/604?single,29-1 (2).pdf,pending_authorized_download,"Telegram public preview has no binary download URL; use an authorised Telegram session, then preserve binary and SHA-256"
https://t.me/robiai33/603?single,29-1.pdf,pending_authorized_download,"Telegram public preview has no binary download URL; use an authorised Telegram session, then preserve binary and SHA-256"
https://t.me/robiai33/602?single,30.pdf,pending_authorized_download,"Telegram public preview has no binary download URL; use an authorised Telegram session, then preserve binary and SHA-256"
https://t.me/robiai33/614?single,14.pdf,pending_authorized_download,"Telegram public preview has no binary download URL; use an authorised Telegram session, then preserve binary and SHA-256"
https://t.me/robiai33/616?single,15.pdf,pending_authorized_download,"Telegram public preview has no binary download URL; use an authorised Telegram session, then preserve binary and SHA-256"
https://t.me/robiai33/613?single,16.pdf,pending_authorized_download,"Telegram public preview has no binary download URL; use an authorised Telegram session, then preserve binary and SHA-256"
https://t.me/robiai33/615?single,20.pdf,pending_authorized_download,"Telegram public preview has no binary download URL; use an authorised Telegram session, then preserve binary and SHA-256"
https://t.me/robiai33/612?single,22.pdf,pending_authorized_download,"Telegram public preview has no binary download URL; use an authorised Telegram session, then preserve binary and SHA-256"
https://t.me/robiai33/611?single,23.pdf,pending_authorized_download,"Telegram public preview has no binary download URL; use an authorised Telegram session, then preserve binary and SHA-256"
https://t.me/robiai33/618?single,24.pdf,pending_authorized_download,"Telegram public preview has no binary download URL; use an authorised Telegram session, then preserve binary and SHA-256"
https://t.me/robiai33/620?single,4-1.pdf,pending_authorized_download,"Telegram public preview has no binary download URL; use an authorised Telegram session, then preserve binary and SHA-256"
https://t.me/robiai33/619?single,7.pdf,pending_authorized_download,"Telegram public preview has no binary download URL; use an authorised Telegram session, then preserve binary and SHA-256"
https://t.me/robiai33/617?single,8.pdf,pending_authorized_download,"Telegram public preview has no binary download URL; use an authorised Telegram session, then preserve binary and SHA-256"
https://t.me/robiai33/623?single,10.pdf,pending_authorized_download,"Telegram public preview has no binary download URL; use an authorised Telegram session, then preserve binary and SHA-256"
https://t.me/robiai33/625?single,12.pdf,pending_authorized_download,"Telegram public preview has no binary download URL; use an authorised Telegram session, then preserve binary and SHA-256"
https://t.me/robiai33/622?single,3-1 (1).pdf,pending_authorized_download,"Telegram public preview has no binary download URL; use an authorised Telegram session, then preserve binary and SHA-256"
https://t.me/robiai33/626?single,3-1.pdf,pending_authorized_download,"Telegram public preview has no binary download URL; use an authorised Telegram session, then preserve binary and SHA-256"
https://t.me/robiai33/621?single,6.pdf,pending_authorized_download,"Telegram public preview has no binary download URL; use an authorised Telegram session, then preserve binary and SHA-256"
https://t.me/robiai33/624?single,9.pdf,pending_authorized_download,"Telegram public preview has no binary download URL; use an authorised Telegram session, then preserve binary and SHA-256"
https://t.me/robiai33/627,سوابق_قانون_الإثبات_من_١٩٧٢م_٢٠٠٩م.pdf,pending_authorized_download,"Telegram public preview has no binary download URL; use an authorised Telegram session, then preserve binary and SHA-256"
https://t.me/robiai33/628,_السوابق_القضائية_في_عقود_المعاوضات_التجارية_.pdf,pending_authorized_download,"Telegram public preview has no binary download URL; use an authorised Telegram session, then preserve binary and SHA-256"
https://t.me/robiai33/629?single,03 - السوابق القضائية.pdf,pending_authorized_download,"Telegram public preview has no binary download URL; use an authorised Telegram session, then preserve binary and SHA-256"
https://t.me/robiai33/634?single,27.pdf,pending_authorized_download,"Telegram public preview has no binary download URL; use an authorised Telegram session, then preserve binary and SHA-256"
https://t.me/robiai33/633?single,28.pdf,pending_authorized_download,"Telegram public preview has no binary download URL; use an authorised Telegram session, then preserve binary and SHA-256"
https://t.me/robiai33/632?single,29-1 (2).pdf,pending_authorized_download,"Telegram public preview has no binary download URL; use an authorised Telegram session, then preserve binary and SHA-256"
https://t.me/robiai33/631?single,29-1.pdf,pending_authorized_download,"Telegram public preview has no binary download URL; use an authorised Telegram session, then preserve binary and SHA-256"
https://t.me/robiai33/630?single,30.pdf,pending_authorized_download,"Telegram public preview has no binary download URL; use an authorised Telegram session, then preserve binary and SHA-256"
https://t.me/robiai33/635,السوابق_القضائية_ديوان_المظالم_231015_132744.pdf,pending_authorized_download,"Telegram public preview has no binary download URL; use an authorised Telegram session, then preserve binary and SHA-256"
https://t.me/robiai33/636,_السوابق_القضائية_في_عقود_المعاوضات_التجارية_.pdf,pending_authorized_download,"Telegram public preview has no binary download URL; use an authorised Telegram session, then preserve binary and SHA-256"
https://t.me/robiai33/637?single,18.pdf,pending_authorized_download,"Telegram public preview has no binary download URL; use an authorised Telegram session, then preserve binary and SHA-256"
https://t.me/robiai33/639?single,19.pdf,pending_authorized_download,"Telegram public preview has no binary download URL; use an authorised Telegram session, then preserve binary and SHA-256"
https://t.me/robiai33/638?single,21.pdf,pending_authorized_download,"Telegram public preview has no binary download URL; use an authorised Telegram session, then preserve binary and SHA-256"
https://t.me/robiai33/643?single,14.pdf,pending_authorized_download,"Telegram public preview has no binary download URL; use an authorised Telegram session, then preserve binary and SHA-256"
https://t.me/robiai33/645?single,15.pdf,pending_authorized_download,"Telegram public preview has no binary download URL; use an authorised Telegram session, then preserve binary and SHA-256"
https://t.me/robiai33/642?single,16.pdf,pending_authorized_download,"Telegram public preview has no binary download URL; use an authorised Telegram session, then preserve binary and SHA-256"
https://t.me/robiai33/644?single,20.pdf,pending_authorized_download,"Telegram public preview has no binary download URL; use an authorised Telegram session, then preserve binary and SHA-256"
https://t.me/robiai33/641?single,22.pdf,pending_authorized_download,"Telegram public preview has no binary download URL; use an authorised Telegram session, then preserve binary and SHA-256"
https://t.me/robiai33/640?single,23.pdf,pending_authorized_download,"Telegram public preview has no binary download URL; use an authorised Telegram session, then preserve binary and SHA-256"
https://t.me/robiai33/647?single,24.pdf,pending_authorized_download,"Telegram public preview has no binary download URL; use an authorised Telegram session, then preserve binary and SHA-256"
https://t.me/robiai33/649?single,4-1.pdf,pending_authorized_download,"Telegram public preview has no binary download URL; use an authorised Telegram session, then preserve binary and SHA-256"
https://t.me/robiai33/648?single,7.pdf,pending_authorized_download,"Telegram public preview has no binary download URL; use an authorised Telegram session, then preserve binary and SHA-256"
https://t.me/robiai33/646?single,8.pdf,pending_authorized_download,"Telegram public preview has no binary download URL; use an authorised Telegram session, then preserve binary and SHA-256"
https://t.me/robiai33/652?single,10.pdf,pending_authorized_download,"Telegram public preview has no binary download URL; use an authorised Telegram session, then preserve binary and SHA-256"
https://t.me/robiai33/654?single,12.pdf,pending_authorized_download,"Telegram public preview has no binary download URL; use an authorised Telegram session, then preserve binary and SHA-256"
https://t.me/robiai33/651?single,3-1 (1).pdf,pending_authorized_download,"Telegram public preview has no binary download URL; use an authorised Telegram session, then preserve binary and SHA-256"
https://t.me/robiai33/655?single,3-1.pdf,pending_authorized_download,"Telegram public preview has no binary download URL; use an authorised Telegram session, then preserve binary and SHA-256"
https://t.me/robiai33/650?single,6.pdf,pending_authorized_download,"Telegram public preview has no binary download URL; use an authorised Telegram session, then preserve binary and SHA-256"
https://t.me/robiai33/653?single,9.pdf,pending_authorized_download,"Telegram public preview has no binary download URL; use an authorised Telegram session, then preserve binary and SHA-256"
https://t.me/robiai33/656,_السوابق_القضائية_في_عقود_المعاوضات_التجارية_.pdf,pending_authorized_download,"Telegram public preview has no binary download URL; use an authorised Telegram session, then preserve binary and SHA-256"
https://t.me/robiai33/657,السوابق_القضائية_ديوان_المظالم_231015_132744.pdf,pending_authorized_download,"Telegram public preview has no binary download URL; use an authorised Telegram session, then preserve binary and SHA-256"
https://t.me/robiai33/658,_السوابق_القضائية_في_عقود_المعاوضات_التجارية_.pdf,pending_authorized_download,"Telegram public preview has no binary download URL; use an authorised Telegram session, then preserve binary and SHA-256"
https://t.me/robiai33/659,_السوابق_القضائية_في_عقود_المعاوضات_التجارية_.pdf,pending_authorized_download,"Telegram public preview has no binary download URL; use an authorised Telegram session, then preserve binary and SHA-256"
https://t.me/robiai33/660,مدونة_السوابق_القضائية_التأمينية_للجنة_الاستئنافية_للفصل_في_المنازعات.pdf,pending_authorized_download,"Telegram public preview has no binary download URL; use an authorised Telegram session, then preserve binary and SHA-256"
https://t.me/robiai33/661,اللائحة_التنفيذية_لطرق_الاعتراض_على_الأحكام.pdf,pending_authorized_download,"Telegram public preview has no binary download URL; use an authorised Telegram session, then preserve binary and SHA-256"
https://t.me/robiai33/662,تسليم مستندات.pdf,pending_authorized_download,"Telegram public preview has no binary download URL; use an authorised Telegram session, then preserve binary and SHA-256"
https://t.me/robiai33/663,نظام الإقامة المميزة.pdf,pending_authorized_download,"Telegram public preview has no binary download URL; use an authorised Telegram session, then preserve binary and SHA-256"
https://t.me/robiai33/664,‎تسبيبات نظام المعاملات المدنية.pdf,pending_authorized_download,"Telegram public preview has no binary download URL; use an authorised Telegram session, then preserve binary and SHA-256"
https://t.me/robiai33/665,1-1مجموعة الاحكام القضائية.pdf,pending_authorized_download,"Telegram public preview has no binary download URL; use an authorised Telegram session, then preserve binary and SHA-256"
https://t.me/robiai33/666,مجموعه الاحكام القضائية 2.pdf,pending_authorized_download,"Telegram public preview has no binary download URL; use an authorised Telegram session, then preserve binary and SHA-256"
https://t.me/robiai33/667,مجموعه الاحكام القضائية 3.pdf,pending_authorized_download,"Telegram public preview has no binary download URL; use an authorised Telegram session, then preserve binary and SHA-256"
https://t.me/robiai33/668,مجموعه الاحكام القضائية 4.pdf,pending_authorized_download,"Telegram public preview has no binary download URL; use an authorised Telegram session, then preserve binary and SHA-256"
https://t.me/robiai33/669,مجموعه الاحكام القضائية 5.pdf,pending_authorized_download,"Telegram public preview has no binary download URL; use an authorised Telegram session, then preserve binary and SHA-256"
https://t.me/robiai33/670,مجموعه الاحكام القضائية 6.pdf,pending_authorized_download,"Telegram public preview has no binary download URL; use an authorised Telegram session, then preserve binary and SHA-256"
https://t.me/robiai33/671,مجموعه الاحكام القضائية 7.pdf,pending_authorized_download,"Telegram public preview has no binary download URL; use an authorised Telegram session, then preserve binary and SHA-256"
https://t.me/robiai33/672,مجموعه الاحكام القضائية 8.pdf,pending_authorized_download,"Telegram public preview has no binary download URL; use an authorised Telegram session, then preserve binary and SHA-256"
https://t.me/robiai33/673,مجموعه الاحكام القضائية 9.pdf,pending_authorized_download,"Telegram public preview has no binary download URL; use an authorised Telegram session, then preserve binary and SHA-256"
https://t.me/robiai33/674,مجموعة الاحكام القضائية 10.pdf,pending_authorized_download,"Telegram public preview has no binary download URL; use an authorised Telegram session, then preserve binary and SHA-256"
https://t.me/robiai33/675,مجموعه الاحكام القضائية 11.pdf,pending_authorized_download,"Telegram public preview has no binary download URL; use an authorised Telegram session, then preserve binary and SHA-256"
https://t.me/robiai33/676,مجموعه الاحكام القضائية12.pdf,pending_authorized_download,"Telegram public preview has no binary download URL; use an authorised Telegram session, then preserve binary and SHA-256"
https://t.me/robiai33/677,مجموعه الاحكام القضائية13.pdf,pending_authorized_download,"Telegram public preview has no binary download URL; use an authorised Telegram session, then preserve binary and SHA-256"
https://t.me/robiai33/678,مجموعه الاحكام القضائية14.pdf,pending_authorized_download,"Telegram public preview has no binary download URL; use an authorised Telegram session, then preserve binary and SHA-256"
https://t.me/robiai33/679,مجموعه الاحكام القضائية15.pdf,pending_authorized_download,"Telegram public preview has no binary download URL; use an authorised Telegram session, then preserve binary and SHA-256"
https://t.me/robiai33/680,مجموعه الاحكام القضائية16.pdf,pending_authorized_download,"Telegram public preview has no binary download URL; use an authorised Telegram session, then preserve binary and SHA-256"
https://t.me/robiai33/681,مجموعه الاحكام القضائية17.pdf,pending_authorized_download,"Telegram public preview has no binary download URL; use an authorised Telegram session, then preserve binary and SHA-256"
https://t.me/robiai33/682,18 مجموعة الاحكام القضائية.pdf,pending_authorized_download,"Telegram public preview has no binary download URL; use an authorised Telegram session, then preserve binary and SHA-256"
https://t.me/robiai33/683,19 مجموعة الاحكام القضائية.pdf,pending_authorized_download,"Telegram public preview has no binary download URL; use an authorised Telegram session, then preserve binary and SHA-256"
https://t.me/robiai33/684,مجموعه الاحكام القضائية20.pdf,pending_authorized_download,"Telegram public preview has no binary download URL; use an authorised Telegram session, then preserve binary and SHA-256"
https://t.me/robiai33/685,مجموعه الاحكام القضائية21.pdf,pending_authorized_download,"Telegram public preview has no binary download URL; use an authorised Telegram session, then preserve binary and SHA-256"
https://t.me/robiai33/686,مجموعه الاحكام القضائية22.pdf,pending_authorized_download,"Telegram public preview has no binary download URL; use an authorised Telegram session, then preserve binary and SHA-256"
https://t.me/robiai33/687,مجموعه الاحكام القضائية23.pdf,pending_authorized_download,"Telegram public preview has no binary download URL; use an authorised Telegram session, then preserve binary and SHA-256"
https://t.me/robiai33/688,مجموعه الاحكام القضائية24.pdf,pending_authorized_download,"Telegram public preview has no binary download URL; use an authorised Telegram session, then preserve binary and SHA-256"
https://t.me/robiai33/689,مجموعه الاحكام القضائية25.pdf,pending_authorized_download,"Telegram public preview has no binary download URL; use an authorised Telegram session, then preserve binary and SHA-256"
https://t.me/robiai33/690,26_2 مجموعة الاحكام القضائسة.pdf,pending_authorized_download,"Telegram public preview has no binary download URL; use an authorised Telegram session, then preserve binary and SHA-256"
https://t.me/robiai33/691,27_2 مجموعة الاحكام القضائية.pdf,pending_authorized_download,"Telegram public preview has no binary download URL; use an authorised Telegram session, then preserve binary and SHA-256"
https://t.me/robiai33/692,28_2 مجموعة الاحكام القضائية.pdf,pending_authorized_download,"Telegram public preview has no binary download URL; use an authorised Telegram session, then preserve binary and SHA-256"
https://t.me/robiai33/693,29 مجموعة الاحكام القضائية.pdf,pending_authorized_download,"Telegram public preview has no binary download URL; use an authorised Telegram session, then preserve binary and SHA-256"
https://t.me/robiai33/694,مجموعه الاحكام القضائية30.pdf,pending_authorized_download,"Telegram public preview has no binary download URL; use an authorised Telegram session, then preserve binary and SHA-256"
https://t.me/robiai33/695,مجموعة_أحكام_قضائية_أحوال_شخصية_١٤٣٥.pdf,pending_authorized_download,"Telegram public preview has no binary download URL; use an authorised Telegram session, then preserve binary and SHA-256"
https://t.me/robiai33/696,03 - السوابق القضائية.pdf,pending_authorized_download,"Telegram public preview has no binary download URL; use an authorised Telegram session, then preserve binary and SHA-256"
https://t.me/robiai33/697,تسبيبات عمالية.pdf.pdf,pending_authorized_download,"Telegram public preview has no binary download URL; use an authorised Telegram session, then preserve binary and SHA-256"
https://t.me/robiai33/698,تسبيبات عمالية - الإصدار الثاني .pdf,pending_authorized_download,"Telegram public preview has no binary download URL; use an authorised Telegram session, then preserve binary and SHA-256"
https://t.me/robiai33/699,تسبيبات فقهية ونظامية عمالية.pdf,pending_authorized_download,"Telegram public preview has no binary download URL; use an authorised Telegram session, then preserve binary and SHA-256"
https://t.me/robiai33/701?single,التسببيات_القضائية_للأحكام_التجارية_للقاضي_أحمد_بن_محمد_الحارثي.pdf,pending_authorized_download,"Telegram public preview has no binary download URL; use an authorised Telegram session, then preserve binary and SHA-256"
https://t.me/robiai33/700?single,تسبيبات عمالية.pdf,pending_authorized_download,"Telegram public preview has no binary download URL; use an authorised Telegram session, then preserve binary and SHA-256"
https://t.me/robiai33/702?single,🔴‎⁨تسبيبات_في_التنفيذ_ومنازعاته⁩🔴.pdf,pending_authorized_download,"Telegram public preview has no binary download URL; use an authorised Telegram session, then preserve binary and SHA-256"
https://t.me/robiai33/703,السوابق القضائية لحقوق المؤلف.pdf,pending_authorized_download,"Telegram public preview has no binary download URL; use an authorised Telegram session, then preserve binary and SHA-256"
https://t.me/robiai33/704,1-1مجموعة الاحكام القضائية.pdf,pending_authorized_download,"Telegram public preview has no binary download URL; use an authorised Telegram session, then preserve binary and SHA-256"
https://t.me/robiai33/705,مجموعه الاحكام القضائية 2.pdf,pending_authorized_download,"Telegram public preview has no binary download URL; use an authorised Telegram session, then preserve binary and SHA-256"
https://t.me/robiai33/706,مجموعه الاحكام القضائية 3.pdf,pending_authorized_download,"Telegram public preview has no binary download URL; use an authorised Telegram session, then preserve binary and SHA-256"
https://t.me/robiai33/707,مجموعه الاحكام القضائية 4.pdf,pending_authorized_download,"Telegram public preview has no binary download URL; use an authorised Telegram session, then preserve binary and SHA-256"
https://t.me/robiai33/708,مجموعه الاحكام القضائية 5.pdf,pending_authorized_download,"Telegram public preview has no binary download URL; use an authorised Telegram session, then preserve binary and SHA-256"
https://t.me/robiai33/709,مجموعه الاحكام القضائية 6.pdf,pending_authorized_download,"Telegram public preview has no binary download URL; use an authorised Telegram session, then preserve binary and SHA-256"
https://t.me/robiai33/710,مجموعه الاحكام القضائية 7.pdf,pending_authorized_download,"Telegram public preview has no binary download URL; use an authorised Telegram session, then preserve binary and SHA-256"
https://t.me/robiai33/711,مجموعه الاحكام القضائية 8.pdf,pending_authorized_download,"Telegram public preview has no binary download URL; use an authorised Telegram session, then preserve binary and SHA-256"
https://t.me/robiai33/712,مجموعه الاحكام القضائية 9.pdf,pending_authorized_download,"Telegram public preview has no binary download URL; use an authorised Telegram session, then preserve binary and SHA-256"
https://t.me/robiai33/713,مجموعة الاحكام القضائية 10.pdf,pending_authorized_download,"Telegram public preview has no binary download URL; use an authorised Telegram session, then preserve binary and SHA-256"
https://t.me/robiai33/714,مجموعه الاحكام القضائية 11.pdf,pending_authorized_download,"Telegram public preview has no binary download URL; use an authorised Telegram session, then preserve binary and SHA-256"
https://t.me/robiai33/715,مجموعه الاحكام القضائية12.pdf,pending_authorized_download,"Telegram public preview has no binary download URL; use an authorised Telegram session, then preserve binary and SHA-256"
https://t.me/robiai33/716,مجموعه الاحكام القضائية13.pdf,pending_authorized_download,"Telegram public preview has no binary download URL; use an authorised Telegram session, then preserve binary and SHA-256"
https://t.me/robiai33/717,مجموعه الاحكام القضائية14.pdf,pending_authorized_download,"Telegram public preview has no binary download URL; use an authorised Telegram session, then preserve binary and SHA-256"
https://t.me/robiai33/718,مجموعه الاحكام القضائية15.pdf,pending_authorized_download,"Telegram public preview has no binary download URL; use an authorised Telegram session, then preserve binary and SHA-256"
https://t.me/robiai33/719,مجموعه الاحكام القضائية16.pdf,pending_authorized_download,"Telegram public preview has no binary download URL; use an authorised Telegram session, then preserve binary and SHA-256"
https://t.me/robiai33/720,مجموعه الاحكام القضائية17.pdf,pending_authorized_download,"Telegram public preview has no binary download URL; use an authorised Telegram session, then preserve binary and SHA-256"
https://t.me/robiai33/721,18 مجموعة الاحكام القضائية.pdf,pending_authorized_download,"Telegram public preview has no binary download URL; use an authorised Telegram session, then preserve binary and SHA-256"
https://t.me/robiai33/722,19 مجموعة الاحكام القضائية.pdf,pending_authorized_download,"Telegram public preview has no binary download URL; use an authorised Telegram session, then preserve binary and SHA-256"
https://t.me/robiai33/723,مجموعه الاحكام القضائية20.pdf,pending_authorized_download,"Telegram public preview has no binary download URL; use an authorised Telegram session, then preserve binary and SHA-256"
https://t.me/robiai33/724,مجموعه الاحكام القضائية21.pdf,pending_authorized_download,"Telegram public preview has no binary download URL; use an authorised Telegram session, then preserve binary and SHA-256"
https://t.me/robiai33/725,مجموعه الاحكام القضائية22.pdf,pending_authorized_download,"Telegram public preview has no binary download URL; use an authorised Telegram session, then preserve binary and SHA-256"
https://t.me/robiai33/726,مجموعه الاحكام القضائية23.pdf,pending_authorized_download,"Telegram public preview has no binary download URL; use an authorised Telegram session, then preserve binary and SHA-256"
https://t.me/robiai33/727,مجموعه الاحكام القضائية24.pdf,pending_authorized_download,"Telegram public preview has no binary download URL; use an authorised Telegram session, then preserve binary and SHA-256"
https://t.me/robiai33/728,مجموعه الاحكام القضائية25.pdf,pending_authorized_download,"Telegram public preview has no binary download URL; use an authorised Telegram session, then preserve binary and SHA-256"
https://t.me/robiai33/729,26_2 مجموعة الاحكام القضائسة.pdf,pending_authorized_download,"Telegram public preview has no binary download URL; use an authorised Telegram session, then preserve binary and SHA-256"
https://t.me/robiai33/730,27_2 مجموعة الاحكام القضائية.pdf,pending_authorized_download,"Telegram public preview has no binary download URL; use an authorised Telegram session, then preserve binary and SHA-256"
https://t.me/robiai33/731,28_2 مجموعة الاحكام القضائية.pdf,pending_authorized_download,"Telegram public preview has no binary download URL; use an authorised Telegram session, then preserve binary and SHA-256"
https://t.me/robiai33/732,29 مجموعة الاحكام القضائية.pdf,pending_authorized_download,"Telegram public preview has no binary download URL; use an authorised Telegram session, then preserve binary and SHA-256"
https://t.me/robiai33/733,مجموعه الاحكام القضائية30.pdf,pending_authorized_download,"Telegram public preview has no binary download URL; use an authorised Telegram session, then preserve binary and SHA-256"
https://t.me/robiai33/734,تسبيبات عمالية.pdf,pending_authorized_download,"Telegram public preview has no binary download URL; use an authorised Telegram session, then preserve binary and SHA-256"
https://t.me/robiai33/735,تسبيبات عمالية.pdf,pending_authorized_download,"Telegram public preview has no binary download URL; use an authorised Telegram session, then preserve binary and SHA-256"
https://t.me/robiai33/736,نظام الأسماء التجارية.pdf,pending_authorized_download,"Telegram public preview has no binary download URL; use an authorised Telegram session, then preserve binary and SHA-256"
https://t.me/robiai33/737,document (19).pdf,pending_authorized_download,"Telegram public preview has no binary download URL; use an authorised Telegram session, then preserve binary and SHA-256"
https://t.me/robiai33/738,‎⁨22_خدمة_مدنية_قرار_إداري_نقل_قرار_عقوبة_مُقَنع⁩.pdf,pending_authorized_download,"Telegram public preview has no binary download URL; use an authorised Telegram session, then preserve binary and SHA-256"
https://t.me/robiai33/739,1-1مجموعة الاحكام القضائية.pdf,pending_authorized_download,"Telegram public preview has no binary download URL; use an authorised Telegram session, then preserve binary and SHA-256"
https://t.me/robiai33/740,مجموعه الاحكام القضائية 2.pdf,pending_authorized_download,"Telegram public preview has no binary download URL; use an authorised Telegram session, then preserve binary and SHA-256"
https://t.me/robiai33/741,مجموعه الاحكام القضائية 3.pdf,pending_authorized_download,"Telegram public preview has no binary download URL; use an authorised Telegram session, then preserve binary and SHA-256"
https://t.me/robiai33/742,مجموعه الاحكام القضائية 4.pdf,pending_authorized_download,"Telegram public preview has no binary download URL; use an authorised Telegram session, then preserve binary and SHA-256"
https://t.me/robiai33/743,مجموعه الاحكام القضائية 5.pdf,pending_authorized_download,"Telegram public preview has no binary download URL; use an authorised Telegram session, then preserve binary and SHA-256"
https://t.me/robiai33/744,مجموعه الاحكام القضائية 6.pdf,pending_authorized_download,"Telegram public preview has no binary download URL; use an authorised Telegram session, then preserve binary and SHA-256"
https://t.me/robiai33/745,مجموعه الاحكام القضائية 7.pdf,pending_authorized_download,"Telegram public preview has no binary download URL; use an authorised Telegram session, then preserve binary and SHA-256"
https://t.me/robiai33/746,مجموعه الاحكام القضائية 8.pdf,pending_authorized_download,"Telegram public preview has no binary download URL; use an authorised Telegram session, then preserve binary and SHA-256"
https://t.me/robiai33/747,مجموعه الاحكام القضائية 9.pdf,pending_authorized_download,"Telegram public preview has no binary download URL; use an authorised Telegram session, then preserve binary and SHA-256"
https://t.me/robiai33/748,مجموعة الاحكام القضائية 10.pdf,pending_authorized_download,"Telegram public preview has no binary download URL; use an authorised Telegram session, then preserve binary and SHA-256"
https://t.me/robiai33/749,مجموعه الاحكام القضائية 11.pdf,pending_authorized_download,"Telegram public preview has no binary download URL; use an authorised Telegram session, then preserve binary and SHA-256"
https://t.me/robiai33/750,مجموعه الاحكام القضائية12.pdf,pending_authorized_download,"Telegram public preview has no binary download URL; use an authorised Telegram session, then preserve binary and SHA-256"
https://t.me/robiai33/751,مجموعه الاحكام القضائية13.pdf,pending_authorized_download,"Telegram public preview has no binary download URL; use an authorised Telegram session, then preserve binary and SHA-256"
https://t.me/robiai33/752,مجموعه الاحكام القضائية14.pdf,pending_authorized_download,"Telegram public preview has no binary download URL; use an authorised Telegram session, then preserve binary and SHA-256"
https://t.me/robiai33/753,مجموعه الاحكام القضائية15.pdf,pending_authorized_download,"Telegram public preview has no binary download URL; use an authorised Telegram session, then preserve binary and SHA-256"
https://t.me/robiai33/754,مجموعه الاحكام القضائية16.pdf,pending_authorized_download,"Telegram public preview has no binary download URL; use an authorised Telegram session, then preserve binary and SHA-256"
https://t.me/robiai33/755,مجموعه الاحكام القضائية17.pdf,pending_authorized_download,"Telegram public preview has no binary download URL; use an authorised Telegram session, then preserve binary and SHA-256"
https://t.me/robiai33/756,18 مجموعة الاحكام القضائية.pdf,pending_authorized_download,"Telegram public preview has no binary download URL; use an authorised Telegram session, then preserve binary and SHA-256"
https://t.me/robiai33/757,19 مجموعة الاحكام القضائية.pdf,pending_authorized_download,"Telegram public preview has no binary download URL; use an authorised Telegram session, then preserve binary and SHA-256"
https://t.me/robiai33/758,مجموعه الاحكام القضائية20.pdf,pending_authorized_download,"Telegram public preview has no binary download URL; use an authorised Telegram session, then preserve binary and SHA-256"
https://t.me/robiai33/759,مجموعه الاحكام القضائية21.pdf,pending_authorized_download,"Telegram public preview has no binary download URL; use an authorised Telegram session, then preserve binary and SHA-256"
https://t.me/robiai33/760,مجموعه الاحكام القضائية22.pdf,pending_authorized_download,"Telegram public preview has no binary download URL; use an authorised Telegram session, then preserve binary and SHA-256"
https://t.me/robiai33/761,مجموعه الاحكام القضائية23.pdf,pending_authorized_download,"Telegram public preview has no binary download URL; use an authorised Telegram session, then preserve binary and SHA-256"
https://t.me/robiai33/762,مجموعه الاحكام القضائية24.pdf,pending_authorized_download,"Telegram public preview has no binary download URL; use an authorised Telegram session, then preserve binary and SHA-256"
https://t.me/robiai33/763,مجموعه الاحكام القضائية25.pdf,pending_authorized_download,"Telegram public preview has no binary download URL; use an authorised Telegram session, then preserve binary and SHA-256"
https://t.me/robiai33/764,26_2 مجموعة الاحكام القضائسة.pdf,pending_authorized_download,"Telegram public preview has no binary download URL; use an authorised Telegram session, then preserve binary and SHA-256"
https://t.me/robiai33/765,27_2 مجموعة الاحكام القضائية.pdf,pending_authorized_download,"Telegram public preview has no binary download URL; use an authorised Telegram session, then preserve binary and SHA-256"
https://t.me/robiai33/766,28_2 مجموعة الاحكام القضائية.pdf,pending_authorized_download,"Telegram public preview has no binary download URL; use an authorised Telegram session, then preserve binary and SHA-256"
https://t.me/robiai33/767,29 مجموعة الاحكام القضائية.pdf,pending_authorized_download,"Telegram public preview has no binary download URL; use an authorised Telegram session, then preserve binary and SHA-256"
https://t.me/robiai33/768,مجموعه الاحكام القضائية30.pdf,pending_authorized_download,"Telegram public preview has no binary download URL; use an authorised Telegram session, then preserve binary and SHA-256"
https://t.me/robiai33/769,سوابق مسكرات.pdf,pending_authorized_download,"Telegram public preview has no binary download URL; use an authorised Telegram session, then preserve binary and SHA-256"
https://t.me/robiai33/770,سوابق مخدرات .pdf,pending_authorized_download,"Telegram public preview has no binary download URL; use an authorised Telegram session, then preserve binary and SHA-256"
https://t.me/robiai33/771,Ø§ÙØ¬Ø§Ù Ø¹_Ø§ÙÙ Ø®ØªØµØ±_ÙÙ_Ø§ÙØ¬Ø±Ø§Ø¡Ø§Øª_ÙØ¸Ø±.pdf,pending_authorized_download,"Telegram public preview has no binary download URL; use an authorised Telegram session, then preserve binary and SHA-256"
https://t.me/robiai33/772,المجلد الاول.pdf,pending_authorized_download,"Telegram public preview has no binary download URL; use an authorised Telegram session, then preserve binary and SHA-256"
https://t.me/robiai33/773,المجلد الثاني.pdf,pending_authorized_download,"Telegram public preview has no binary download URL; use an authorised Telegram session, then preserve binary and SHA-256"
https://t.me/robiai33/774,المجلد الثالث.pdf,pending_authorized_download,"Telegram public preview has no binary download URL; use an authorised Telegram session, then preserve binary and SHA-256"
https://t.me/robiai33/775,المجلد الرابع.pdf,pending_authorized_download,"Telegram public preview has no binary download URL; use an authorised Telegram session, then preserve binary and SHA-256"
https://t.me/robiai33/776,2ـ_عقد_تجاري_عقد_نقل_نقل_جوي_التزامات.pdf,pending_authorized_download,"Telegram public preview has no binary download URL; use an authorised Telegram session, then preserve binary and SHA-256"
https://t.me/robiai33/777,22_خدمة_عسكرية_–_أفراد_–_حقوق_وظيفية_مكافأة_مباشرة_الأموال_العامة.pdf,pending_authorized_download,"Telegram public preview has no binary download URL; use an authorised Telegram session, then preserve binary and SHA-256"
https://t.me/robiai33/778,01_خدمة_عسكرية_–_ضباط_حقوق_وظيفية_مكافأة_مباشرة_الأموال_العامة.pdf,pending_authorized_download,"Telegram public preview has no binary download URL; use an authorised Telegram session, then preserve binary and SHA-256"
https://t.me/robiai33/779,مجموعه_الاحكام_القضائية24_في_قضايا_العقوق.pdf,pending_authorized_download,"Telegram public preview has no binary download URL; use an authorised Telegram session, then preserve binary and SHA-256"
https://t.me/robiai33/780,صور قضائية حسن جلال Copy Copy.pdf,pending_authorized_download,"Telegram public preview has no binary download URL; use an authorised Telegram session, then preserve binary and SHA-256"
https://t.me/robiai33/781,تعميم عن الاختصاص النوعي.pdf,pending_authorized_download,"Telegram public preview has no binary download URL; use an authorised Telegram session, then preserve binary and SHA-256"
https://t.me/robiai33/782,التسبيبات الجزائية.pdf,pending_authorized_download,"Telegram public preview has no binary download URL; use an authorised Telegram session, then preserve binary and SHA-256"
https://t.me/robiai33/783,التسبيبات الجزائية.pdf,pending_authorized_download,"Telegram public preview has no binary download URL; use an authorised Telegram session, then preserve binary and SHA-256"
https://t.me/robiai33/784,__1764865941.pdf,pending_authorized_download,"Telegram public preview has no binary download URL; use an authorised Telegram session, then preserve binary and SHA-256"
https://t.me/robiai33/785,file.pdf,pending_authorized_download,"Telegram public preview has no binary download URL; use an authorised Telegram session, then preserve binary and SHA-256"
https://t.me/robiai33/786,مجلد 1.pdf,pending_authorized_download,"Telegram public preview has no binary download URL; use an authorised Telegram session, then preserve binary and SHA-256"
https://t.me/robiai33/787,مجلد_2مجموعة_الأحكام_الإدارية_في_الملكية_الفكرية.pdf,pending_authorized_download,"Telegram public preview has no binary download URL; use an authorised Telegram session, then preserve binary and SHA-256"
https://t.me/robiai33/788,مجموعة_الأحكام_الإدارية_في_الملكية_الفكرية_مجلد_3.pdf,pending_authorized_download,"Telegram public preview has no binary download URL; use an authorised Telegram session, then preserve binary and SHA-256"
https://t.me/robiai33/789,مجموعة_الأحكام_الإدارية_في_الملكية_الفكرية_مجلد_4.pdf,pending_authorized_download,"Telegram public preview has no binary download URL; use an authorised Telegram session, then preserve binary and SHA-256"
https://t.me/robiai33/790,مجموعة_الأحكام_الإدارية_في_الملكية_الفكرية_مجلد_5.pdf,pending_authorized_download,"Telegram public preview has no binary download URL; use an authorised Telegram session, then preserve binary and SHA-256"
https://t.me/robiai33/791,‎⁨لائحة_العمالة_المنزلية_ومن_في_حكمهم⁩.pdf,pending_authorized_download,"Telegram public preview has no binary download URL; use an authorised Telegram session, then preserve binary and SHA-256"
https://t.me/robiai33/792,‎⁨عشرون قاعدة فقهية⁩.pdf,pending_authorized_download,"Telegram public preview has no binary download URL; use an authorised Telegram session, then preserve binary and SHA-256"
https://t.me/robiai33/793,احتيال مالي.pdf,pending_authorized_download,"Telegram public preview has no binary download URL; use an authorised Telegram session, then preserve binary and SHA-256"
https://t.me/robiai33/794,مذكرة جوابية اتعاب محاماة.pdf,pending_authorized_download,"Telegram public preview has no binary download URL; use an authorised Telegram session, then preserve binary and SHA-256"
https://t.me/robiai33/795,مذكرة الغاء قرار اداري .pdf,pending_authorized_download,"Telegram public preview has no binary download URL; use an authorised Telegram session, then preserve binary and SHA-256"
https://t.me/robiai33/796,ترويج مخدرات .pdf,pending_authorized_download,"Telegram public preview has no binary download URL; use an authorised Telegram session, then preserve binary and SHA-256"
https://t.me/robiai33/797,المجلد الأول مباديء العليا .pdf,pending_authorized_download,"Telegram public preview has no binary download URL; use an authorised Telegram session, then preserve binary and SHA-256"
https://t.me/robiai33/798,المجلد الثاني مباديء العليا.pdf,pending_authorized_download,"Telegram public preview has no binary download URL; use an authorised Telegram session, then preserve binary and SHA-256"
https://t.me/robiai33/799,الفهارس مباديء العليا .pdf,pending_authorized_download,"Telegram public preview has no binary download URL; use an authorised Telegram session, then preserve binary and SHA-256"
https://t.me/robiai33/800,1477.pdf,pending_authorized_download,"Telegram public preview has no binary download URL; use an authorised Telegram session, then preserve binary and SHA-256"
https://t.me/robiai33/801,2.jpeg,pending_authorized_download,"Telegram public preview has no binary download URL; use an authorised Telegram session, then preserve binary and SHA-256"
https://t.me/robiai33/802,3.jpeg,pending_authorized_download,"Telegram public preview has no binary download URL; use an authorised Telegram session, then preserve binary and SHA-256"
https://t.me/robiai33/803,4.jpeg,pending_authorized_download,"Telegram public preview has no binary download URL; use an authorised Telegram session, then preserve binary and SHA-256"
https://t.me/robiai33/804,دليل_الأسئلة_الشائعة_لنظام_الإفلاس.pdf,pending_authorized_download,"Telegram public preview has no binary download URL; use an authorised Telegram session, then preserve binary and SHA-256"
https://t.me/robiai33/805,12_9 مجموعة الاحكام القضائية.pdf,pending_authorized_download,"Telegram public preview has no binary download URL; use an authorised Telegram session, then preserve binary and SHA-256"
https://t.me/robiai33/806,حكم_قضائي_لتعويض_عن_الضرر_المعنوي.pdf,pending_authorized_download,"Telegram public preview has no binary download URL; use an authorised Telegram session, then preserve binary and SHA-256"
https://t.me/robiai33/807,أحوال شخصية.pdf,pending_authorized_download,"Telegram public preview has no binary download URL; use an authorised Telegram session, then preserve binary and SHA-256"
https://t.me/robiai33/808,مائة قاعدة فقهية. .pdf,pending_authorized_download,"Telegram public preview has no binary download URL; use an authorised Telegram session, then preserve binary and SHA-256"
https://t.me/robiai33/809,مجموعة الأحكام الأصدار الثاني .pdf,pending_authorized_download,"Telegram public preview has no binary download URL; use an authorised Telegram session, then preserve binary and SHA-256"
https://t.me/robiai33/810,حكم قضائي جنائي.pdf,pending_authorized_download,"Telegram public preview has no binary download URL; use an authorised Telegram session, then preserve binary and SHA-256"
https://t.me/robiai33/811?single,1-1.pdf,pending_authorized_download,"Telegram public preview has no binary download URL; use an authorised Telegram session, then preserve binary and SHA-256"
https://t.me/robiai33/819?single,10-1.pdf,pending_authorized_download,"Telegram public preview has no binary download URL; use an authorised Telegram session, then preserve binary and SHA-256"
https://t.me/robiai33/812?single,12-1.pdf,pending_authorized_download,"Telegram public preview has no binary download URL; use an authorised Telegram session, then preserve binary and SHA-256"
https://t.me/robiai33/813?single,13-1.pdf,pending_authorized_download,"Telegram public preview has no binary download URL; use an authorised Telegram session, then preserve binary and SHA-256"
https://t.me/robiai33/814?single,14-1.pdf,pending_authorized_download,"Telegram public preview has no binary download URL; use an authorised Telegram session, then preserve binary and SHA-256"
https://t.me/robiai33/815?single,5-1.pdf,pending_authorized_download,"Telegram public preview has no binary download URL; use an authorised Telegram session, then preserve binary and SHA-256"
https://t.me/robiai33/816?single,6-1.pdf,pending_authorized_download,"Telegram public preview has no binary download URL; use an authorised Telegram session, then preserve binary and SHA-256"
https://t.me/robiai33/817?single,7-1.pdf,pending_authorized_download,"Telegram public preview has no binary download URL; use an authorised Telegram session, then preserve binary and SHA-256"
https://t.me/robiai33/818?single,8-2.pdf,pending_authorized_download,"Telegram public preview has no binary download URL; use an authorised Telegram session, then preserve binary and SHA-256"
https://t.me/robiai33/820?single,9-1.pdf,pending_authorized_download,"Telegram public preview has no binary download URL; use an authorised Telegram session, then preserve binary and SHA-256"
https://t.me/robiai33/822?single,11-1.pdf,pending_authorized_download,"Telegram public preview has no binary download URL; use an authorised Telegram session, then preserve binary and SHA-256"
https://t.me/robiai33/821?single,12-1 (1).pdf,pending_authorized_download,"Telegram public preview has no binary download URL; use an authorised Telegram session, then preserve binary and SHA-256"
https://t.me/robiai33/823?single,13-1 (1).pdf,pending_authorized_download,"Telegram public preview has no binary download URL; use an authorised Telegram session, then preserve binary and SHA-256"
https://t.me/robiai33/824?single,14-1 (1).pdf,pending_authorized_download,"Telegram public preview has no binary download URL; use an authorised Telegram session, then preserve binary and SHA-256"
https://t.me/robiai33/825,حكم جزائي12.pdf,pending_authorized_download,"Telegram public preview has no binary download URL; use an authorised Telegram session, then preserve binary and SHA-256"
https://t.me/robiai33/826,حكم جزائي13.pdf,pending_authorized_download,"Telegram public preview has no binary download URL; use an authorised Telegram session, then preserve binary and SHA-256"
https://t.me/robiai33/827,حكم جزائي15.pdf,pending_authorized_download,"Telegram public preview has no binary download URL; use an authorised Telegram session, then preserve binary and SHA-256"
https://t.me/robiai33/828,15_تعويض_عن_سجن_صدور_حكم_جزائي_نها.pdf,pending_authorized_download,"Telegram public preview has no binary download URL; use an authorised Telegram session, then preserve binary and SHA-256"
https://t.me/robiai33/829,دعوى_قرار_إداري_جزائي_غرامة_مالية_صرف_ص.pdf,pending_authorized_download,"Telegram public preview has no binary download URL; use an authorised Telegram session, then preserve binary and SHA-256"
https://t.me/robiai33/830,1-1مجموعة الاحكام القضائية.pdf,pending_authorized_download,"Telegram public preview has no binary download URL; use an authorised Telegram session, then preserve binary and SHA-256"
https://t.me/robiai33/831,مجموعه الاحكام القضائية 2.pdf,pending_authorized_download,"Telegram public preview has no binary download URL; use an authorised Telegram session, then preserve binary and SHA-256"
https://t.me/robiai33/832,مجموعه الاحكام القضائية 3.pdf,pending_authorized_download,"Telegram public preview has no binary download URL; use an authorised Telegram session, then preserve binary and SHA-256"
https://t.me/robiai33/833,مجموعه الاحكام القضائية 4.pdf,pending_authorized_download,"Telegram public preview has no binary download URL; use an authorised Telegram session, then preserve binary and SHA-256"
https://t.me/robiai33/834,مجموعه الاحكام القضائية 5.pdf,pending_authorized_download,"Telegram public preview has no binary download URL; use an authorised Telegram session, then preserve binary and SHA-256"
https://t.me/robiai33/835,مجموعه الاحكام القضائية 6.pdf,pending_authorized_download,"Telegram public preview has no binary download URL; use an authorised Telegram session, then preserve binary and SHA-256"
https://t.me/robiai33/836,مجموعه الاحكام القضائية 7.pdf,pending_authorized_download,"Telegram public preview has no binary download URL; use an authorised Telegram session, then preserve binary and SHA-256"
https://t.me/robiai33/837,مجموعه الاحكام القضائية 8.pdf,pending_authorized_download,"Telegram public preview has no binary download URL; use an authorised Telegram session, then preserve binary and SHA-256"
https://t.me/robiai33/838,مجموعه الاحكام القضائية 9.pdf,pending_authorized_download,"Telegram public preview has no binary download URL; use an authorised Telegram session, then preserve binary and SHA-256"
https://t.me/robiai33/839,مجموعة الاحكام القضائية 10.pdf,pending_authorized_download,"Telegram public preview has no binary download URL; use an authorised Telegram session, then preserve binary and SHA-256"
https://t.me/robiai33/840,مجموعه الاحكام القضائية 11.pdf,pending_authorized_download,"Telegram public preview has no binary download URL; use an authorised Telegram session, then preserve binary and SHA-256"
https://t.me/robiai33/841,مجموعه الاحكام القضائية12.pdf,pending_authorized_download,"Telegram public preview has no binary download URL; use an authorised Telegram session, then preserve binary and SHA-256"
https://t.me/robiai33/842,مجموعه الاحكام القضائية13.pdf,pending_authorized_download,"Telegram public preview has no binary download URL; use an authorised Telegram session, then preserve binary and SHA-256"
https://t.me/robiai33/843,مجموعه الاحكام القضائية14.pdf,pending_authorized_download,"Telegram public preview has no binary download URL; use an authorised Telegram session, then preserve binary and SHA-256"
https://t.me/robiai33/844,مجموعه الاحكام القضائية15.pdf,pending_authorized_download,"Telegram public preview has no binary download URL; use an authorised Telegram session, then preserve binary and SHA-256"
https://t.me/robiai33/845,مجموعه الاحكام القضائية16.pdf,pending_authorized_download,"Telegram public preview has no binary download URL; use an authorised Telegram session, then preserve binary and SHA-256"
https://t.me/robiai33/846,مجموعه الاحكام القضائية17.pdf,pending_authorized_download,"Telegram public preview has no binary download URL; use an authorised Telegram session, then preserve binary and SHA-256"
https://t.me/robiai33/847,18 مجموعة الاحكام القضائية.pdf,pending_authorized_download,"Telegram public preview has no binary download URL; use an authorised Telegram session, then preserve binary and SHA-256"
https://t.me/robiai33/848,19 مجموعة الاحكام القضائية.pdf,pending_authorized_download,"Telegram public preview has no binary download URL; use an authorised Telegram session, then preserve binary and SHA-256"
https://t.me/robiai33/849,مجموعه الاحكام القضائية20.pdf,pending_authorized_download,"Telegram public preview has no binary download URL; use an authorised Telegram session, then preserve binary and SHA-256"
https://t.me/robiai33/850,مجموعه الاحكام القضائية21.pdf,pending_authorized_download,"Telegram public preview has no binary download URL; use an authorised Telegram session, then preserve binary and SHA-256"
https://t.me/robiai33/851,مجموعه الاحكام القضائية22.pdf,pending_authorized_download,"Telegram public preview has no binary download URL; use an authorised Telegram session, then preserve binary and SHA-256"
https://t.me/robiai33/852,مجموعه الاحكام القضائية23.pdf,pending_authorized_download,"Telegram public preview has no binary download URL; use an authorised Telegram session, then preserve binary and SHA-256"
https://t.me/robiai33/853,مجموعه الاحكام القضائية24.pdf,pending_authorized_download,"Telegram public preview has no binary download URL; use an authorised Telegram session, then preserve binary and SHA-256"
https://t.me/robiai33/854,مجموعه الاحكام القضائية25.pdf,pending_authorized_download,"Telegram public preview has no binary download URL; use an authorised Telegram session, then preserve binary and SHA-256"
https://t.me/robiai33/855,26_2 مجموعة الاحكام القضائسة.pdf,pending_authorized_download,"Telegram public preview has no binary download URL; use an authorised Telegram session, then preserve binary and SHA-256"
https://t.me/robiai33/856,27_2 مجموعة الاحكام القضائية.pdf,pending_authorized_download,"Telegram public preview has no binary download URL; use an authorised Telegram session, then preserve binary and SHA-256"
https://t.me/robiai33/857,28_2 مجموعة الاحكام القضائية.pdf,pending_authorized_download,"Telegram public preview has no binary download URL; use an authorised Telegram session, then preserve binary and SHA-256"
https://t.me/robiai33/858,29 مجموعة الاحكام القضائية.pdf,pending_authorized_download,"Telegram public preview has no binary download URL; use an authorised Telegram session, then preserve binary and SHA-256"
https://t.me/robiai33/859,مجموعه الاحكام القضائية30.pdf,pending_authorized_download,"Telegram public preview has no binary download URL; use an authorised Telegram session, then preserve binary and SHA-256"
https://t.me/robiai33/860,1-1مجموعة الاحكام القضائية.pdf,pending_authorized_download,"Telegram public preview has no binary download URL; use an authorised Telegram session, then preserve binary and SHA-256"
https://t.me/robiai33/861,مجموعه الاحكام القضائية 2.pdf,pending_authorized_download,"Telegram public preview has no binary download URL; use an authorised Telegram session, then preserve binary and SHA-256"
https://t.me/robiai33/862,مجموعه الاحكام القضائية 3.pdf,pending_authorized_download,"Telegram public preview has no binary download URL; use an authorised Telegram session, then preserve binary and SHA-256"
https://t.me/robiai33/863,مجموعه الاحكام القضائية 4.pdf,pending_authorized_download,"Telegram public preview has no binary download URL; use an authorised Telegram session, then preserve binary and SHA-256"
https://t.me/robiai33/864,مجموعه الاحكام القضائية 5.pdf,pending_authorized_download,"Telegram public preview has no binary download URL; use an authorised Telegram session, then preserve binary and SHA-256"
https://t.me/robiai33/865,مجموعه الاحكام القضائية 6.pdf,pending_authorized_download,"Telegram public preview has no binary download URL; use an authorised Telegram session, then preserve binary and SHA-256"
https://t.me/robiai33/866,مجموعه الاحكام القضائية 7.pdf,pending_authorized_download,"Telegram public preview has no binary download URL; use an authorised Telegram session, then preserve binary and SHA-256"
https://t.me/robiai33/867,مجموعه الاحكام القضائية 8.pdf,pending_authorized_download,"Telegram public preview has no binary download URL; use an authorised Telegram session, then preserve binary and SHA-256"
https://t.me/robiai33/868,مجموعه الاحكام القضائية 9.pdf,pending_authorized_download,"Telegram public preview has no binary download URL; use an authorised Telegram session, then preserve binary and SHA-256"
https://t.me/robiai33/869,مجموعة الاحكام القضائية 10.pdf,pending_authorized_download,"Telegram public preview has no binary download URL; use an authorised Telegram session, then preserve binary and SHA-256"
https://t.me/robiai33/870,مجموعه الاحكام القضائية 11.pdf,pending_authorized_download,"Telegram public preview has no binary download URL; use an authorised Telegram session, then preserve binary and SHA-256"
https://t.me/robiai33/871,مجموعه الاحكام القضائية12.pdf,pending_authorized_download,"Telegram public preview has no binary download URL; use an authorised Telegram session, then preserve binary and SHA-256"
https://t.me/robiai33/872,مجموعه الاحكام القضائية13.pdf,pending_authorized_download,"Telegram public preview has no binary download URL; use an authorised Telegram session, then preserve binary and SHA-256"
https://t.me/robiai33/873,مجموعه الاحكام القضائية14.pdf,pending_authorized_download,"Telegram public preview has no binary download URL; use an authorised Telegram session, then preserve binary and SHA-256"
https://t.me/robiai33/874,مجموعه الاحكام القضائية15.pdf,pending_authorized_download,"Telegram public preview has no binary download URL; use an authorised Telegram session, then preserve binary and SHA-256"
https://t.me/robiai33/875,مجموعه الاحكام القضائية16.pdf,pending_authorized_download,"Telegram public preview has no binary download URL; use an authorised Telegram session, then preserve binary and SHA-256"
https://t.me/robiai33/876,مجموعه الاحكام القضائية17.pdf,pending_authorized_download,"Telegram public preview has no binary download URL; use an authorised Telegram session, then preserve binary and SHA-256"
https://t.me/robiai33/877,18 مجموعة الاحكام القضائية.pdf,pending_authorized_download,"Telegram public preview has no binary download URL; use an authorised Telegram session, then preserve binary and SHA-256"
https://t.me/robiai33/878,19 مجموعة الاحكام القضائية.pdf,pending_authorized_download,"Telegram public preview has no binary download URL; use an authorised Telegram session, then preserve binary and SHA-256"
https://t.me/robiai33/879,مجموعه الاحكام القضائية20.pdf,pending_authorized_download,"Telegram public preview has no binary download URL; use an authorised Telegram session, then preserve binary and SHA-256"
https://t.me/robiai33/880,مجموعه الاحكام القضائية21.pdf,pending_authorized_download,"Telegram public preview has no binary download URL; use an authorised Telegram session, then preserve binary and SHA-256"
https://t.me/robiai33/881,مجموعه الاحكام القضائية22.pdf,pending_authorized_download,"Telegram public preview has no binary download URL; use an authorised Telegram session, then preserve binary and SHA-256"
https://t.me/robiai33/882,مجموعه الاحكام القضائية23.pdf,pending_authorized_download,"Telegram public preview has no binary download URL; use an authorised Telegram session, then preserve binary and SHA-256"
https://t.me/robiai33/883,مجموعه الاحكام القضائية24.pdf,pending_authorized_download,"Telegram public preview has no binary download URL; use an authorised Telegram session, then preserve binary and SHA-256"
https://t.me/robiai33/884,مجموعه الاحكام القضائية25.pdf,pending_authorized_download,"Telegram public preview has no binary download URL; use an authorised Telegram session, then preserve binary and SHA-256"
https://t.me/robiai33/885,26_2 مجموعة الاحكام القضائسة.pdf,pending_authorized_download,"Telegram public preview has no binary download URL; use an authorised Telegram session, then preserve binary and SHA-256"
https://t.me/robiai33/886,27_2 مجموعة الاحكام القضائية.pdf,pending_authorized_download,"Telegram public preview has no binary download URL; use an authorised Telegram session, then preserve binary and SHA-256"
https://t.me/robiai33/887,28_2 مجموعة الاحكام القضائية.pdf,pending_authorized_download,"Telegram public preview has no binary download URL; use an authorised Telegram session, then preserve binary and SHA-256"
https://t.me/robiai33/888,29 مجموعة الاحكام القضائية.pdf,pending_authorized_download,"Telegram public preview has no binary download URL; use an authorised Telegram session, then preserve binary and SHA-256"
https://t.me/robiai33/889,مجموعه الاحكام القضائية30.pdf,pending_authorized_download,"Telegram public preview has no binary download URL; use an authorised Telegram session, then preserve binary and SHA-256"
https://t.me/robiai33/890,تسبيبات القضاء العام.pdf,pending_authorized_download,"Telegram public preview has no binary download URL; use an authorised Telegram session, then preserve binary and SHA-256"
https://t.me/robiai33/891,القانون الجنائي .pdf,pending_authorized_download,"Telegram public preview has no binary download URL; use an authorised Telegram session, then preserve binary and SHA-256"
https://t.me/robiai33/892,التسبيب من نظام الإثبات.pdf,pending_authorized_download,"Telegram public preview has no binary download URL; use an authorised Telegram session, then preserve binary and SHA-256"
https://t.me/robiai33/893?single,فهرس_تعاميم_وزارة_العدل_1345هـ_1412هـ_الأول.pdf,pending_authorized_download,"Telegram public preview has no binary download URL; use an authorised Telegram session, then preserve binary and SHA-256"
https://t.me/robiai33/895?single,فهرس_تعاميم_وزارة_العدل_1345هـ_1412هـ_الثالث.pdf,pending_authorized_download,"Telegram public preview has no binary download URL; use an authorised Telegram session, then preserve binary and SHA-256"
https://t.me/robiai33/894?single,فهرس_تعاميم_وزارة_العدل_1345هـ_1412هـ_الثاني.pdf,pending_authorized_download,"Telegram public preview has no binary download URL; use an authorised Telegram session, then preserve binary and SHA-256"
https://t.me/robiai33/897?single,فهرس_تعاميم_وزارة_العدل_1345هـ_1412هـ_الخامس_.pdf,pending_authorized_download,"Telegram public preview has no binary download URL; use an authorised Telegram session, then preserve binary and SHA-256"
https://t.me/robiai33/896?single,فهرس_تعاميم_وزارة_العدل_1345هـ_1412هـ_الرابع.pdf,pending_authorized_download,"Telegram public preview has no binary download URL; use an authorised Telegram session, then preserve binary and SHA-256"
https://t.me/robiai33/898,1-1مجموعة الاحكام القضائية.pdf,pending_authorized_download,"Telegram public preview has no binary download URL; use an authorised Telegram session, then preserve binary and SHA-256"
https://t.me/robiai33/899,مجموعه الاحكام القضائية 2.pdf,pending_authorized_download,"Telegram public preview has no binary download URL; use an authorised Telegram session, then preserve binary and SHA-256"
https://t.me/robiai33/900,مجموعه الاحكام القضائية 3.pdf,pending_authorized_download,"Telegram public preview has no binary download URL; use an authorised Telegram session, then preserve binary and SHA-256"
https://t.me/robiai33/901,مجموعه الاحكام القضائية 4.pdf,pending_authorized_download,"Telegram public preview has no binary download URL; use an authorised Telegram session, then preserve binary and SHA-256"
https://t.me/robiai33/902,مجموعه الاحكام القضائية 5.pdf,pending_authorized_download,"Telegram public preview has no binary download URL; use an authorised Telegram session, then preserve binary and SHA-256"
https://t.me/robiai33/903,مجموعه الاحكام القضائية 6.pdf,pending_authorized_download,"Telegram public preview has no binary download URL; use an authorised Telegram session, then preserve binary and SHA-256"
https://t.me/robiai33/904,مجموعه الاحكام القضائية 7.pdf,pending_authorized_download,"Telegram public preview has no binary download URL; use an authorised Telegram session, then preserve binary and SHA-256"
https://t.me/robiai33/905,مجموعه الاحكام القضائية 8.pdf,pending_authorized_download,"Telegram public preview has no binary download URL; use an authorised Telegram session, then preserve binary and SHA-256"
https://t.me/robiai33/906,مجموعه الاحكام القضائية 9.pdf,pending_authorized_download,"Telegram public preview has no binary download URL; use an authorised Telegram session, then preserve binary and SHA-256"
https://t.me/robiai33/907,مجموعة الاحكام القضائية 10.pdf,pending_authorized_download,"Telegram public preview has no binary download URL; use an authorised Telegram session, then preserve binary and SHA-256"
https://t.me/robiai33/908,مجموعه الاحكام القضائية 11.pdf,pending_authorized_download,"Telegram public preview has no binary download URL; use an authorised Telegram session, then preserve binary and SHA-256"
https://t.me/robiai33/909,مجموعه الاحكام القضائية12.pdf,pending_authorized_download,"Telegram public preview has no binary download URL; use an authorised Telegram session, then preserve binary and SHA-256"
https://t.me/robiai33/910,مجموعه الاحكام القضائية13.pdf,pending_authorized_download,"Telegram public preview has no binary download URL; use an authorised Telegram session, then preserve binary and SHA-256"
https://t.me/robiai33/911,مجموعه الاحكام القضائية14.pdf,pending_authorized_download,"Telegram public preview has no binary download URL; use an authorised Telegram session, then preserve binary and SHA-256"
https://t.me/robiai33/912,مجموعه الاحكام القضائية15.pdf,pending_authorized_download,"Telegram public preview has no binary download URL; use an authorised Telegram session, then preserve binary and SHA-256"
https://t.me/robiai33/913,مجموعه الاحكام القضائية16.pdf,pending_authorized_download,"Telegram public preview has no binary download URL; use an authorised Telegram session, then preserve binary and SHA-256"
https://t.me/robiai33/914,مجموعه الاحكام القضائية17.pdf,pending_authorized_download,"Telegram public preview has no binary download URL; use an authorised Telegram session, then preserve binary and SHA-256"
https://t.me/robiai33/915,18 مجموعة الاحكام القضائية.pdf,pending_authorized_download,"Telegram public preview has no binary download URL; use an authorised Telegram session, then preserve binary and SHA-256"
https://t.me/robiai33/916,19 مجموعة الاحكام القضائية.pdf,pending_authorized_download,"Telegram public preview has no binary download URL; use an authorised Telegram session, then preserve binary and SHA-256"
https://t.me/robiai33/917,مجموعه الاحكام القضائية20.pdf,pending_authorized_download,"Telegram public preview has no binary download URL; use an authorised Telegram session, then preserve binary and SHA-256"
https://t.me/robiai33/918,مجموعه الاحكام القضائية21.pdf,pending_authorized_download,"Telegram public preview has no binary download URL; use an authorised Telegram session, then preserve binary and SHA-256"
https://t.me/robiai33/919,مجموعه الاحكام القضائية22.pdf,pending_authorized_download,"Telegram public preview has no binary download URL; use an authorised Telegram session, then preserve binary and SHA-256"
https://t.me/robiai33/920,مجموعه الاحكام القضائية23.pdf,pending_authorized_download,"Telegram public preview has no binary download URL; use an authorised Telegram session, then preserve binary and SHA-256"
https://t.me/robiai33/921,مجموعه الاحكام القضائية24.pdf,pending_authorized_download,"Telegram public preview has no binary download URL; use an authorised Telegram session, then preserve binary and SHA-256"
https://t.me/robiai33/922,مجموعه الاحكام القضائية25.pdf,pending_authorized_download,"Telegram public preview has no binary download URL; use an authorised Telegram session, then preserve binary and SHA-256"
https://t.me/robiai33/923,26_2 مجموعة الاحكام القضائسة.pdf,pending_authorized_download,"Telegram public preview has no binary download URL; use an authorised Telegram session, then preserve binary and SHA-256"
https://t.me/robiai33/924,27_2 مجموعة الاحكام القضائية.pdf,pending_authorized_download,"Telegram public preview has no binary download URL; use an authorised Telegram session, then preserve binary and SHA-256"
https://t.me/robiai33/925,28_2 مجموعة الاحكام القضائية.pdf,pending_authorized_download,"Telegram public preview has no binary download URL; use an authorised Telegram session, then preserve binary and SHA-256"
https://t.me/robiai33/926,29 مجموعة الاحكام القضائية.pdf,pending_authorized_download,"Telegram public preview has no binary download URL; use an authorised Telegram session, then preserve binary and SHA-256"
https://t.me/robiai33/927,مجموعه الاحكام القضائية30.pdf,pending_authorized_download,"Telegram public preview has no binary download URL; use an authorised Telegram session, then preserve binary and SHA-256"
https://t.me/robiai33/928,سؤال وجواب القضاء الطبي .pdf,pending_authorized_download,"Telegram public preview has no binary download URL; use an authorised Telegram session, then preserve binary and SHA-256"
https://t.me/robiai33/929,الحقوق_المالية_لإنتهاء_العقد_في_نظام_العمل_1.pdf,pending_authorized_download,"Telegram public preview has no binary download URL; use an authorised Telegram session, then preserve binary and SHA-256"
https://t.me/robiai33/930,الأدلة_الإجرائية_لنظام_الإثبات.pdf,pending_authorized_download,"Telegram public preview has no binary download URL; use an authorised Telegram session, then preserve binary and SHA-256"
https://t.me/robiai33/931,01_تقاعد_مدني_معاش_تقاعدي_العجز_الصحي_وقت_الإصابة_بالمرض_احتمال.pdf,pending_authorized_download,"Telegram public preview has no binary download URL; use an authorised Telegram session, then preserve binary and SHA-256"
https://t.me/robiai33/932,09_تقاعد_عسكري_ضم_خدمة_إجازة_استثنائية_مرافقة_مبتعث_مناط_احتساب.pdf,pending_authorized_download,"Telegram public preview has no binary download URL; use an authorised Telegram session, then preserve binary and SHA-256"
https://t.me/robiai33/933,التسبيبات_الفقهية_في_مختلف_المجالات_القانونية_مع_الفهرسة.pdf,pending_authorized_download,"Telegram public preview has no binary download URL; use an authorised Telegram session, then preserve binary and SHA-256"
https://t.me/robiai33/934,السوابق القضائية كاملة.pdf,pending_authorized_download,"Telegram public preview has no binary download URL; use an authorised Telegram session, then preserve binary and SHA-256"
https://t.me/robiai33/935?single,15_تعويض_عن_سجن_صدور_حكم_جزائي_نها.pdf,pending_authorized_download,"Telegram public preview has no binary download URL; use an authorised Telegram session, then preserve binary and SHA-256"
https://t.me/robiai33/936?single,21_تعويض_عن_أضرار_الإفراج_عن_وافد_هارب_عدم_ث.pdf,pending_authorized_download,"Telegram public preview has no binary download URL; use an authorised Telegram session, then preserve binary and SHA-256"
https://t.me/robiai33/937?single,2_تعويض_عن_توقيف_توقيف_المدعي_من_غير_ال.pdf,pending_authorized_download,"Telegram public preview has no binary download URL; use an authorised Telegram session, then preserve binary and SHA-256"
https://t.me/robiai33/938,التسببيات_القضائية_للأحكام_التجارية_للقاضي_أحمد_بن_محمد_الحارثي.pdf,pending_authorized_download,"Telegram public preview has no binary download URL; use an authorised Telegram session, then preserve binary and SHA-256"
https://t.me/robiai33/939,130753.pdf,pending_authorized_download,"Telegram public preview has no binary download URL; use an authorised Telegram session, then preserve binary and SHA-256"
https://t.me/robiai33/940,56965.pdf,pending_authorized_download,"Telegram public preview has no binary download URL; use an authorised Telegram session, then preserve binary and SHA-256"
https://t.me/robiai33/941,تسبيبات نفقة الأقارب.pdf,pending_authorized_download,"Telegram public preview has no binary download URL; use an authorised Telegram session, then preserve binary and SHA-256"
https://t.me/robiai33/942,نظام التوثيق المعتمد.pdf,pending_authorized_download,"Telegram public preview has no binary download URL; use an authorised Telegram session, then preserve binary and SHA-256"
https://t.me/robiai33/943,لوائح نظام المحاكم التجارية.pdf,pending_authorized_download,"Telegram public preview has no binary download URL; use an authorised Telegram session, then preserve binary and SHA-256"
https://t.me/robiai33/944,تعميم_اختصاص_النظر_في_الدعاوى_الكبيرة_1441.pdf,pending_authorized_download,"Telegram public preview has no binary download URL; use an authorised Telegram session, then preserve binary and SHA-256"
https://t.me/robiai33/945,تعميم_النيابة_العامة_الجديد_مهم_جدا37299_.pdf,pending_authorized_download,"Telegram public preview has no binary download URL; use an authorised Telegram session, then preserve binary and SHA-256"
https://t.me/robiai33/946,‎⁨تعميم_تفعيل_قضاء_الاستئناف_في_٠١_٠٣_١٤٤٢هـ⁩.pdf,pending_authorized_download,"Telegram public preview has no binary download URL; use an authorised Telegram session, then preserve binary and SHA-256"
https://t.me/robiai33/947,القواعد_الجديدة_بشأن_تملك_العقار.pdf,pending_authorized_download,"Telegram public preview has no binary download URL; use an authorised Telegram session, then preserve binary and SHA-256"
https://t.me/robiai33/948,أسانيد القضاة في دعوى النفقة.pdf,pending_authorized_download,"Telegram public preview has no binary download URL; use an authorised Telegram session, then preserve binary and SHA-256"
https://t.me/robiai33/949,أحكام_29_الأسانيد_النظامية_للأحكام_.pdf,pending_authorized_download,"Telegram public preview has no binary download URL; use an authorised Telegram session, then preserve binary and SHA-256"
https://t.me/robiai33/950,أحكام_29_الأسانيد_النظامية_للأحكام_.pdf,pending_authorized_download,"Telegram public preview has no binary download URL; use an authorised Telegram session, then preserve binary and SHA-256"
https://t.me/robiai33/951,12_9 مجموعة الاحكام القضائية.pdf,pending_authorized_download,"Telegram public preview has no binary download URL; use an authorised Telegram session, then preserve binary and SHA-256"
https://t.me/robiai33/952,"القواعد_العامة_لقضاء_التنفيذ,_د_عبدالله_الزايد.pdf",pending_authorized_download,"Telegram public preview has no binary download URL; use an authorised Telegram session, then preserve binary and SHA-256"
https://t.me/robiai33/953,حكم قضائي جنائي.pdf,pending_authorized_download,"Telegram public preview has no binary download URL; use an authorised Telegram session, then preserve binary and SHA-256"
https://t.me/robiai33/954?single,1-1.pdf,pending_authorized_download,"Telegram public preview has no binary download URL; use an authorised Telegram session, then preserve binary and SHA-256"
https://t.me/robiai33/962?single,10-1.pdf,pending_authorized_download,"Telegram public preview has no binary download URL; use an authorised Telegram session, then preserve binary and SHA-256"
https://t.me/robiai33/955?single,12-1.pdf,pending_authorized_download,"Telegram public preview has no binary download URL; use an authorised Telegram session, then preserve binary and SHA-256"
https://t.me/robiai33/956?single,13-1.pdf,pending_authorized_download,"Telegram public preview has no binary download URL; use an authorised Telegram session, then preserve binary and SHA-256"
https://t.me/robiai33/957?single,14-1.pdf,pending_authorized_download,"Telegram public preview has no binary download URL; use an authorised Telegram session, then preserve binary and SHA-256"
https://t.me/robiai33/958?single,5-1.pdf,pending_authorized_download,"Telegram public preview has no binary download URL; use an authorised Telegram session, then preserve binary and SHA-256"
https://t.me/robiai33/959?single,6-1.pdf,pending_authorized_download,"Telegram public preview has no binary download URL; use an authorised Telegram session, then preserve binary and SHA-256"
https://t.me/robiai33/960?single,7-1.pdf,pending_authorized_download,"Telegram public preview has no binary download URL; use an authorised Telegram session, then preserve binary and SHA-256"
https://t.me/robiai33/961?single,8-2.pdf,pending_authorized_download,"Telegram public preview has no binary download URL; use an authorised Telegram session, then preserve binary and SHA-256"
https://t.me/robiai33/963?single,9-1.pdf,pending_authorized_download,"Telegram public preview has no binary download URL; use an authorised Telegram session, then preserve binary and SHA-256"
https://t.me/robiai33/965?single,11-1.pdf,pending_authorized_download,"Telegram public preview has no binary download URL; use an authorised Telegram session, then preserve binary and SHA-256"
https://t.me/robiai33/964?single,12-1 (1).pdf,pending_authorized_download,"Telegram public preview has no binary download URL; use an authorised Telegram session, then preserve binary and SHA-256"
https://t.me/robiai33/966?single,13-1 (1).pdf,pending_authorized_download,"Telegram public preview has no binary download URL; use an authorised Telegram session, then preserve binary and SHA-256"
https://t.me/robiai33/967?single,14-1 (1).pdf,pending_authorized_download,"Telegram public preview has no binary download URL; use an authorised Telegram session, then preserve binary and SHA-256"
https://t.me/robiai33/968,حكم جزائي12.pdf,pending_authorized_download,"Telegram public preview has no binary download URL; use an authorised Telegram session, then preserve binary and SHA-256"
https://t.me/robiai33/969,حكم جزائي13.pdf,pending_authorized_download,"Telegram public preview has no binary download URL; use an authorised Telegram session, then preserve binary and SHA-256"
https://t.me/robiai33/970,دعوى_قرار_إداري_جزائي_غرامة_مالية_صرف_ص.pdf,pending_authorized_download,"Telegram public preview has no binary download URL; use an authorised Telegram session, then preserve binary and SHA-256"
https://t.me/robiai33/971,دعوى_قرار_إداري_جزائي_غرامة_مالية_لجنة_.pdf,pending_authorized_download,"Telegram public preview has no binary download URL; use an authorised Telegram session, then preserve binary and SHA-256"
https://t.me/robiai33/972,أ_قرارإداري_قرار_جزائي_غرامة_مالية_الإحدا.pdf,pending_authorized_download,"Telegram public preview has no binary download URL; use an authorised Telegram session, then preserve binary and SHA-256"
https://t.me/robiai33/973,قرار_إداري_قرار_جزائي_غرامة_مالية_تجاوز.pdf,pending_authorized_download,"Telegram public preview has no binary download URL; use an authorised Telegram session, then preserve binary and SHA-256"
https://t.me/robiai33/974,دعوى_قرار_إداري_قرار_جزائي_مرافق_عامة.pdf,pending_authorized_download,"Telegram public preview has no binary download URL; use an authorised Telegram session, then preserve binary and SHA-256"
https://t.me/robiai33/975,1-1مجموعة الاحكام القضائية.pdf,pending_authorized_download,"Telegram public preview has no binary download URL; use an authorised Telegram session, then preserve binary and SHA-256"
https://t.me/robiai33/976,مجموعه الاحكام القضائية 2.pdf,pending_authorized_download,"Telegram public preview has no binary download URL; use an authorised Telegram session, then preserve binary and SHA-256"
https://t.me/robiai33/977,مجموعه الاحكام القضائية 3.pdf,pending_authorized_download,"Telegram public preview has no binary download URL; use an authorised Telegram session, then preserve binary and SHA-256"
https://t.me/robiai33/978,مجموعه الاحكام القضائية 4.pdf,pending_authorized_download,"Telegram public preview has no binary download URL; use an authorised Telegram session, then preserve binary and SHA-256"
https://t.me/robiai33/979,مجموعه الاحكام القضائية 5.pdf,pending_authorized_download,"Telegram public preview has no binary download URL; use an authorised Telegram session, then preserve binary and SHA-256"
https://t.me/robiai33/980,مجموعه الاحكام القضائية 6.pdf,pending_authorized_download,"Telegram public preview has no binary download URL; use an authorised Telegram session, then preserve binary and SHA-256"
https://t.me/robiai33/981,مجموعه الاحكام القضائية 7.pdf,pending_authorized_download,"Telegram public preview has no binary download URL; use an authorised Telegram session, then preserve binary and SHA-256"
https://t.me/robiai33/982,مجموعه الاحكام القضائية 8.pdf,pending_authorized_download,"Telegram public preview has no binary download URL; use an authorised Telegram session, then preserve binary and SHA-256"
https://t.me/robiai33/983,مجموعه الاحكام القضائية 9.pdf,pending_authorized_download,"Telegram public preview has no binary download URL; use an authorised Telegram session, then preserve binary and SHA-256"
https://t.me/robiai33/984,مجموعة الاحكام القضائية 10.pdf,pending_authorized_download,"Telegram public preview has no binary download URL; use an authorised Telegram session, then preserve binary and SHA-256"
https://t.me/robiai33/985,مجموعه الاحكام القضائية 11.pdf,pending_authorized_download,"Telegram public preview has no binary download URL; use an authorised Telegram session, then preserve binary and SHA-256"
https://t.me/robiai33/986,مجموعه الاحكام القضائية12.pdf,pending_authorized_download,"Telegram public preview has no binary download URL; use an authorised Telegram session, then preserve binary and SHA-256"
https://t.me/robiai33/987,مجموعه الاحكام القضائية13.pdf,pending_authorized_download,"Telegram public preview has no binary download URL; use an authorised Telegram session, then preserve binary and SHA-256"
https://t.me/robiai33/988,مجموعه الاحكام القضائية14.pdf,pending_authorized_download,"Telegram public preview has no binary download URL; use an authorised Telegram session, then preserve binary and SHA-256"
https://t.me/robiai33/989,مجموعه الاحكام القضائية15.pdf,pending_authorized_download,"Telegram public preview has no binary download URL; use an authorised Telegram session, then preserve binary and SHA-256"
https://t.me/robiai33/990,مجموعه الاحكام القضائية16.pdf,pending_authorized_download,"Telegram public preview has no binary download URL; use an authorised Telegram session, then preserve binary and SHA-256"
https://t.me/robiai33/991,مجموعه الاحكام القضائية17.pdf,pending_authorized_download,"Telegram public preview has no binary download URL; use an authorised Telegram session, then preserve binary and SHA-256"
https://t.me/robiai33/992,18 مجموعة الاحكام القضائية.pdf,pending_authorized_download,"Telegram public preview has no binary download URL; use an authorised Telegram session, then preserve binary and SHA-256"
https://t.me/robiai33/993,19 مجموعة الاحكام القضائية.pdf,pending_authorized_download,"Telegram public preview has no binary download URL; use an authorised Telegram session, then preserve binary and SHA-256"
https://t.me/robiai33/994,مجموعه الاحكام القضائية20.pdf,pending_authorized_download,"Telegram public preview has no binary download URL; use an authorised Telegram session, then preserve binary and SHA-256"
https://t.me/robiai33/995,مجموعه الاحكام القضائية21.pdf,pending_authorized_download,"Telegram public preview has no binary download URL; use an authorised Telegram session, then preserve binary and SHA-256"
https://t.me/robiai33/996,مجموعه الاحكام القضائية22.pdf,pending_authorized_download,"Telegram public preview has no binary download URL; use an authorised Telegram session, then preserve binary and SHA-256"
https://t.me/robiai33/997,مجموعه الاحكام القضائية23.pdf,pending_authorized_download,"Telegram public preview has no binary download URL; use an authorised Telegram session, then preserve binary and SHA-256"
https://t.me/robiai33/998,مجموعه الاحكام القضائية24.pdf,pending_authorized_download,"Telegram public preview has no binary download URL; use an authorised Telegram session, then preserve binary and SHA-256"
https://t.me/robiai33/999,مجموعه الاحكام القضائية25.pdf,pending_authorized_download,"Telegram public preview has no binary download URL; use an authorised Telegram session, then preserve binary and SHA-256"
https://t.me/robiai33/1000,26_2 مجموعة الاحكام القضائسة.pdf,pending_authorized_download,"Telegram public preview has no binary download URL; use an authorised Telegram session, then preserve binary and SHA-256"
https://t.me/robiai33/1001,27_2 مجموعة الاحكام القضائية.pdf,pending_authorized_download,"Telegram public preview has no binary download URL; use an authorised Telegram session, then preserve binary and SHA-256"
https://t.me/robiai33/1002,28_2 مجموعة الاحكام القضائية.pdf,pending_authorized_download,"Telegram public preview has no binary download URL; use an authorised Telegram session, then preserve binary and SHA-256"
https://t.me/robiai33/1003,29 مجموعة الاحكام القضائية.pdf,pending_authorized_download,"Telegram public preview has no binary download URL; use an authorised Telegram session, then preserve binary and SHA-256"
https://t.me/robiai33/1004,مجموعه الاحكام القضائية30.pdf,pending_authorized_download,"Telegram public preview has no binary download URL; use an authorised Telegram session, then preserve binary and SHA-256"
https://t.me/robiai33/1005,ملف_مهم_قضائيات_القاضي_ناصر_الجربوع.pdf,pending_authorized_download,"Telegram public preview has no binary download URL; use an authorised Telegram session, then preserve binary and SHA-256"
https://t.me/robiai33/1006,01_2.pdf,pending_authorized_download,"Telegram public preview has no binary download URL; use an authorised Telegram session, then preserve binary and SHA-256"
https://t.me/robiai33/1007,2_47.pdf,pending_authorized_download,"Telegram public preview has no binary download URL; use an authorised Telegram session, then preserve binary and SHA-256"
https://t.me/robiai33/1008,3_41.pdf,pending_authorized_download,"Telegram public preview has no binary download URL; use an authorised Telegram session, then preserve binary and SHA-256"
https://t.me/robiai33/1009,4_40.pdf,pending_authorized_download,"Telegram public preview has no binary download URL; use an authorised Telegram session, then preserve binary and SHA-256"
https://t.me/robiai33/1010,5_36.pdf,pending_authorized_download,"Telegram public preview has no binary download URL; use an authorised Telegram session, then preserve binary and SHA-256"
https://t.me/robiai33/1011,6_33.pdf,pending_authorized_download,"Telegram public preview has no binary download URL; use an authorised Telegram session, then preserve binary and SHA-256"
https://t.me/robiai33/1012,7_32.pdf,pending_authorized_download,"Telegram public preview has no binary download URL; use an authorised Telegram session, then preserve binary and SHA-256"
https://t.me/robiai33/1013,8_22.pdf,pending_authorized_download,"Telegram public preview has no binary download URL; use an authorised Telegram session, then preserve binary and SHA-256"
https://t.me/robiai33/1014,9_26.pdf,pending_authorized_download,"Telegram public preview has no binary download URL; use an authorised Telegram session, then preserve binary and SHA-256"
https://t.me/robiai33/1015,10_24.pdf,pending_authorized_download,"Telegram public preview has no binary download URL; use an authorised Telegram session, then preserve binary and SHA-256"
https://t.me/robiai33/1016,11_21.pdf,pending_authorized_download,"Telegram public preview has no binary download URL; use an authorised Telegram session, then preserve binary and SHA-256"
https://t.me/robiai33/1017,12_18.pdf,pending_authorized_download,"Telegram public preview has no binary download URL; use an authorised Telegram session, then preserve binary and SHA-256"
https://t.me/robiai33/1018,13_12.pdf,pending_authorized_download,"Telegram public preview has no binary download URL; use an authorised Telegram session, then preserve binary and SHA-256"
https://t.me/robiai33/1019,14_13.pdf,pending_authorized_download,"Telegram public preview has no binary download URL; use an authorised Telegram session, then preserve binary and SHA-256"
https://t.me/robiai33/1020,السوابق_القضائية_في_الملكية_الفكرية.pdf,pending_authorized_download,"Telegram public preview has no binary download URL; use an authorised Telegram session, then preserve binary and SHA-256"
https://t.me/robiai33/1028?single,03 - السوابق القضائية.pdf,pending_authorized_download,"Telegram public preview has no binary download URL; use an authorised Telegram session, then preserve binary and SHA-256"
https://t.me/robiai33/1030?single,28_2 مجموعة الاحكام القضائية.pdf,pending_authorized_download,"Telegram public preview has no binary download URL; use an authorised Telegram session, then preserve binary and SHA-256"
https://t.me/robiai33/1026?single,_السوابق_القضائية_في_عقود_المعاوضات_التجارية_.pdf,pending_authorized_download,"Telegram public preview has no binary download URL; use an authorised Telegram session, then preserve binary and SHA-256"
https://t.me/robiai33/1023?single,_السوابق_القضائية_في_عقود_المعاوضات_التجارية_2.pdf,pending_authorized_download,"Telegram public preview has no binary download URL; use an authorised Telegram session, then preserve binary and SHA-256"
https://t.me/robiai33/1022?single,_السوابق_القضائية_في_عقود_المعاوضات_التجارية_2_نسخة.pdf,pending_authorized_download,"Telegram public preview has no binary download URL; use an authorised Telegram session, then preserve binary and SHA-256"
https://t.me/robiai33/1025?single,_السوابق_القضائية_في_عقود_المعاوضات_التجارية_نسخة.pdf,pending_authorized_download,"Telegram public preview has no binary download URL; use an authorised Telegram session, then preserve binary and SHA-256"
https://t.me/robiai33/1021?single,السوابق_القضائية_ديوان_المظالم_231015_132744.pdf,pending_authorized_download,"Telegram public preview has no binary download URL; use an authorised Telegram session, then preserve binary and SHA-256"
https://t.me/robiai33/1027?single,المبادئ_والسوابق_القضائية_المحلية_والدولية_في_مجال_حقوق_المؤلف.pdf,pending_authorized_download,"Telegram public preview has no binary download URL; use an authorised Telegram session, then preserve binary and SHA-256"
https://t.me/robiai33/1024?single,مدونة_السوابق_القضائية_التأمينية_للجنة_الاستئنافية_للفصل_في_المنازعات.pdf,pending_authorized_download,"Telegram public preview has no binary download URL; use an authorised Telegram session, then preserve binary and SHA-256"
https://t.me/robiai33/1029?single,نسخة_من_⁨مدونة_المبادئ_العمالية_1432_pdf⁩.pdf,pending_authorized_download,"Telegram public preview has no binary download URL; use an authorised Telegram session, then preserve binary and SHA-256"
https://t.me/robiai33/1034?single,18 مجموعة الاحكام القضائية.pdf,pending_authorized_download,"Telegram public preview has no binary download URL; use an authorised Telegram session, then preserve binary and SHA-256"
https://t.me/robiai33/1040?single,18.pdf,pending_authorized_download,"Telegram public preview has no binary download URL; use an authorised Telegram session, then preserve binary and SHA-256"
https://t.me/robiai33/1033?single,19 مجموعة الاحكام القضائية.pdf,pending_authorized_download,"Telegram public preview has no binary download URL; use an authorised Telegram session, then preserve binary and SHA-256"
https://t.me/robiai33/1039?single,19.pdf,pending_authorized_download,"Telegram public preview has no binary download URL; use an authorised Telegram session, then preserve binary and SHA-256"
https://t.me/robiai33/1038?single,25.pdf,pending_authorized_download,"Telegram public preview has no binary download URL; use an authorised Telegram session, then preserve binary and SHA-256"
https://t.me/robiai33/1032?single,26_2 مجموعة الاحكام القضائسة.pdf,pending_authorized_download,"Telegram public preview has no binary download URL; use an authorised Telegram session, then preserve binary and SHA-256"
https://t.me/robiai33/1036?single,27.pdf,pending_authorized_download,"Telegram public preview has no binary download URL; use an authorised Telegram session, then preserve binary and SHA-256"
https://t.me/robiai33/1031?single,27_2 مجموعة الاحكام القضائية.pdf,pending_authorized_download,"Telegram public preview has no binary download URL; use an authorised Telegram session, then preserve binary and SHA-256"
https://t.me/robiai33/1037?single,28.pdf,pending_authorized_download,"Telegram public preview has no binary download URL; use an authorised Telegram session, then preserve binary and SHA-256"
https://t.me/robiai33/1035?single,سوابق_في_القتل_واسباب_الاباحه_وغيره_2.pdf,pending_authorized_download,"Telegram public preview has no binary download URL; use an authorised Telegram session, then preserve binary and SHA-256"
https://t.me/robiai33/1048?single,10.pdf,pending_authorized_download,"Telegram public preview has no binary download URL; use an authorised Telegram session, then preserve binary and SHA-256"
https://t.me/robiai33/1046?single,12.pdf,pending_authorized_download,"Telegram public preview has no binary download URL; use an authorised Telegram session, then preserve binary and SHA-256"
https://t.me/robiai33/1043?single,16.pdf,pending_authorized_download,"Telegram public preview has no binary download URL; use an authorised Telegram session, then preserve binary and SHA-256"
https://t.me/robiai33/1042?single,22.pdf,pending_authorized_download,"Telegram public preview has no binary download URL; use an authorised Telegram session, then preserve binary and SHA-256"
https://t.me/robiai33/1041?single,23.pdf,pending_authorized_download,"Telegram public preview has no binary download URL; use an authorised Telegram session, then preserve binary and SHA-256"
https://t.me/robiai33/1050?single,30.pdf,pending_authorized_download,"Telegram public preview has no binary download URL; use an authorised Telegram session, then preserve binary and SHA-256"
https://t.me/robiai33/1049?single,6.pdf,pending_authorized_download,"Telegram public preview has no binary download URL; use an authorised Telegram session, then preserve binary and SHA-256"
https://t.me/robiai33/1044?single,8.pdf,pending_authorized_download,"Telegram public preview has no binary download URL; use an authorised Telegram session, then preserve binary and SHA-256"
https://t.me/robiai33/1047?single,9.pdf,pending_authorized_download,"Telegram public preview has no binary download URL; use an authorised Telegram session, then preserve binary and SHA-256"
https://t.me/robiai33/1045?single,920031732-السوابق-القضائية-كاملة.pdf,pending_authorized_download,"Telegram public preview has no binary download URL; use an authorised Telegram session, then preserve binary and SHA-256"
https://t.me/robiai33/1055?single,14.pdf,pending_authorized_download,"Telegram public preview has no binary download URL; use an authorised Telegram session, then preserve binary and SHA-256"
https://t.me/robiai33/1054?single,15.pdf,pending_authorized_download,"Telegram public preview has no binary download URL; use an authorised Telegram session, then preserve binary and SHA-256"
https://t.me/robiai33/1057?single,20.pdf,pending_authorized_download,"Telegram public preview has no binary download URL; use an authorised Telegram session, then preserve binary and SHA-256"
https://t.me/robiai33/1051?single,21.pdf,pending_authorized_download,"Telegram public preview has no binary download URL; use an authorised Telegram session, then preserve binary and SHA-256"
https://t.me/robiai33/1053?single,24.pdf,pending_authorized_download,"Telegram public preview has no binary download URL; use an authorised Telegram session, then preserve binary and SHA-256"
https://t.me/robiai33/1056?single,3-1.pdf,pending_authorized_download,"Telegram public preview has no binary download URL; use an authorised Telegram session, then preserve binary and SHA-256"
https://t.me/robiai33/1052?single,7.pdf,pending_authorized_download,"Telegram public preview has no binary download URL; use an authorised Telegram session, then preserve binary and SHA-256"
https://t.me/robiai33/1058,السوابق القضائية لحقوق المؤلف.pdf,pending_authorized_download,"Telegram public preview has no binary download URL; use an authorised Telegram session, then preserve binary and SHA-256"
https://t.me/robiai33/1062,‎مكتبة نفع القضائية.pdf,pending_authorized_download,"Telegram public preview has no binary download URL; use an authorised Telegram session, then preserve binary and SHA-256"
https://t.me/robiai33/1063,المدد النظامية .pdf,pending_authorized_download,"Telegram public preview has no binary download URL; use an authorised Telegram session, then preserve binary and SHA-256"
https://t.me/robiai33/1065,م٢.pdf,pending_authorized_download,"Telegram public preview has no binary download URL; use an authorised Telegram session, then preserve binary and SHA-256"
https://t.me/robiai33/1066,١٦.pdf,pending_authorized_download,"Telegram public preview has no binary download URL; use an authorised Telegram session, then preserve binary and SHA-256"
https://t.me/robiai33/1067,القضايا التعليمية.pdf,pending_authorized_download,"Telegram public preview has no binary download URL; use an authorised Telegram session, then preserve binary and SHA-256"
https://t.me/robiai33/1303,تعاميم وزارة العدل كاملة.pdf,pending_authorized_download,"Telegram public preview has no binary download URL; use an authorised Telegram session, then preserve binary and SHA-256"
https://t.me/robiai33/1304,7778_قرار_معالي_الوزير_رقم_٥٠٦٢.pdf,pending_authorized_download,"Telegram public preview has no binary download URL; use an authorised Telegram session, then preserve binary and SHA-256"
https://t.me/robiai33/1305,ملف_التعميم.pdf,pending_authorized_download,"Telegram public preview has no binary download URL; use an authorised Telegram session, then preserve binary and SHA-256"
https://t.me/robiai33/1306,فهرس_تعاميم_وزارة_العدل_1345هـ_1412هـ.pdf,pending_authorized_download,"Telegram public preview has no binary download URL; use an authorised Telegram session, then preserve binary and SHA-256"
https://t.me/robiai33/1307,‎⁨قرارات_المحكمة_العليا_الجزائية⁩.pdf,pending_authorized_download,"Telegram public preview has no binary download URL; use an authorised Telegram session, then preserve binary and SHA-256"
https://t.me/robiai33/1308,اسئلة التكاليف القضائية.pdf,pending_authorized_download,"Telegram public preview has no binary download URL; use an authorised Telegram session, then preserve binary and SHA-256"
https://t.me/robiai33/1309,المجلد الأول-32.pdf,pending_authorized_download,"Telegram public preview has no binary download URL; use an authorised Telegram session, then preserve binary and SHA-256"
https://t.me/robiai33/1310,دليل اجراءات الدعوى العمالية .pdf,pending_authorized_download,"Telegram public preview has no binary download URL; use an authorised Telegram session, then preserve binary and SHA-256"
https://t.me/robiai33/1311,بحث_الدعاوى_العمالية_للقاضي_ناصر_الجربوع.pdf,pending_authorized_download,"Telegram public preview has no binary download URL; use an authorised Telegram session, then preserve binary and SHA-256"
https://t.me/robiai33/1312,المجلد الأول-32.pdf,pending_authorized_download,"Telegram public preview has no binary download URL; use an authorised Telegram session, then preserve binary and SHA-256"
https://t.me/robiai33/1313,بحث_الدعاوى_العمالية_للقاضي_ناصر_الجربوع.pdf,pending_authorized_download,"Telegram public preview has no binary download URL; use an authorised Telegram session, then preserve binary and SHA-256"
https://t.me/robiai33/1314,‎سوابق قضائية عمالية .pdf,pending_authorized_download,"Telegram public preview has no binary download URL; use an authorised Telegram session, then preserve binary and SHA-256"
https://t.me/robiai33/1315,قضايا اتعاب المحاماة 1441-2.pdf,pending_authorized_download,"Telegram public preview has no binary download URL; use an authorised Telegram session, then preserve binary and SHA-256"
https://t.me/robiai33/1316,ملخص الممتع في القواعد الفقهية.pdf,pending_authorized_download,"Telegram public preview has no binary download URL; use an authorised Telegram session, then preserve binary and SHA-256"
https://t.me/robiai33/1317,لائحة_العمالة_المنزلية_ومن_في_حكمها_قرار_رقم_40676_وتاريخ_17_03.pdf,pending_authorized_download,"Telegram public preview has no binary download URL; use an authorised Telegram session, then preserve binary and SHA-256"
https://t.me/robiai33/1318,تسبيبات عمالية.pdf,pending_authorized_download,"Telegram public preview has no binary download URL; use an authorised Telegram session, then preserve binary and SHA-256"
https://t.me/robiai33/1319,القواعد_والإجراءات_المنظمة_للتسوية_الودية_في_الخلافات_العمالية.pdf,pending_authorized_download,"Telegram public preview has no binary download URL; use an authorised Telegram session, then preserve binary and SHA-256"
https://t.me/robiai33/1320,aldlyl_alarshady_lmbadrt_qd_al_ml_almwthq_sndana_tnfydhyana_ar.pdf,pending_authorized_download,"Telegram public preview has no binary download URL; use an authorised Telegram session, then preserve binary and SHA-256"
https://t.me/robiai33/1321,مدونة_المبادئ_القضائية_في_المنازعات_المصرفية_وال_240502_162405.pdf,pending_authorized_download,"Telegram public preview has no binary download URL; use an authorised Telegram session, then preserve binary and SHA-256"
https://t.me/robiai33/1322,50 سؤال في القضاء العمالي.pdf,pending_authorized_download,"Telegram public preview has no binary download URL; use an authorised Telegram session, then preserve binary and SHA-256"
https://t.me/robiai33/1323,‎المستجدات_في_عقود_الشركات_بعد_صدور_نظام_المعاملات_المدنية.pdf,pending_authorized_download,"Telegram public preview has no binary download URL; use an authorised Telegram session, then preserve binary and SHA-256"
https://t.me/robiai33/1324,فهرس_الأنظمة_السعودية_موقع_هيئة.pdf,pending_authorized_download,"Telegram public preview has no binary download URL; use an authorised Telegram session, then preserve binary and SHA-256"
https://t.me/robiai33/1325,مخالفات العمل 6-9-1447.pdf,pending_authorized_download,"Telegram public preview has no binary download URL; use an authorised Telegram session, then preserve binary and SHA-256"
https://t.me/robiai33/1326,لائحة_العمالة_المنزلية_ومن_في_حكمهم.pdf,pending_authorized_download,"Telegram public preview has no binary download URL; use an authorised Telegram session, then preserve binary and SHA-256"
https://t.me/robiai33/1327,جامِعُ_المُدَدِ_النِّظاميَّة_في_أنظِمَةِ_المَمْلَكَةِ_العَرَبِيَّةِ.pdf,pending_authorized_download,"Telegram public preview has no binary download URL; use an authorised Telegram session, then preserve binary and SHA-256"
https://t.me/robiai33/1328,المذكرات واللوائح القانونية.pdf,pending_authorized_download,"Telegram public preview has no binary download URL; use an authorised Telegram session, then preserve binary and SHA-256"
https://t.me/robiai33/1329,SAMA_AR_11101_VER1.pdf,pending_authorized_download,"Telegram public preview has no binary download URL; use an authorised Telegram session, then preserve binary and SHA-256"
https://t.me/robiai33/1330,تعميم_تحديث_بيانات_المحامين_عبر_بوابة_ناجز.pdf,pending_authorized_download,"Telegram public preview has no binary download URL; use an authorised Telegram session, then preserve binary and SHA-256"
https://t.me/robiai33/1331,تعميم جديد بدل طبيعة عمل.pdf,pending_authorized_download,"Telegram public preview has no binary download URL; use an authorised Telegram session, then preserve binary and SHA-256"
https://t.me/robiai33/1332,تعميم بشأن التسجيل (واثق).pdf,pending_authorized_download,"Telegram public preview has no binary download URL; use an authorised Telegram session, then preserve binary and SHA-256"
https://t.me/robiai33/1333,سوابق مخدرات .pdf,pending_authorized_download,"Telegram public preview has no binary download URL; use an authorised Telegram session, then preserve binary and SHA-256"
https://t.me/robiai33/1334,‎سوابق قضائية ،جنائي.pdf,pending_authorized_download,"Telegram public preview has no binary download URL; use an authorised Telegram session, then preserve binary and SHA-256"
https://t.me/robiai33/1335,سوابق_قضائية_في_طلبات_التماس_اعادة_النظر_260613_180644.pdf,pending_authorized_download,"Telegram public preview has no binary download URL; use an authorised Telegram session, then preserve binary and SHA-256"
