id,file,source_file,start_page,end_page,pages,sha256,bytes,preserved_original_pages
moj-1434-v3-p5-34378268,moj-1434-v3-p5-34378268.pdf,moj-judgments-1434-volume-3.pdf,5,8,4,c3e98bdcd6f07b97f2616f8bba3b9efe5a0e95c75e6844e27ad49f31df5da5d7,488663,True
moj-1434-v3-p9-3464147,moj-1434-v3-p9-3464147.pdf,moj-judgments-1434-volume-3.pdf,9,19,11,2aa4dadf28154f8341beea5107fc1579a79ddf9f613bdbfe145c9cd792909a8c,504206,True
moj-1434-v3-p20-33105340,moj-1434-v3-p20-33105340.pdf,moj-judgments-1434-volume-3.pdf,20,24,5,15809218d050c0d3208b4c353333c9d313ea8530685702d73aadc19906c9e297,496851,True
moj-1434-v3-p25-34259694,moj-1434-v3-p25-34259694.pdf,moj-judgments-1434-volume-3.pdf,25,28,4,dc4e52f1c68bba9f17cff1ce13a2000e5d5f580affea03cd642dd0134168cbfb,495910,True
moj-1434-v3-p29-34317033,moj-1434-v3-p29-34317033.pdf,moj-judgments-1434-volume-3.pdf,29,34,6,6d11c88fed174b6752ce7a1dd4aa3dfa19d731e2fc54e2760003a0ea76be0a99,1241149,True
moj-1434-v3-p35-32528560,moj-1434-v3-p35-32528560.pdf,moj-judgments-1434-volume-3.pdf,35,46,12,4cac41ba50de28997ee10eee035683985b200016cede05b1df52ec754bedf871,1271586,True
moj-1434-v3-p47-34252675,moj-1434-v3-p47-34252675.pdf,moj-judgments-1434-volume-3.pdf,47,56,10,1506bbea8c12c5abd9ab45aea11851d0dc52dbb3b1fa0f60fc6741e451482523,1263726,True
moj-1434-v3-p57-34353441,moj-1434-v3-p57-34353441.pdf,moj-judgments-1434-volume-3.pdf,57,62,6,5aa0c06cc9dd62462cb5de75d09b093701b3d835f20c4ffefa7e7ea97c56947c,1248553,True
moj-1434-v3-p63-33192872,moj-1434-v3-p63-33192872.pdf,moj-judgments-1434-volume-3.pdf,63,76,14,c1712c256dc3f640333123c3368d44e12ab1e0986f269095d2edbf4e48d22024,535839,True
moj-1434-v3-p77-33324572,moj-1434-v3-p77-33324572.pdf,moj-judgments-1434-volume-3.pdf,77,92,16,d37eb306a0f44977e101eebb944263eaf2806200bbde3b5cc5ba276bb7ddc30d,531093,True
moj-1434-v3-p93-34265447,moj-1434-v3-p93-34265447.pdf,moj-judgments-1434-volume-3.pdf,93,102,10,af3e91d831134d3ab6d3a8faddbfb06e36ff5193d2e7f407924d0e0ee7bf1e1f,509666,True
moj-1434-v3-p103-34262302,moj-1434-v3-p103-34262302.pdf,moj-judgments-1434-volume-3.pdf,103,107,5,e32fea73a4753add93c2b442a4e1ace73f56bd6536daa339622e5db38c1661e2,484060,True
moj-1434-v3-p108-343219,moj-1434-v3-p108-343219.pdf,moj-judgments-1434-volume-3.pdf,108,111,4,5de6f55e2cf6bac3d9956bdae1341942f4ee85e0d5e81cedc4e31befc15bf8e0,491694,True
moj-1434-v3-p112-34184985,moj-1434-v3-p112-34184985.pdf,moj-judgments-1434-volume-3.pdf,112,122,11,8d44334fa0d4fe069b4bc177b68353dcbb2861abdbe7aea9e4b7d46b895da6d1,515982,True
moj-1434-v3-p123-347621,moj-1434-v3-p123-347621.pdf,moj-judgments-1434-volume-3.pdf,123,127,5,2c24a6429a31697efb4e610dcc6d18a0bbe32c259d7eb88869ed12a8d97207c5,482877,True
moj-1434-v3-p128-33316247,moj-1434-v3-p128-33316247.pdf,moj-judgments-1434-volume-3.pdf,128,140,13,12d60c23134353536814c382de0bd7c13518dc63c372ba2eedbb3edfe993b9be,517852,True
moj-1434-v3-p141-348978,moj-1434-v3-p141-348978.pdf,moj-judgments-1434-volume-3.pdf,141,150,10,ac69d02b2b5d3045474b4f4a2998cea8dc531ca0a5a950dc66a61cca2dd5a829,517397,True
moj-1434-v3-p151-33368850,moj-1434-v3-p151-33368850.pdf,moj-judgments-1434-volume-3.pdf,151,156,6,635234485ff8dd0a01ed15cb374d96ca1f0ce6126baefec1199073bede1952bf,500407,True
moj-1434-v3-p157-34201455,moj-1434-v3-p157-34201455.pdf,moj-judgments-1434-volume-3.pdf,157,162,6,01315a1194eb6c9d394f64443f89c38cc510a2381c3d0bd469266ff19ac81774,497684,True
moj-1434-v3-p163-3436738,moj-1434-v3-p163-3436738.pdf,moj-judgments-1434-volume-3.pdf,163,170,8,1018cd55c2a6091e63caa4c3ff9440ce6685e29e19bae8f8f4adb8f75d247592,506719,True
moj-1434-v3-p171-33451680,moj-1434-v3-p171-33451680.pdf,moj-judgments-1434-volume-3.pdf,171,175,5,834c9f02e34a9fd9fdb74bdcf8705ca5586b9dfdb3d90657a5662ae3f6910ebc,486156,True
moj-1434-v3-p176-3410162,moj-1434-v3-p176-3410162.pdf,moj-judgments-1434-volume-3.pdf,176,181,6,0f2f2d2c54fdc75964d0acd3eab7c5721f1a2d5f17959a94e58972cb4964ae6c,498213,True
moj-1434-v3-p182-33411618,moj-1434-v3-p182-33411618.pdf,moj-judgments-1434-volume-3.pdf,182,190,9,5f4d5a7b1086616c6b679846a337b94222da9e41508924c771ab95391a7773bc,519807,True
moj-1434-v3-p191-33442131,moj-1434-v3-p191-33442131.pdf,moj-judgments-1434-volume-3.pdf,191,202,12,ce8f5dd30b4fbb0cbafd6176f4a1cf410f906272a5efc39fae2266232404a113,519715,True
moj-1434-v3-p203-34194629,moj-1434-v3-p203-34194629.pdf,moj-judgments-1434-volume-3.pdf,203,208,6,746cb8c60b58e19ab7d5d923532ee82b714a867962fc2323f38ce65fa7ac520c,501169,True
moj-1434-v3-p209-34355584,moj-1434-v3-p209-34355584.pdf,moj-judgments-1434-volume-3.pdf,209,219,11,fa04e9e73b90e0f1aca7a9c7ebba0d30e1f404b8f69262249f6d70d133965e92,505602,True
moj-1434-v3-p220-3437753,moj-1434-v3-p220-3437753.pdf,moj-judgments-1434-volume-3.pdf,220,226,7,187041408fb97b8f5c4a4ab43ae75efe573878606ac976f11f2edd955b013fea,513079,True
moj-1434-v3-p227-33475191,moj-1434-v3-p227-33475191.pdf,moj-judgments-1434-volume-3.pdf,227,230,4,05189338d4d85a221c6f96faa907cd6752db516ed94e1c807827a35e40a16e88,494226,True
moj-1434-v3-p231-3420688,moj-1434-v3-p231-3420688.pdf,moj-judgments-1434-volume-3.pdf,231,235,5,eb45cfa070a9a49a6f46e3ddde45be7298e393ca5df9dd2289ee006546fe3376,485896,True
moj-1434-v3-p236-3423451,moj-1434-v3-p236-3423451.pdf,moj-judgments-1434-volume-3.pdf,236,239,4,f9c6ba0e438fbc8fdfba59f606a0bd55f51a5e2312efc52ef4a6a2abb2506f75,495559,True
moj-1434-v3-p240-34236377,moj-1434-v3-p240-34236377.pdf,moj-judgments-1434-volume-3.pdf,240,247,8,c9eb0b360e5dd6c888999a6c978eafe106c27f652dee141a4a64cc18cd5a3f6f,506647,True
moj-1434-v3-p248-34185130,moj-1434-v3-p248-34185130.pdf,moj-judgments-1434-volume-3.pdf,248,252,5,c7687025e04f12254367f00a0e817e5ab2c618669436f68469fac8ebbbdb4f12,509319,True
moj-1434-v3-p253-34227500,moj-1434-v3-p253-34227500.pdf,moj-judgments-1434-volume-3.pdf,253,258,6,5fa9a4ab30c308babb7bbd01bb28b241892f88475940b8304575ad7bf8527c0f,500280,True
moj-1434-v3-p259-34234369,moj-1434-v3-p259-34234369.pdf,moj-judgments-1434-volume-3.pdf,259,262,4,1701eecc0a862f315f8b57b0e584b2e0313a3fd470a9d359381d89de8a560920,494437,True
moj-1434-v3-p263-34293396,moj-1434-v3-p263-34293396.pdf,moj-judgments-1434-volume-3.pdf,263,268,6,211a2f2967b81a9de03e85fc14a638ff22b3758613615e5e61820e6723a209da,501951,True
moj-1434-v3-p269-33443865,moj-1434-v3-p269-33443865.pdf,moj-judgments-1434-volume-3.pdf,269,280,12,9022f3256eba2104ca3735219931c1e0e2beebd04391a90487bc43101dc15f4f,1270821,True
moj-1434-v3-p281-34261913,moj-1434-v3-p281-34261913.pdf,moj-judgments-1434-volume-3.pdf,281,302,22,1f04e1104c9216c24851b8d7a3b247524b62dfc3923c355191de74a015d928f2,548567,True
moj-1434-v3-p303-3414283,moj-1434-v3-p303-3414283.pdf,moj-judgments-1434-volume-3.pdf,303,312,10,522c4199f52cdbaa2a800827015e0048516afaf41fe209ebdd170ec9e91bde4a,511167,True
moj-1434-v3-p313-34167155,moj-1434-v3-p313-34167155.pdf,moj-judgments-1434-volume-3.pdf,313,318,6,3536ea49c96929a32ee35708cba68254ea9e1ef14de6d15d60780932ae443b69,499729,True
moj-1434-v3-p319-34260802,moj-1434-v3-p319-34260802.pdf,moj-judgments-1434-volume-3.pdf,319,331,13,d977d7cacc0905307b92a75bf012479d5103f0fc50447aab258dd38ca120a321,509585,True
moj-1434-v3-p332-33474299,moj-1434-v3-p332-33474299.pdf,moj-judgments-1434-volume-3.pdf,332,338,7,5ac2206e6f6736c287b06151feb816784f5e50f7b4fe085469e736fb346a4915,504712,True
moj-1434-v3-p339-3414912,moj-1434-v3-p339-3414912.pdf,moj-judgments-1434-volume-3.pdf,339,345,7,cbd89977fe4512bfa412be7ec2b873fd3d7d6494a9c8fc0f9edd2c4ef2c7de34,490066,True
moj-1434-v3-p346-34239280,moj-1434-v3-p346-34239280.pdf,moj-judgments-1434-volume-3.pdf,346,349,4,8a960dce59f4df559b8f6098e83816a038cf288af2a52510df4a35d321c74a1a,493464,True
moj-1434-v3-p350-33462429,moj-1434-v3-p350-33462429.pdf,moj-judgments-1434-volume-3.pdf,350,353,4,e8ea27aae46860c95a579dd8b3954912a1f48310c255ab1d5575d8890ffd4f3f,493332,True
moj-1434-v3-p354-3454717,moj-1434-v3-p354-3454717.pdf,moj-judgments-1434-volume-3.pdf,354,360,7,08d3f2e690845803277fa9851e83e2154d18ba3ef05271bc36a284dd20c6aaeb,513030,True
moj-1434-v3-p361-34286925,moj-1434-v3-p361-34286925.pdf,moj-judgments-1434-volume-3.pdf,361,368,8,ff2a06cc644fa8c9d213bd98dd2ca49ee562982527b5005cf24a1465c5e9c62f,1253211,True
moj-1434-v3-p369-34319310,moj-1434-v3-p369-34319310.pdf,moj-judgments-1434-volume-3.pdf,369,380,12,6eeab4d140d06f6483479678a5e3cabcd0f0ed88882ed386155f96cb047820e4,1380117,True
moj-1434-v4-p5-34295094,moj-1434-v4-p5-34295094.pdf,moj-judgments-1434-volume-4.pdf,5,22,18,7f839e8d5fd7fd8e5f43a1861dc649f0be562861db6679f2358e085a29335cbb,537685,True
moj-1434-v4-p23-3427303,moj-1434-v4-p23-3427303.pdf,moj-judgments-1434-volume-4.pdf,23,27,5,1075f47fbac75d038b1321470a5c4fccd8710113f2124010a5ec368050096827,489138,True
moj-1434-v4-p28-3435223,moj-1434-v4-p28-3435223.pdf,moj-judgments-1434-volume-4.pdf,28,32,5,8a311bf31b3696d5e5af268dc1ef5c2051f6ccab40a0074f99291c53263e5c0b,497784,True
moj-1434-v4-p33-3436038,moj-1434-v4-p33-3436038.pdf,moj-judgments-1434-volume-4.pdf,33,39,7,eb9deea43f19a7c3d7ce30206d3edc15dcc0b23effd7f8057be9c55a3db748cb,495010,True
moj-1434-v4-p40-3444104,moj-1434-v4-p40-3444104.pdf,moj-judgments-1434-volume-4.pdf,40,44,5,8c72395d8aa66aaec029000029a39dc9a27b4881885b770783b103eea2189b65,503490,True
moj-1434-v4-p45-3455626,moj-1434-v4-p45-3455626.pdf,moj-judgments-1434-volume-4.pdf,45,49,5,bc45cd1b9d4088f5581c6b251755b95c3a72f0d441f3d89f80c98b666b3b3f7d,489274,True
moj-1434-v4-p50-34168512,moj-1434-v4-p50-34168512.pdf,moj-judgments-1434-volume-4.pdf,50,56,7,5243c109dd9de3d116afdd2650070e957694657db3e51124df333d59b90e9366,513717,True
moj-1434-v4-p57-34309759,moj-1434-v4-p57-34309759.pdf,moj-judgments-1434-volume-4.pdf,57,62,6,bb189f8780339c331c1729935d5e7a4d74b1d73ee43f0c3bca3321f7fae218b9,500101,True
moj-1434-v4-p63-33347755,moj-1434-v4-p63-33347755.pdf,moj-judgments-1434-volume-4.pdf,63,67,5,c4bb0f637f05c3f0798ebcd859e851c428512aebb3cbde8fc55626a8b7ec60b9,489653,True
moj-1434-v4-p68-3418117,moj-1434-v4-p68-3418117.pdf,moj-judgments-1434-volume-4.pdf,68,71,4,e90bead362215dc8fafef2229788222edeae7e08f9a301cddba6ef5cfd002383,489764,True
moj-1434-v4-p72-34293933,moj-1434-v4-p72-34293933.pdf,moj-judgments-1434-volume-4.pdf,72,78,7,3dd0b74a752836e4a387a3ebd3422430f332a262b9059fef095952e8aac5e57b,502094,True
moj-1434-v4-p79-34275262,moj-1434-v4-p79-34275262.pdf,moj-judgments-1434-volume-4.pdf,79,88,10,cb872a4d667dc6fe065f96e7826b4f304edddd42c05ea4cf6b265b3ca461baeb,498585,True
moj-1434-v4-p89-34240537,moj-1434-v4-p89-34240537.pdf,moj-judgments-1434-volume-4.pdf,89,92,4,d37db06dae6fe796ccfa8d199d6eec540df04b356f94345e8c084ee50919194b,489430,True
moj-1434-v4-p93-34185871,moj-1434-v4-p93-34185871.pdf,moj-judgments-1434-volume-4.pdf,93,99,7,c59b71c4b687fdf56e4d72a8cddd4d6590e918c52b62c251d187171932f64f6c,490581,True
moj-1434-v4-p100-34207930,moj-1434-v4-p100-34207930.pdf,moj-judgments-1434-volume-4.pdf,100,112,13,e9f272f3d2d330690a6e6698c230bffee916cd8af208e04aaa41ee8418ef302e,520988,True
moj-1434-v4-p113-34293616,moj-1434-v4-p113-34293616.pdf,moj-judgments-1434-volume-4.pdf,113,116,4,e11c3cc69c44930bbe0902967cd6ea5d6b7e6b768eb3a379bd5a9caef25e6f90,482891,True
moj-1434-v4-p117-34330175,moj-1434-v4-p117-34330175.pdf,moj-judgments-1434-volume-4.pdf,117,127,11,05470315207054864a0c04a35db76e8f4645b96e3a407d8363a0e0d2d088feb3,506131,True
moj-1434-v4-p128-331239103,moj-1434-v4-p128-331239103.pdf,moj-judgments-1434-volume-4.pdf,128,138,11,5a85dc05fd5546423992c2c310c40f57709839699c9c7c8fed1e899ec94f07cc,1265870,True
moj-1434-v4-p139-33204799,moj-1434-v4-p139-33204799.pdf,moj-judgments-1434-volume-4.pdf,139,144,6,81e17f3f9fa80430b56babce388d11998803a56da2857d4ec155df05e329a67d,492207,True
moj-1434-v4-p145-347286,moj-1434-v4-p145-347286.pdf,moj-judgments-1434-volume-4.pdf,145,153,9,6e6855d5d4b7b563fab20192e5498bb6cd15c353964845ddcffe82be7fc18411,499920,True
moj-1434-v4-p154-3314438,moj-1434-v4-p154-3314438.pdf,moj-judgments-1434-volume-4.pdf,154,162,9,ca93f2547f609e3cf7ea0eb9b56ab01a8b61e6d4ecf71906e11d8c406f62791b,516556,True
moj-1434-v4-p163-3437750,moj-1434-v4-p163-3437750.pdf,moj-judgments-1434-volume-4.pdf,163,172,10,5fb97646844aa38d8f169b2dcd936b49febafd4dd519e2168e727751a2e1220e,516477,True
moj-1434-v4-p173-3449400,moj-1434-v4-p173-3449400.pdf,moj-judgments-1434-volume-4.pdf,173,176,4,80c73e3d7dbcacdaa4ed5ffef8813263a3fc03a9bfe64549f6ec74386f78f984,489938,True
moj-1434-v4-p177-33350955,moj-1434-v4-p177-33350955.pdf,moj-judgments-1434-volume-4.pdf,177,183,7,83c1fd7b80dc4286395873a21d784b35218b7bf1e5d465f4916ff5667fa0a1f4,494569,True
moj-1434-v4-p184-33429665,moj-1434-v4-p184-33429665.pdf,moj-judgments-1434-volume-4.pdf,184,188,5,62679ca2081e57219711493589c9de2f68885bdc3b2ca78b4dbbd1730c1c99eb,505046,True
moj-1434-v4-p189-33479731,moj-1434-v4-p189-33479731.pdf,moj-judgments-1434-volume-4.pdf,189,194,6,4bd349d50522307017f11d4c94934a7f65fa77b56e8ad13ebb37a2d413665afc,497910,True
moj-1434-v4-p195-34165422,moj-1434-v4-p195-34165422.pdf,moj-judgments-1434-volume-4.pdf,195,204,10,843710a7415dcaff2d042a56a4986b5f0d6ea61893b5b1c207aeab1a0e6ad1bc,515057,True
moj-1434-v4-p205-34176729,moj-1434-v4-p205-34176729.pdf,moj-judgments-1434-volume-4.pdf,205,209,5,1526a2266ec24852342afec5a56807ccca37db2670f0d54c24527151640c6a3a,491410,True
moj-1434-v4-p210-34191872,moj-1434-v4-p210-34191872.pdf,moj-judgments-1434-volume-4.pdf,210,215,6,5bfd284ee6a6780e96b7c0b7aacc16693621e43d30dd7bfaa80a419db092e194,501071,True
moj-1434-v4-p216-34229326,moj-1434-v4-p216-34229326.pdf,moj-judgments-1434-volume-4.pdf,216,222,7,b877a5a5df14dd6a1f9968744d3fb7b538e2e92b6b9f4e14fc00fcb8376899e5,517505,True
moj-1434-v4-p223-34231347,moj-1434-v4-p223-34231347.pdf,moj-judgments-1434-volume-4.pdf,223,228,6,0355d89386b71af0b33d531fe736a6a697fd4680a50abb1a1dc64d6021d6d037,507262,True
moj-1434-v4-p229-34250292,moj-1434-v4-p229-34250292.pdf,moj-judgments-1434-volume-4.pdf,229,234,6,d57383722f9b76b5e28fe410bf70cd03dc31a51d71154d8764f7a4e52e30f340,506207,True
moj-1434-v4-p235-34290771,moj-1434-v4-p235-34290771.pdf,moj-judgments-1434-volume-4.pdf,235,243,9,c40d8493a69db9b8838a49c5946aeeee8cf2c7d3063812cd60c3594753676a51,501027,True
moj-1434-v4-p244-34309203,moj-1434-v4-p244-34309203.pdf,moj-judgments-1434-volume-4.pdf,244,248,5,69ca624d2befd687b813110680c094327b8fd9f6c3ea415c9cde8139ab1b0db9,510618,True
moj-1434-v4-p249-34335085,moj-1434-v4-p249-34335085.pdf,moj-judgments-1434-volume-4.pdf,249,253,5,89e1a26968740165d2386c4e9bc41ed9c70a8562421e1f1a6564fc05b04bffcb,488527,True
moj-1434-v4-p254-341487757,moj-1434-v4-p254-341487757.pdf,moj-judgments-1434-volume-4.pdf,254,262,9,6a8fac324a21ce04c95ecd6888540f7f1589e0331a02a0e58dbf5a56637be98f,1266600,True
moj-1434-v4-p263-33430561,moj-1434-v4-p263-33430561.pdf,moj-judgments-1434-volume-4.pdf,263,272,10,7a175c7a9aa1923a8a6da112e879dfc46429447f57dbc82d948f17d138f20081,1294477,True
moj-1434-v4-p273-34176193,moj-1434-v4-p273-34176193.pdf,moj-judgments-1434-volume-4.pdf,273,279,7,ee4d763c40bbdf28406cbe648e207e175902ce8f734eafe878a52077fdb7d27a,492629,True
moj-1434-v4-p280-34196443,moj-1434-v4-p280-34196443.pdf,moj-judgments-1434-volume-4.pdf,280,284,5,452027bf690d23e5e49e6c42124111950c0e7a509dced3d51780548dbde08213,503378,True
moj-1434-v4-p285-34223712,moj-1434-v4-p285-34223712.pdf,moj-judgments-1434-volume-4.pdf,285,308,24,bb4ed02235e9328fca72d90462c654d55dab59f4514d17e442b1cef76700d23a,555818,True
moj-1434-v4-p309-34193719,moj-1434-v4-p309-34193719.pdf,moj-judgments-1434-volume-4.pdf,309,318,10,dab2177279e9d13f0b6f3d9cc132af0d8d769328a8a04048cd02a80d4579d7e1,1220621,True
moj-1434-v4-p319-34209994,moj-1434-v4-p319-34209994.pdf,moj-judgments-1434-volume-4.pdf,319,330,12,edee78d6d3a32b42d756576bce7bf28763e43b7cd437deddd0797b1a1a8e4a8d,1263307,True
moj-1434-v4-p331-34221359,moj-1434-v4-p331-34221359.pdf,moj-judgments-1434-volume-4.pdf,331,335,5,b20025a6b03919888856a8a90fc5b9345d54026964d2ec8f1f4b8d7ba385429d,485298,True
moj-1434-v4-p336-34227273,moj-1434-v4-p336-34227273.pdf,moj-judgments-1434-volume-4.pdf,336,343,8,5dd219611d94231395db4b9a35dbe3bd699440e4d9a61eebdefd69912f81de04,506723,True
moj-1434-v4-p344-34234533,moj-1434-v4-p344-34234533.pdf,moj-judgments-1434-volume-4.pdf,344,356,13,23d60ee86c41df58254e74305dd0ef1d7a814fe46016bc1179e3f4748ea52848,859902,True
moj-1434-v6-p5-34187417,moj-1434-v6-p5-34187417.pdf,moj-judgments-1434-volume-6.pdf,5,12,8,249e9ae5f099ec9f5af47cc78d17a8b5a43e9a9872419d558b5ecfc917d184fb,1259684,True
moj-1434-v6-p13-34238642,moj-1434-v6-p13-34238642.pdf,moj-judgments-1434-volume-6.pdf,13,20,8,afa8f30d0a0e2f20b1acdd80bf11e2398bbfec4f588f94bb7dbaae16efb16ac4,1259264,True
moj-1434-v6-p21-33431666,moj-1434-v6-p21-33431666.pdf,moj-judgments-1434-volume-6.pdf,21,30,10,0a3a0551eb19ffee609d010d3d4821f8dcc85cd3da963da3d48cbea8f373c4dd,523184,True
moj-1434-v6-p31-34354006,moj-1434-v6-p31-34354006.pdf,moj-judgments-1434-volume-6.pdf,31,38,8,571322216e00688f5f1b7f7b82ca7a7a9c9cf7be0d4dca435ed5eb382ef92eb1,1257327,True
moj-1434-v6-p39-33252837,moj-1434-v6-p39-33252837.pdf,moj-judgments-1434-volume-6.pdf,39,53,15,b5eb9cad10448a3d10666c7478795dfd6b47ee8db8efc895f0ab1e79826e32af,534515,True
moj-1434-v6-p54-33415126,moj-1434-v6-p54-33415126.pdf,moj-judgments-1434-volume-6.pdf,54,69,16,d06909cd3e1dd33713b9b63cac812b312dac92e3077cb0950c3a46878a89705f,543226,True
moj-1434-v6-p70-33469025,moj-1434-v6-p70-33469025.pdf,moj-judgments-1434-volume-6.pdf,70,77,8,48e99fef3d59b3d1c6aef67f3afa470654bca7060b5cbce84e8c1017a5cb70dc,504938,True
moj-1434-v6-p78-8746,moj-1434-v6-p78-8746.pdf,moj-judgments-1434-volume-6.pdf,78,91,14,010ae28afc46995a0c88ab6a4107ed5143470c6978da636f57db0007ff5ab642,528614,True
moj-1434-v6-p92-34254640,moj-1434-v6-p92-34254640.pdf,moj-judgments-1434-volume-6.pdf,92,99,8,51a9d478d32d2618c26609491dc3db7c891813bf1f22860bbb2a0a0d9ba132a5,506114,True
moj-1434-v6-p100-33286548,moj-1434-v6-p100-33286548.pdf,moj-judgments-1434-volume-6.pdf,100,111,12,2e15e6c185af36312e0bbbffb7679f94186e6da2ab4e090ccfd17b941aecf811,526319,True
moj-1434-v6-p112-32503,moj-1434-v6-p112-32503.pdf,moj-judgments-1434-volume-6.pdf,112,118,7,df41f5a2773ad8a6a3735e40570222d28eb5412c25977ab5a9ea2e9554dc5af4,513382,True
moj-1434-v6-p119-311048,moj-1434-v6-p119-311048.pdf,moj-judgments-1434-volume-6.pdf,119,124,6,2cb186afaf8ce6d65f6a19b182c1ca2f70e8ccf7c4636986b26a5ee5399ac1a4,496888,True
moj-1434-v6-p125-3416698,moj-1434-v6-p125-3416698.pdf,moj-judgments-1434-volume-6.pdf,125,181,57,9f2b975169fd33ee84e1337e46cfa5910d421c2670b30d71d90f152eab61bba5,693708,True
moj-1434-v6-p182-3318281,moj-1434-v6-p182-3318281.pdf,moj-judgments-1434-volume-6.pdf,182,189,8,23782b5e0ae1706583b4a94653e81f176c8666100c1a7b8bdb51d94c2334eb6d,508369,True
moj-1434-v6-p190-3346738,moj-1434-v6-p190-3346738.pdf,moj-judgments-1434-volume-6.pdf,190,202,13,75ffedb48c175f3c042fd92434f1cb48478aaa462996359099ec70bbbdb60c77,536464,True
moj-1434-v6-p203-3360065,moj-1434-v6-p203-3360065.pdf,moj-judgments-1434-volume-6.pdf,203,207,5,a8254d1786b215263b70721ab2de2d3461b31b86acb1bef6751c187d92e4a52d,496827,True
moj-1434-v6-p208-34224021,moj-1434-v6-p208-34224021.pdf,moj-judgments-1434-volume-6.pdf,208,213,6,91a194d7219edd88d0c527215d4bf84100560b55e9ad2950eefd5be21a3bb2f2,499049,True
moj-1434-v6-p214-33351548,moj-1434-v6-p214-33351548.pdf,moj-judgments-1434-volume-6.pdf,214,221,8,b7f768bd30f0fb9f336e12570b4a71cdc73beecfeb18db5b05e12ee36c835d8e,516899,True
moj-1434-v6-p222-3410059,moj-1434-v6-p222-3410059.pdf,moj-judgments-1434-volume-6.pdf,222,225,4,1f0cb6da6fad6eedde5a608fb32c9111b854d983a3271f1fb93f99b79d9f2a47,496055,True
moj-1434-v6-p226-3440021,moj-1434-v6-p226-3440021.pdf,moj-judgments-1434-volume-6.pdf,226,229,4,998711d00bf7d0e116eec4a9ee1509d8f8f6bb3f668977dfb26b2518c795eaa3,498719,True
moj-1434-v6-p230-34233633,moj-1434-v6-p230-34233633.pdf,moj-judgments-1434-volume-6.pdf,230,233,4,f4cf7cfda167bfe918cd5625dd774af7007849b17f023781059255d7baa12b08,496088,True
moj-1434-v6-p234-3422982,moj-1434-v6-p234-3422982.pdf,moj-judgments-1434-volume-6.pdf,234,241,8,df2a3b8b005fe8626dfa2572ae882c3a9a4075893a642c1643621b4e3e4e16eb,507078,True
moj-1434-v6-p242-3435758,moj-1434-v6-p242-3435758.pdf,moj-judgments-1434-volume-6.pdf,242,252,11,8e5e6d56caeec2baeb421f92cafff63dae617f4044ef0d9690b9f0d9409e058c,546707,True
moj-1434-v6-p253-34293038,moj-1434-v6-p253-34293038.pdf,moj-judgments-1434-volume-6.pdf,253,261,9,4b2a5561aaea7c70278f7e4a820abe36e160f789cce0a5f3e79cf1174d35925a,508841,True
moj-1434-v6-p262-3438657,moj-1434-v6-p262-3438657.pdf,moj-judgments-1434-volume-6.pdf,262,266,5,dbba4bd5e74b625dd25f959fa4d95dd794efa0b93777844a907f0d35b332243e,500826,True
moj-1434-v6-p267-3441359,moj-1434-v6-p267-3441359.pdf,moj-judgments-1434-volume-6.pdf,267,272,6,54f227b2f9ff63cfd27269152055c12a8c5a1257116cfb1961bb06f0b25073ee,510348,True
moj-1434-v6-p273-3445113,moj-1434-v6-p273-3445113.pdf,moj-judgments-1434-volume-6.pdf,273,276,4,d6a2d654d2da3fe4f9c02c14172124bbf80f60f373bc2c413a89d099374590df,500772,True
moj-1434-v6-p277-3449949,moj-1434-v6-p277-3449949.pdf,moj-judgments-1434-volume-6.pdf,277,309,33,00a4514ba26f66f98189bc0403e46c278d0f880c47a52e6edb8f0cd8e02db6e4,603303,True
moj-1434-v6-p310-34165513,moj-1434-v6-p310-34165513.pdf,moj-judgments-1434-volume-6.pdf,310,315,6,55fc697d18ec21a1207dd2317bf4c63487eae9625a2c1f3c3ba0c177f04d7d28,502739,True
moj-1434-v6-p316-3466563,moj-1434-v6-p316-3466563.pdf,moj-judgments-1434-volume-6.pdf,316,322,7,d3f3eb555a8c603eea78fcba4c46c63d21547ba1c9e33d6185f33c1b8bad79fb,515178,True
moj-1434-v6-p323-34204225,moj-1434-v6-p323-34204225.pdf,moj-judgments-1434-volume-6.pdf,323,329,7,ce75f7804af4d3bd97b275d51afabba6cd499c120c8f1741063a6d9fbf972e2f,501855,True
moj-1434-v6-p330-3489143,moj-1434-v6-p330-3489143.pdf,moj-judgments-1434-volume-6.pdf,330,339,10,a8967f5a502070be0f9d19e213b0e06d20b80e27d4dc0758ea1471331038b489,521118,True
moj-1434-v6-p340-32156502,moj-1434-v6-p340-32156502.pdf,moj-judgments-1434-volume-6.pdf,340,353,14,36a91ba45be4f482693449bb8023db00c325143d134cebc827aa5306404a2710,555309,True
moj-1434-v6-p354-33466110,moj-1434-v6-p354-33466110.pdf,moj-judgments-1434-volume-6.pdf,354,362,9,333e23928694855511449d25ee5a0a4fdc21d53eb6eb349626fd14c78278e795,518040,True
moj-1434-v6-p363-32196203,moj-1434-v6-p363-32196203.pdf,moj-judgments-1434-volume-6.pdf,363,374,12,482189a3ee811f38be743adc15959bb3211b74ec102743b0b97963b229e7c669,523057,True
moj-1434-v6-p375-3443385,moj-1434-v6-p375-3443385.pdf,moj-judgments-1434-volume-6.pdf,375,383,9,6fcddad36f8ebd149f07d123757b6a1a961ee059c156b31ffaac333b05fb90d6,505660,True
moj-1434-v6-p384-32516254,moj-1434-v6-p384-32516254.pdf,moj-judgments-1434-volume-6.pdf,384,389,6,b271a175240f0ac9f02735c07197b772ecd10c843afabc5435a243bb04f154a3,501535,True
moj-1434-v6-p390-32595864,moj-1434-v6-p390-32595864.pdf,moj-judgments-1434-volume-6.pdf,390,396,7,69aa4fd13e2074c3df37be5b5f24ed48e40b255402f7ce1676348f59767a69ed,520044,True
moj-1434-v6-p397-33199624,moj-1434-v6-p397-33199624.pdf,moj-judgments-1434-volume-6.pdf,397,410,14,40191cf4be265557611c5cdc5e291e3b4c84f3168b3fb5c26f2673233c9741a1,866112,True
moj-1434-v7-p5-34186236,moj-1434-v7-p5-34186236.pdf,moj-judgments-1434-volume-7.pdf,5,13,9,31f317faa96724aea458259680edcad0b664e2f9e8438ec2cc6874bed2797b16,507824,True
moj-1434-v7-p14-34356258,moj-1434-v7-p14-34356258.pdf,moj-judgments-1434-volume-7.pdf,14,24,11,a576200805da6346297b34d11f112beb38a188c81f8ef530c170da4c27063ecb,521011,True
moj-1434-v7-p25-34325602,moj-1434-v7-p25-34325602.pdf,moj-judgments-1434-volume-7.pdf,25,31,7,205276cbc4d7c48edc0a23cdacc23c4efd396e0d4fb795e4fab2cb051f79fdad,500874,True
moj-1434-v7-p32-4311281,moj-1434-v7-p32-4311281.pdf,moj-judgments-1434-volume-7.pdf,32,52,21,bf3bc61a7306927a1d335a05b90b0af702cb6b5317feceeaf56887d1fc28bbf7,560289,True
moj-1434-v7-p53-33445093,moj-1434-v7-p53-33445093.pdf,moj-judgments-1434-volume-7.pdf,53,58,6,ee46c4d557728fcfccd93389c57962367c9ffc2bcceb325067166177a52e88a1,502973,True
moj-1434-v7-p59-33413765,moj-1434-v7-p59-33413765.pdf,moj-judgments-1434-volume-7.pdf,59,63,5,ddfd105642926b77a1758d3c7ae2a88077b56bcca54a99a51b8a48f7abc6f505,490618,True
moj-1434-v7-p64-33476296,moj-1434-v7-p64-33476296.pdf,moj-judgments-1434-volume-7.pdf,64,80,17,d6d1eabbfb0b849bb76bf86ed339b1a97ecb089e61ea11df90c04dd492ddd8b9,546688,True
moj-1434-v7-p81-3450435,moj-1434-v7-p81-3450435.pdf,moj-judgments-1434-volume-7.pdf,81,90,10,488ca1792ebff4843885b666c649e1740bbde32830eef58f4529f3e60b5d6bcb,512561,True
moj-1434-v7-p91-33452634,moj-1434-v7-p91-33452634.pdf,moj-judgments-1434-volume-7.pdf,91,98,8,ff0dd83b27b75c2abad8d291b815ad0bd3209384739dd8e7375b2c1c4340c3a1,504393,True
moj-1434-v7-p99-33456173,moj-1434-v7-p99-33456173.pdf,moj-judgments-1434-volume-7.pdf,99,103,5,2109403ca5d5d5712acdb0b38bb3eb52e190c96a7192ef39d07f4c528eab7d2e,491165,True
moj-1434-v7-p104-33463120,moj-1434-v7-p104-33463120.pdf,moj-judgments-1434-volume-7.pdf,104,111,8,42ebef3981cb5f06cb1e9d0350bd75d8241a3022a17eb0edf6918a81b334d229,509384,True
moj-1434-v7-p112-34256030,moj-1434-v7-p112-34256030.pdf,moj-judgments-1434-volume-7.pdf,112,117,6,4a9f95d163eeb80805f8617a5c7bb0f63b9ceb01e91b51193bf1b43b8c045d83,509165,True
moj-1434-v7-p118-34231967,moj-1434-v7-p118-34231967.pdf,moj-judgments-1434-volume-7.pdf,118,130,13,4054678f443795d7bc5ae3a9b3d7dd4981c6a432b45b85ac67d15d98591d5299,528709,True
moj-1434-v7-p131-332031116,moj-1434-v7-p131-332031116.pdf,moj-judgments-1434-volume-7.pdf,131,136,6,3428e74be17ce785be397d85c229924c00bf9b488706cdad2d4b934e79366e22,498089,True
moj-1434-v7-p137-34240533,moj-1434-v7-p137-34240533.pdf,moj-judgments-1434-volume-7.pdf,137,146,10,85b65473924ff8f59a43a2ab422580949a8526a9ca2776bfc81717eab3815951,512930,True
moj-1434-v7-p147-34302116,moj-1434-v7-p147-34302116.pdf,moj-judgments-1434-volume-7.pdf,147,170,24,b1d38ab8dc22bd01b4bbc2ce4ebadb29067f3489d9d53be8fb305ffd9172b5e6,549162,True
moj-1434-v7-p171-3435968,moj-1434-v7-p171-3435968.pdf,moj-judgments-1434-volume-7.pdf,171,176,6,46d4465f1897463aadb68307c4d574c477070bf9a438ad372ed114d0ffeeff9f,496303,True
moj-1434-v7-p177-344846,moj-1434-v7-p177-344846.pdf,moj-judgments-1434-volume-7.pdf,177,183,7,bb9192d5a577fc0b9a29f415f8bc2ad1135c8c38169f3ddc2952a8bdc6034579,496047,True
moj-1434-v7-p184-34271615,moj-1434-v7-p184-34271615.pdf,moj-judgments-1434-volume-7.pdf,184,191,8,8f6058bdbd5acd402f30a07ec06c11987adcdf3875eed1321d7475cbe84886d5,510717,True
moj-1434-v7-p192-3463007,moj-1434-v7-p192-3463007.pdf,moj-judgments-1434-volume-7.pdf,192,197,6,59302bde1900bde097b3bdbab9a1ed12b8169695e58697550ae848f28370d0e3,499672,True
moj-1434-v7-p198-34182875,moj-1434-v7-p198-34182875.pdf,moj-judgments-1434-volume-7.pdf,198,201,4,1daa55fc22538f994ffa6cab5a33fdd5404b3eeadb86d545f71d18fea77ccb22,499905,True
moj-1434-v7-p202-34203864,moj-1434-v7-p202-34203864.pdf,moj-judgments-1434-volume-7.pdf,202,207,6,0ed7951ba8295e5836d3be3b6dfa9b8d8f4c39be70e6fb5fd0211c00e7cc8676,507122,True
moj-1434-v7-p208-34191964,moj-1434-v7-p208-34191964.pdf,moj-judgments-1434-volume-7.pdf,208,213,6,d2b3a8eb689bd18c442545a870930c7faa5ab6a139ae54e932ac0acc37b9b2d7,508009,True
moj-1434-v7-p214-34300352,moj-1434-v7-p214-34300352.pdf,moj-judgments-1434-volume-7.pdf,214,229,16,ccd48113a936453576029c5a11c158abe73fcc76677ed4f4f63de578e9ffd642,539974,True
moj-1434-v7-p230-34273960,moj-1434-v7-p230-34273960.pdf,moj-judgments-1434-volume-7.pdf,230,233,4,ca288a0c8117c972990eae26c3a159824eb0ed36ec6cf15d97997fe590a7a368,495342,True
moj-1434-v7-p234-34173556,moj-1434-v7-p234-34173556.pdf,moj-judgments-1434-volume-7.pdf,234,238,5,27112e829ef04af4d686a03ec4fb3037b4f262ac5774c25ea8ee5369b3b38617,502905,True
moj-1434-v7-p239-34176933,moj-1434-v7-p239-34176933.pdf,moj-judgments-1434-volume-7.pdf,239,242,4,25d2867975dffc4c679d51360246f7c7fdb3086f91573aa0930c1a3477c0f97a,496970,True
moj-1434-v7-p243-34184071,moj-1434-v7-p243-34184071.pdf,moj-judgments-1434-volume-7.pdf,243,249,7,8ffba4cbb1fd6209f70f97fc7cb5c3f9494e7e782d7939a42371eb3c5db09612,498055,True
moj-1434-v7-p250-34184303,moj-1434-v7-p250-34184303.pdf,moj-judgments-1434-volume-7.pdf,250,267,18,a460e6b93d34b94ed4fb60a55839a482faeb48e309230a860137b28aec8842c0,545827,True
moj-1434-v7-p268-34188490,moj-1434-v7-p268-34188490.pdf,moj-judgments-1434-volume-7.pdf,268,275,8,f516c267e2398222966f54fe95e4f2cfe1c92f374d8ee7b3aa8f903cc358deff,504930,True
moj-1434-v7-p276-34194141,moj-1434-v7-p276-34194141.pdf,moj-judgments-1434-volume-7.pdf,276,279,4,88054eba442195104dd14c286637c69a8bb851c70a7f88813aff1a9eac545dcc,493157,True
moj-1434-v7-p280-34251380,moj-1434-v7-p280-34251380.pdf,moj-judgments-1434-volume-7.pdf,280,285,6,690e33400591aa0100c54c495b5ae8ab1489756a025b64d8fa09d2374b2d7aaa,498738,True
moj-1434-v7-p286-34309503,moj-1434-v7-p286-34309503.pdf,moj-judgments-1434-volume-7.pdf,286,290,5,4d41bcd8571af701b41696c6d27eebe8fa74c3a75a8dbd893e480112641eda39,504702,True
moj-1434-v7-p291-34259894,moj-1434-v7-p291-34259894.pdf,moj-judgments-1434-volume-7.pdf,291,300,10,4078e89a4908ee07d1e4eff221fc76322b5989acba757247aaf04bf1b23f36e8,511603,True
moj-1434-v7-p301-34303751,moj-1434-v7-p301-34303751.pdf,moj-judgments-1434-volume-7.pdf,301,304,4,4c35cc7fd3edbe88226fe19dd374d403af6a77041784b852c0a449bca9869c69,497701,True
moj-1434-v7-p305-34276464,moj-1434-v7-p305-34276464.pdf,moj-judgments-1434-volume-7.pdf,305,312,8,30d49c0fbe435aa72439f9fcd470f63ed845c43770ed27c30c1bd3fb2630db37,518270,True
moj-1434-v7-p313-34285050,moj-1434-v7-p313-34285050.pdf,moj-judgments-1434-volume-7.pdf,313,318,6,2b0dfcef8d26742d6db878ce9041436084fa1e992527a523bac0d31199b647b7,506846,True
moj-1434-v7-p319-34301207,moj-1434-v7-p319-34301207.pdf,moj-judgments-1434-volume-7.pdf,319,323,5,6751fa01ea316e1f3dfbb8a482de24a1816a739acff73e5a3b22f42846cc5947,494267,True
moj-1434-v7-p324-34304769,moj-1434-v7-p324-34304769.pdf,moj-judgments-1434-volume-7.pdf,324,330,7,fafd305bfad54d10508ba0484b6e11f15c17895bed76b825e97f60daed68a01c,515016,True
moj-1434-v7-p331-34324759,moj-1434-v7-p331-34324759.pdf,moj-judgments-1434-volume-7.pdf,331,343,13,b8f875fe424b34324acc0701e8c28b2636a0fe4332b99c6d413aa86f75357f84,517519,True
moj-1434-v7-p344-34340276,moj-1434-v7-p344-34340276.pdf,moj-judgments-1434-volume-7.pdf,344,347,4,1eab52461f03c1230f28b404bd41de2a71056b8671bdf215eed0bf5df20998f4,496563,True
moj-1434-v7-p348-33480606,moj-1434-v7-p348-33480606.pdf,moj-judgments-1434-volume-7.pdf,348,357,10,5b7dad191b0731d70eda3af4993b6a8e3aca67da56a3e03dc538675d4b4f5694,510923,True
moj-1434-v7-p358-34185350,moj-1434-v7-p358-34185350.pdf,moj-judgments-1434-volume-7.pdf,358,365,8,0a93b0aac96a5c8e003f7a70452e9d6ef2e667a7b20a8be8ccafd539809b1132,506142,True
moj-1434-v7-p366-3414350,moj-1434-v7-p366-3414350.pdf,moj-judgments-1434-volume-7.pdf,366,380,15,3660e1b822527e9b7ad0316723c5368ecea4952acc2b62a0302b206791faf4e9,828483,True
moj-1434-v8-p5-33277087,moj-1434-v8-p5-33277087.pdf,moj-judgments-1434-volume-8.pdf,5,10,6,855915999c10de758f5d29baa7019b125099fcd561247e21ee990ec924444798,501791,True
moj-1434-v8-p11-34216111,moj-1434-v8-p11-34216111.pdf,moj-judgments-1434-volume-8.pdf,11,14,4,ad26b8bff764ff73945436afb0c28e0db356c81ddb8411c4be6b258e425f18e4,495668,True
moj-1434-v8-p15-32350265,moj-1434-v8-p15-32350265.pdf,moj-judgments-1434-volume-8.pdf,15,26,12,6db07a23e8ce74c8122b6113e8dd9141f092a1ed29acfe4760b2e8a94306b2cb,1252166,True
moj-1434-v8-p27-33227400,moj-1434-v8-p27-33227400.pdf,moj-judgments-1434-volume-8.pdf,27,32,6,c1f6cd9b8a68aa83dd85e5850c5a737dbb9ad29ffdf79fa44645eb314059ae2a,499158,True
moj-1434-v8-p33-349707,moj-1434-v8-p33-349707.pdf,moj-judgments-1434-volume-8.pdf,33,39,7,1080509dfa290ba8ab6796cd8df1cd792c262024f9a7cff1560bb4473aabb3cc,497652,True
moj-1434-v8-p40-34183132,moj-1434-v8-p40-34183132.pdf,moj-judgments-1434-volume-8.pdf,40,56,17,0db34da107c074ed7376f2860a15b2b9366ec25e730d1e8444d1a9333320907d,549154,True
moj-1434-v8-p57-33449382,moj-1434-v8-p57-33449382.pdf,moj-judgments-1434-volume-8.pdf,57,64,8,d4549a787da8d4e48feb03a3b58845e47d722021ca63469b6f8af556b20f022d,513538,True
moj-1434-v8-p65-33303974,moj-1434-v8-p65-33303974.pdf,moj-judgments-1434-volume-8.pdf,65,83,19,9cbde226b83b5b593f08f058827aac9bd6539f97453732416fe4c7cc8fb58c88,532108,True
moj-1434-v8-p84-3436836,moj-1434-v8-p84-3436836.pdf,moj-judgments-1434-volume-8.pdf,84,91,8,28079dad4ceecf7b1137eebe6cbe475c53c556eecf1591d6b7c95525eb50c6b1,513443,True
moj-1434-v8-p92-3423919,moj-1434-v8-p92-3423919.pdf,moj-judgments-1434-volume-8.pdf,92,97,6,36695759268f5a4904da5fcddd169d913ddb7f89a493f31f9b5f16b76f75c4af,502176,True
moj-1434-v8-p98-33173378,moj-1434-v8-p98-33173378.pdf,moj-judgments-1434-volume-8.pdf,98,103,6,6f7b2736929a52ca91faeefcc6481e78bae2874d477140975b11bfb37c0dd55c,502949,True
moj-1434-v8-p104-33313847,moj-1434-v8-p104-33313847.pdf,moj-judgments-1434-volume-8.pdf,104,109,6,f78403b2d0d98c3a1978492c70a4e1741c7ff9961fcf76d18f02d96b1b27313b,499217,True
moj-1434-v8-p110-34220573,moj-1434-v8-p110-34220573.pdf,moj-judgments-1434-volume-8.pdf,110,200,91,8ed63c5c738c33daebabe5eda22027e0a959c0d3e4ba5905c012aa29f37d2f6d,776160,True
moj-1434-v8-p201-33459984,moj-1434-v8-p201-33459984.pdf,moj-judgments-1434-volume-8.pdf,201,208,8,218e402213e2ca96059a99724f77471f325152bf8fced0021f322fa3f537e799,506720,True
moj-1434-v8-p209-34193570,moj-1434-v8-p209-34193570.pdf,moj-judgments-1434-volume-8.pdf,209,220,12,650ce26475e18bd705900cbc0db1cbc241267379b11087fcc97c7fd279bae385,526004,True
moj-1434-v8-p221-34168504,moj-1434-v8-p221-34168504.pdf,moj-judgments-1434-volume-8.pdf,221,226,6,a4b4caa6821223d6666faba7c9739e063f2cfd57b9557fbb9349fc83b1c965c3,505805,True
moj-1434-v8-p227-33204853,moj-1434-v8-p227-33204853.pdf,moj-judgments-1434-volume-8.pdf,227,240,14,9af04e94bdd9225f5f2be708f288db32e333159301a9a2714af9fb6d5e53c182,528095,True
moj-1434-v8-p241-33408025,moj-1434-v8-p241-33408025.pdf,moj-judgments-1434-volume-8.pdf,241,259,19,9b77be9829d08bad119f2dad60ee77df124dd6477140572ac3de7f6bd1404c57,536903,True
moj-1434-v8-p260-33447677,moj-1434-v8-p260-33447677.pdf,moj-judgments-1434-volume-8.pdf,260,271,12,88127cccb4682121f94d6960ca9d5ccfb34e291ccaae31122b68b662362dc67f,519145,True
moj-1434-v8-p272-33407931,moj-1434-v8-p272-33407931.pdf,moj-judgments-1434-volume-8.pdf,272,275,4,e082a6089b80b710f4f89f4b379085857ce90d7daac3f4d8f911ddd587563dd5,497395,True
moj-1434-v8-p276-3461567,moj-1434-v8-p276-3461567.pdf,moj-judgments-1434-volume-8.pdf,276,288,13,f16cba3bc73598973d251bb256b2fa8e613c72d2628da820983bad9cb309c434,530763,True
moj-1434-v8-p289-34546,moj-1434-v8-p289-34546.pdf,moj-judgments-1434-volume-8.pdf,289,293,5,5b50944ccff12ca5379f1c210f1a7236137f2ea8744945fe88c1c64c84904603,490165,True
moj-1434-v8-p294-34279057,moj-1434-v8-p294-34279057.pdf,moj-judgments-1434-volume-8.pdf,294,300,7,22ed0bff3d2204b3121ddc3317dd3ee6547631f7cf02fb729f6157c839c06c4a,518269,True
moj-1434-v8-p301-34202987,moj-1434-v8-p301-34202987.pdf,moj-judgments-1434-volume-8.pdf,301,304,4,2ddf603d9445e5c51c9dbf5c4fc178dbbca00357de8c374bc93f888ad62b6bd8,491982,True
moj-1434-v8-p305-34194135,moj-1434-v8-p305-34194135.pdf,moj-judgments-1434-volume-8.pdf,305,315,11,de888806caa6e8a1dfdc111f9bc11d9e97e39f33e3b6420abfa6e03fa18b9401,512637,True
moj-1434-v8-p316-34305617,moj-1434-v8-p316-34305617.pdf,moj-judgments-1434-volume-8.pdf,316,321,6,b53c63fcd4188d47d28de006943be2bbbbcd0ecdecd7ec3345d9d463eb9b990b,508248,True
moj-1434-v8-p322-34290714,moj-1434-v8-p322-34290714.pdf,moj-judgments-1434-volume-8.pdf,322,329,8,02205b3620777b12274fb5e3a63bb7565e6d672d8dedc62b3b0932e30aa1b881,503020,True
moj-1434-v8-p330-34291127,moj-1434-v8-p330-34291127.pdf,moj-judgments-1434-volume-8.pdf,330,334,5,16300da3b0f05bf879bee26922c02be281dc2cee232958e94732cb025bf5c8e4,500369,True
moj-1434-v8-p335-34368555,moj-1434-v8-p335-34368555.pdf,moj-judgments-1434-volume-8.pdf,335,342,8,6174f6a823c445899ed5e5417aef4e94790653709796f6c6e552e9670fe8384f,1289777,True
moj-1434-v8-p343-3457090,moj-1434-v8-p343-3457090.pdf,moj-judgments-1434-volume-8.pdf,343,358,16,ebd9343ee9e06b491b00d5f5f96891517320023fe0dfc800cdf013d2efd8ae10,563650,True
moj-1434-v8-p359-3460931,moj-1434-v8-p359-3460931.pdf,moj-judgments-1434-volume-8.pdf,359,366,8,860ec2327786ecbc02d94713076216e748b82fbe8ad3a831a353f6156556fff5,536025,True
moj-1434-v8-p367-34289201,moj-1434-v8-p367-34289201.pdf,moj-judgments-1434-volume-8.pdf,367,377,11,b11690c72c80ac140e169c802a5921d4cdf26fb6f2e2b999227f40fea5a8dd6c,538424,True
moj-1434-v8-p378-34232609,moj-1434-v8-p378-34232609.pdf,moj-judgments-1434-volume-8.pdf,378,386,9,677680801f2b016058afd525b0a69ac4ddab293e1c35ab385760e0a970572b9b,875782,True
moj-1434-v9-p5-33439487,moj-1434-v9-p5-33439487.pdf,moj-judgments-1434-volume-9.pdf,5,29,25,746682e5868996de053a38992cc8bd5207f99448b21b6def067440d6c3ee91ba,545724,True
moj-1434-v9-p30-3418295,moj-1434-v9-p30-3418295.pdf,moj-judgments-1434-volume-9.pdf,30,56,27,4498d1d24c008daeeb5ae6917038cbbe5dfda69ab9b7aa7f6caf3abe6e622e8b,560492,True
moj-1434-v9-p57-32297345,moj-1434-v9-p57-32297345.pdf,moj-judgments-1434-volume-9.pdf,57,68,12,9d0d122d5aec4bdcb5301bcb0a145a11220f5dedfba5d72bd3ba9384474d03a4,525984,True
moj-1434-v9-p69-3449861,moj-1434-v9-p69-3449861.pdf,moj-judgments-1434-volume-9.pdf,69,77,9,2e8c3980899dedfcf6ecd4025b9579bbbf7ef12d45680cad4a7accbe1d5999a9,498474,True
moj-1434-v9-p78-34311046,moj-1434-v9-p78-34311046.pdf,moj-judgments-1434-volume-9.pdf,78,83,6,af71a2a88c82eac0cba6f9f28daed645ee579d1fce1efd8c41123edb681642d5,503934,True
moj-1434-v9-p84-68050219,moj-1434-v9-p84-68050219.pdf,moj-judgments-1434-volume-9.pdf,84,234,151,9fe3f7e0b28ce80c8e2734a5bac90a397a8fd6916f38f10c4dad7ee787c82ea3,1762043,True
moj-1434-v9-p235-34146939,moj-1434-v9-p235-34146939.pdf,moj-judgments-1434-volume-9.pdf,235,244,10,e0f03fe29b83a5ff7cee033a7bee158754c4964780c42d11ca5f1632848f0ad5,513599,True
moj-1434-v9-p245-34189207,moj-1434-v9-p245-34189207.pdf,moj-judgments-1434-volume-9.pdf,245,251,7,fe0a56e7b7f09ee48fb333701f401e2baa17793a094868f9bf1b1a547181cd2c,493500,True
moj-1434-v9-p252-3431443,moj-1434-v9-p252-3431443.pdf,moj-judgments-1434-volume-9.pdf,252,259,8,c2cbbdf1f7c71ffacce7c047009a7f7a2aeaafc7a3104b30f8cd4a46d8a9a758,497160,True
moj-1434-v9-p260-3458940,moj-1434-v9-p260-3458940.pdf,moj-judgments-1434-volume-9.pdf,260,264,5,423e57370592b55ead56e03eafbed4335f272fcdb579138cd8e3541d6295240d,532408,True
moj-1434-v9-p265-34198975,moj-1434-v9-p265-34198975.pdf,moj-judgments-1434-volume-9.pdf,265,272,8,1db0a0d75912d849b1cfae9c39ae43a3d7ffba347af7279c7ef2a7f3b86955a0,504649,True
moj-1434-v9-p273-34260389,moj-1434-v9-p273-34260389.pdf,moj-judgments-1434-volume-9.pdf,273,278,6,23eefd8651c3f244ce9e736241c9b7f785126b0d3b952dc985e5f6e421a061df,496411,True
moj-1434-v9-p279-34259015,moj-1434-v9-p279-34259015.pdf,moj-judgments-1434-volume-9.pdf,279,284,6,d593dbc1389d3410cb4d9da149ced02883257af3f398cc3151064f14c54f78c0,488995,True
moj-1434-v9-p285-34265813,moj-1434-v9-p285-34265813.pdf,moj-judgments-1434-volume-9.pdf,285,294,10,06ae393a2ba2c7cef695f65cc8b9f7479676333174967ec68feb8a5edd0cf413,1232032,True
moj-1434-v9-p295-33358233,moj-1434-v9-p295-33358233.pdf,moj-judgments-1434-volume-9.pdf,295,298,4,4efee1372a54b4b900b556bc446617165779f063f4652e1a99d6654328321a87,489235,True
moj-1434-v9-p299-3448838,moj-1434-v9-p299-3448838.pdf,moj-judgments-1434-volume-9.pdf,299,338,40,7e4d14ece4da7d7c844634a31090419229a41fdb0c2b84989991298b7402f2c5,608345,True
moj-1434-v9-p339-33334176,moj-1434-v9-p339-33334176.pdf,moj-judgments-1434-volume-9.pdf,339,364,26,deb2b9e5ea7d3c8b78686287c8ffda82cdbb2c595236a8a94e2511c2480bc788,561927,True
moj-1434-v9-p365-33363338,moj-1434-v9-p365-33363338.pdf,moj-judgments-1434-volume-9.pdf,365,373,9,87eadeeca01bebcff513887bc1de6ce6fd7eeca5a59b36ae6537b489083b44c5,496953,True
moj-1434-v9-p374-33411128,moj-1434-v9-p374-33411128.pdf,moj-judgments-1434-volume-9.pdf,374,389,16,2ac98614105d74571b09acaa9919f04f8641eccf2b411cf9937e36a2c05f9a68,530902,True
moj-1434-v9-p390-33439471,moj-1434-v9-p390-33439471.pdf,moj-judgments-1434-volume-9.pdf,390,397,8,8071d5f2ff2475c2e5cd60872b79b4f158f511c5f67529586d459660e24cdcb8,505660,True
moj-1434-v9-p398-33461017,moj-1434-v9-p398-33461017.pdf,moj-judgments-1434-volume-9.pdf,398,407,10,9c4e69561f34245b4d54e10b157c15d6a8fd1be18e93bc1424126770acc46f56,513479,True
moj-1434-v9-p408-34207864,moj-1434-v9-p408-34207864.pdf,moj-judgments-1434-volume-9.pdf,408,419,12,8c0bacedd2bcb5dee547915babbe640b292138648b88d5ca39ffc450325cc40b,523638,True
moj-1434-v9-p420-34225205,moj-1434-v9-p420-34225205.pdf,moj-judgments-1434-volume-9.pdf,420,426,7,86f2d4b51c3519c0bd535dcf62a19739771f97ca805ae7a5bb1fc042ce24f78d,516137,True
moj-1434-v9-p427-34324097,moj-1434-v9-p427-34324097.pdf,moj-judgments-1434-volume-9.pdf,427,433,7,0c08ec8fa6a71463cf029bfbf83350813f6e860b853d2486a77fe4fc6f18b638,829163,True
moj-1434-v10-p5-344087,moj-1434-v10-p5-344087.pdf,moj-judgments-1434-volume-10.pdf,5,14,10,920a08d54caa63f6fdcad9e0ab3f5182fe25ded2d9c8a088015a5e638c7fb32f,509282,True
moj-1434-v10-p15-3418933,moj-1434-v10-p15-3418933.pdf,moj-judgments-1434-volume-10.pdf,15,20,6,1e698ca97a6b848482b657732a0314d761fac867abc82e994669604c5d0d0ed4,500285,True
moj-1434-v10-p21-3422357,moj-1434-v10-p21-3422357.pdf,moj-judgments-1434-volume-10.pdf,21,24,4,29612f23915adde49123d152cc39298bcee372411a3a847900f8a7d1a2eb1777,489896,True
moj-1434-v10-p25-33480821,moj-1434-v10-p25-33480821.pdf,moj-judgments-1434-volume-10.pdf,25,32,8,b360ceaa716c14ba65f677e6cefd41cce5fcc98a7fd510d65a0b4fcf8c66633e,507666,True
moj-1434-v10-p33-33415596,moj-1434-v10-p33-33415596.pdf,moj-judgments-1434-volume-10.pdf,33,39,7,d7572627d18019728ae15623e6eff99cae18dc7b60e8dd3fcd07c9a3db2aaf73,501355,True
moj-1434-v10-p40-33357527,moj-1434-v10-p40-33357527.pdf,moj-judgments-1434-volume-10.pdf,40,44,5,b0a4c417799934458ad88cc5a18e949afaf47355b88f46a33b5aa8e952fc3e24,509288,True
moj-1434-v10-p45-33366840,moj-1434-v10-p45-33366840.pdf,moj-judgments-1434-volume-10.pdf,45,52,8,abfb2c18afa57198d4570857d1d6591e1d6d4b6c1501a02c8f703e208968d078,507234,True
moj-1434-v10-p53-33448197,moj-1434-v10-p53-33448197.pdf,moj-judgments-1434-volume-10.pdf,53,60,8,a12e092f71513071081eafd48dbf3b522d5965a7e1350d21ca7b878f46e0f64f,503241,True
moj-1434-v10-p61-33480601,moj-1434-v10-p61-33480601.pdf,moj-judgments-1434-volume-10.pdf,61,69,9,e401cc8372d8d0726ceed7b3e4ca84dd9031e00e3d7a6d02c900eec21b9251a9,507463,True
moj-1434-v10-p70-34178783,moj-1434-v10-p70-34178783.pdf,moj-judgments-1434-volume-10.pdf,70,73,4,54ef93f4fc38091e557edb093efde2fa15934dee31aedad74a0bf39c929c2ef8,494658,True
moj-1434-v10-p74-34219920,moj-1434-v10-p74-34219920.pdf,moj-judgments-1434-volume-10.pdf,74,79,6,b93cfefd9effeb33e039a303157b2387a069840405e62e026b0f1871cc3135ff,499685,True
moj-1434-v10-p80-34278439,moj-1434-v10-p80-34278439.pdf,moj-judgments-1434-volume-10.pdf,80,84,5,516a34363fbacfab7b4c4b5173d11a4b2fc9d4080e146b1ed428395e488ab9bf,505063,True
moj-1434-v10-p85-34338542,moj-1434-v10-p85-34338542.pdf,moj-judgments-1434-volume-10.pdf,85,92,8,3f8625c09a7ffaf9747c39667a534633c1bd25ea3c27f6d6e71f4b0b0fab3144,1266589,True
moj-1434-v10-p93-3438447,moj-1434-v10-p93-3438447.pdf,moj-judgments-1434-volume-10.pdf,93,102,10,29027ed504caaac4d05e0cdd979c2ba22bbc18669941bfd329ffd1f0f8d12c3b,511307,True
moj-1434-v10-p103-33450534,moj-1434-v10-p103-33450534.pdf,moj-judgments-1434-volume-10.pdf,103,112,10,e3308144c35a12b79c7c589529a6ab3eea05611cec6ac3f614ac7e030c91cd4d,516134,True
moj-1434-v10-p113-33422612,moj-1434-v10-p113-33422612.pdf,moj-judgments-1434-volume-10.pdf,113,120,8,d8d1af504859319719a13485cb5315922034c6ca0c0e5c7f412459bed2212a4c,513867,True
moj-1434-v10-p121-34291518,moj-1434-v10-p121-34291518.pdf,moj-judgments-1434-volume-10.pdf,121,129,9,5393af12ca558defde2364be3ca8fb220d259bea999a39b939beff4f32e2cbbc,505236,True
moj-1434-v10-p130-33333676,moj-1434-v10-p130-33333676.pdf,moj-judgments-1434-volume-10.pdf,130,139,10,e7d23d6eb4a656623c8db1caf93059b499bc96f7e1addc91c1c6fbdb8a00670b,508882,True
moj-1434-v10-p140-3426340,moj-1434-v10-p140-3426340.pdf,moj-judgments-1434-volume-10.pdf,140,147,8,6dbf1fa4befd349f6d06c57fae3715ba17831bbef2249aed9ecae9d6d09c3733,510916,True
moj-1434-v10-p148-3460936,moj-1434-v10-p148-3460936.pdf,moj-judgments-1434-volume-10.pdf,148,157,10,ff4c2602271c5edac0de5b593f4cffbe923de94409f8b4fa10d0350c458b9d95,516227,True
moj-1434-v10-p158-34194085,moj-1434-v10-p158-34194085.pdf,moj-judgments-1434-volume-10.pdf,158,166,9,f3f125d42b2d91f104e817ed00d881e27db37e69ac2f9416068dfd468587c615,1271160,True
moj-1434-v10-p167-33165950,moj-1434-v10-p167-33165950.pdf,moj-judgments-1434-volume-10.pdf,167,174,8,9e683d7f30cc7e7cb48259845eeaa6b691de77ad3b0a32e6cad56d3a642e6dac,514468,True
moj-1434-v10-p175-33389019,moj-1434-v10-p175-33389019.pdf,moj-judgments-1434-volume-10.pdf,175,185,11,5c7354255074e24b64c62f7b86874a979b52fecb0ee660eb8e25b197c437d19d,512836,True
moj-1434-v10-p186-34206957,moj-1434-v10-p186-34206957.pdf,moj-judgments-1434-volume-10.pdf,186,191,6,ca6b2605007701efd443523bda7938ee5caa260d13e68766ff56f0d7b51063a1,506607,True
moj-1434-v10-p192-33319506,moj-1434-v10-p192-33319506.pdf,moj-judgments-1434-volume-10.pdf,192,203,12,5db231e8583f5cd9ce7037ce4207d973e7f6c82fe3c9989608a75e83c4124a30,510389,True
moj-1434-v10-p204-34177797,moj-1434-v10-p204-34177797.pdf,moj-judgments-1434-volume-10.pdf,204,211,8,904853ff47a21f2cbff428f8b727deaf8515686c2967990c4a6e65800dbc1d14,507879,True
moj-1434-v10-p212-34260752,moj-1434-v10-p212-34260752.pdf,moj-judgments-1434-volume-10.pdf,212,218,7,28aab5d786de9d3b6055218f6c28558dfb35effd00668871587a6f18569134b4,515864,True
moj-1434-v10-p219-34255305,moj-1434-v10-p219-34255305.pdf,moj-judgments-1434-volume-10.pdf,219,223,5,e349ed0a36d0196ae04bd47197dc782c3d69b255ab6e6e28b4b356e70e4c3d9a,488773,True
moj-1434-v10-p224-33245589,moj-1434-v10-p224-33245589.pdf,moj-judgments-1434-volume-10.pdf,224,232,9,1ddb534a401d2244ce8b69e212a5e441c6a07156b1bef33fde9f64214594df7f,508061,True
moj-1434-v10-p233-3441536,moj-1434-v10-p233-3441536.pdf,moj-judgments-1434-volume-10.pdf,233,240,8,546d320ea371f0bdb41d96997fb0d5d750de86272a0bd39bb823957ec951259c,502091,True
moj-1434-v10-p241-33108865,moj-1434-v10-p241-33108865.pdf,moj-judgments-1434-volume-10.pdf,241,250,10,1535fbdaee89f3125f19a65d0bcae15773bfc293ed839d8c6fa800f8ed5fd472,509467,True
moj-1434-v10-p251-33370559,moj-1434-v10-p251-33370559.pdf,moj-judgments-1434-volume-10.pdf,251,263,13,9bf036dd639b6dd1a7af25c5a90ab43805406e09d2778a79ffd8d7780fbd0b5f,512355,True
moj-1434-v10-p264-33412454,moj-1434-v10-p264-33412454.pdf,moj-judgments-1434-volume-10.pdf,264,270,7,53f729e812ef91fbebce051f2bb0030b285086c29b72b6cea5551ea6d3898103,501678,True
moj-1434-v10-p271-33396666,moj-1434-v10-p271-33396666.pdf,moj-judgments-1434-volume-10.pdf,271,281,11,fc69c44bba42198caab12fcf613b9ae7a5460a07e4be47aaa5543e9e467ded97,513851,True
moj-1434-v10-p282-33483169,moj-1434-v10-p282-33483169.pdf,moj-judgments-1434-volume-10.pdf,282,291,10,250d4907d7c89c3b7410cf8872e3075501a45c06f4415f214da69a9518e4eed4,518838,True
moj-1434-v10-p292-34168437,moj-1434-v10-p292-34168437.pdf,moj-judgments-1434-volume-10.pdf,292,300,9,7bbc152330899070184281153a8287f457fed4109a7d6678403de82cbe462e9e,533787,True
moj-1434-v10-p301-344668,moj-1434-v10-p301-344668.pdf,moj-judgments-1434-volume-10.pdf,301,306,6,b3335586dcc248121d8d55421d7d2d440cb4c88c75ff84e92355ba1943868a87,501557,True
moj-1434-v10-p307-33450924,moj-1434-v10-p307-33450924.pdf,moj-judgments-1434-volume-10.pdf,307,315,9,d93eeb654787222124843228cb5b398dd10bf1e3f64fa086b38eef85c7a759c3,507662,True
moj-1434-v10-p316-34180146,moj-1434-v10-p316-34180146.pdf,moj-judgments-1434-volume-10.pdf,316,322,7,59628176dd2a9f16c828db274e63e81383017f8721b4e04981fa1c9c62f5f81a,508990,True
moj-1434-v10-p323-34234714,moj-1434-v10-p323-34234714.pdf,moj-judgments-1434-volume-10.pdf,323,329,7,739a9de5f46a22580c11c241cb0abb0f83da4c53f0b209c74447cf3dba10475c,498572,True
moj-1434-v10-p330-3457561,moj-1434-v10-p330-3457561.pdf,moj-judgments-1434-volume-10.pdf,330,336,7,25b79ce5f7995faf164fca310781e37506a31982f9a320a9df9cbd83b3c4f797,514174,True
moj-1434-v10-p337-33422293,moj-1434-v10-p337-33422293.pdf,moj-judgments-1434-volume-10.pdf,337,344,8,819f260bab1f2e1a1d018fd1381ad992cd2e7a2387de346fd44c727c7e77f79f,492999,True
moj-1434-v10-p345-34266092,moj-1434-v10-p345-34266092.pdf,moj-judgments-1434-volume-10.pdf,345,355,11,b56677f63e9b09eb81ca316c0eeff46463a3913377b91a9a8185c7fa6fedba93,512130,True
moj-1434-v10-p356-33455749,moj-1434-v10-p356-33455749.pdf,moj-judgments-1434-volume-10.pdf,356,362,7,fa733ed3c50d4c7b2230660655705b43621d2bba15e2aef60e023d313540d0d1,501688,True
moj-1434-v10-p363-34305506,moj-1434-v10-p363-34305506.pdf,moj-judgments-1434-volume-10.pdf,363,373,11,7c81f90014274a0ba966487e6c3c842daada126d8b7be2979311cfd6787f79e7,513403,True
moj-1434-v10-p374-34308961,moj-1434-v10-p374-34308961.pdf,moj-judgments-1434-volume-10.pdf,374,381,8,d7f873dcdd42d82dd9fa773ec97a5f26d1c43ede1a325b16543803a1171cc506,506601,True
moj-1434-v10-p382-34252367,moj-1434-v10-p382-34252367.pdf,moj-judgments-1434-volume-10.pdf,382,387,6,834f88c64820404ef554b4cd8569b5f297acb611196de8e751c084708231a426,501253,True
moj-1434-v10-p388-34258948,moj-1434-v10-p388-34258948.pdf,moj-judgments-1434-volume-10.pdf,388,393,6,e6307d474d24625e45aeb7f79a0ab55c0ebedecd08a25c4c924d6e4264cf4a27,502648,True
moj-1434-v10-p394-34270704,moj-1434-v10-p394-34270704.pdf,moj-judgments-1434-volume-10.pdf,394,399,6,0e308cc7fe60a7cb1244fd01bf36887133bcf9bdc00b1a7a102a28c252d432bd,503939,True
moj-1434-v10-p400-34325443,moj-1434-v10-p400-34325443.pdf,moj-judgments-1434-volume-10.pdf,400,412,13,c54dc1fa2ff03deddc36ecd28bfe66ef15fb70a41e257c61e3f1605652e3e1c6,822767,True
moj-1434-v12-p5-347261,moj-1434-v12-p5-347261.pdf,moj-judgments-1434-volume-12.pdf,5,10,6,f057fd06df518ffa89da66ef9b853808f903e365e205fd51cb44fd3f7cb69047,495999,True
moj-1434-v12-p11-3377548,moj-1434-v12-p11-3377548.pdf,moj-judgments-1434-volume-12.pdf,11,19,9,888c2ddbbed412bead63b8deafad9e27a035a643da0684b8b066609b7c719bd8,498500,True
moj-1434-v12-p20-3396987,moj-1434-v12-p20-3396987.pdf,moj-judgments-1434-volume-12.pdf,20,29,10,e2af5d93ae55c3ca4ed167479e42fa7b3d9a77b438600ed89cd06f3b5666c6da,509463,True
moj-1434-v12-p30-3418724,moj-1434-v12-p30-3418724.pdf,moj-judgments-1434-volume-12.pdf,30,37,8,1b03e07a5d644c1ce7c503ac4279c44cef2f35fa98b6eaef502d3f847ad135d1,499149,True
moj-1434-v12-p38-3440861,moj-1434-v12-p38-3440861.pdf,moj-judgments-1434-volume-12.pdf,38,44,7,bfdd21915a2853c55c8a78696ce50083ea9e6c7c2694a1817738eddc5b131fcd,497848,True
moj-1434-v12-p45-32191315,moj-1434-v12-p45-32191315.pdf,moj-judgments-1434-volume-12.pdf,45,57,13,60d63fb704095c131599790aa4aac721f2ddb997924d7fe63c0f95fd1e86686d,520207,True
moj-1434-v12-p58-33182259,moj-1434-v12-p58-33182259.pdf,moj-judgments-1434-volume-12.pdf,58,65,8,8f96838cae7004d8a6429eaa030c1ed14079cc8dea8ea24a57aa972c993bc70f,497521,True
moj-1434-v12-p66-34180121,moj-1434-v12-p66-34180121.pdf,moj-judgments-1434-volume-12.pdf,66,70,5,8f2600ea8f74b17508e1524604ff53d09f1e98f74793b989f6ec5e145173fffa,500176,True
moj-1434-v12-p71-33268658,moj-1434-v12-p71-33268658.pdf,moj-judgments-1434-volume-12.pdf,71,77,7,dd7f165664d6c5cfb9eed63948db26f0d4432d94c203886509dac43fcb746f4b,494872,True
moj-1434-v12-p78-33345548,moj-1434-v12-p78-33345548.pdf,moj-judgments-1434-volume-12.pdf,78,87,10,091a62377d6a60c16d2750f539616afcc1ee770ea16d27117755c5d602db1d58,505704,True
moj-1434-v12-p88-33353081,moj-1434-v12-p88-33353081.pdf,moj-judgments-1434-volume-12.pdf,88,101,14,bef5497f1a276f43452d6e6f57915eb6785ae158a9dd0b0c959b4ae7221f5f22,522935,True
moj-1434-v12-p102-34259122,moj-1434-v12-p102-34259122.pdf,moj-judgments-1434-volume-12.pdf,102,106,5,48849601adcbddc7ad56db31ce977f53b13a84fa5511f90b33cc54e48ec90504,502017,True
moj-1434-v12-p107-33395847,moj-1434-v12-p107-33395847.pdf,moj-judgments-1434-volume-12.pdf,107,117,11,2b0f4816294ddebcee938a1b065ea4d9fd986b6c04916355dd91807c4fb4be66,508232,True
moj-1434-v12-p118-33469973,moj-1434-v12-p118-33469973.pdf,moj-judgments-1434-volume-12.pdf,118,122,5,d0dc6e242d17afb5b4a30fd4b16b18a946a5072b14e1819c4b6fc1594d257c40,499124,True
moj-1434-v12-p123-33407511,moj-1434-v12-p123-33407511.pdf,moj-judgments-1434-volume-12.pdf,123,130,8,8e91b3b42067e725c75b6761de0e277a9719e08ffd92dc45463ade3f16cd9ca5,508604,True
moj-1434-v12-p131-33420807,moj-1434-v12-p131-33420807.pdf,moj-judgments-1434-volume-12.pdf,131,136,6,194a078a019e3e5de7cdd6268a95ca073e02d7896eab6e5c8147880a94a05282,496827,True
moj-1434-v12-p137-34181745,moj-1434-v12-p137-34181745.pdf,moj-judgments-1434-volume-12.pdf,137,144,8,1984222a6d11cded222e677413fd757887e3631873a5d88653bc3589e617dd8f,514848,True
moj-1434-v12-p145-33461612,moj-1434-v12-p145-33461612.pdf,moj-judgments-1434-volume-12.pdf,145,154,10,291a620bd660ec90085e0d5657f5fb757d54cefb296afb6aae2db7c52a5599bf,515569,True
moj-1434-v12-p155-34166698,moj-1434-v12-p155-34166698.pdf,moj-judgments-1434-volume-12.pdf,155,159,5,9bc5b6991703965bfe59bd8f73206cc36518baadb5e93c11396c4c43b72ce19c,489626,True
moj-1434-v12-p160-33467099,moj-1434-v12-p160-33467099.pdf,moj-judgments-1434-volume-12.pdf,160,169,10,e8742209ffa36c3d4cdb74863a48696c03f415a7e97209c44db68232fca4eb8b,506022,True
moj-1434-v12-p170-33473430,moj-1434-v12-p170-33473430.pdf,moj-judgments-1434-volume-12.pdf,170,174,5,eb52bf905437ef4004b847224c973ad8b2cb149e16630fb6ca2c80c0dd6f863c,503697,True
moj-1434-v12-p175-34166629,moj-1434-v12-p175-34166629.pdf,moj-judgments-1434-volume-12.pdf,175,180,6,6fe6ce20a28d9c96687428fa5a2c3b6b0d9fb7cdfa69bc182756523f92918bda,501754,True
moj-1434-v12-p181-3419050,moj-1434-v12-p181-3419050.pdf,moj-judgments-1434-volume-12.pdf,181,185,5,e9faaac897db7c83b7669e2cbb5b21fa9d8a84b4ae13424f4ef692ec698bc452,491436,True
moj-1434-v12-p186-34207900,moj-1434-v12-p186-34207900.pdf,moj-judgments-1434-volume-12.pdf,186,189,4,c1ebfc8f0ede503ca3aa068eb387a1184ea5c2a78417b9c65a74da9c3bb3b240,484928,True
moj-1434-v12-p190-34250214,moj-1434-v12-p190-34250214.pdf,moj-judgments-1434-volume-12.pdf,190,196,7,ce3aa603730d8e7728a94fc719d5154f8e55012a70549e54ce3dc112b905282d,512709,True
moj-1434-v12-p197-34167121,moj-1434-v12-p197-34167121.pdf,moj-judgments-1434-volume-12.pdf,197,203,7,083a9cc12d9f97c970b35f22c7d98efda59e947cd389556fb7f413e1f0a6b53f,491017,True
moj-1434-v12-p204-34172149,moj-1434-v12-p204-34172149.pdf,moj-judgments-1434-volume-12.pdf,204,207,4,725374a7b8bcf98bf750136e5c40ac84c1d21cdb0719f23c23608744f9aa3817,492805,True
moj-1434-v12-p208-33462627,moj-1434-v12-p208-33462627.pdf,moj-judgments-1434-volume-12.pdf,208,211,4,a756e97f4202517aadc2e36c5213b2e29a6c3b51f9e17394217bc9955f2dd851,493944,True
moj-1434-v12-p212-34270475,moj-1434-v12-p212-34270475.pdf,moj-judgments-1434-volume-12.pdf,212,218,7,f4008a11e827c450e1d0beba3870a2a44f35fae701db227f7d74b9799a191654,514628,True
moj-1434-v12-p219-34266103,moj-1434-v12-p219-34266103.pdf,moj-judgments-1434-volume-12.pdf,219,223,5,92bb08bda55bbb446f46fd16c90770f9b37870456a07d13502f27119dd4eb946,484205,True
moj-1434-v12-p224-34183664,moj-1434-v12-p224-34183664.pdf,moj-judgments-1434-volume-12.pdf,224,229,6,9326922506bbee57365f196f963c135cd6641b7b4dfd49b62b041868d9343bb2,496496,True
moj-1434-v12-p230-34343086,moj-1434-v12-p230-34343086.pdf,moj-judgments-1434-volume-12.pdf,230,236,7,0499999221089e2aa4f7b283ebc5b776951358f6fdb04d618692804db97b8528,507199,True
moj-1434-v12-p237-34283903,moj-1434-v12-p237-34283903.pdf,moj-judgments-1434-volume-12.pdf,237,244,8,5bc0683643b10f406e7033c9221db5931fba8cc41c0be9ae2e17035eea7dc074,508686,True
moj-1434-v12-p245-34171996,moj-1434-v12-p245-34171996.pdf,moj-judgments-1434-volume-12.pdf,245,251,7,84a6da43bb1c642e150ed0f7b31390973764f785f453263d41ef7217a17c0034,494983,True
moj-1434-v12-p252-34177730,moj-1434-v12-p252-34177730.pdf,moj-judgments-1434-volume-12.pdf,252,258,7,520bfbae28d16272631e3b58b0ae45f94bf8b28e0c9c4a3645cef532495e5e9f,512470,True
moj-1434-v12-p259-34185311,moj-1434-v12-p259-34185311.pdf,moj-judgments-1434-volume-12.pdf,259,263,5,25cab8409c186107052ae174922426dad878aa4ff3d1f01ea1c66cdaadd20812,486041,True
moj-1434-v12-p264-34194787,moj-1434-v12-p264-34194787.pdf,moj-judgments-1434-volume-12.pdf,264,271,8,a7057261fe706bae43725e8bd1b3857d233a977cf67f46f3b5ad5f13d8e14a0e,501679,True
moj-1434-v12-p272-34199029,moj-1434-v12-p272-34199029.pdf,moj-judgments-1434-volume-12.pdf,272,279,8,6736875daa9efa7728f876ecb63ec166e1a2748c2a10c7b43912a40126345543,501871,True
moj-1434-v12-p280-34209196,moj-1434-v12-p280-34209196.pdf,moj-judgments-1434-volume-12.pdf,280,286,7,3783214bfaf97a4b7918618bdb34745ec302fb58e8569d2637e02bf7c0d1d008,502076,True
moj-1434-v12-p287-34243280,moj-1434-v12-p287-34243280.pdf,moj-judgments-1434-volume-12.pdf,287,292,6,fd4820cc5453c581690c5b3f5501234a48ec8a1436ec89d19c23013f2e3dd0be,501994,True
moj-1434-v12-p293-34263198,moj-1434-v12-p293-34263198.pdf,moj-judgments-1434-volume-12.pdf,293,298,6,d48d5dd9884395101336dbef06edb98213d856c9c92399a1de3f5c90faf44805,493391,True
moj-1434-v12-p299-34268722,moj-1434-v12-p299-34268722.pdf,moj-judgments-1434-volume-12.pdf,299,311,13,1aa88a856f4cec164d2e0b9f1b2a7dea865f1a1f6b0fca1073f1d595482fe9d6,514407,True
moj-1434-v12-p312-34295759,moj-1434-v12-p312-34295759.pdf,moj-judgments-1434-volume-12.pdf,312,319,8,d307b14db9fcdff459f63d90b763588d99ce48ea0955a9f8692a7363604b3cfe,498788,True
moj-1434-v12-p320-34302883,moj-1434-v12-p320-34302883.pdf,moj-judgments-1434-volume-12.pdf,320,328,9,24254497d158a6d8bd7f9782bde75416f4d5040fc2f42efa5e7369ef1e6e4ff2,514802,True
moj-1434-v12-p329-34222949,moj-1434-v12-p329-34222949.pdf,moj-judgments-1434-volume-12.pdf,329,336,8,b938f02138c58e843259a39d5dd06ffd8027545b5f7a08632378d9f30e30f401,1273604,True
moj-1434-v12-p337-34352237,moj-1434-v12-p337-34352237.pdf,moj-judgments-1434-volume-12.pdf,337,344,8,5f3b0fdadfc8ee44a3829acaf63784c1f6cc2160cc90176a9320eb7260d82069,1259022,True
moj-1434-v12-p345-3462374,moj-1434-v12-p345-3462374.pdf,moj-judgments-1434-volume-12.pdf,345,352,8,c177a83ceb80b633a943cc9bb560c530e57a80c55f69df7c8139553dc1210396,1261195,True
moj-1434-v12-p353-34167752,moj-1434-v12-p353-34167752.pdf,moj-judgments-1434-volume-12.pdf,353,357,5,e2adc0f897f4bfad0d226f62c636c9e83a6cba5f59cf27efee83fb85f9db4210,485155,True
moj-1434-v12-p358-33675732,moj-1434-v12-p358-33675732.pdf,moj-judgments-1434-volume-12.pdf,358,361,4,470bbe0a1a26f4d6c8ffc96ee92a9ed9adbdfdf4aa3369603c5000ec830e903d,482821,True
moj-1434-v12-p362-34304332,moj-1434-v12-p362-34304332.pdf,moj-judgments-1434-volume-12.pdf,362,365,4,3a192b946fe5ce0e1d68ac4606088930dd6b4ac439750d6b6d747f76b9b06426,484769,True
moj-1434-v12-p366-34346127,moj-1434-v12-p366-34346127.pdf,moj-judgments-1434-volume-12.pdf,366,378,13,ec792d5d121667faf2a3e6e7f39837561663f7f54455090b8a3c6a2683363e24,845430,True
moj-1434-v14-p5-34185137,moj-1434-v14-p5-34185137.pdf,moj-judgments-1434-volume-14.pdf,5,23,19,13679fe97d78a60765c8ca60fdaa269017734d1d93859abb01cda0dd36a6b019,550608,True
moj-1434-v14-p24-34245891,moj-1434-v14-p24-34245891.pdf,moj-judgments-1434-volume-14.pdf,24,28,5,6ad20445c6c6f6ee0df97bed46eb6c7fce730550e5542d3ff63104e4c4199aad,507666,True
moj-1434-v14-p29-3416746,moj-1434-v14-p29-3416746.pdf,moj-judgments-1434-volume-14.pdf,29,38,10,aebe1a4bf4372ae81478d3b861be03c7948e0137928835ee7607496e069878ed,510894,True
moj-1434-v14-p39-34215006,moj-1434-v14-p39-34215006.pdf,moj-judgments-1434-volume-14.pdf,39,44,6,5042f35a90319355a63ad84a60abdb19c1ed0491c5f7fa9d17ff8f384b57dfb0,502757,True
moj-1434-v14-p45-3452286,moj-1434-v14-p45-3452286.pdf,moj-judgments-1434-volume-14.pdf,45,51,7,5c22718b8d1228a98189297306f7f8341cd22d94054eba0e1e51cdf7a23b2cb0,492780,True
moj-1434-v14-p52-33184397,moj-1434-v14-p52-33184397.pdf,moj-judgments-1434-volume-14.pdf,52,59,8,abda9248fb36a35b6a43728a857ad50c4ba3a6d2211a485d0b25c2592a19815d,516023,True
moj-1434-v14-p60-33414920,moj-1434-v14-p60-33414920.pdf,moj-judgments-1434-volume-14.pdf,60,65,6,51197a3319f8ca365b351121bb9c3b6faebb1bb324eee873c559035aff461ac7,507699,True
moj-1434-v14-p66-3410235,moj-1434-v14-p66-3410235.pdf,moj-judgments-1434-volume-14.pdf,66,80,15,e63ce873d139d1d240e71fe343959ea6248d91e370dde3cb8520dc02e35d52cb,1300232,True
moj-1434-v14-p81-34231206,moj-1434-v14-p81-34231206.pdf,moj-judgments-1434-volume-14.pdf,81,88,8,e06588b0108b7581a56c1fd6bc53cb0e3e28c76a929d767e5eb1c287bccab4ab,498941,True
moj-1434-v14-p89-34214049,moj-1434-v14-p89-34214049.pdf,moj-judgments-1434-volume-14.pdf,89,97,9,287148aa98b3f5869fd4004f8edb1022b84690b4edf7064e6f390138040f316d,500389,True
moj-1434-v14-p98-3427561,moj-1434-v14-p98-3427561.pdf,moj-judgments-1434-volume-14.pdf,98,106,9,10e273823b1e25cecd964985e7130724fa7bf63a73c9cdf6992b3dd270de3281,518361,True
moj-1434-v14-p107-34227320,moj-1434-v14-p107-34227320.pdf,moj-judgments-1434-volume-14.pdf,107,112,6,0c76174b0de06abd0da74372de7507c9ddb018b4012f58ece3654427f3623528,503417,True
moj-1434-v14-p113-34190721,moj-1434-v14-p113-34190721.pdf,moj-judgments-1434-volume-14.pdf,113,119,7,da87295a8970ec0973f33e9c8cc03948dde0eab73ee60321af6c8eb9077b3fce,496653,True
moj-1434-v14-p120-34314669,moj-1434-v14-p120-34314669.pdf,moj-judgments-1434-volume-14.pdf,120,127,8,510bc2b6bf2ee5b78a9696dc4792a91d80c259f5ea2e64ab0e9a916817cc89f4,503401,True
moj-1434-v14-p128-341325,moj-1434-v14-p128-341325.pdf,moj-judgments-1434-volume-14.pdf,128,134,7,c86bd79d025fb0e6df722dc87766e7173059cec5ba4ec8e194fcc302e1e2ac13,513911,True
moj-1434-v14-p135-3453084,moj-1434-v14-p135-3453084.pdf,moj-judgments-1434-volume-14.pdf,135,139,5,8c8a09636df6bfab9eabf4684b38b237b88d912ce5fff737e46114d47bd7cb9a,490363,True
moj-1434-v14-p140-34194906,moj-1434-v14-p140-34194906.pdf,moj-judgments-1434-volume-14.pdf,140,150,11,fdc12ff14b6e96accde4ccaaf1942043ba18db7b2ff93389408071050199342d,1271741,True
moj-1434-v14-p151-345654,moj-1434-v14-p151-345654.pdf,moj-judgments-1434-volume-14.pdf,151,155,5,d4ab1bb7b0b7710153071d9921e8dd7b44a189f1a5ffad07681a981c9ab8887f,485895,True
moj-1434-v14-p156-33268227,moj-1434-v14-p156-33268227.pdf,moj-judgments-1434-volume-14.pdf,156,166,11,07dfe73e779eb3d16c547f2e94352e1a24b07091192d0b92ad7c1234e5ade250,523458,True
moj-1434-v14-p167-34248330,moj-1434-v14-p167-34248330.pdf,moj-judgments-1434-volume-14.pdf,167,173,7,262371e00bb107640a7750b3f468ebdfa15fb24d762a0e4a5ff2515b21ee209b,492350,True
moj-1434-v14-p174-33300169,moj-1434-v14-p174-33300169.pdf,moj-judgments-1434-volume-14.pdf,174,180,7,bdabfbce6487ee7a2c1e390418288ff6d379d08d555dbb06ffb36f9418038521,515425,True
moj-1434-v14-p181-33380550,moj-1434-v14-p181-33380550.pdf,moj-judgments-1434-volume-14.pdf,181,211,31,f944a5d2804947eb822115011d4f8532b81b95c7dfe2b78fc3098dcbf32cd982,575035,True
moj-1434-v14-p212-33440269,moj-1434-v14-p212-33440269.pdf,moj-judgments-1434-volume-14.pdf,212,221,10,5e5415367bfbd66e7a386a736976deb618d0ea6ed85eecb1ffccea7431fc6e37,515319,True
moj-1434-v14-p222-33438000,moj-1434-v14-p222-33438000.pdf,moj-judgments-1434-volume-14.pdf,222,227,6,426ac7d9666d8225d49fddbeebafb006c9d1199e71e12813bd8442850adc45f8,505762,True
moj-1434-v14-p228-33446401,moj-1434-v14-p228-33446401.pdf,moj-judgments-1434-volume-14.pdf,228,247,20,2fe55f109bd7f438a784c0d8acf56a327ff4762cb67c9111b6d12e13b9bd356c,546140,True
moj-1434-v14-p248-33466642,moj-1434-v14-p248-33466642.pdf,moj-judgments-1434-volume-14.pdf,248,253,6,b8a027a6b3d65aac28a83ae0842d91fe119cbdf7131e093b1d5a2dfc5a225550,498709,True
moj-1434-v14-p254-34263569,moj-1434-v14-p254-34263569.pdf,moj-judgments-1434-volume-14.pdf,254,259,6,0b4311b999f63b45a8f40cae658efc948f8f84b25199ceb5fe03253cb6983b16,498239,True
moj-1434-v14-p260-34288327,moj-1434-v14-p260-34288327.pdf,moj-judgments-1434-volume-14.pdf,260,270,11,18608d5f8637ccfbf49ed9b8765982f1114702c8e1766e9203df06a494b78c3a,1269467,True
moj-1434-v14-p271-3411182,moj-1434-v14-p271-3411182.pdf,moj-judgments-1434-volume-14.pdf,271,275,5,9b1398413bc593e2917204109e3132523f2068a496282b91189f0f10ced69788,491565,True
moj-1434-v14-p276-3445972,moj-1434-v14-p276-3445972.pdf,moj-judgments-1434-volume-14.pdf,276,289,14,234973bb18d57b5cfed5870da561d4b8f43e58e91c538978f6ce18a5403ac24e,518611,True
moj-1434-v14-p290-34349928,moj-1434-v14-p290-34349928.pdf,moj-judgments-1434-volume-14.pdf,290,293,4,260d219cc09b44d3d417e82123d4de95fda68687fb336d902fcdf5f90e34ddf1,489681,True
moj-1434-v14-p294-34334680,moj-1434-v14-p294-34334680.pdf,moj-judgments-1434-volume-14.pdf,294,300,7,b3edcb864b4774e416fd270482a90d84924ac3331634ca521f9d60f8eb3c2457,1264535,True
moj-1434-v14-p301-3420794,moj-1434-v14-p301-3420794.pdf,moj-judgments-1434-volume-14.pdf,301,306,6,d25963389fe63c4af7a2eef29fa4bb3cc10e53fa4b401b594c9374aad13770ce,505027,True
moj-1434-v14-p307-3412775,moj-1434-v14-p307-3412775.pdf,moj-judgments-1434-volume-14.pdf,307,314,8,e927004383911710b42212f8e736604ac23265f5ecf231c5f8dde2ca82286e4f,502699,True
moj-1434-v14-p315-33299196,moj-1434-v14-p315-33299196.pdf,moj-judgments-1434-volume-14.pdf,315,329,15,f7a3a37cd1c4c2f2abad807f76dbb146e4e409d33c977f5693795895bfd284f2,519130,True
moj-1434-v14-p330-33356003,moj-1434-v14-p330-33356003.pdf,moj-judgments-1434-volume-14.pdf,330,336,7,99efb016d1f08c4244c18dc407249105bfb43897516f04d1defadbcacc8307bf,515795,True
moj-1434-v14-p337-34200178,moj-1434-v14-p337-34200178.pdf,moj-judgments-1434-volume-14.pdf,337,341,5,3490884189ddc0781f140639b173d269af2009ed38319142ff653a095bb5715f,485616,True
moj-1434-v14-p342-34209377,moj-1434-v14-p342-34209377.pdf,moj-judgments-1434-volume-14.pdf,342,351,10,efd58dfca0c3d2a3858ab725efeee1b46d385a9f425d255f5ad1bd57a280e6a4,531705,True
moj-1434-v14-p352-34209411,moj-1434-v14-p352-34209411.pdf,moj-judgments-1434-volume-14.pdf,352,355,4,9b1b8e8cc4f270b85478540700eb254bb7ba4151350e18ac2e9ff5b23a1c0b38,498754,True
moj-1434-v14-p356-34367167,moj-1434-v14-p356-34367167.pdf,moj-judgments-1434-volume-14.pdf,356,359,4,24218eca089021bb6a58a22533b0497c26bf2d4824f073e2e2a888d43b5551fa,502660,True
moj-1434-v14-p360-34253942,moj-1434-v14-p360-34253942.pdf,moj-judgments-1434-volume-14.pdf,360,376,17,7e7b2667b74dcac2d979aef88e9a5cee91f28f8a99d6e5a866a8236754c7a5bf,865897,True
moj-1434-v15-p5-3452447,moj-1434-v15-p5-3452447.pdf,moj-judgments-1434-volume-15.pdf,5,8,4,ffa6fd534b16c2a56b806ad200015256488f935cb4563578048a71ad1ccefc62,492026,True
moj-1434-v15-p9-34186223,moj-1434-v15-p9-34186223.pdf,moj-judgments-1434-volume-15.pdf,9,16,8,73e581fed86f9430c587dad46ce41950b558cd316d034e0f0d082c36227bef68,513621,True
moj-1434-v15-p17-34276758,moj-1434-v15-p17-34276758.pdf,moj-judgments-1434-volume-15.pdf,17,26,10,d3820e0aa3f869b7bbfdadc3a37a7a8cfcee3541c40ff633958cf1551075ad74,1266262,True
moj-1434-v15-p27-3436685,moj-1434-v15-p27-3436685.pdf,moj-judgments-1434-volume-15.pdf,27,31,5,1c67f2274cd2fe891049165ece98b9cb6f98151de898a055bc23ae0e267613ca,484128,True
moj-1434-v15-p32-342288858,moj-1434-v15-p32-342288858.pdf,moj-judgments-1434-volume-15.pdf,32,65,34,5c66a7afcb8d68f70152be10dad7dace31292b5d8dbf210e2f9e9a45fb22b37e,579639,True
moj-1434-v15-p66-33465824,moj-1434-v15-p66-33465824.pdf,moj-judgments-1434-volume-15.pdf,66,70,5,1882a31b5dfb7b7a064c3357eddd6fd289a9ba3b9a71544575cae99518902ec7,503386,True
moj-1434-v15-p71-34285562,moj-1434-v15-p71-34285562.pdf,moj-judgments-1434-volume-15.pdf,71,78,8,f07b908557f9eb292512e686753913bc132919d6453510911271539dd94cd6e1,1251291,True
moj-1434-v15-p79-33481272,moj-1434-v15-p79-33481272.pdf,moj-judgments-1434-volume-15.pdf,79,85,7,07c8bbef00e8e423c3ee963f6c918330647129c7ce4447c98f197c162bef6466,490167,True
moj-1434-v15-p86-3424400,moj-1434-v15-p86-3424400.pdf,moj-judgments-1434-volume-15.pdf,86,91,6,072edb13b5431f6f250bfefee1a80a0f2db1298397814786addefc015a2bf824,492808,True
moj-1434-v15-p92-344926,moj-1434-v15-p92-344926.pdf,moj-judgments-1434-volume-15.pdf,92,98,7,1bc48502eba9beb0ef84a8569ca88b7fd5c6e295213a02893b5de0549486637d,513840,True
moj-1434-v15-p99-34188141,moj-1434-v15-p99-34188141.pdf,moj-judgments-1434-volume-15.pdf,99,102,4,129702619448aecba144eb300f3f313e57f986a2acba91a6303cf9c64831397a,492175,True
moj-1434-v15-p103-34303460,moj-1434-v15-p103-34303460.pdf,moj-judgments-1434-volume-15.pdf,103,107,5,c0dee86f812a12ca0c88da3ce5bb0bad65be04b4559de4c1f2f02e4ba3b4db4e,484516,True
moj-1434-v15-p108-34195303,moj-1434-v15-p108-34195303.pdf,moj-judgments-1434-volume-15.pdf,108,111,4,226d48a518dec1a52fff89192c92ce620007473ccd096ab77c18cd439586773d,493248,True
moj-1434-v15-p112-34218358,moj-1434-v15-p112-34218358.pdf,moj-judgments-1434-volume-15.pdf,112,115,4,8aa8d36c4edda2533fd173b0dcba3e8eface11708a4c66756e932c8433346d88,492902,True
moj-1434-v15-p116-34192316,moj-1434-v15-p116-34192316.pdf,moj-judgments-1434-volume-15.pdf,116,121,6,34dd7e48cb2de72ce014765c01b07d1269003bfa2d63fc10115a9a4b39ac8125,496052,True
moj-1434-v15-p122-34330734,moj-1434-v15-p122-34330734.pdf,moj-judgments-1434-volume-15.pdf,122,129,8,7e5462b93d588757a7f01a58ea65e4473a1835e3367d7505f0b1624a977dc8c4,505077,True
moj-1434-v15-p130-34241950,moj-1434-v15-p130-34241950.pdf,moj-judgments-1434-volume-15.pdf,130,137,8,2bab4804b2bd1d30615ee9693133bed0b8fe673212133d3e7526f9e463fffadf,502970,True
moj-1434-v15-p138-34246414,moj-1434-v15-p138-34246414.pdf,moj-judgments-1434-volume-15.pdf,138,146,9,1c08f0c63d5de4e080bab23ebb7c30d02ad22241e1f9d8fa8cc8fd5b2f4fc4a5,1268446,True
moj-1434-v15-p147-33269759,moj-1434-v15-p147-33269759.pdf,moj-judgments-1434-volume-15.pdf,147,152,6,6aac1ee59827bc9354c3172d7301ddcbcc164592e4f1bbacbe2bb848641b7fed,1245170,True
moj-1434-v15-p153-34176751,moj-1434-v15-p153-34176751.pdf,moj-judgments-1434-volume-15.pdf,153,158,6,85008fde99d9976d1859de6c2b95a28a59cae07ca22503eeeaed020f103a7d9a,497828,True
moj-1434-v15-p159-34222635,moj-1434-v15-p159-34222635.pdf,moj-judgments-1434-volume-15.pdf,159,166,8,c17afd8f8dba393a02b0648afc0a675a69d75d1b52eb1e29fb1cfdec549bce43,506440,True
moj-1434-v15-p167-34300748,moj-1434-v15-p167-34300748.pdf,moj-judgments-1434-volume-15.pdf,167,169,3,fce509764b63efc01e3d62d2af3dc0803c4ad6380d48712a01df37634db02bc0,481120,True
moj-1434-v15-p170-34314511,moj-1434-v15-p170-34314511.pdf,moj-judgments-1434-volume-15.pdf,170,176,7,46a9cdffcb93b86c7406c8c4a37d53f61b046d2046c38920193e87f97ac4cce7,1221700,True
moj-1434-v15-p177-341787359,moj-1434-v15-p177-341787359.pdf,moj-judgments-1434-volume-15.pdf,177,180,4,14bbd30a27f76e6afdb50e13ba64691ba21c1401cd9fdeda32ff5613060c85a6,499467,True
moj-1434-v15-p181-34311083,moj-1434-v15-p181-34311083.pdf,moj-judgments-1434-volume-15.pdf,181,182,2,27d388225df8f20bee2360afdf51abde0f30cd294ba42431040f2c67ce719177,480392,True
moj-1434-v15-p183-34274834,moj-1434-v15-p183-34274834.pdf,moj-judgments-1434-volume-15.pdf,183,187,5,5774e2456cfedfa865fd0efaa80e858169b132d177e923e943edda9455f93ff3,485840,True
moj-1434-v15-p188-3467638,moj-1434-v15-p188-3467638.pdf,moj-judgments-1434-volume-15.pdf,188,195,8,7a4c20e1a17a1a5d32f195ea95959bea2dc28a2fb25e305ed6f81658bc6f7081,507293,True
moj-1434-v15-p196-34408552,moj-1434-v15-p196-34408552.pdf,moj-judgments-1434-volume-15.pdf,196,200,5,fc3ab4bc665d41cab0cb0467a95113265efeabbf6cf388d78108078f9ac17d83,496807,True
moj-1434-v15-p201-34329653,moj-1434-v15-p201-34329653.pdf,moj-judgments-1434-volume-15.pdf,201,208,8,7732bbc825b8d7c8116232077b6558f178602ecf8701428b5a8322840dd6845c,497934,True
moj-1434-v15-p209-33454757,moj-1434-v15-p209-33454757.pdf,moj-judgments-1434-volume-15.pdf,209,212,4,cc52f53d5518f68a0e15adb6d4198b33019a4bebcd6c37c837af7b8a1a2aa58c,489139,True
moj-1434-v15-p213-34233705,moj-1434-v15-p213-34233705.pdf,moj-judgments-1434-volume-15.pdf,213,221,9,0b01c58d4759c668a3b3e8220b40b87cc30a182ef7553f0652f9a9907f29ad03,502100,True
moj-1434-v15-p222-33361564,moj-1434-v15-p222-33361564.pdf,moj-judgments-1434-volume-15.pdf,222,226,5,f2892b131fb1a097a1e2e47d2dc32e0bee4d683c3fc31d1bfddd33a96a763348,496360,True
moj-1434-v15-p227-34168835,moj-1434-v15-p227-34168835.pdf,moj-judgments-1434-volume-15.pdf,227,231,5,6ae19359b23a047c6e7ae78930a337a779fc9929f3deed9f9371f5dc849ad343,485051,True
moj-1434-v15-p232-33470723,moj-1434-v15-p232-33470723.pdf,moj-judgments-1434-volume-15.pdf,232,237,6,184a244663377c68a0243fd1ccb2a58f736bb1644488794b67a35da4002fc331,496197,True
moj-1434-v15-p238-3423764,moj-1434-v15-p238-3423764.pdf,moj-judgments-1434-volume-15.pdf,238,242,5,23416fa43fd5589f366be2268807d4fdbc12329628cbc85b1a5f9c5ee28b3316,495239,True
moj-1434-v15-p243-3427654,moj-1434-v15-p243-3427654.pdf,moj-judgments-1434-volume-15.pdf,243,248,6,679814e0ef063624d635f8bff1ce62d0ebd54df2fd4c405156f31ea180c5a56c,498629,True
moj-1434-v15-p249-33434440,moj-1434-v15-p249-33434440.pdf,moj-judgments-1434-volume-15.pdf,249,252,4,db21cf0e16299e5ebd7ad22abbe31de3481f33421db7b767f527c405cfc9633b,493445,True
moj-1434-v15-p253-34191050,moj-1434-v15-p253-34191050.pdf,moj-judgments-1434-volume-15.pdf,253,260,8,a6b0ce9002bd9904b59058649c6afef1aeb5ba574c809a2597f069d17dea6793,505069,True
moj-1434-v15-p261-34186344,moj-1434-v15-p261-34186344.pdf,moj-judgments-1434-volume-15.pdf,261,267,7,5c0e1d4e04e6a27704f514db677cb4ad1dbd12ddd74bdd164aa316bf979746ee,496574,True
moj-1434-v15-p268-33480435,moj-1434-v15-p268-33480435.pdf,moj-judgments-1434-volume-15.pdf,268,272,5,f50bbf22ec4f273727a33364e6dda8c1e38f83e4040f48fd08f4307e2cf042d2,497253,True
moj-1434-v15-p273-34266049,moj-1434-v15-p273-34266049.pdf,moj-judgments-1434-volume-15.pdf,273,277,5,d5d999d32145e2dad762bc0cab6fda5cb6f0da010fbf72e13aa250e1e2fa0b8f,489101,True
moj-1434-v15-p278-34187322,moj-1434-v15-p278-34187322.pdf,moj-judgments-1434-volume-15.pdf,278,287,10,88e7fa8412de38bdc827eb982d25fd62a360ab794637aad153d3dcf8e7825fc2,506332,True
moj-1434-v15-p288-332141993,moj-1434-v15-p288-332141993.pdf,moj-judgments-1434-volume-15.pdf,288,301,14,af54f4af79912294eb88e0e69fd3a95aff2d81eb9d0e68f5963a0654f464350d,520847,True
moj-1434-v15-p302-34265082,moj-1434-v15-p302-34265082.pdf,moj-judgments-1434-volume-15.pdf,302,307,6,4acc8d0eece72a1e59ca3de2ad7635d90e3f7e7e37895db20c23e711027f4f83,496104,True
moj-1434-v15-p308-34269659,moj-1434-v15-p308-34269659.pdf,moj-judgments-1434-volume-15.pdf,308,311,4,20c83d4ca2a3006aee317d5ce6cc34426866a51697d9a7fae9fe24043f2db878,489534,True
moj-1434-v15-p312-34240791,moj-1434-v15-p312-34240791.pdf,moj-judgments-1434-volume-15.pdf,312,315,4,ee8902aa2a086374701aba403ff8063cf4b9db69151725f09fa5ff526c3599b2,496036,True
moj-1434-v15-p316-34175650,moj-1434-v15-p316-34175650.pdf,moj-judgments-1434-volume-15.pdf,316,318,3,fa9bc561c97a4b91f1d47f5e8d2af68541c41343c3a31ede385f5f5b29998bca,500938,True
moj-1434-v15-p319-3455790,moj-1434-v15-p319-3455790.pdf,moj-judgments-1434-volume-15.pdf,319,322,4,c370cdc567db08b121a11d9a756f83771950937c1e675b34af03ccb687827883,492900,True
moj-1434-v15-p323-34219039,moj-1434-v15-p323-34219039.pdf,moj-judgments-1434-volume-15.pdf,323,325,3,65d8c4aa276d63beab6e261f516ed3345a1c49ead63166295f3b2e5bd4f79ac9,482917,True
moj-1434-v15-p326-34259492,moj-1434-v15-p326-34259492.pdf,moj-judgments-1434-volume-15.pdf,326,329,4,40bdc2867e914a43068fc0ca300b2f48a83475b476d00b9af3ce7f486e1c0243,488128,True
moj-1434-v15-p330-34248488,moj-1434-v15-p330-34248488.pdf,moj-judgments-1434-volume-15.pdf,330,335,6,f080208a213e497a45e9e46af215839f5fa31fd8f19652aea81b0fa019e15b95,496144,True
moj-1434-v15-p336-34281307,moj-1434-v15-p336-34281307.pdf,moj-judgments-1434-volume-15.pdf,336,342,7,b8fd27f9eec61584e45f74fb3239f6e18c922ec9f0c9e851f53adf3c3ca3ffb1,505205,True
moj-1434-v15-p343-34308053,moj-1434-v15-p343-34308053.pdf,moj-judgments-1434-volume-15.pdf,343,346,4,3d0db79535620093275070eac6c5005aebe9650d4fcdd1130d1231fe7dbc42a1,488824,True
moj-1434-v15-p347-34264795,moj-1434-v15-p347-34264795.pdf,moj-judgments-1434-volume-15.pdf,347,350,4,ae11b59558c2da9ac9f7b2096df0c410cf79dcc149a3b63fd4df820db544c6c3,488718,True
moj-1434-v15-p351-34288000,moj-1434-v15-p351-34288000.pdf,moj-judgments-1434-volume-15.pdf,351,354,4,12b99802b5fa48dae60285f955421d60545f9cdb9fcd5adf00c668a380b66ff2,495537,True
moj-1434-v15-p355-34335558,moj-1434-v15-p355-34335558.pdf,moj-judgments-1434-volume-15.pdf,355,358,4,3cf90598ea85a14a4890fbc613d472869a22d70d7a6087749ecf824757399654,484804,True
moj-1434-v15-p359-34359926,moj-1434-v15-p359-34359926.pdf,moj-judgments-1434-volume-15.pdf,359,362,4,530cdb59e708912014cc593c0adc3f6f477151ca0dfbb61aca3937e0f7707203,492502,True
moj-1434-v15-p363-34283087,moj-1434-v15-p363-34283087.pdf,moj-judgments-1434-volume-15.pdf,363,367,5,1f725e7c79fb47a41d06df72b19106355394fd879ea5596ce36897e5a8a98e0b,488225,True
moj-1434-v15-p368-34348135,moj-1434-v15-p368-34348135.pdf,moj-judgments-1434-volume-15.pdf,368,370,3,753dd8faa065f589caff67cbc65ebd52537974752f3b9e7f91042b3ffe0e5df0,498210,True
moj-1434-v15-p371-34290521,moj-1434-v15-p371-34290521.pdf,moj-judgments-1434-volume-15.pdf,371,375,5,7f4cf6e4bc38c0504602dcb733f7f155948715b0ced205344c9b8153804d8a90,488034,True
moj-1434-v15-p376-34349902,moj-1434-v15-p376-34349902.pdf,moj-judgments-1434-volume-15.pdf,376,387,12,b319aaecac2478b830ba2add077d6ddd0a3514757db87b4c1e0ef472b8e3f238,812931,True
moj-1434-v16-p5-34351747,moj-1434-v16-p5-34351747.pdf,moj-judgments-1434-volume-16.pdf,5,9,5,c35d0d6fef77f7c9f38134e101eb62da06d04ed00e7a39731f6663f3f7cb5deb,484021,True
moj-1434-v16-p10-34166404,moj-1434-v16-p10-34166404.pdf,moj-judgments-1434-volume-16.pdf,10,13,4,a440fb6410eeb2d0e19397cef5d76e9b258711c8df815f1d67e36dcbc34ed4b0,483361,True
moj-1434-v16-p14-3418751,moj-1434-v16-p14-3418751.pdf,moj-judgments-1434-volume-16.pdf,14,18,5,3a035dced8df6b57d48de542daf77ece38791d1949a6611ef216235b296dddfd,499576,True
moj-1434-v16-p19-34204097,moj-1434-v16-p19-34204097.pdf,moj-judgments-1434-volume-16.pdf,19,22,4,207deefb90d3b2a9a788c7c1e346dcd85029ec9f388c698ee59b755879f3705a,497706,True
moj-1434-v16-p23-346428,moj-1434-v16-p23-346428.pdf,moj-judgments-1434-volume-16.pdf,23,27,5,539e006cd86107bf045ebab8979826d815883e741f26576187fa774856b48b30,489435,True
moj-1434-v16-p28-3463235,moj-1434-v16-p28-3463235.pdf,moj-judgments-1434-volume-16.pdf,28,33,6,69b15e07300221e404ab2294952ab10f0ba6e927abe077c0af4a04b629440931,499871,True
moj-1434-v16-p34-34188189,moj-1434-v16-p34-34188189.pdf,moj-judgments-1434-volume-16.pdf,34,39,6,394a1db1be83997aae87e596517ff9c4ab5fa5d2349862e6bcf34f0f4b2352ae,499328,True
moj-1434-v16-p40-3441105,moj-1434-v16-p40-3441105.pdf,moj-judgments-1434-volume-16.pdf,40,43,4,16095127e7122fb11d188fd8bcc9789d116597b05fb5892c612b870d317b988a,494234,True
moj-1434-v16-p44-34190599,moj-1434-v16-p44-34190599.pdf,moj-judgments-1434-volume-16.pdf,44,48,5,552ba42dc31c7779e93222f916805d4869d163ee49dee63a941418d39906cf0b,508031,True
moj-1434-v16-p49-3439861,moj-1434-v16-p49-3439861.pdf,moj-judgments-1434-volume-16.pdf,49,54,6,b0e04914e8b58940b08385ccab306ba563dc40a67c3c816d0159e892970cac52,504300,True
moj-1434-v16-p55-34349727,moj-1434-v16-p55-34349727.pdf,moj-judgments-1434-volume-16.pdf,55,60,6,a7ac7bf0b764d33b9729bfe9c256c962a9f7579e781e706101a591f6fd59e482,499759,True
moj-1434-v16-p61-3421215,moj-1434-v16-p61-3421215.pdf,moj-judgments-1434-volume-16.pdf,61,65,5,003112950df8399f7f31516ed3db1d7b070fd30f54d3de1ffe5d4eb23c3fefd7,484176,True
moj-1434-v16-p66-348062,moj-1434-v16-p66-348062.pdf,moj-judgments-1434-volume-16.pdf,66,71,6,c5a40fd2ba75bef211327ed712feb0a5a973766a67f037abd4503332f86c92f4,499389,True
moj-1434-v16-p72-3432398,moj-1434-v16-p72-3432398.pdf,moj-judgments-1434-volume-16.pdf,72,78,7,b46163d6160620f63e4fe077f38f8ba99f5bcf10ed376e53f996fa2855fde836,512489,True
moj-1434-v16-p79-34254416,moj-1434-v16-p79-34254416.pdf,moj-judgments-1434-volume-16.pdf,79,82,4,736a66d06c48626e14ae085859b07e3076a5c8f122fb31f58b644a3b65e9d888,494028,True
moj-1434-v16-p83-33471037,moj-1434-v16-p83-33471037.pdf,moj-judgments-1434-volume-16.pdf,83,91,9,45713d31e27052aa81fd671ce287e2a8585ab0cefe53804851906cc7b7ecb935,497889,True
moj-1434-v16-p92-3457183,moj-1434-v16-p92-3457183.pdf,moj-judgments-1434-volume-16.pdf,92,99,8,70258bdbfd0d2cf73ee64fd9b40d0d2ce5c4f978fb69b6a962513e5b162bd257,493749,True
moj-1434-v16-p100-3442764,moj-1434-v16-p100-3442764.pdf,moj-judgments-1434-volume-16.pdf,100,109,10,4904f1b51a0c367d35f46555b302e931cfa3ddc111d627a7f83189ff85b400fd,505302,True
moj-1434-v16-p110-3447361,moj-1434-v16-p110-3447361.pdf,moj-judgments-1434-volume-16.pdf,110,115,6,94fb814dc776da0482a75da80b49a09899562062ee69213a09c22b22378418ad,491862,True
moj-1434-v16-p116-33455738,moj-1434-v16-p116-33455738.pdf,moj-judgments-1434-volume-16.pdf,116,120,5,d5943d43e77dbde1c85b3137a2c25a891053e2ce1e2b8130ce31846b68663450,496801,True
moj-1434-v16-p121-34177873,moj-1434-v16-p121-34177873.pdf,moj-judgments-1434-volume-16.pdf,121,126,6,a31e56878fa8de7a72a12f95603af41a7d7d028303e27ed8838758546c22745d,500008,True
moj-1434-v16-p127-34189034,moj-1434-v16-p127-34189034.pdf,moj-judgments-1434-volume-16.pdf,127,135,9,e390c0daa8d14896380bb855e40dea04c7e225af5f14315fb1174fd7c5102052,498175,True
moj-1434-v16-p136-34318006,moj-1434-v16-p136-34318006.pdf,moj-judgments-1434-volume-16.pdf,136,140,5,71e1de50c4817315c1300f3eb2066c3f4cd57b21b9da9a1e21020b8359fdeecd,497470,True
moj-1434-v16-p141-34365153,moj-1434-v16-p141-34365153.pdf,moj-judgments-1434-volume-16.pdf,141,145,5,c6b97cbf09f22fc0590d8e0b73bd21f91ecc4d52f183f171a41b9a840623631d,486300,True
moj-1434-v16-p146-3418756,moj-1434-v16-p146-3418756.pdf,moj-judgments-1434-volume-16.pdf,146,150,5,b7e4cc343e6ea55cd3927a492d8a48f08623e43358a757f354bc3ef16fcc07fc,511579,True
moj-1434-v16-p151-33468786,moj-1434-v16-p151-33468786.pdf,moj-judgments-1434-volume-16.pdf,151,156,6,23b0e31999f6852c02e633f64202a09935f5880a2bb38145b8c704aaa94a5617,498791,True
moj-1434-v16-p157-34211904,moj-1434-v16-p157-34211904.pdf,moj-judgments-1434-volume-16.pdf,157,160,4,0bfab96c3a3c71689a1de561c0c4e2a06a5f69fdd30480765dabe5168bbbcf90,493034,True
moj-1434-v16-p161-3458980,moj-1434-v16-p161-3458980.pdf,moj-judgments-1434-volume-16.pdf,161,166,6,e0afdd986ac10e9c112e8f3ac505edf6355a1280ca07a5dbe5e430c3898565fc,499879,True
moj-1434-v16-p167-3462422,moj-1434-v16-p167-3462422.pdf,moj-judgments-1434-volume-16.pdf,167,170,4,397e36d140ff314ed4c1f7521b903105905c84e80ab3345487c08983a85e15ad,494299,True
moj-1434-v16-p171-34285497,moj-1434-v16-p171-34285497.pdf,moj-judgments-1434-volume-16.pdf,171,175,5,417d5ec33138fe8fc94077126b79da37d7383c4183d57f8ae073a95664e3e238,485201,True
moj-1434-v16-p176-34245564,moj-1434-v16-p176-34245564.pdf,moj-judgments-1434-volume-16.pdf,176,180,5,00dbd024f8a45efea9fb850616e6b51270ded8abc4a18eef0b93e235f21e8fe5,503704,True
moj-1434-v16-p181-34266776,moj-1434-v16-p181-34266776.pdf,moj-judgments-1434-volume-16.pdf,181,185,5,4ad3fb1b1b8905d174667a0cb8b11d7b9974d499f0c21f85d6d6afb7d2fa3bf8,485874,True
moj-1434-v16-p186-34276384,moj-1434-v16-p186-34276384.pdf,moj-judgments-1434-volume-16.pdf,186,191,6,a9148bd921019ebcdea7f0138a7eec1b8fcfa228efd790054e7ba1f096632aef,492634,True
moj-1434-v16-p192-34217683,moj-1434-v16-p192-34217683.pdf,moj-judgments-1434-volume-16.pdf,192,197,6,0ea8d6d5705fc9cf96e80b5c3574756236d21b34a0fa7ae3c5f027f52153e117,491336,True
moj-1434-v16-p198-34231311,moj-1434-v16-p198-34231311.pdf,moj-judgments-1434-volume-16.pdf,198,201,4,f8fecb036c2eb91168565ca9b7254a1a5d223b55f793826c67bfa6a66f1a746e,490624,True
moj-1434-v16-p202-34210183,moj-1434-v16-p202-34210183.pdf,moj-judgments-1434-volume-16.pdf,202,207,6,17dafbf043699bcdfb5369f9c74eb7597865eadda559955e8e88190fd1ed4a62,496281,True
moj-1434-v16-p208-34211876,moj-1434-v16-p208-34211876.pdf,moj-judgments-1434-volume-16.pdf,208,215,8,d3f52ddf96c79abeb04eed5369b64fc9275c0418416d7edef686baac89191c16,500936,True
moj-1434-v16-p216-34370781,moj-1434-v16-p216-34370781.pdf,moj-judgments-1434-volume-16.pdf,216,220,5,9715a448e500a9c48daf6100ad49b48edbb894632ed32806ffe6e15654fcc9bd,504585,True
moj-1434-v16-p221-34294519,moj-1434-v16-p221-34294519.pdf,moj-judgments-1434-volume-16.pdf,221,228,8,c2c80c862d08b38875a02492e83871722365160eb57d3b4dea435a77e9d933a6,507877,True
moj-1434-v16-p229-34233436,moj-1434-v16-p229-34233436.pdf,moj-judgments-1434-volume-16.pdf,229,235,7,b745f230e10783fc7b4e973d8f9f076e1a3da8502eaa95203978fbe4a1a22161,492339,True
moj-1434-v16-p236-34253033,moj-1434-v16-p236-34253033.pdf,moj-judgments-1434-volume-16.pdf,236,244,9,bc342130faa107a06ee4ee41cf0c5512846cd8d915c259ff4b862dd3a2bcb921,512407,True
moj-1434-v16-p245-34263206,moj-1434-v16-p245-34263206.pdf,moj-judgments-1434-volume-16.pdf,245,249,5,a77fe67dc1688807709932a503b241cc869cd9ce8c48517d75b66108409fedd3,488135,True
moj-1434-v16-p250-34326173,moj-1434-v16-p250-34326173.pdf,moj-judgments-1434-volume-16.pdf,250,255,6,47d4cb57f791ad0ab14d125a4068d3173c845afe77e9434ba4c9600bcd8dd48c,503885,True
moj-1434-v16-p256-34262201,moj-1434-v16-p256-34262201.pdf,moj-judgments-1434-volume-16.pdf,256,262,7,7410afeb273469c5042d029cb79b04b53adf14be690004e74467ae2d592cd00a,513105,True
moj-1434-v16-p263-34263461,moj-1434-v16-p263-34263461.pdf,moj-judgments-1434-volume-16.pdf,263,270,8,bd627d04b7293e05aa107320eaba233015196414a56a3a2c6b1778ebbf8318a6,512592,True
moj-1434-v16-p271-34271212,moj-1434-v16-p271-34271212.pdf,moj-judgments-1434-volume-16.pdf,271,276,6,fc10be23e13d3b2e11079a7ddbf73eede9e6320efe9305fe026b40a7bd132c40,499622,True
moj-1434-v16-p277-34332938,moj-1434-v16-p277-34332938.pdf,moj-judgments-1434-volume-16.pdf,277,282,6,67067cce015346c130f7502ad39947bbdfe83e0203855000b2d83448a60e2e4f,509180,True
moj-1434-v16-p283-34363365,moj-1434-v16-p283-34363365.pdf,moj-judgments-1434-volume-16.pdf,283,289,7,6735e40ed308ec8a3f4980e036875b48de18377854e510004ade34bde5d69aa0,497067,True
moj-1434-v16-p290-34332196,moj-1434-v16-p290-34332196.pdf,moj-judgments-1434-volume-16.pdf,290,298,9,9a70c740fe91d07957733a751bc530abf4ca161746d4193fa0a3b29a19661b5c,505422,True
moj-1434-v16-p299-3443649,moj-1434-v16-p299-3443649.pdf,moj-judgments-1434-volume-16.pdf,299,306,8,b8dae24e42b6adae8f8baafd020c9514e5eddecaa781854ed7f3fb0c40183053,1258582,True
moj-1434-v16-p307-34202301,moj-1434-v16-p307-34202301.pdf,moj-judgments-1434-volume-16.pdf,307,314,8,bf215b4788a52b6dee3db18f748291fa5ec123b384754f814adadd4d121ea4b3,506743,True
moj-1434-v16-p315-34221250,moj-1434-v16-p315-34221250.pdf,moj-judgments-1434-volume-16.pdf,315,325,11,3ad6a92415aa1c9a0f085e8081d9620354b85a7c5207f4a4aae4c9d44cf0e494,518874,True
moj-1434-v16-p326-34286877,moj-1434-v16-p326-34286877.pdf,moj-judgments-1434-volume-16.pdf,326,331,6,1f9aa6cd3be78b7c8e9f1ca89e284cd44b11c4a75726a01054f2bab9e3889b13,493614,True
moj-1434-v16-p332-34266037,moj-1434-v16-p332-34266037.pdf,moj-judgments-1434-volume-16.pdf,332,340,9,b2f50a2ef4311f78aa18691dc3dba772b20c2b2463ae1f91f608380ffb595313,1261194,True
moj-1434-v16-p341-3435983,moj-1434-v16-p341-3435983.pdf,moj-judgments-1434-volume-16.pdf,341,354,14,d1e505625d6809297c19b81c5f2ce48d6daafe48b4993a45682239d154c04b1f,523187,True
moj-1434-v16-p355-3444894,moj-1434-v16-p355-3444894.pdf,moj-judgments-1434-volume-16.pdf,355,359,5,166a13e6c9b07b7aac74643de20c2dbb2ef195293a57d209a767873cdc58ab38,487088,True
moj-1434-v16-p360-34171488,moj-1434-v16-p360-34171488.pdf,moj-judgments-1434-volume-16.pdf,360,365,6,ac102fb60b4fdfa2fee9166868cf20899c9b8a07f94d778c6ac175c67dd6c2bb,487848,True
moj-1434-v16-p366-34175033,moj-1434-v16-p366-34175033.pdf,moj-judgments-1434-volume-16.pdf,366,371,6,f76c4fb7fc72c03798c5ebbb6ba0edbfa8080b2835eca56c6ee6d5f9511ad642,488071,True
moj-1434-v16-p372-34176363,moj-1434-v16-p372-34176363.pdf,moj-judgments-1434-volume-16.pdf,372,376,5,8615a3248713564ad2480c67cb64a31b6f8b4f5b9b1a9af156afca2255e99633,497341,True
moj-1434-v16-p377-34316777,moj-1434-v16-p377-34316777.pdf,moj-judgments-1434-volume-16.pdf,377,383,7,31dd72d14317175e684db58675aa0d9e67f149684fed934d37ea423c374a573c,497624,True
moj-1434-v16-p384-34344352,moj-1434-v16-p384-34344352.pdf,moj-judgments-1434-volume-16.pdf,384,392,9,c171bc56579fb2ef8fe45a91a2b615a7fae9cddd044bcb5630528e85d3224a27,1261234,True
moj-1434-v16-p393-3432016,moj-1434-v16-p393-3432016.pdf,moj-judgments-1434-volume-16.pdf,393,397,5,25d56f604cd0eed89b6a08e529416e6b37c7ec16bf4a6250c89cb1da858dfb09,485986,True
moj-1434-v16-p398-3429911,moj-1434-v16-p398-3429911.pdf,moj-judgments-1434-volume-16.pdf,398,410,13,1a15a8cba021ab972934948b866dfae3f56b8cd1ac0e871197713e66b4eddc59,1283253,True
moj-1434-v16-p411-34280904,moj-1434-v16-p411-34280904.pdf,moj-judgments-1434-volume-16.pdf,411,427,17,7fb67a52d202b102e41cda842069dd291561f46360820bc3b4b1eebc7e9b5275,853830,True
moj-1434-v17-p5-3423184,moj-1434-v17-p5-3423184.pdf,moj-judgments-1434-volume-17.pdf,5,11,7,0051d605e580d157cd73144f438f30ae8ea21a5654287e296357bb3e97e80b2e,492626,True
moj-1434-v17-p12-33237852,moj-1434-v17-p12-33237852.pdf,moj-judgments-1434-volume-17.pdf,12,34,23,3374997874befe34f664412598ce12cf27de59a0f713c1e0a4342ccb3ac58226,552844,True
moj-1434-v17-p35-33345920,moj-1434-v17-p35-33345920.pdf,moj-judgments-1434-volume-17.pdf,35,48,14,c9dfb45415846b48ab92c513ea1837bc6081cf6d70ed721a00dcbf535cfbc753,527068,True
moj-1434-v17-p49-33331714,moj-1434-v17-p49-33331714.pdf,moj-judgments-1434-volume-17.pdf,49,55,7,fc7908002e34aa7465a4028c1aefdc09cbe6a7e551159d2d55a94310ecf9e644,496943,True
moj-1434-v17-p56-3452825,moj-1434-v17-p56-3452825.pdf,moj-judgments-1434-volume-17.pdf,56,69,14,4f9311d523b823e9b83ffa1043be86a73b11f591ecf65d02bcf0bd6cd78c95a7,522429,True
moj-1434-v17-p70-3416899,moj-1434-v17-p70-3416899.pdf,moj-judgments-1434-volume-17.pdf,70,74,5,11544742d2f18629db80fa9c34b558be8287b952c8f7407896d9d995152a80ed,497740,True
moj-1434-v17-p75-3459890,moj-1434-v17-p75-3459890.pdf,moj-judgments-1434-volume-17.pdf,75,82,8,afae31d3abadd39e3a6c4b2b6d42f0eff09d95ccb8d87a1b5a3c055fb8d82ee7,509827,True
moj-1434-v17-p83-33475491,moj-1434-v17-p83-33475491.pdf,moj-judgments-1434-volume-17.pdf,83,87,5,348d799502a870a3fe6e0ca5bfc3c774e9474973713a725acdb369790a2cf630,491602,True
moj-1434-v17-p88-34198977,moj-1434-v17-p88-34198977.pdf,moj-judgments-1434-volume-17.pdf,88,93,6,23bb3856219060e7aa9f865d59ace2021a403c0dfb7599c01ad64ec3cc425f0c,495156,True
moj-1434-v17-p94-34279643,moj-1434-v17-p94-34279643.pdf,moj-judgments-1434-volume-17.pdf,94,105,12,a9bfe30705f62d04778c8a15d2d699e6fc483688cd35e79f126ac238a24eb007,517482,True
moj-1434-v17-p106-34280698,moj-1434-v17-p106-34280698.pdf,moj-judgments-1434-volume-17.pdf,106,114,9,260b1cdc81bbe3dae0a9e6ec0698dfb07b943d0711cba92963968145c98b366a,516477,True
moj-1434-v17-p115-34275215,moj-1434-v17-p115-34275215.pdf,moj-judgments-1434-volume-17.pdf,115,120,6,51bd1ca241a4dd76d5c13d0a195e278856420c4b94f6693a172331722b87d2d6,499390,True
moj-1434-v17-p121-34293408,moj-1434-v17-p121-34293408.pdf,moj-judgments-1434-volume-17.pdf,121,125,5,a4a182b94340e8f6c8cc20ba7a6c2363dc7f308a135c06662be6928fc11591b1,492211,True
moj-1434-v17-p126-34292073,moj-1434-v17-p126-34292073.pdf,moj-judgments-1434-volume-17.pdf,126,130,5,3cd9e4921db4d293d10ac215787b89cc91033c88708fee76ea1437f48c1f6d78,499649,True
moj-1434-v17-p131-34312859,moj-1434-v17-p131-34312859.pdf,moj-judgments-1434-volume-17.pdf,131,138,8,35501c491d36791104f44b8fb26a47fa7b36d11957b1cc78b5ab8ca9dc76d4bb,1269981,True
moj-1434-v17-p139-34209535,moj-1434-v17-p139-34209535.pdf,moj-judgments-1434-volume-17.pdf,139,149,11,b29778366890db71bebf343de78a6dde39635c9c15c6cb0bab45f51eab758f1e,512824,True
moj-1434-v17-p150-3394934,moj-1434-v17-p150-3394934.pdf,moj-judgments-1434-volume-17.pdf,150,159,10,ee815e0202ccc8bc41443b4864ec1c33f9e33679a52304a65495f2f51da9ac52,512466,True
moj-1434-v17-p160-33347139,moj-1434-v17-p160-33347139.pdf,moj-judgments-1434-volume-17.pdf,160,171,12,6e66a45567a757e575499507b70a511164bdc73f6f3e6be29d7a3e34964f0c7c,519027,True
moj-1434-v17-p172-34176202,moj-1434-v17-p172-34176202.pdf,moj-judgments-1434-volume-17.pdf,172,189,18,a5797dd410755aae1a7f6401100665e714c7ebbce11c523b5b52e211195c701e,530116,True
moj-1434-v17-p190-3441850,moj-1434-v17-p190-3441850.pdf,moj-judgments-1434-volume-17.pdf,190,198,9,2e262864c9f6f3db358562b2caadd80bb130e64911d1a6738671a6ca93c98117,516353,True
moj-1434-v17-p199-3381914,moj-1434-v17-p199-3381914.pdf,moj-judgments-1434-volume-17.pdf,199,207,9,914c5234330ffbfb763bcb4a6d75ccb99e6d7357c174994303edcb4a83253d8d,501061,True
moj-1434-v17-p208-34265704,moj-1434-v17-p208-34265704.pdf,moj-judgments-1434-volume-17.pdf,208,213,6,5b107fba5dfac3d0d5dbe9a79ee93066c7d4adcf71407457cdb1c67644e22b97,498862,True
moj-1434-v17-p214-3432371,moj-1434-v17-p214-3432371.pdf,moj-judgments-1434-volume-17.pdf,214,230,17,6493bbbdb911e0f2ceabf6f8d775d4fea65b10d3428f04a8abf6fa3561d3502d,544234,True
moj-1434-v17-p231-33297549,moj-1434-v17-p231-33297549.pdf,moj-judgments-1434-volume-17.pdf,231,248,18,a4ad5df431cb920570b553143f60f41abfc740684258ac760aec7a71742d9202,541153,True
moj-1434-v17-p249-347121,moj-1434-v17-p249-347121.pdf,moj-judgments-1434-volume-17.pdf,249,257,9,3e33af73c0a5ce1b22011cd00a379c42f5817f974585954c952fe43056186d8a,504187,True
moj-1434-v17-p258-3444750,moj-1434-v17-p258-3444750.pdf,moj-judgments-1434-volume-17.pdf,258,265,8,00009e529c78957a64a55be1b07ec3b3e95b46093405266bbbbb907454d10467,508096,True
moj-1434-v17-p266-34248603,moj-1434-v17-p266-34248603.pdf,moj-judgments-1434-volume-17.pdf,266,279,14,34796ba2b12374721881be72116528bfcc39d76413ee71d8ee41876896c8f088,522734,True
moj-1434-v17-p280-443813,moj-1434-v17-p280-443813.pdf,moj-judgments-1434-volume-17.pdf,280,287,8,f476f242f9c23c674d3e25758f47a4186a5134720798dff6493711bf8bec19e4,511617,True
moj-1434-v17-p288-3465016,moj-1434-v17-p288-3465016.pdf,moj-judgments-1434-volume-17.pdf,288,298,11,fbbcbb8411aee8d9cc73f4c3ea1676ada9a1a0553840f3aa1a521dfb246fda40,535042,True
moj-1434-v17-p299-3416879,moj-1434-v17-p299-3416879.pdf,moj-judgments-1434-volume-17.pdf,299,308,10,60a486c11c62ebc24ecc788424159067da2e887a45aebd4be9717733aa22281e,518957,True
moj-1434-v17-p309-3459136,moj-1434-v17-p309-3459136.pdf,moj-judgments-1434-volume-17.pdf,309,327,19,34ecdb620c3f6b031b83fa2236515be7642b83b805055480dcf026098ac5213d,532895,True
moj-1434-v17-p328-3459075,moj-1434-v17-p328-3459075.pdf,moj-judgments-1434-volume-17.pdf,328,345,18,3c762f954ff73f04d10dcc0de4075e89c3c8626f8a97485f481caa34fb8ca5cc,545764,True
moj-1434-v17-p346-33473663,moj-1434-v17-p346-33473663.pdf,moj-judgments-1434-volume-17.pdf,346,354,9,d8b43cdf098fbf606ee5db3c7ad450e8695801ea5a09c8b70a6ce6f54012ac27,526871,True
moj-1434-v17-p355-3427615,moj-1434-v17-p355-3427615.pdf,moj-judgments-1434-volume-17.pdf,355,362,8,096cec1cf2c1a5228acb78f8cafb75e2fe25115a8324bce5f03754e63e7e820c,508596,True
moj-1434-v17-p363-3430850,moj-1434-v17-p363-3430850.pdf,moj-judgments-1434-volume-17.pdf,363,374,12,372ea187b84d0e21ba8268db8926c3f7ecffbd7b124ecba98859f95906c67870,520502,True
moj-1434-v17-p375-3422247,moj-1434-v17-p375-3422247.pdf,moj-judgments-1434-volume-17.pdf,375,382,8,272934dfcf5fd8a13820bd9820f94be0a69fa05c645e77b1d27170ac939fb197,510938,True
moj-1434-v17-p383-3432281,moj-1434-v17-p383-3432281.pdf,moj-judgments-1434-volume-17.pdf,383,388,6,95154e9e0464570e2c4e983ee21164171a571201ab09970f1661d4d783e002f0,502647,True
moj-1434-v17-p389-3432301,moj-1434-v17-p389-3432301.pdf,moj-judgments-1434-volume-17.pdf,389,394,6,f398365df69fc3cd813af95145f2a02200f5f760c81721bb02889d5b2df23b86,505844,True
moj-1434-v17-p395-3432242,moj-1434-v17-p395-3432242.pdf,moj-judgments-1434-volume-17.pdf,395,400,6,e532a60e2182a1182aa1f1d4963c15d675f158879e649f1da83ea88296edda91,504272,True
moj-1434-v17-p401-3425509,moj-1434-v17-p401-3425509.pdf,moj-judgments-1434-volume-17.pdf,401,407,7,560304650013ea55da09bc02cd64a625253a5bb291f8656b0b137333536a2b7f,494398,True
moj-1434-v17-p408-3428687,moj-1434-v17-p408-3428687.pdf,moj-judgments-1434-volume-17.pdf,408,411,4,4fbe5c95d822f33f25fe84c4ba020baa1d5f59c9c72f4d145ccd853208174633,489316,True
moj-1434-v17-p412-34186346,moj-1434-v17-p412-34186346.pdf,moj-judgments-1434-volume-17.pdf,412,418,7,96d0eca9c5414f17e8cdb2d15602cbc753257e8a13f64979de1e57af246081fb,513445,True
moj-1434-v17-p419-3435641,moj-1434-v17-p419-3435641.pdf,moj-judgments-1434-volume-17.pdf,419,424,6,823b52af137368b2c153b47f224f7567412c7eb2dcfd273e5fa01e8d05f62645,495531,True
moj-1434-v17-p425-3457461,moj-1434-v17-p425-3457461.pdf,moj-judgments-1434-volume-17.pdf,425,436,12,346d18d88a19a59f64e41c5d734d5e506ec8ed5b4d6eb59f54e8040c4f51d135,512756,True
moj-1434-v17-p437-34246749,moj-1434-v17-p437-34246749.pdf,moj-judgments-1434-volume-17.pdf,437,451,15,c241d16861c98399db0be6e10f4e05776485d62eefc7d5022efdba6c1796a1d2,527344,True
moj-1434-v17-p452-3430461,moj-1434-v17-p452-3430461.pdf,moj-judgments-1434-volume-17.pdf,452,458,7,6bf4c00edc4106b66a5299011a798626710286980adf9e8aef6bc3956b014831,512287,True
moj-1434-v17-p459-34246874,moj-1434-v17-p459-34246874.pdf,moj-judgments-1434-volume-17.pdf,459,471,13,acc36293f9e0a7513916dfc56b6bcca6a049c26426dfc7b7c8a5bda45de024de,515589,True
moj-1434-v17-p472-3433174,moj-1434-v17-p472-3433174.pdf,moj-judgments-1434-volume-17.pdf,472,477,6,a198f3165a6372015b8a8dbfa372495951516789946a33e41d43668b3a13b1bd,506713,True
moj-1434-v17-p478-34172873,moj-1434-v17-p478-34172873.pdf,moj-judgments-1434-volume-17.pdf,478,484,7,13c69d51c2488549316f9e7e3cfd3fd5fb2775521935895e2967bdc5c62dce5a,515385,True
moj-1434-v17-p485-34481568,moj-1434-v17-p485-34481568.pdf,moj-judgments-1434-volume-17.pdf,485,492,8,95dd67e44d03b5f1245b74b3827c675f4caaa50c18d23f145cb593ba8c5018b2,517652,True
moj-1434-v17-p493-34232452,moj-1434-v17-p493-34232452.pdf,moj-judgments-1434-volume-17.pdf,493,512,20,80c9752172a9ab63c7707b6001d1d0b62bc82e115d5dbb0809103c8fbc64d5eb,875281,True
moj-1434-v18-p5-34179143,moj-1434-v18-p5-34179143.pdf,moj-judgments-1434-volume-18.pdf,5,14,10,49ecf884affba8ac755cae2a6f2121e6f3fa08dd49d1929d389476c2f863322b,512965,True
moj-1434-v18-p15-3382924,moj-1434-v18-p15-3382924.pdf,moj-judgments-1434-volume-18.pdf,15,27,13,84a060440e432fc06dcabb7d20c8a94831c21f1672a01b88986a9d423f549089,517828,True
moj-1434-v18-p28-33358951,moj-1434-v18-p28-33358951.pdf,moj-judgments-1434-volume-18.pdf,28,41,14,4390ca5f414fa04600736a31b5dba0669c39b507d84aa6c5d50ba54569004481,556603,True
moj-1434-v18-p42-33398313,moj-1434-v18-p42-33398313.pdf,moj-judgments-1434-volume-18.pdf,42,49,8,ee30c00a53b54533bba82ba36cdf15b4f1acfbb58b5851f1d74f0f35a14bbe34,510321,True
moj-1434-v18-p50-33297215,moj-1434-v18-p50-33297215.pdf,moj-judgments-1434-volume-18.pdf,50,67,18,7c996336c48091ee63768d6554cbf4e3823cbcec9885a3ef7d923e0a7fcf9019,538691,True
moj-1434-v18-p68-33348226,moj-1434-v18-p68-33348226.pdf,moj-judgments-1434-volume-18.pdf,68,80,13,462cfdfec5fda97066132515e6ce25de8982e5fbd235dba78a11e1ef83670ca9,537740,True
moj-1434-v18-p81-33335630,moj-1434-v18-p81-33335630.pdf,moj-judgments-1434-volume-18.pdf,81,94,14,fc7a69cbc86370466db9b28f7e26bb9ea7814db80bd2d91347bfe1eef3da5bd9,527000,True
moj-1434-v18-p95-33450333,moj-1434-v18-p95-33450333.pdf,moj-judgments-1434-volume-18.pdf,95,113,19,0df4179a6bd4fb3dfc4061ce36946106cccf1febf18ae4b0bf554ea4caf129c8,543752,True
moj-1434-v18-p114-33431140,moj-1434-v18-p114-33431140.pdf,moj-judgments-1434-volume-18.pdf,114,130,17,5bf42f0a8cb2578ccab2d214cb1f8cb87b8f6e0b6d2f77c4f6269fb20f15e6bc,548293,True
moj-1434-v18-p131-33302883,moj-1434-v18-p131-33302883.pdf,moj-judgments-1434-volume-18.pdf,131,138,8,8ac164ebcfd9a2dfdc6d4fd05668028b631c970847b3584f0085e6a733af0781,505416,True
moj-1434-v18-p139-33260798,moj-1434-v18-p139-33260798.pdf,moj-judgments-1434-volume-18.pdf,139,147,9,dbbfffb3dc56bc68e2278b2d5a602a352609b3c7d370faa1b805e6cd2e9de70f,502057,True
moj-1434-v18-p148-33266415,moj-1434-v18-p148-33266415.pdf,moj-judgments-1434-volume-18.pdf,148,156,9,0d9a799175332f8f1503fa46628c6f0844a22d92d63d98fba5f3ef5729084848,525139,True
moj-1434-v18-p157-3432274,moj-1434-v18-p157-3432274.pdf,moj-judgments-1434-volume-18.pdf,157,164,8,33c8476e1334cd28e01b7889d762edf66b2546b2886a1728cca6104ce1d3413d,513571,True
moj-1434-v18-p165-33357665,moj-1434-v18-p165-33357665.pdf,moj-judgments-1434-volume-18.pdf,165,174,10,02de9c44abf3901aade41cbce589da9ab54727a53045e1c70ce7c747f5c63534,514598,True
moj-1434-v18-p175-33410812,moj-1434-v18-p175-33410812.pdf,moj-judgments-1434-volume-18.pdf,175,181,7,626f16aeddb035d8069257a03df9fdc47c3090111b8c94c3fe98ba95a15a72b8,502577,True
moj-1434-v18-p182-33439718,moj-1434-v18-p182-33439718.pdf,moj-judgments-1434-volume-18.pdf,182,192,11,7543130e06956a6589b769f0500347ba9da404c612f4fe4cfed36dccf050564f,521189,True
moj-1434-v18-p193-33361642,moj-1434-v18-p193-33361642.pdf,moj-judgments-1434-volume-18.pdf,193,200,8,52c4346dce73b9bd5b4250a3ff7df4fc07d6c0970c3f1d4efdf7f5d7309f0485,508258,True
moj-1434-v18-p201-33464331,moj-1434-v18-p201-33464331.pdf,moj-judgments-1434-volume-18.pdf,201,207,7,d18a65a91a1b2b09162f82f9ec042d7306e9fd20b77af2ae8990381f442726f1,493504,True
moj-1434-v18-p208-3433171,moj-1434-v18-p208-3433171.pdf,moj-judgments-1434-volume-18.pdf,208,214,7,e08a1358c0983f117a1a1bddefb98dfa88abb4f3c2ebbbdcdc08afe41d2571bd,511680,True
moj-1434-v18-p215-33412318,moj-1434-v18-p215-33412318.pdf,moj-judgments-1434-volume-18.pdf,215,221,7,d02a97b970d63915a14d83b2f5edcdbd1503666e05331e4327d07bd66e8954a7,498389,True
moj-1434-v18-p222-33462509,moj-1434-v18-p222-33462509.pdf,moj-judgments-1434-volume-18.pdf,222,230,9,d19466a691d58cac400961cf5778e8a64b022a5cda41ac73f1491d9ae3eb19c5,522504,True
moj-1434-v18-p231-33483133,moj-1434-v18-p231-33483133.pdf,moj-judgments-1434-volume-18.pdf,231,237,7,2010fbf25d13be1ae71be545ed9957a069d7aa5322d3e6f83f2d9114d7229afc,496835,True
moj-1434-v18-p238-33448152,moj-1434-v18-p238-33448152.pdf,moj-judgments-1434-volume-18.pdf,238,243,6,594d4b39b55f0cc2276e54d265253312b7b608afdea0ad3256022754716ff173,500653,True
moj-1434-v18-p244-33475878,moj-1434-v18-p244-33475878.pdf,moj-judgments-1434-volume-18.pdf,244,254,11,3a042dcd2449e0b76664ed4e3655a26e9c97e23b34ca2dfaa6ae24c3f47d8507,526466,True
moj-1434-v18-p255-34341462,moj-1434-v18-p255-34341462.pdf,moj-judgments-1434-volume-18.pdf,255,268,14,322df7ebba3c701eed463813eef8898e6e121e3697f78282c33b23fe6634379d,521044,True
moj-1434-v18-p269-33444872,moj-1434-v18-p269-33444872.pdf,moj-judgments-1434-volume-18.pdf,269,275,7,2978c7d8d0664762d34e242ac4c2280591a6e8417f8dbbbfc279ea6befc8a4a0,499575,True
moj-1434-v18-p276-34232119,moj-1434-v18-p276-34232119.pdf,moj-judgments-1434-volume-18.pdf,276,280,5,c0d059a5dae845a1ada64a930c4c73a18267c2316cccb81ae012cab90c1beceb,503005,True
moj-1434-v18-p281-341077,moj-1434-v18-p281-341077.pdf,moj-judgments-1434-volume-18.pdf,281,289,9,11576c5764ba9d713c0bc430311e4e0ad52ab8420653399115e27953e6100e87,510513,True
moj-1434-v18-p290-34330070,moj-1434-v18-p290-34330070.pdf,moj-judgments-1434-volume-18.pdf,290,295,6,c6980ef6ee3b73cdf9764a3cdbfec72bb0f493d75e19f33770c2250d84ebce2c,503277,True
moj-1434-v18-p296-3433346,moj-1434-v18-p296-3433346.pdf,moj-judgments-1434-volume-18.pdf,296,301,6,66256b704d83c1fde0110ed94910520e15f01ec6f2a773d0151acdb173446632,501299,True
moj-1434-v18-p302-3460741,moj-1434-v18-p302-3460741.pdf,moj-judgments-1434-volume-18.pdf,302,306,5,bd928bd3ea6438720abc194226ae48fd5a49d7f57752b49c1e833f7bc1b0ec88,499798,True
moj-1434-v18-p307-34171068,moj-1434-v18-p307-34171068.pdf,moj-judgments-1434-volume-18.pdf,307,312,6,eb244344f04098370f52e8fed9411b1db0c1f2d6867db71900576e5139210430,496382,True
moj-1434-v18-p313-34232696,moj-1434-v18-p313-34232696.pdf,moj-judgments-1434-volume-18.pdf,313,319,7,1a33ebc9ede78c44329ceb840be6b05d5c95f9e3b0e9a6d6f875839c154573be,494724,True
moj-1434-v18-p320-34184623,moj-1434-v18-p320-34184623.pdf,moj-judgments-1434-volume-18.pdf,320,326,7,51bbcfbabde00be49e9b99e5103274d0fec2264987915b4ddb1e4f8a53d0ed0a,505780,True
moj-1434-v18-p327-34196192,moj-1434-v18-p327-34196192.pdf,moj-judgments-1434-volume-18.pdf,327,336,10,87cec227453e3cc178aa81e33feb36ae64f7af6b35f2308bf8e9e94d43c58104,518036,True
moj-1434-v18-p337-34215354,moj-1434-v18-p337-34215354.pdf,moj-judgments-1434-volume-18.pdf,337,343,7,574d2c4b9bc6b1327ca3c50b236ec706f111ef532e7818a07c76d36c9d850e89,497408,True
moj-1434-v18-p344-34197957,moj-1434-v18-p344-34197957.pdf,moj-judgments-1434-volume-18.pdf,344,358,15,e1d29dff628cae582cd686c2c8fa2df2d961af5ea241e0bbc88dd0e6f8ea69a6,527573,True
moj-1434-v18-p359-34246013,moj-1434-v18-p359-34246013.pdf,moj-judgments-1434-volume-18.pdf,359,365,7,6ca93f892ab87f9ce27c2dcecb790fe3acd0bf00a69018f0f37faca8595b49f2,494643,True
moj-1434-v18-p366-34197958,moj-1434-v18-p366-34197958.pdf,moj-judgments-1434-volume-18.pdf,366,373,8,40f0d43eab3eb770e5f6705e25839d3de5be8566af64be639208a3df0ac1ec7a,500459,True
moj-1434-v18-p374-34201368,moj-1434-v18-p374-34201368.pdf,moj-judgments-1434-volume-18.pdf,374,382,9,4fb0163aba651b26cd6e61d247aa7842cf9aac05515f66498f277616a0e173a5,508689,True
moj-1434-v18-p383-34194415,moj-1434-v18-p383-34194415.pdf,moj-judgments-1434-volume-18.pdf,383,388,6,154242afad28cca13bc4c54449629182e8b2db468e94f2fe0e42984d9e9008fc,500123,True
moj-1434-v18-p389-34204202,moj-1434-v18-p389-34204202.pdf,moj-judgments-1434-volume-18.pdf,389,397,9,58cbc7c999a3e7aa4b1df8edf30f8872bbe4181f6e043e5eb88bdf42611014b2,504408,True
moj-1434-v18-p398-3425538,moj-1434-v18-p398-3425538.pdf,moj-judgments-1434-volume-18.pdf,398,403,6,17711522b936060b54cc80b079a7ef1b69f4fd8951c7470688efa34e96a28536,493969,True
moj-1434-v18-p404-34207894,moj-1434-v18-p404-34207894.pdf,moj-judgments-1434-volume-18.pdf,404,410,7,66579745c3608a81b1db237bada616a8a20cd3a2717a64e13869900ee0ddbd67,506261,True
moj-1434-v18-p411-34223849,moj-1434-v18-p411-34223849.pdf,moj-judgments-1434-volume-18.pdf,411,417,7,35177fa33e5f9968364c0884231f16e48b94dfd7cf13654faaf697effabd8b07,496193,True
moj-1434-v18-p418-34243861,moj-1434-v18-p418-34243861.pdf,moj-judgments-1434-volume-18.pdf,418,422,5,5a71bf4525380e1521c50ade0e536b1e4e1c586302c0928ec51daaa83a21a51f,499194,True
moj-1434-v18-p423-3427326,moj-1434-v18-p423-3427326.pdf,moj-judgments-1434-volume-18.pdf,423,434,12,0f5ea33d94aee21ff5ddad9d57612f66179bf091d945c301e87ef2f99cbc1216,520961,True
moj-1434-v18-p435-34268398,moj-1434-v18-p435-34268398.pdf,moj-judgments-1434-volume-18.pdf,435,443,9,005a9a0593030c676bcd718a73781c72409aed52bb5584660c9ee5ecdb497dbb,504831,True
moj-1434-v18-p444-34260464,moj-1434-v18-p444-34260464.pdf,moj-judgments-1434-volume-18.pdf,444,448,5,2fa6313fa01d1564ce25ea683fdb8c9bc7e9b1b74bc95784b023b14fc257a229,500510,True
moj-1434-v18-p449-34279956,moj-1434-v18-p449-34279956.pdf,moj-judgments-1434-volume-18.pdf,449,455,7,8205ea9e992a7b7833f0c21857831baf21ebae1a84300d2da4f4e412e0bb16e5,497872,True
moj-1434-v18-p456-34351504,moj-1434-v18-p456-34351504.pdf,moj-judgments-1434-volume-18.pdf,456,466,11,93868348fc44774d0d534918a9fc905c6ef34c6f1d901e891dafc48ec2b6346d,515582,True
moj-1434-v18-p467-34314670,moj-1434-v18-p467-34314670.pdf,moj-judgments-1434-volume-18.pdf,467,481,15,be0f2fa1c1f2e43378accd53104e568986039f8b9ead4dbf90d94ac1625913a4,529779,True
moj-1434-v18-p482-34205167,moj-1434-v18-p482-34205167.pdf,moj-judgments-1434-volume-18.pdf,482,487,6,51b81c1221987a9047235f04dac44900b95b2029f0d96d4e4f91042e86ff1b3e,499257,True
moj-1434-v18-p488-34340849,moj-1434-v18-p488-34340849.pdf,moj-judgments-1434-volume-18.pdf,488,492,5,8f6a43459b78f72fcaa1911093e3a789089af5f3aad7206dce94894e963178ea,500722,True
moj-1434-v18-p493-34368151,moj-1434-v18-p493-34368151.pdf,moj-judgments-1434-volume-18.pdf,493,506,14,76e8a3cbd835f8d601862f74dfcb723e11d26d6c11dcba489de0f76cd56c7ba4,822169,True
moj-1434-v19-p5-3412799,moj-1434-v19-p5-3412799.pdf,moj-judgments-1434-volume-19.pdf,5,8,4,cc01bdd4d215fcbd332ae92d5c6b90e34265636cba4f8cc23ae07046c016ff51,496290,True
moj-1434-v19-p9-34185966,moj-1434-v19-p9-34185966.pdf,moj-judgments-1434-volume-19.pdf,9,15,7,a7861f7be74c840fb4fb26a665cc870f06c039c75cdb0be47396ed0bfb288551,496932,True
moj-1434-v19-p16-342627,moj-1434-v19-p16-342627.pdf,moj-judgments-1434-volume-19.pdf,16,21,6,d4d62b20c08c662bed492d98a26d71534c824c8335012dd0dee864a4632e8e36,489740,True
moj-1434-v19-p22-3412095,moj-1434-v19-p22-3412095.pdf,moj-judgments-1434-volume-19.pdf,22,29,8,669ce5aea6db9125ec2610c2c479e22d16cb1e7826215a540f9039110883d823,496116,True
moj-1434-v19-p30-3435848,moj-1434-v19-p30-3435848.pdf,moj-judgments-1434-volume-19.pdf,30,36,7,34467f99fda740079d953463f636b2649fb7d2402f7540b674253bdad6a82505,506788,True
moj-1434-v19-p37-34377717,moj-1434-v19-p37-34377717.pdf,moj-judgments-1434-volume-19.pdf,37,44,8,10c73a61da5e343e96783f226651cd8dc90f8bddb90eb4d7b1152122332c99c8,510120,True
moj-1434-v19-p45-33123104,moj-1434-v19-p45-33123104.pdf,moj-judgments-1434-volume-19.pdf,45,56,12,e590bc51cdbde725b3c7da9e95826213d16cc59c85023620f21c95864ba5d47b,527527,True
moj-1434-v19-p57-3426395,moj-1434-v19-p57-3426395.pdf,moj-judgments-1434-volume-19.pdf,57,67,11,f89dc08c52dd7412415c558c9f8bf27ca3c0f359232c75b1a5c6a556160d32f9,508958,True
moj-1434-v19-p68-3412393,moj-1434-v19-p68-3412393.pdf,moj-judgments-1434-volume-19.pdf,68,77,10,8b20afff104c9edacbe332c681b042108c4baa786ac883b6befec616cdf0aa81,506557,True
moj-1434-v19-p78-3443176,moj-1434-v19-p78-3443176.pdf,moj-judgments-1434-volume-19.pdf,78,86,9,74371179addefe29bd02b6e32fdba4ff01fd274a58dee6c423f48fd716b919c8,525869,True
moj-1434-v19-p87-34197431,moj-1434-v19-p87-34197431.pdf,moj-judgments-1434-volume-19.pdf,87,91,5,acc6b60775abe98cb05a2b0bfb9b34486ab85edc35f5b81ad695c6f9e6bdd1c0,493786,True
moj-1434-v19-p92-3413958,moj-1434-v19-p92-3413958.pdf,moj-judgments-1434-volume-19.pdf,92,108,17,1b135a84ac0fd724f8815b45a40982a0cb20d3e21cc52aa0f335d0215e74cd8c,547301,True
moj-1434-v19-p109-3417638,moj-1434-v19-p109-3417638.pdf,moj-judgments-1434-volume-19.pdf,109,114,6,0dc2b57881d439eb3d42c95a48fa0e404551fd9be854e14d1383553d2ba1a3fd,500485,True
moj-1434-v19-p115-3430122,moj-1434-v19-p115-3430122.pdf,moj-judgments-1434-volume-19.pdf,115,120,6,4c72ec7fd465ac059bf1c8e986d7e2bc531d2294e6d8280d6375eba51e7e4833,498933,True
moj-1434-v19-p121-3452025,moj-1434-v19-p121-3452025.pdf,moj-judgments-1434-volume-19.pdf,121,130,10,601679c3ccd21e14e70b7257c93b9f1226690611806eebcd3b68bdb1bf64837a,513112,True
moj-1434-v19-p131-3422405,moj-1434-v19-p131-3422405.pdf,moj-judgments-1434-volume-19.pdf,131,137,7,7b2e28697d8dc5aaa9be4bc1dfd6f29c5f184327694f9ecb6dabc95256c8ccf5,494794,True
moj-1434-v19-p138-3430406,moj-1434-v19-p138-3430406.pdf,moj-judgments-1434-volume-19.pdf,138,142,5,1f3a02c3933fe7a330a3723e2a346cd189ee787823e3d0fd879b85b57b5c1dad,506194,True
moj-1434-v19-p143-34343483,moj-1434-v19-p143-34343483.pdf,moj-judgments-1434-volume-19.pdf,143,147,5,307626ee24e505bb3835f361df0e4a2e1913aaea521768ab0a731c37512f383a,487439,True
moj-1434-v19-p148-3436702,moj-1434-v19-p148-3436702.pdf,moj-judgments-1434-volume-19.pdf,148,154,7,8bb7823f728af059175e582ebd9c27eaa2fb227056534111f346aaf63d406eb7,510371,True
moj-1434-v19-p155-3452683,moj-1434-v19-p155-3452683.pdf,moj-judgments-1434-volume-19.pdf,155,166,12,93d6152402ee09e54352c667fc001ce4051b8a63691a0c84efb92999396642c9,525718,True
moj-1434-v19-p167-34168438,moj-1434-v19-p167-34168438.pdf,moj-judgments-1434-volume-19.pdf,167,181,15,7834f9fb4fca36d46d5bfac173b6bf2111c10718298291573c9158749d687f85,533377,True
moj-1434-v19-p182-342030072,moj-1434-v19-p182-342030072.pdf,moj-judgments-1434-volume-19.pdf,182,194,13,4dd6e8ef096d924e5ca27bb63dade18127339e3a357d292d55f09bbd0426bc5c,525515,True
moj-1434-v19-p195-34252576,moj-1434-v19-p195-34252576.pdf,moj-judgments-1434-volume-19.pdf,195,207,13,fb3f8756247f2bc6fc37e529738061bc22e3749d27b2eb10389e544f395f35b7,515002,True
moj-1434-v19-p208-34167139,moj-1434-v19-p208-34167139.pdf,moj-judgments-1434-volume-19.pdf,208,213,6,b18e0c4195d8394cb341f148a61e6b1d18a3c5d5ebdc7827205f603e45687e2b,504188,True
moj-1434-v19-p214-34184286,moj-1434-v19-p214-34184286.pdf,moj-judgments-1434-volume-19.pdf,214,220,7,ddd23d827516d5ccd5c94421b5558a279fc25cc8a521a9ece84800171f0fb9b4,518833,True
moj-1434-v19-p221-34173841,moj-1434-v19-p221-34173841.pdf,moj-judgments-1434-volume-19.pdf,221,226,6,5804e62756e74a63b9fa4bd7c6a23331a4d4f7383eaa0b8e85e40f7cbdf3b3e1,502206,True
moj-1434-v19-p227-3422718,moj-1434-v19-p227-3422718.pdf,moj-judgments-1434-volume-19.pdf,227,231,5,8cf5fd102295998f48330fc15ccbc0d610ad4197aaf9c9f6f6994cc19f4d87d4,485775,True
moj-1434-v19-p232-343884,moj-1434-v19-p232-343884.pdf,moj-judgments-1434-volume-19.pdf,232,239,8,abe365c18038add9ec2b892317fbf7838e31c2aa6432ed0b8d78c33bb1f94498,512402,True
moj-1434-v19-p240-34272983,moj-1434-v19-p240-34272983.pdf,moj-judgments-1434-volume-19.pdf,240,259,20,90ef644ad77caf1fa0ff91e9b56ab399daec8bdad6ae62d1943c327dd61b8e95,564681,True
moj-1434-v19-p260-33292678,moj-1434-v19-p260-33292678.pdf,moj-judgments-1434-volume-19.pdf,260,273,14,0dc19228c08be0a32a7bce20ac3422a0689b8280a4b0c2e482cb5d96801d5de3,530720,True
moj-1434-v19-p274-34310422,moj-1434-v19-p274-34310422.pdf,moj-judgments-1434-volume-19.pdf,274,279,6,fb4bd379b1d5a9349feb85be78b384a3f55a23bb7a068f35c6803e761a45067b,507117,True
moj-1434-v19-p280-33366603,moj-1434-v19-p280-33366603.pdf,moj-judgments-1434-volume-19.pdf,280,286,7,870c0c5f8679fbe6fcb7e918addcc3c6a6a49ed5b94492a712c5af3e11fa83d1,516686,True
moj-1434-v19-p287-33275897,moj-1434-v19-p287-33275897.pdf,moj-judgments-1434-volume-19.pdf,287,294,8,3c3a43d923089fa77ac338dced9735cd9cb29c8a1a64e0944740ad63ece559af,508617,True
moj-1434-v19-p295-33314559,moj-1434-v19-p295-33314559.pdf,moj-judgments-1434-volume-19.pdf,295,323,29,e4fe75355785741835e5d6097bbe25a4bc765e9214755f3fc85569d92ee614c9,581736,True
moj-1434-v19-p324-33374012,moj-1434-v19-p324-33374012.pdf,moj-judgments-1434-volume-19.pdf,324,339,16,9df007e184618a5e6d5255635907b4fdc8586794e1b23c5412b77188c77373fe,830658,True
moj-1434-v20-p5-33337850,moj-1434-v20-p5-33337850.pdf,moj-judgments-1434-volume-20.pdf,5,12,8,f32b7637ab3ef78249719479482bed235b0976359786cb0dbfd17ea4a396b210,506207,True
moj-1434-v20-p13-33354788,moj-1434-v20-p13-33354788.pdf,moj-judgments-1434-volume-20.pdf,13,24,12,49ce0569da264600d8f3b4f6985d8b0e308045da43f5328ca057c8fa31cb55a0,517468,True
moj-1434-v20-p25-33339772,moj-1434-v20-p25-33339772.pdf,moj-judgments-1434-volume-20.pdf,25,34,10,e7a5c98d33aea16a9375ca6271bf1767beec3572c74d5ecee6b766df0e3d5fe1,511858,True
moj-1434-v20-p35-33445090,moj-1434-v20-p35-33445090.pdf,moj-judgments-1434-volume-20.pdf,35,39,5,7729ab1ecf9a220da884a37a943e58e500e1cd7efa8806d6b3d7bb5cf0cb1807,486242,True
moj-1434-v20-p40-3458629,moj-1434-v20-p40-3458629.pdf,moj-judgments-1434-volume-20.pdf,40,48,9,30e85c65a2c668cc20d49e518fd09d368ee9c86ff484ab550f1c0cd3e35ee6ad,515914,True
moj-1434-v20-p49-33341688,moj-1434-v20-p49-33341688.pdf,moj-judgments-1434-volume-20.pdf,49,56,8,c8cd5a43e4bf9fa9c9c0f25dcc6910a184677fbf4735bbf242bd2c6cbfc5e871,503460,True
moj-1434-v20-p57-33321801,moj-1434-v20-p57-33321801.pdf,moj-judgments-1434-volume-20.pdf,57,62,6,5344fe4145742e580fdd48337d48ae487c85b8d4bcf089c3acaecabd69036f7e,499845,True
moj-1434-v20-p63-33447648,moj-1434-v20-p63-33447648.pdf,moj-judgments-1434-volume-20.pdf,63,68,6,348bbd886eb494644f58ca524720432542ac7560c83c57e5a37c62e44f4e9927,494421,True
moj-1434-v20-p69-3461349,moj-1434-v20-p69-3461349.pdf,moj-judgments-1434-volume-20.pdf,69,76,8,974e2e9dc11e016d877356f0d7320f54862f2d4f734c9221cc4b685a27696c15,506218,True
moj-1434-v20-p77-3420010,moj-1434-v20-p77-3420010.pdf,moj-judgments-1434-volume-20.pdf,77,86,10,863986cda8899c1b5c6096d3a3be064784acbe11f157b60ff92dff10e4aa19df,515315,True
moj-1434-v20-p87-3452993,moj-1434-v20-p87-3452993.pdf,moj-judgments-1434-volume-20.pdf,87,95,9,2be24be55fb317e585a0bccfa7a5a2d10b72d91407b956c0064aba73d1394032,502188,True
moj-1434-v20-p96-33388788,moj-1434-v20-p96-33388788.pdf,moj-judgments-1434-volume-20.pdf,96,113,18,e18b76fbed03e2c6290f37776029f28ed10ca9b59e8313deeea60cb0c726689e,538640,True
moj-1434-v20-p114-33409886,moj-1434-v20-p114-33409886.pdf,moj-judgments-1434-volume-20.pdf,114,122,9,32cfa5dd0e737154e786a076ee984a91461cb6788fe4c95e712c13e699d93754,521575,True
moj-1434-v20-p123-33381189,moj-1434-v20-p123-33381189.pdf,moj-judgments-1434-volume-20.pdf,123,133,11,e9a135d32bf3fdf0f97823a71c11774e09058f5f4a30ee30e38bb35d74eccea5,506844,True
moj-1434-v20-p134-3412610,moj-1434-v20-p134-3412610.pdf,moj-judgments-1434-volume-20.pdf,134,148,15,6bbcd6741dcaf6e90ea5d1fde26d00567d93814afe16173bbedbeb9b7ae99fb1,535861,True
moj-1434-v20-p149-34176897,moj-1434-v20-p149-34176897.pdf,moj-judgments-1434-volume-20.pdf,149,157,9,407981434ef9f76f8bef5818cc8be7f068e0b09dbdc0c6a2e984dce728d5469d,503115,True
moj-1434-v20-p158-33482733,moj-1434-v20-p158-33482733.pdf,moj-judgments-1434-volume-20.pdf,158,163,6,367aa8eb23258a7d2b174bdedf1b7eb56de100ce139bf43ddebeca884d62cc55,492708,True
moj-1434-v20-p164-34260118,moj-1434-v20-p164-34260118.pdf,moj-judgments-1434-volume-20.pdf,164,170,7,f583f0766bef5db646e86fc5494f2dad67c6e95e088e3b746d65edb3cf54014a,501904,True
moj-1434-v20-p171-33399240,moj-1434-v20-p171-33399240.pdf,moj-judgments-1434-volume-20.pdf,171,176,6,53b84474deb660eba14ae001422ad84d4fbce39148e42a404b6b9b1d423f08ca,491287,True
moj-1434-v20-p177-33394061,moj-1434-v20-p177-33394061.pdf,moj-judgments-1434-volume-20.pdf,177,184,8,ee04da89665cc7320046e3a7e1d891a4effd0a43afa22f9f7502ff36ae34a5cc,505383,True
moj-1434-v20-p185-3441034,moj-1434-v20-p185-3441034.pdf,moj-judgments-1434-volume-20.pdf,185,189,5,d49f85e598d99a5288ca0adafc57a77da24654eb8b49f6e90b4d66db022bd249,489627,True
moj-1434-v20-p190-33416641,moj-1434-v20-p190-33416641.pdf,moj-judgments-1434-volume-20.pdf,190,195,6,ade60dd364345ac112c9adda497a20200bf24df0c126cbffc4f76f545fa0d49e,502978,True
moj-1434-v20-p196-34203698,moj-1434-v20-p196-34203698.pdf,moj-judgments-1434-volume-20.pdf,196,202,7,c56a631da4b0eee4f44b5dbd9dfa5c070212d1f5dd1480a507835e5c92ea6918,517667,True
moj-1434-v20-p203-33467443,moj-1434-v20-p203-33467443.pdf,moj-judgments-1434-volume-20.pdf,203,209,7,90bc1399ff0840576f0d007048af72f63120ec467fd4a8bb8ae888a35f2d00e3,495863,True
moj-1434-v20-p210-3413519,moj-1434-v20-p210-3413519.pdf,moj-judgments-1434-volume-20.pdf,210,214,5,3156dc18330e2f02ed07c97e4d1f7d50d52399000b9114cd09e21fe363d8ba2b,509801,True
moj-1434-v20-p215-3445842,moj-1434-v20-p215-3445842.pdf,moj-judgments-1434-volume-20.pdf,215,219,5,f15f067f07c504ffb92bed25959c68a1ffe229c3b45c726590ff3c64ad6d9000,488365,True
moj-1434-v20-p220-33460685,moj-1434-v20-p220-33460685.pdf,moj-judgments-1434-volume-20.pdf,220,225,6,b37ad3a63ecff04f665faa97b36faf8ab6613b4788f22b224ac76054ec07ac73,499396,True
moj-1434-v20-p226-33465313,moj-1434-v20-p226-33465313.pdf,moj-judgments-1434-volume-20.pdf,226,236,11,0cd5786aa054ec6ab3d5b1925514901a3c83393a2ebd067c1feeba3b1536f7c9,527711,True
moj-1434-v20-p237-34168914,moj-1434-v20-p237-34168914.pdf,moj-judgments-1434-volume-20.pdf,237,242,6,cf2ca9f165e319a0f3230f2efa2d491866da58798bd83e25f19f3fd693e7d743,504963,True
moj-1434-v20-p243-34789,moj-1434-v20-p243-34789.pdf,moj-judgments-1434-volume-20.pdf,243,246,4,16918b05509fb5dd953c864ecdcec8c9f119c2a3573d4fee57033d33bd27b0ac,498414,True
moj-1434-v20-p247-33470208,moj-1434-v20-p247-33470208.pdf,moj-judgments-1434-volume-20.pdf,247,252,6,cdc430db09a3c669e6981d38d59543623b9e2f4213c98962b31e5619e394403f,503478,True
moj-1434-v20-p253-3414946,moj-1434-v20-p253-3414946.pdf,moj-judgments-1434-volume-20.pdf,253,259,7,e27d67485ca268f2d40a5bcbff886ab7251f30ed06f6e862178c8271abb43687,496481,True
moj-1434-v20-p260-3422856,moj-1434-v20-p260-3422856.pdf,moj-judgments-1434-volume-20.pdf,260,265,6,047855045fb839952731a04f4b480c4d1663cfd8a90cad1ce5253987dd1c5aac,497915,True
moj-1434-v20-p266-345917,moj-1434-v20-p266-345917.pdf,moj-judgments-1434-volume-20.pdf,266,270,5,5e95787bb9169cdcdb529c3c26b7c1e250a7e9d0ea923f1258dc4275fabd6655,507681,True
moj-1434-v20-p271-34283200,moj-1434-v20-p271-34283200.pdf,moj-judgments-1434-volume-20.pdf,271,277,7,d55e6981b8d957d8ffdb0e790fee2229db8b326d115c8c3c120799cbb2a82887,497543,True
moj-1434-v20-p278-3415883,moj-1434-v20-p278-3415883.pdf,moj-judgments-1434-volume-20.pdf,278,283,6,be239fcc145e779a0ffd1194bc056c53b4241ebaa5398c2e26221d74e40679de,500046,True
moj-1434-v20-p284-34178295,moj-1434-v20-p284-34178295.pdf,moj-judgments-1434-volume-20.pdf,284,290,7,387d10f2e6b0ebb78317685f82a62b0bf3548d515c4f704c82f8881f647a65a2,515038,True
moj-1434-v20-p291-3424765,moj-1434-v20-p291-3424765.pdf,moj-judgments-1434-volume-20.pdf,291,295,5,f5528253309c6383eeec98c7157dd872cd1042d549771b2b89954fdf0118e6a3,484970,True
moj-1434-v20-p296-34210817,moj-1434-v20-p296-34210817.pdf,moj-judgments-1434-volume-20.pdf,296,307,12,d810813fa7663e810e76202a527a22b1aca57a4505fdb988de53987d54bc6844,519477,True
moj-1434-v20-p308-34172935,moj-1434-v20-p308-34172935.pdf,moj-judgments-1434-volume-20.pdf,308,325,18,3a26ebc441a81c62e542d9e850dca63c20f0d619b87019e92f4eeaf67ed5c4e0,538189,True
moj-1434-v20-p326-34171532,moj-1434-v20-p326-34171532.pdf,moj-judgments-1434-volume-20.pdf,326,336,11,267e04e61caa6f930a28c9ddf3e5670051bc46628219c1bae0c870850b281acc,848006,True
moj-1434-v21-p5-34176700,moj-1434-v21-p5-34176700.pdf,moj-judgments-1434-volume-21.pdf,5,10,6,2ad2d84e50083fe847b650bd6ae9e61b12ad814d4cdf89a0d61ab6ce3e224011,500163,True
moj-1434-v21-p11-34166612,moj-1434-v21-p11-34166612.pdf,moj-judgments-1434-volume-21.pdf,11,16,6,4c5ee4901bfb88dad3cc3ef43a4da0d5a9e47bdb08c478bee3151cee4f37f841,516676,True
moj-1434-v21-p17-34165528,moj-1434-v21-p17-34165528.pdf,moj-judgments-1434-volume-21.pdf,17,20,4,0caffd6faaee3098b7787d11e51400833bd1bb73608c3727fa33f90fdf7a4b4e,489589,True
moj-1434-v21-p21-34121107,moj-1434-v21-p21-34121107.pdf,moj-judgments-1434-volume-21.pdf,21,25,5,9ef2dc5d253280abd15fa33876919e4b57aa7954769668eb7c49c895f36b726e,485028,True
moj-1434-v21-p26-34283677,moj-1434-v21-p26-34283677.pdf,moj-judgments-1434-volume-21.pdf,26,35,10,0d1e824eb256d2bf5fa6588243c87a65160a60c105da0f211140ee1770c22a19,517055,True
moj-1434-v21-p36-34170615,moj-1434-v21-p36-34170615.pdf,moj-judgments-1434-volume-21.pdf,36,40,5,1f3acb1685879053e5cedebdddea625e248bb869eb80c36cf6f14f3d4f746ba1,496583,True
moj-1434-v21-p41-34180358,moj-1434-v21-p41-34180358.pdf,moj-judgments-1434-volume-21.pdf,41,45,5,a12b255d8fe4983982403767d3ef67c8c2b2819dadaed43ebf12eeb8d5edb07b,489818,True
moj-1434-v21-p46-34192492,moj-1434-v21-p46-34192492.pdf,moj-judgments-1434-volume-21.pdf,46,53,8,ac2eab0133f544aac318221711e1019c4a2b27ee1e573c2f841fa25a38fd4e7a,499906,True
moj-1434-v21-p54-34184868,moj-1434-v21-p54-34184868.pdf,moj-judgments-1434-volume-21.pdf,54,59,6,31e1c2db8c4e6787d00d4fdbb11611b491e44dce6cd60ec77ae5f79e597875c6,491253,True
moj-1434-v21-p60-34183868,moj-1434-v21-p60-34183868.pdf,moj-judgments-1434-volume-21.pdf,60,65,6,9e97cc55c3d2b382dcedebf577cdc311ce350338316306d83fc8d996199daada,493629,True
moj-1434-v21-p66-34196715,moj-1434-v21-p66-34196715.pdf,moj-judgments-1434-volume-21.pdf,66,71,6,478daffd12bf1095644a0e7c50a4a1be59fc9bc01fdacf29ecf5a189c12ab1c8,492805,True
moj-1434-v21-p72-34220034,moj-1434-v21-p72-34220034.pdf,moj-judgments-1434-volume-21.pdf,72,77,6,b8a7036ed29bf7ca4656610ffdcb710fbea5e8f9f9fc9a5d94714fecea14278a,492730,True
moj-1434-v21-p78-34241491,moj-1434-v21-p78-34241491.pdf,moj-judgments-1434-volume-21.pdf,78,86,9,7ed3b64bbe0254ad223ccac06f72ba4e7f9fba880e54743eedaa4c971c059c31,515325,True
moj-1434-v21-p87-34204877,moj-1434-v21-p87-34204877.pdf,moj-judgments-1434-volume-21.pdf,87,94,8,639d3781b4d6a52cf43ba95723e69da44ecf14d060b8274dc961b112e9e3922c,507699,True
moj-1434-v21-p95-34191446,moj-1434-v21-p95-34191446.pdf,moj-judgments-1434-volume-21.pdf,95,100,6,33541a69f40bb33b9f643be0ef86d8cc2aa99d74ac9d30b90c8e6a68e3df68fe,500300,True
moj-1434-v21-p101-34198256,moj-1434-v21-p101-34198256.pdf,moj-judgments-1434-volume-21.pdf,101,105,5,549626fa7237753f00f9ddf6b3ff30fe5147dcef635b3a3c5c7eb92b9f926fb3,485692,True
moj-1434-v21-p106-34193641,moj-1434-v21-p106-34193641.pdf,moj-judgments-1434-volume-21.pdf,106,111,6,2d2748cbc76af9be627a8e24d2c285d9cad60db466e0c7e227accd7f5fb272c9,498190,True
moj-1434-v21-p112-34274417,moj-1434-v21-p112-34274417.pdf,moj-judgments-1434-volume-21.pdf,112,116,5,32ddc7a2683a37409b7c55d33ae8e96032169e8e832244295a18ae548f9e8321,505038,True
moj-1434-v21-p117-34268577,moj-1434-v21-p117-34268577.pdf,moj-judgments-1434-volume-21.pdf,117,135,19,27376e3cb610f781b49cf618201c213d4a12a88900f69f7840c42312325c0327,559979,True
moj-1434-v21-p136-34229749,moj-1434-v21-p136-34229749.pdf,moj-judgments-1434-volume-21.pdf,136,150,15,6d0106337863584b712d35f94a72ff6eafb26529fe393850c63a8cae7463e709,541347,True
moj-1434-v21-p151-34217687,moj-1434-v21-p151-34217687.pdf,moj-judgments-1434-volume-21.pdf,151,162,12,0fb060a4c21865737394500ca27251b98644480b220702f7aa3cbde9c7085800,525144,True
moj-1434-v21-p163-34261315,moj-1434-v21-p163-34261315.pdf,moj-judgments-1434-volume-21.pdf,163,174,12,be68d99d2eec92ff8ac62de6f4c37710dbf90e3a92edfd7d1c536161a59d4d32,520546,True
moj-1434-v21-p175-34375086,moj-1434-v21-p175-34375086.pdf,moj-judgments-1434-volume-21.pdf,175,183,9,ed84f79bc0e28da0768197a5b21315faba993cc7fa52e2b0fcd1e77c1262b813,502419,True
moj-1434-v21-p184-34227223,moj-1434-v21-p184-34227223.pdf,moj-judgments-1434-volume-21.pdf,184,188,5,88c4a9657915f1a2fb6d162ecd50efef124289c665a3529bc178cc313e84969e,513903,True
moj-1434-v21-p189-3424254,moj-1434-v21-p189-3424254.pdf,moj-judgments-1434-volume-21.pdf,189,195,7,13bb61115aa32999390b1c07b123e8ed9548757504d4e29c2e7ea757dcd3b53a,496763,True
moj-1434-v21-p196-34241672,moj-1434-v21-p196-34241672.pdf,moj-judgments-1434-volume-21.pdf,196,201,6,2c374279714a8f71f3eeec8e839f28fc4cf40e5ceb0f0adb536650265f3e94b8,500881,True
moj-1434-v21-p202-34252509,moj-1434-v21-p202-34252509.pdf,moj-judgments-1434-volume-21.pdf,202,215,14,ed4b1daaafdd0e00543d378382d2578c3f9083ad1348ec3d35721510f53ef3a4,539976,True
moj-1434-v21-p216-34275768,moj-1434-v21-p216-34275768.pdf,moj-judgments-1434-volume-21.pdf,216,227,12,001109789adf05499de54474ffaf8d8d5f967e32c457c796aa65e1853dfc7265,519251,True
moj-1434-v21-p228-34278299,moj-1434-v21-p228-34278299.pdf,moj-judgments-1434-volume-21.pdf,228,236,9,62581039c84c4649e2eeb594851b04616d78222ca206f1b5e51d21c94ac4ff1d,521236,True
moj-1434-v21-p237-34288810,moj-1434-v21-p237-34288810.pdf,moj-judgments-1434-volume-21.pdf,237,242,6,922b8e64e71f06d2f00774aff35950981dffd182ba81d6c34c8ce3a301b2816f,503625,True
moj-1434-v21-p243-34293242,moj-1434-v21-p243-34293242.pdf,moj-judgments-1434-volume-21.pdf,243,265,23,1a9d1efa19440a0534fe2bf462857856045da19b158253b382b232008ebb1860,554398,True
moj-1434-v21-p266-34311440,moj-1434-v21-p266-34311440.pdf,moj-judgments-1434-volume-21.pdf,266,271,6,e64440ef916cc1364933f648deec6d22fef316179ff1c3387029765fdd6bd994,498328,True
moj-1434-v21-p272-34325375,moj-1434-v21-p272-34325375.pdf,moj-judgments-1434-volume-21.pdf,272,291,20,7a4f48e4c36f1ab009dcf3f910f9731ba95d4846b9803558c6189ea864a9c430,552025,True
moj-1434-v21-p292-34340390,moj-1434-v21-p292-34340390.pdf,moj-judgments-1434-volume-21.pdf,292,296,5,30b2c261ff52c984b61b764e0ecba6a35349fea9c87196e6120bb6d0d03d3602,500755,True
moj-1434-v21-p297-34363544,moj-1434-v21-p297-34363544.pdf,moj-judgments-1434-volume-21.pdf,297,302,6,f9eeba8d1900313b816998d1d325654cc0cacd4dc8113604e5243b66457b208e,502711,True
moj-1434-v21-p303-34369814,moj-1434-v21-p303-34369814.pdf,moj-judgments-1434-volume-21.pdf,303,307,5,7c89f5679e8b8a6fa58e79fd733edca749b26d35202ab5cf768977d5950ef606,488904,True
moj-1434-v21-p308-34390103,moj-1434-v21-p308-34390103.pdf,moj-judgments-1434-volume-21.pdf,308,332,25,1af986cf51a50d5945bf0e556011e7572cb448a96e764a3553b0fab678479671,899510,True
moj-1434-v22-p5-34277360,moj-1434-v22-p5-34277360.pdf,moj-judgments-1434-volume-22.pdf,5,11,7,ab80a986cd12bf3f4992f436ac6461eeca3e73a20a3eab8dd587a6d3f2d65815,498149,True
moj-1434-v22-p12-34440072,moj-1434-v22-p12-34440072.pdf,moj-judgments-1434-volume-22.pdf,12,18,7,72978ded8175d1bd48160e5aad81f281fa77d90ddd5fee2def914b7230ca86e2,502856,True
moj-1434-v22-p19-341083510,moj-1434-v22-p19-341083510.pdf,moj-judgments-1434-volume-22.pdf,19,27,9,de4a7fb619020088c6d273284c014324de0f0100f359543cf2841cb014db3605,513409,True
moj-1434-v22-p28-34264339,moj-1434-v22-p28-34264339.pdf,moj-judgments-1434-volume-22.pdf,28,32,5,e7d99d105b41db20706fc0adb8c5a5bed2e36d83bd86e692bbac2e42263817b4,500410,True
moj-1434-v22-p33-3442047,moj-1434-v22-p33-3442047.pdf,moj-judgments-1434-volume-22.pdf,33,40,8,7afb7d7849b30564103d9612aeac3be2dca098151068dc7985c6e6554dfa3d1f,508370,True
moj-1434-v22-p41-3436221,moj-1434-v22-p41-3436221.pdf,moj-judgments-1434-volume-22.pdf,41,51,11,8268e34ed249f15bfd111acb6e966034d252adcc330f84a1b6cba59083b94c27,516399,True
moj-1434-v22-p52-3432148,moj-1434-v22-p52-3432148.pdf,moj-judgments-1434-volume-22.pdf,52,59,8,b8ca585aa4efbbead976f95ae769b1ce534ba5eec7d266ca4a656d3848a775cb,502435,True
moj-1434-v22-p60-34203080,moj-1434-v22-p60-34203080.pdf,moj-judgments-1434-volume-22.pdf,60,68,9,dfe6cc8ce21913552067d8c5f621e16d94c8d584f326d9516ff73e5f89641b1c,508625,True
moj-1434-v22-p69-3442674,moj-1434-v22-p69-3442674.pdf,moj-judgments-1434-volume-22.pdf,69,72,4,97a0cfc89ebf2b162b706ec24f4383c3be477f7db7ffea6f9b615e095e24a563,495003,True
moj-1434-v22-p73-32343839,moj-1434-v22-p73-32343839.pdf,moj-judgments-1434-volume-22.pdf,73,79,7,0a47a0a3852a7e639aa258118bfe4ce45ab8590706f7fe5762643bed8d97c492,502055,True
moj-1434-v22-p80-3454170,moj-1434-v22-p80-3454170.pdf,moj-judgments-1434-volume-22.pdf,80,84,5,93e696a1668f39589c57a552ab79cbee5b46556bc6afe672bf0067a0f68baaea,508651,True
moj-1434-v22-p85-34186238,moj-1434-v22-p85-34186238.pdf,moj-judgments-1434-volume-22.pdf,85,93,9,873e2692e16cc2c85e764b447c944b715fa486025637b600e0c4dde50e35cc38,506552,True
moj-1434-v22-p94-3464492,moj-1434-v22-p94-3464492.pdf,moj-judgments-1434-volume-22.pdf,94,99,6,2a7e357b622089b665ae10c552afdcfee3e11f4b14fe67dea6369a44d1d3937f,505024,True
moj-1434-v22-p100-34191754,moj-1434-v22-p100-34191754.pdf,moj-judgments-1434-volume-22.pdf,100,103,4,d93952006ebeb640e566dbd4b959ad67ab13ad4b5604600fa4da74d4a8171ed1,490772,True
moj-1434-v22-p104-34204114,moj-1434-v22-p104-34204114.pdf,moj-judgments-1434-volume-22.pdf,104,111,8,564acf7885d22f28d4bdfb4cbad99e154216da002f0d5e8ecd40cc584ba47693,509131,True
moj-1434-v22-p112-34259189,moj-1434-v22-p112-34259189.pdf,moj-judgments-1434-volume-22.pdf,112,117,6,657acd10cda61d6ec6352377c3b60db2af2c32c655e6ab914e6362c40fbc8cf3,497862,True
moj-1434-v22-p118-34221686,moj-1434-v22-p118-34221686.pdf,moj-judgments-1434-volume-22.pdf,118,122,5,5a32e7de1952c18d4f4ab08813ed21b6c4fd5c260f1e760e5422cc156c3608fc,505301,True
moj-1434-v22-p123-34211429,moj-1434-v22-p123-34211429.pdf,moj-judgments-1434-volume-22.pdf,123,127,5,9f7fde552dca5d2e18e2a8aafe1424cfc9cd08586ef82dd189c6e97bb57ba323,493614,True
moj-1434-v22-p128-34270925,moj-1434-v22-p128-34270925.pdf,moj-judgments-1434-volume-22.pdf,128,135,8,6a5de9dc1d41d61a69b29d1f8f3ce1409578a5f228053f7db372f2c45a329517,503554,True
moj-1434-v22-p136-34234754,moj-1434-v22-p136-34234754.pdf,moj-judgments-1434-volume-22.pdf,136,142,7,4332385124519bdd7bfa3fdd8942748a661430e2be95f78fdeeb77f43824cbb9,514502,True
moj-1434-v22-p143-34282605,moj-1434-v22-p143-34282605.pdf,moj-judgments-1434-volume-22.pdf,143,148,6,bd0793c5e3a0955f88140bb0c5c520155b9a377c97ff8e3cd22926e8433a3c6a,504156,True
moj-1434-v22-p149-34226530,moj-1434-v22-p149-34226530.pdf,moj-judgments-1434-volume-22.pdf,149,153,5,a83519187d16d18b60d68905b942faec8148251c978e3960d75ee73cb892402d,489210,True
moj-1434-v22-p154-34251498,moj-1434-v22-p154-34251498.pdf,moj-judgments-1434-volume-22.pdf,154,160,7,afc0673e6ca7f36772b8b817d61034ea2bb4ccf14dd8a8658b76d0cfa6f38883,519926,True
moj-1434-v22-p161-34263866,moj-1434-v22-p161-34263866.pdf,moj-judgments-1434-volume-22.pdf,161,167,7,d06b09746fe55da229bbaa9d33a4150046be3972a4689768279141f80e8818e9,500789,True
moj-1434-v22-p168-3426950,moj-1434-v22-p168-3426950.pdf,moj-judgments-1434-volume-22.pdf,168,172,5,8875e69d3bcaf998304d2e6353cd0c3c92f3051f71b9dcfadf0ae774280e636e,496932,True
moj-1434-v22-p173-34278645,moj-1434-v22-p173-34278645.pdf,moj-judgments-1434-volume-22.pdf,173,177,5,468318309d4ed5a2270bdefac8b86742af20a8125e4de76400f8dc09d4a82d62,494102,True
moj-1434-v22-p178-34306154,moj-1434-v22-p178-34306154.pdf,moj-judgments-1434-volume-22.pdf,178,184,7,ec12dad9782f8af0ae1d528a8733517c23b65b263e7c3f4d52ea02dffaec3aa1,509439,True
moj-1434-v22-p185-34275870,moj-1434-v22-p185-34275870.pdf,moj-judgments-1434-volume-22.pdf,185,191,7,b9bd725b8be2f507a362683f06d6d07645c3c36d749a62d1c74c8617edd1226c,496701,True
moj-1434-v22-p192-34270509,moj-1434-v22-p192-34270509.pdf,moj-judgments-1434-volume-22.pdf,192,199,8,969d96edee5b959110f313efdc1de560ac1418339361f52cfb35451377c57b09,506776,True
moj-1434-v22-p200-34269807,moj-1434-v22-p200-34269807.pdf,moj-judgments-1434-volume-22.pdf,200,205,6,a7dc7b34bef0870b53c600bdbe61ca8a50f555023b7c6dd4551e14c2bbb37f43,499313,True
moj-1434-v22-p206-34333624,moj-1434-v22-p206-34333624.pdf,moj-judgments-1434-volume-22.pdf,206,210,5,17a10eb72188fb56d1832dc6506f0cbfe7913e480556e27526ce91037c4689b3,504774,True
moj-1434-v22-p211-34329233,moj-1434-v22-p211-34329233.pdf,moj-judgments-1434-volume-22.pdf,211,218,8,e9b617846dbaef57e19b92874966fabb98ade489b4041dee3497e653a08e0f78,1260051,True
moj-1434-v22-p219-3457196,moj-1434-v22-p219-3457196.pdf,moj-judgments-1434-volume-22.pdf,219,222,4,f42e2079eeeb74bc6c84f47700f7f0cd0b9a6c83f1d05c158452005f73c1b0e5,498925,True
moj-1434-v22-p223-3461001,moj-1434-v22-p223-3461001.pdf,moj-judgments-1434-volume-22.pdf,223,230,8,22cf78fd9dd3bd1783560b306162601602e3957615ca66c6f60ecd8d5e50b385,517540,True
moj-1434-v22-p231-34284025,moj-1434-v22-p231-34284025.pdf,moj-judgments-1434-volume-22.pdf,231,236,6,c943dbe885fc865a8abafcf00a4c4274dcc945ff67d19106f2a605162340cd3b,522104,True
moj-1434-v22-p237-34315915,moj-1434-v22-p237-34315915.pdf,moj-judgments-1434-volume-22.pdf,237,246,10,de66ece4a3849b806599ed9af3deed88407eb22d3007593294af027513db501d,1278840,True
moj-1434-v22-p247-34188767,moj-1434-v22-p247-34188767.pdf,moj-judgments-1434-volume-22.pdf,247,267,21,bf0b9ccdb911705ba4ac66994488942ced07a874457fd91108efe1ef89f1ef40,961832,True
moj-1434-v23-p5-34250164,moj-1434-v23-p5-34250164.pdf,moj-judgments-1434-volume-23.pdf,5,15,11,0eb0ae526bcb142ef49f6406b0d6d336acaea93ab57953283f50424f4a3e8666,505893,True
moj-1434-v23-p16-3449421,moj-1434-v23-p16-3449421.pdf,moj-judgments-1434-volume-23.pdf,16,24,9,ef6769e0df821a638e60e27872a7c545cbc6e1981dfe28a669a2ae7a1336e916,511844,True
moj-1434-v23-p25-34226948,moj-1434-v23-p25-34226948.pdf,moj-judgments-1434-volume-23.pdf,25,33,9,5590abde75023b190c6f8942bcc6d5fd994d6207e68418afa962bb69ceeac324,501883,True
moj-1434-v23-p34-34198838,moj-1434-v23-p34-34198838.pdf,moj-judgments-1434-volume-23.pdf,34,40,7,f3a3e96f35650337969181a9329a9030200558143286fe1f56669d0b41d88372,513013,True
moj-1434-v23-p41-3451474,moj-1434-v23-p41-3451474.pdf,moj-judgments-1434-volume-23.pdf,41,44,4,a9faec7b24776c8dd624ad4de5a5a759b3ade993bb496ee724f9c26cd3e64af6,497767,True
moj-1434-v23-p45-3425051,moj-1434-v23-p45-3425051.pdf,moj-judgments-1434-volume-23.pdf,45,51,7,1f18d71719f4f23fafabaaa23526121c60f73e8acf6f222b931169e276346b4c,495158,True
moj-1434-v23-p52-34189860,moj-1434-v23-p52-34189860.pdf,moj-judgments-1434-volume-23.pdf,52,56,5,5f29d66cab75247930e8ae51c06b42eebf2a80db9d5dff0913cbda173596c34f,511256,True
moj-1434-v23-p57-34229637,moj-1434-v23-p57-34229637.pdf,moj-judgments-1434-volume-23.pdf,57,64,8,3ea97bb9fc6b3b96ea26f2ee8871214af14136c29d0814c1fc885d4055b5f76a,510293,True
moj-1434-v23-p65-3459216,moj-1434-v23-p65-3459216.pdf,moj-judgments-1434-volume-23.pdf,65,74,10,3dd03a69f3f55e1a6f2d97d240e91f62a09d2012758029cce1b916f5dd8f0653,510971,True
moj-1434-v23-p75-33327938,moj-1434-v23-p75-33327938.pdf,moj-judgments-1434-volume-23.pdf,75,80,6,b92c677df83059bede7ca7517b86e0b9b4a10ecda1f55d2dc05bf011aed05241,504163,True
moj-1434-v23-p81-3416887,moj-1434-v23-p81-3416887.pdf,moj-judgments-1434-volume-23.pdf,81,88,8,8d99075b0e6604ae4cce31247dc7215e1da06b27fed8f7644478a318a9818a8d,510402,True
moj-1434-v23-p89-33263784,moj-1434-v23-p89-33263784.pdf,moj-judgments-1434-volume-23.pdf,89,97,9,891835417c8458fcfed57c8cf32447fe60e5401396bdc761f56c18429c0a4a9b,497215,True
moj-1434-v23-p98-34271857,moj-1434-v23-p98-34271857.pdf,moj-judgments-1434-volume-23.pdf,98,102,5,5b8c0c9bb73490c2575d597ddfe1891999c6e66fba76c7978f5e300e6f3e52f7,499759,True
moj-1434-v23-p103-3462879,moj-1434-v23-p103-3462879.pdf,moj-judgments-1434-volume-23.pdf,103,108,6,de95368be3a9ab30978f4fa81f602a9887f2d5f96478db6e380c2e4560cd34e0,501115,True
moj-1434-v23-p109-33434658,moj-1434-v23-p109-33434658.pdf,moj-judgments-1434-volume-23.pdf,109,114,6,121e438b5469d55af8e64b01aba1776c89bc5466b75329e5e906577420062b75,501338,True
moj-1434-v23-p115-34234520,moj-1434-v23-p115-34234520.pdf,moj-judgments-1434-volume-23.pdf,115,125,11,9fcb235b9e8649c9bdf79a67bce09da9ff3a38b44618efb4eb9775021570249a,506417,True
moj-1434-v23-p126-34180038,moj-1434-v23-p126-34180038.pdf,moj-judgments-1434-volume-23.pdf,126,130,5,fba812dc1db90227d85ac09572203b0e5e7263ad7bdb47a78096956973ee27ed,502136,True
moj-1434-v23-p131-3420263,moj-1434-v23-p131-3420263.pdf,moj-judgments-1434-volume-23.pdf,131,144,14,e7bd283220f66aec313e13315b818ded5f8e8e3162d08e3d250aecca5c216dca,522157,True
moj-1434-v23-p145-345262,moj-1434-v23-p145-345262.pdf,moj-judgments-1434-volume-23.pdf,145,155,11,60e6c40bccf1ee7165788bd173fbc4d76f64c84af2e7a570def7367b301a049a,508824,True
moj-1434-v23-p156-3423531,moj-1434-v23-p156-3423531.pdf,moj-judgments-1434-volume-23.pdf,156,176,21,b507e3965698dacf6692acd3441ad2d71eb5d16c9774c80292a521ccf9782691,553463,True
moj-1434-v23-p177-3456328,moj-1434-v23-p177-3456328.pdf,moj-judgments-1434-volume-23.pdf,177,181,5,da2ac4ebac68b51be10ee1753007f088401e9005d781ddc90dccb102a3b31def,488768,True
moj-1434-v23-p182-33469364,moj-1434-v23-p182-33469364.pdf,moj-judgments-1434-volume-23.pdf,182,187,6,f88151d95c22e8bb07831f35db0e07d5c7d55e1696bfded1b98636de87ce3da2,490853,True
moj-1434-v23-p188-3463079,moj-1434-v23-p188-3463079.pdf,moj-judgments-1434-volume-23.pdf,188,192,5,3837bea284989c12f73d3a1f56e6552cce881984a303f2de72f2c4d8e160d65d,488635,True
moj-1434-v23-p193-34224565,moj-1434-v23-p193-34224565.pdf,moj-judgments-1434-volume-23.pdf,193,198,6,d41d6ec0d96f1709fc4ab89ef6c0109ac9f094eb62f5fa31a9fd57fbc19ae820,497916,True
moj-1434-v23-p199-344920,moj-1434-v23-p199-344920.pdf,moj-judgments-1434-volume-23.pdf,199,204,6,6c12398be9b6e218abf942db7eb955083002062220491aedf05fc090ec49754b,492334,True
moj-1434-v23-p205-3429077,moj-1434-v23-p205-3429077.pdf,moj-judgments-1434-volume-23.pdf,205,210,6,3de9dcad6fd5b9465f7e5c58851fa89485b825d7a78a982b20d77ce348b79dea,496057,True
moj-1434-v23-p211-3420397,moj-1434-v23-p211-3420397.pdf,moj-judgments-1434-volume-23.pdf,211,221,11,f8aabd2af90580bba9a8cd40362327a68717c18275b4002dca58e987a76130a6,510804,True
moj-1434-v23-p222-34286936,moj-1434-v23-p222-34286936.pdf,moj-judgments-1434-volume-23.pdf,222,226,5,791c8c94aa298f2ca34eb1067ae455272e550b63f5561cf5529e4594274e26bf,499095,True
moj-1434-v23-p227-3458963,moj-1434-v23-p227-3458963.pdf,moj-judgments-1434-volume-23.pdf,227,231,5,6a68c9f81f8be76ce5e099480dbfa3ae7e3efa453e18a50a1eedd4978e941fc8,484071,True
moj-1434-v23-p232-34570621,moj-1434-v23-p232-34570621.pdf,moj-judgments-1434-volume-23.pdf,232,235,4,1a3804d3691af7c68e3ac3a9ddb950b10b41e9489639dac3b1702a154c883ccc,487994,True
moj-1434-v23-p236-3461835,moj-1434-v23-p236-3461835.pdf,moj-judgments-1434-volume-23.pdf,236,244,9,41467ba1a64cf8fc274c9eb57f2a23a3bf3b0ee6e5bdb12701ac4b6461dacd18,513535,True
moj-1434-v23-p245-3460551,moj-1434-v23-p245-3460551.pdf,moj-judgments-1434-volume-23.pdf,245,251,7,eb45eaba2c5075aaab7842762d349fa5f4114dc6d2e23ded97ea8762af247c2a,500418,True
moj-1434-v23-p252-34246203,moj-1434-v23-p252-34246203.pdf,moj-judgments-1434-volume-23.pdf,252,256,5,d23fa6946e1bd51472d117aa0e14318a1b5a6644fe903994539e96eb37ef11f7,489841,True
moj-1434-v23-p257-34187653,moj-1434-v23-p257-34187653.pdf,moj-judgments-1434-volume-23.pdf,257,262,6,6f45486fff0e920897dbae38692164b66b2d9d66b6ac18e54a8cd5c57d7908f0,491201,True
moj-1434-v23-p263-34295817,moj-1434-v23-p263-34295817.pdf,moj-judgments-1434-volume-23.pdf,263,268,6,370b9fe26b04b764302e20f1b1f949e27d6cfedaf352b15cf95de92687349be1,495274,True
moj-1434-v23-p269-34283926,moj-1434-v23-p269-34283926.pdf,moj-judgments-1434-volume-23.pdf,269,275,7,9c0bdb92d1022f8bc0fa57cb8ad0a4194ee7e059bd5b701b5f71fb6c4bf11527,498051,True
moj-1434-v23-p276-34376444,moj-1434-v23-p276-34376444.pdf,moj-judgments-1434-volume-23.pdf,276,279,4,5ad29d1e73b23a1d2df000069e55371ce3ac515001ac45743033cd4ccc15be46,482147,True
moj-1434-v23-p280-34203552,moj-1434-v23-p280-34203552.pdf,moj-judgments-1434-volume-23.pdf,280,290,11,e947cc92093fe5ca964fb6620ee5d0377cc632cec799a6393ee57fe6e1750b38,1277591,True
moj-1434-v23-p291-3422718,moj-1434-v23-p291-3422718.pdf,moj-judgments-1434-volume-23.pdf,291,293,3,b3868d49ac8d021df1e12525e7569d42ef68389060f003521297608b04af3691,480140,True
moj-1434-v23-p294-3341010,moj-1434-v23-p294-3341010.pdf,moj-judgments-1434-volume-23.pdf,294,300,7,9da96cb90185f1cfe4dced036366b5c7654276041805a718e676db3d33c4095a,512303,True
moj-1434-v23-p301-34279959,moj-1434-v23-p301-34279959.pdf,moj-judgments-1434-volume-23.pdf,301,306,6,015ca5b1faf409f67d9e7ada64ae7365a40db84d98b4335207d612911e9fb088,511452,True
moj-1434-v23-p307-34233346,moj-1434-v23-p307-34233346.pdf,moj-judgments-1434-volume-23.pdf,307,312,6,b9a44de6b53ceda2d2b370878b50c64550e280ab999d7d14f52e0365e6334120,1259107,True
moj-1434-v23-p313-34266487,moj-1434-v23-p313-34266487.pdf,moj-judgments-1434-volume-23.pdf,313,320,8,50f4064199045309c409e454dae1dace73524cfcf7601c97ed2b3d95989f9171,511821,True
moj-1434-v23-p321-3415026,moj-1434-v23-p321-3415026.pdf,moj-judgments-1434-volume-23.pdf,321,323,3,3b68728200caac58e11016682dd4ac9da017ed91e71dc4e81e80eba98c63bd65,487227,True
moj-1434-v23-p324-34374435,moj-1434-v23-p324-34374435.pdf,moj-judgments-1434-volume-23.pdf,324,332,9,df1268134974dda01faaaad7ef0ceec64ab7d7a23d85f6c6dc77df696fa020b4,1284058,True
moj-1434-v23-p333-34244363,moj-1434-v23-p333-34244363.pdf,moj-judgments-1434-volume-23.pdf,333,338,6,3b837d743fa3523557e584348009e153d1d75a02814ab17daf07c7cadc9e6c4e,502936,True
moj-1434-v23-p339-3446763,moj-1434-v23-p339-3446763.pdf,moj-judgments-1434-volume-23.pdf,339,353,15,fb1b46933caafa72ec05120a098093f4311493e8c96301738bc5d8432bad718e,853443,True
moj-1434-v24-p5-3423238,moj-1434-v24-p5-3423238.pdf,moj-judgments-1434-volume-24.pdf,5,12,8,7f3b4796402289ceede03e02a50ad1cc849ce50caf9babb85e151b755f7a90fb,1251196,True
moj-1434-v24-p13-34269796,moj-1434-v24-p13-34269796.pdf,moj-judgments-1434-volume-24.pdf,13,20,8,548016642a4bc8bc4d9e43ce3db3b04649a223e548cf03f008f97054d3552a46,1261038,True
moj-1434-v24-p21-35103751,moj-1434-v24-p21-35103751.pdf,moj-judgments-1434-volume-24.pdf,21,30,10,910c6099b1ade12d5d9e5107ed6e055cd74bcd733c6d7d25d59f6e7f74c15ad7,1261466,True
moj-1434-v24-p31-33400860,moj-1434-v24-p31-33400860.pdf,moj-judgments-1434-volume-24.pdf,31,34,4,68a5b0c9790ab95ca01cacb517f93d3af47fab4b588df5f294484dc98da4bae1,487774,True
moj-1434-v24-p35-3422084,moj-1434-v24-p35-3422084.pdf,moj-judgments-1434-volume-24.pdf,35,39,5,d4775c44332a1369181f2919fd299f7a5b41945c91e02d8dd54d87e0af7d8209,487249,True
moj-1434-v24-p40-34272957,moj-1434-v24-p40-34272957.pdf,moj-judgments-1434-volume-24.pdf,40,44,5,ef626782df233369f0ad0a560bbeb440393cd4c2349df21260c94e27aa248101,506784,True
moj-1434-v24-p45-34215918,moj-1434-v24-p45-34215918.pdf,moj-judgments-1434-volume-24.pdf,45,52,8,7323cf21410873b3adc8c0af4d64bb86bb7416921f130911edb1133e30e671dd,1283699,True
moj-1434-v24-p53-33471937,moj-1434-v24-p53-33471937.pdf,moj-judgments-1434-volume-24.pdf,53,57,5,3a9e4f7753b2f178b7d6a81729ec250e632ad41f6427051b52b4bfb0d12d0ab6,517051,True
moj-1434-v24-p58-3422002,moj-1434-v24-p58-3422002.pdf,moj-judgments-1434-volume-24.pdf,58,64,7,fc1be8c93c2f0294d4e1de3544273cc27036abb72c04e18d364629032d674b8f,547148,True
moj-1434-v24-p65-3436837,moj-1434-v24-p65-3436837.pdf,moj-judgments-1434-volume-24.pdf,65,71,7,b347a87d196ce2dacbeac887fa975da8402f0a16ae33ce12373e8141895efbaf,529434,True
moj-1434-v24-p72-33708489,moj-1434-v24-p72-33708489.pdf,moj-judgments-1434-volume-24.pdf,72,80,9,88382db82c6c0463b9b996257e0583db539a3d9beb7686c34fd088ec387e3e02,1311279,True
moj-1434-v24-p81-3465258,moj-1434-v24-p81-3465258.pdf,moj-judgments-1434-volume-24.pdf,81,86,6,6cb10075bab104f0309fdd2f72a76d733e61ac5884f54346cf3b341d10dadcb3,507986,True
moj-1434-v24-p87-3438115,moj-1434-v24-p87-3438115.pdf,moj-judgments-1434-volume-24.pdf,87,92,6,9823aba3021d4bbd54147d7261784c0bbf370dfbf3bb00f84578c52ff0d4335e,503677,True
moj-1434-v24-p93-3451637,moj-1434-v24-p93-3451637.pdf,moj-judgments-1434-volume-24.pdf,93,98,6,ebadb2db086356024f7e0fc8f5e47835cc7ee0b756226dfdda90b3e8d9bea504,505411,True
moj-1434-v24-p99-34238176,moj-1434-v24-p99-34238176.pdf,moj-judgments-1434-volume-24.pdf,99,109,11,98cf27fd4edc1e4b9ed49b738ba23e212100eef76782dd7ed00478bccc07b5f7,512250,True
moj-1434-v24-p110-33470421,moj-1434-v24-p110-33470421.pdf,moj-judgments-1434-volume-24.pdf,110,115,6,c161b17da47cb14888807c47051c0164bfd8a7a4e739181cfcedf725d8f9c7e1,504033,True
moj-1434-v24-p116-34206789,moj-1434-v24-p116-34206789.pdf,moj-judgments-1434-volume-24.pdf,116,138,23,da6ad5a7c17f7f73370ec010b701036ee9513a06be28ea88b0e3cf34639fddaf,564407,True
moj-1434-v24-p139-34226363,moj-1434-v24-p139-34226363.pdf,moj-judgments-1434-volume-24.pdf,139,149,11,0903edcd37442b5b7b06164335ca41165d7d1a5864d2621233a2ed61fb2f938f,513768,True
moj-1434-v24-p150-34251708,moj-1434-v24-p150-34251708.pdf,moj-judgments-1434-volume-24.pdf,150,159,10,7d98be39356db92d4a586fdace33e528401ef22ae89b3f5e29ab3dcd2b635356,520056,True
moj-1434-v24-p160-34252636,moj-1434-v24-p160-34252636.pdf,moj-judgments-1434-volume-24.pdf,160,162,3,7362e4c8bac12f33d5603e061be09b8869b2774d3f5ca90844bb129388e066cd,503146,True
moj-1434-v24-p163-34277055,moj-1434-v24-p163-34277055.pdf,moj-judgments-1434-volume-24.pdf,163,174,12,1e17e74d4721f88c43078ea51e2078cd46f14420cd7bc55a1c33823807bc93ad,1285598,True
moj-1434-v24-p175-3233216,moj-1434-v24-p175-3233216.pdf,moj-judgments-1434-volume-24.pdf,175,203,29,c603daaecc43d0af69281b3b43641494f7848966b5beb081939508198f0d1b9a,587219,True
moj-1434-v24-p204-3244413,moj-1434-v24-p204-3244413.pdf,moj-judgments-1434-volume-24.pdf,204,248,45,0d6fe7de17882df8e00d2f38fd6d94a489f2c4e4f084cf466b6e0ca5681535ed,1429652,True
moj-1434-v24-p249-3449559,moj-1434-v24-p249-3449559.pdf,moj-judgments-1434-volume-24.pdf,249,258,10,c6fee44cb15a847aa02f5336d4b026b9da15845a9f412f9077d3dfb13cc31fad,1296419,True
moj-1434-v24-p259-3431544,moj-1434-v24-p259-3431544.pdf,moj-judgments-1434-volume-24.pdf,259,264,6,3a0c7642711034f5c42e49caf3d43635bb774da191049e471fcd6edc9e81a134,493168,True
moj-1434-v24-p265-3434798,moj-1434-v24-p265-3434798.pdf,moj-judgments-1434-volume-24.pdf,265,270,6,b1a0c74abdda523b667ac667c4a01c6ce1adf7edbd378aed0fbff8c5da402342,506351,True
moj-1434-v24-p271-34186818,moj-1434-v24-p271-34186818.pdf,moj-judgments-1434-volume-24.pdf,271,276,6,bd0a7f213441096d65a8414954dc4ab6afe336707c25eca4553fc785c63ad369,507665,True
moj-1434-v24-p277-34183270,moj-1434-v24-p277-34183270.pdf,moj-judgments-1434-volume-24.pdf,277,282,6,7e0b94cf8189d532ed307cfb459fc7ce0463baf69cd84e6d9fb5ade79df4d3b7,1265742,True
moj-1434-v24-p283-34212286,moj-1434-v24-p283-34212286.pdf,moj-judgments-1434-volume-24.pdf,283,288,6,d2049dd8d9ca92af419e6971ea54b37b870eb22afde9bbe11845d78afa7fbdaf,504588,True
moj-1434-v24-p289-3452949,moj-1434-v24-p289-3452949.pdf,moj-judgments-1434-volume-24.pdf,289,294,6,222b8b2860edd77a55bdaf1001b4c914bf65bbd5b451b3bc0ea9e373a73730e3,503603,True
moj-1434-v24-p295-33441188,moj-1434-v24-p295-33441188.pdf,moj-judgments-1434-volume-24.pdf,295,311,17,161fb52eb4d8f134ba509cb15df75dd61d9cf935e5c5bde451e1ca27b5966d4b,536542,True
moj-1434-v24-p312-3444778,moj-1434-v24-p312-3444778.pdf,moj-judgments-1434-volume-24.pdf,312,324,13,da6f66bb4bc518c3a261253a7350bffe4779ca903ab0e9363c87b5d7955287da,1282853,True
moj-1434-v24-p325-34190287,moj-1434-v24-p325-34190287.pdf,moj-judgments-1434-volume-24.pdf,325,332,8,bd8ad4f2a9338d6d8a57eaf6deb0a9d4df082110e8a50b167657764356f9ccc0,1251572,True
moj-1434-v24-p333-34176550,moj-1434-v24-p333-34176550.pdf,moj-judgments-1434-volume-24.pdf,333,338,6,a501ea6ad0855ef8d531c0e40cb9e71aced4e237c43b00201d50feffbea0b983,1259365,True
moj-1434-v24-p339-3463748,moj-1434-v24-p339-3463748.pdf,moj-judgments-1434-volume-24.pdf,339,343,5,ac11aa08d4eefa10119284a0f67e75e9058856eb22bca58ca373206a5c39a8ec,493273,True
moj-1434-v24-p344-34191807,moj-1434-v24-p344-34191807.pdf,moj-judgments-1434-volume-24.pdf,344,351,8,84c6fd89ddfc1882f6517d24ffa9411166e51dbc137d8f0acf2589fee15352b6,513161,True
moj-1434-v24-p352-33418270,moj-1434-v24-p352-33418270.pdf,moj-judgments-1434-volume-24.pdf,352,358,7,0ee0e739c510e1fa26576f53ab004a8054585a7a9cf8db91d031777889b73dbd,517767,True
moj-1434-v24-p359-34240532,moj-1434-v24-p359-34240532.pdf,moj-judgments-1434-volume-24.pdf,359,369,11,876399d4a500b69509985740d640827ea7711f0f8fa6964c38094ccf3a588e58,844316,True
moj-1434-v25-p5-34270068,moj-1434-v25-p5-34270068.pdf,moj-judgments-1434-volume-25.pdf,5,10,6,6bface3c46592000d162e7e43679eed205b9495006f8c87faa91ba06cb9f7a1f,1289437,True
moj-1434-v25-p11-34170094,moj-1434-v25-p11-34170094.pdf,moj-judgments-1434-volume-25.pdf,11,17,7,6a913f20ea205db1d7421ebc60b0d3f24d418896274a40db2e74baea3bed88fd,531599,True
moj-1434-v25-p18-34244807,moj-1434-v25-p18-34244807.pdf,moj-judgments-1434-volume-25.pdf,18,32,15,cf98d88233246e5ba36b3e344ab8105f4581fda5ec8921ee2d542ff52bb93b62,1324142,True
moj-1434-v25-p33-33451065,moj-1434-v25-p33-33451065.pdf,moj-judgments-1434-volume-25.pdf,33,38,6,717da1807608b5b76a50fb7fc774e6dd11a083d2ff76b588982275abb9943cae,1266936,True
moj-1434-v25-p39-33391127,moj-1434-v25-p39-33391127.pdf,moj-judgments-1434-volume-25.pdf,39,46,8,61b121756e3da7becf8d99ef3850ebeee2761ddf7b4e4ad97ee38dd4d60d8cdc,1256814,True
moj-1434-v25-p47-34194066,moj-1434-v25-p47-34194066.pdf,moj-judgments-1434-volume-25.pdf,47,57,11,f4e02b508b2a5cbbe73e6ff1c6fab09769639e00212ab55d0d410b12e2102310,504852,True
moj-1434-v25-p58-35109290,moj-1434-v25-p58-35109290.pdf,moj-judgments-1434-volume-25.pdf,58,61,4,5930d3a49631607d92bab16f3333a9b141117e8b44c0e108004f5acbab0588ba,494340,True
moj-1434-v25-p62-33481065,moj-1434-v25-p62-33481065.pdf,moj-judgments-1434-volume-25.pdf,62,79,18,91c2aaccd6072b6e69716845a5d00dcb9e21f6a9abf52477c185a53bf1161eea,535239,True
moj-1434-v25-p80-33337036,moj-1434-v25-p80-33337036.pdf,moj-judgments-1434-volume-25.pdf,80,101,22,a63eaeef62b7f42e5edd05057d7deb6cbe81fc390bafdeee64dd473f04c6624a,546167,True
moj-1434-v25-p102-33321721,moj-1434-v25-p102-33321721.pdf,moj-judgments-1434-volume-25.pdf,102,110,9,eefa43d202c71717de1f69305a6c27fef7e3e69764db656b655263e93ebe9733,507974,True
moj-1434-v25-p111-3457976,moj-1434-v25-p111-3457976.pdf,moj-judgments-1434-volume-25.pdf,111,124,14,dbea98ce37a85fdc841c179f9a3f96a751efb33c16fa64a421eebd868f459d5b,527241,True
moj-1434-v25-p125-34665919,moj-1434-v25-p125-34665919.pdf,moj-judgments-1434-volume-25.pdf,125,132,8,786ea93f1b49bb2772ea575cae8b751d0180f76e4456acb9923066819920cd12,513974,True
moj-1434-v25-p133-3440354,moj-1434-v25-p133-3440354.pdf,moj-judgments-1434-volume-25.pdf,133,140,8,8e463249ef9a0cd4c2a019d7e58d3b6d58ebf3468d81a38b38bb143a72d57473,510404,True
moj-1434-v25-p141-3436922,moj-1434-v25-p141-3436922.pdf,moj-judgments-1434-volume-25.pdf,141,146,6,2cfe65a9d935e8b336a4d6b799a34c4e39fc45f768e83ce8fa6005f42455a384,491693,True
moj-1434-v25-p147-3452850,moj-1434-v25-p147-3452850.pdf,moj-judgments-1434-volume-25.pdf,147,153,7,dbf4179d043e883188cb449e98a34751f8dce3ed031d0e47c0cabe6f1249ebd5,492790,True
moj-1434-v25-p154-34165669,moj-1434-v25-p154-34165669.pdf,moj-judgments-1434-volume-25.pdf,154,161,8,dc16f8ba969e98a7243d066cf87898ca7ce61ac6f85dd9271c4956af6a1897b9,502465,True
moj-1434-v25-p162-34359573,moj-1434-v25-p162-34359573.pdf,moj-judgments-1434-volume-25.pdf,162,187,26,f3ba3a8f31a0327fb1cf93a92e4d2ca94f6f141276f99e2e31bb939b5afcc403,552741,True
moj-1434-v25-p188-34189490,moj-1434-v25-p188-34189490.pdf,moj-judgments-1434-volume-25.pdf,188,214,27,abdaa2e18a44ea96854c7e9e10fd29db5a1769dd101c86ab398e2115db3a2b06,568075,True
moj-1434-v25-p215-33212243,moj-1434-v25-p215-33212243.pdf,moj-judgments-1434-volume-25.pdf,215,222,8,0c5abdca7f5817e321f751e640a89dfbb2394b2737266b8d4bac1eb6bb4f4cd2,508036,True
moj-1434-v25-p223-33205932,moj-1434-v25-p223-33205932.pdf,moj-judgments-1434-volume-25.pdf,223,238,16,05081fe10eb32d97058e48d5a402afb30b482bddf823daaeb2defe9b0e0e29d9,527147,True
moj-1434-v25-p239-33303859,moj-1434-v25-p239-33303859.pdf,moj-judgments-1434-volume-25.pdf,239,272,34,4d9547ec33c75c33f011da64f39bf3dd68f5f83dc68074ccd2ab6532b077f21e,580154,True
moj-1434-v25-p273-33290357,moj-1434-v25-p273-33290357.pdf,moj-judgments-1434-volume-25.pdf,273,290,18,15c212f2dc9b8c3ddae3303f40740657004061b983145d5d6881298d52cf8bb2,537323,True
moj-1434-v25-p291-33462191,moj-1434-v25-p291-33462191.pdf,moj-judgments-1434-volume-25.pdf,291,305,15,344a287ac14a9f08cb82d4abc1a1d7ec0f7451f24c5fb399a7f186385779a57c,519511,True
moj-1434-v25-p306-33217509,moj-1434-v25-p306-33217509.pdf,moj-judgments-1434-volume-25.pdf,306,323,18,7a51ce6c62d335b76b46271822e412b764ecc4bb797e7b35d2c2e9151d278492,532378,True
moj-1434-v25-p324-33426193,moj-1434-v25-p324-33426193.pdf,moj-judgments-1434-volume-25.pdf,324,340,17,fa5f8c900164d5a46cffeca9836f9612fd9363d35a50d9c3782a509f2dd798e5,540809,True
moj-1434-v25-p341-33388499,moj-1434-v25-p341-33388499.pdf,moj-judgments-1434-volume-25.pdf,341,350,10,c0139865654ab4a05b5a097f7b7e2a69ceb47e29af277d6c0f00d158aed15d84,504315,True
moj-1434-v25-p351-33476192,moj-1434-v25-p351-33476192.pdf,moj-judgments-1434-volume-25.pdf,351,362,12,d34d16ee2701c527286e9d92fe3391b490ffc68a0953658c459af4b57901a43a,514864,True
moj-1434-v25-p363-33410091,moj-1434-v25-p363-33410091.pdf,moj-judgments-1434-volume-25.pdf,363,374,12,a499fb3b47fedb93d54b955a36899dd1dcb2c4defc6d34229e149083f6496c1f,519296,True
moj-1434-v25-p375-33463561,moj-1434-v25-p375-33463561.pdf,moj-judgments-1434-volume-25.pdf,375,380,6,c294b4fbb26719036f0704ab7789bcf33e4f48f8e6250a7df367dfd3270aa026,504037,True
moj-1434-v25-p381-33415014,moj-1434-v25-p381-33415014.pdf,moj-judgments-1434-volume-25.pdf,381,393,13,c04302eca6de29d323d685a8e8b729ee5f8b8ef73beac31f617eefc82d70d44e,517038,True
moj-1434-v25-p394-33480442,moj-1434-v25-p394-33480442.pdf,moj-judgments-1434-volume-25.pdf,394,420,27,47cf4f726c76d5fc4574b9020d5a3d2150e999648aa8828e6d3f944d6cde3634,907332,True
moj-1434-v26-p5-33448617,moj-1434-v26-p5-33448617.pdf,moj-judgments-1434-volume-26.pdf,5,13,9,a4c56fd450c868bfbc75df906b118dcbf6b90cdf6be0d3af7e5c567f63fb0d38,491668,True
moj-1434-v26-p14-33376865,moj-1434-v26-p14-33376865.pdf,moj-judgments-1434-volume-26.pdf,14,68,55,b95317441980c9c6452231e1240f25dd404b4c01ffc51924bcd5e855e5013e70,637514,True
moj-1434-v26-p69-33465260,moj-1434-v26-p69-33465260.pdf,moj-judgments-1434-volume-26.pdf,69,74,6,6db2253d15998f61a060e3e7625f4d617fce4650d156553e4968a50901641ae8,494062,True
moj-1434-v26-p75-33412831,moj-1434-v26-p75-33412831.pdf,moj-judgments-1434-volume-26.pdf,75,84,10,4933591cdfe326ab037f32ace264d2134ec2321d9a7be3b4b7015ea807974ce4,511203,True
moj-1434-v26-p85-34183961,moj-1434-v26-p85-34183961.pdf,moj-judgments-1434-volume-26.pdf,85,111,27,c208c675b6f98a7cb5843db919c424b0cbae1c214aaadfd979740a927cc5e926,563644,True
moj-1434-v26-p112-33471840,moj-1434-v26-p112-33471840.pdf,moj-judgments-1434-volume-26.pdf,112,138,27,c2f87be125bb9691f6066a0ee85be08653a6b07f75ffd5eac15a8fefce71b36b,564204,True
moj-1434-v26-p139-33430566,moj-1434-v26-p139-33430566.pdf,moj-judgments-1434-volume-26.pdf,139,144,6,01898aef51a1ad5835707edb7d100e568a5233f85ed67ec58e0f3c49e24a819a,498401,True
moj-1434-v26-p145-3461346,moj-1434-v26-p145-3461346.pdf,moj-judgments-1434-volume-26.pdf,145,155,11,4c38e7903138e6d9eb5ab7f8eb7f8fdf4b7a27b693a9d1c2f9ba59cb3a3b160b,513618,True
moj-1434-v26-p156-346374,moj-1434-v26-p156-346374.pdf,moj-judgments-1434-volume-26.pdf,156,165,10,15a32622fb8f0328195e06389f733236559d251cd6c802db0935e6b537e1b197,502046,True
moj-1434-v26-p166-3444627,moj-1434-v26-p166-3444627.pdf,moj-judgments-1434-volume-26.pdf,166,182,17,1029cd35c1acc25d603109fc9a818f94eba629127d0118c5ac08cf66a5121a61,538338,True
moj-1434-v26-p183-3344793,moj-1434-v26-p183-3344793.pdf,moj-judgments-1434-volume-26.pdf,183,192,10,aab3b3ccb3e8c194d892eb82393d63f1a19cad788d286829d9cfd38525cdabe0,503389,True
moj-1434-v26-p193-3433183,moj-1434-v26-p193-3433183.pdf,moj-judgments-1434-volume-26.pdf,193,198,6,0c22d36259c22b64210c0285ef19f375eff8f65db82d6b6486da7f07870bd15c,501211,True
moj-1434-v26-p199-33453198,moj-1434-v26-p199-33453198.pdf,moj-judgments-1434-volume-26.pdf,199,203,5,f6d794b88a64af80df6f7d97ea0e2f4ccfc5cc39fbe14b917e95ee3fb98b9cff,485044,True
moj-1434-v26-p204-33438406,moj-1434-v26-p204-33438406.pdf,moj-judgments-1434-volume-26.pdf,204,210,7,333587da495a418b266ea3b4fb4d924f18c75efde01103bfef50dcb9196cc0b1,511991,True
moj-1434-v26-p211-33438692,moj-1434-v26-p211-33438692.pdf,moj-judgments-1434-volume-26.pdf,211,221,11,b85306e932ecfd29c25a0c30856e10e831756fd4a3bc32871c61af62b1b453ca,506356,True
moj-1434-v26-p222-3435727,moj-1434-v26-p222-3435727.pdf,moj-judgments-1434-volume-26.pdf,222,227,6,9f017624fe707a7f80b29eb6932fc5229dfdedd228e639151bbab7ca8d284b5c,498581,True
moj-1434-v26-p228-3447287,moj-1434-v26-p228-3447287.pdf,moj-judgments-1434-volume-26.pdf,228,255,28,0569d761227e781d43d129db93ceba922722d4ac264310798a22300295b28a43,568750,True
moj-1434-v26-p256-3418395,moj-1434-v26-p256-3418395.pdf,moj-judgments-1434-volume-26.pdf,256,260,5,3fe744eeb67470f7f443002903f1d99a2f670cc03b1c4d11d0fc23a8eecd1a0e,507092,True
moj-1434-v26-p261-34166318,moj-1434-v26-p261-34166318.pdf,moj-judgments-1434-volume-26.pdf,261,272,12,01bbed658171a9fe0bf6321ee76b579ddb305f146bf96249167241b036b7aeef,600868,True
moj-1434-v26-p273-3426043,moj-1434-v26-p273-3426043.pdf,moj-judgments-1434-volume-26.pdf,273,281,9,122df589b781e1d67577e49aaafc13753c41092eb815915b1b7f0a929dbed29f,491406,True
moj-1434-v26-p282-33475432,moj-1434-v26-p282-33475432.pdf,moj-judgments-1434-volume-26.pdf,282,285,4,9d1ae3cace804331574dc5b82571ce1c1b7eae2534b6a677d5d197d4b100decb,498735,True
moj-1434-v26-p286-33476071,moj-1434-v26-p286-33476071.pdf,moj-judgments-1434-volume-26.pdf,286,293,8,a78456291e734911575afbffbd5d18458739d8f73928a08b3d5b1c77b862958d,505492,True
moj-1434-v26-p294-341243,moj-1434-v26-p294-341243.pdf,moj-judgments-1434-volume-26.pdf,294,298,5,0638052bd6cbb1e3523be4bda0d5090d44534ac7ccab0c8b18e0e791760e110e,506485,True
moj-1434-v26-p299-3433190,moj-1434-v26-p299-3433190.pdf,moj-judgments-1434-volume-26.pdf,299,302,4,b500470b62b483f220da2e23c509301c622f48439daa349593ecfdd1eab02365,493468,True
moj-1434-v26-p303-3459049,moj-1434-v26-p303-3459049.pdf,moj-judgments-1434-volume-26.pdf,303,309,7,871d8357a3e9f6c5f3af272b286afe8181edb637799ad3cbda2369ce5f400fc3,501180,True
moj-1434-v26-p310-34266892,moj-1434-v26-p310-34266892.pdf,moj-judgments-1434-volume-26.pdf,310,325,16,4dc72876e07c3bac2b290165045971152fc135c13b7590c32e2d20d5a590f979,526417,True
moj-1434-v26-p326-34279682,moj-1434-v26-p326-34279682.pdf,moj-judgments-1434-volume-26.pdf,326,330,5,d2671da71c3d34811faf1f6b622e84b42b5368465ef5885878fb376673b96787,506357,True
moj-1434-v26-p331-34240590,moj-1434-v26-p331-34240590.pdf,moj-judgments-1434-volume-26.pdf,331,336,6,b9f05d6c651d7b28fe6e98345ebb6edfb7b8efceb90a59a80bb2da64d44279d8,498069,True
moj-1434-v26-p337-34321237,moj-1434-v26-p337-34321237.pdf,moj-judgments-1434-volume-26.pdf,337,348,12,b00c1ff08fbca3f61896afc7981dd63580ff614d93b029c0b779fba78b9adfe1,523786,True
moj-1434-v26-p349-34216087,moj-1434-v26-p349-34216087.pdf,moj-judgments-1434-volume-26.pdf,349,354,6,9906fae37a9429f6be2e2937c394fc4ffcd9138f245157179c4bc92a249866a1,498602,True
moj-1434-v26-p355-34344724,moj-1434-v26-p355-34344724.pdf,moj-judgments-1434-volume-26.pdf,355,359,5,c2b836a92f184bf571e4932f8bfe0527a70be6cc72ed3bc708b267e42c5574de,487368,True
moj-1434-v26-p360-34352474,moj-1434-v26-p360-34352474.pdf,moj-judgments-1434-volume-26.pdf,360,365,6,70311119d88180e65e440c4b5a908285587476c37070431328ee6db1781aa68e,493843,True
moj-1434-v26-p366-34378220,moj-1434-v26-p366-34378220.pdf,moj-judgments-1434-volume-26.pdf,366,375,10,92af753a50d0e7c9aee8af04e829fd3d7ad6fb75bf55fc9b3937abce6f559376,840831,True
moj-1434-v27-p5-34312068,moj-1434-v27-p5-34312068.pdf,moj-judgments-1434-volume-27.pdf,5,9,5,bf2fa3fa1470436842d21ff2c2e11ed10933aae192472fb90122c03f556259a7,486743,True
moj-1434-v27-p10-34227186,moj-1434-v27-p10-34227186.pdf,moj-judgments-1434-volume-27.pdf,10,17,8,e57843c0d432a4a38f310c764460462b53568c364172bc24ca25d954553083d0,497646,True
moj-1434-v27-p18-3450816,moj-1434-v27-p18-3450816.pdf,moj-judgments-1434-volume-27.pdf,18,23,6,f74420b3aa862e8933e67102f05836ce08c7023f7e22595f0fa06f1ef0194844,488604,True
moj-1434-v27-p24-344014,moj-1434-v27-p24-344014.pdf,moj-judgments-1434-volume-27.pdf,24,33,10,c580506e9c6c5880c6bb602590d08cff6e3af26d41c4fc70d0590d8284669a09,502068,True
moj-1434-v27-p34-33471070,moj-1434-v27-p34-33471070.pdf,moj-judgments-1434-volume-27.pdf,34,45,12,3b586e5388e9ce6afcd373c3495e8550a88841282b8ff0cd02b2bcf5ba7bd066,512713,True
moj-1434-v27-p46-34187716,moj-1434-v27-p46-34187716.pdf,moj-judgments-1434-volume-27.pdf,46,54,9,b4d883f79538bd9d00df056ab09a521aef43053cade25de83495ff040087e4e3,512843,True
moj-1434-v27-p55-34289310,moj-1434-v27-p55-34289310.pdf,moj-judgments-1434-volume-27.pdf,55,65,11,696965576b457b57afe03031f7e90de61b4e84f9ed54f4ca3061451b5f959623,504962,True
moj-1434-v27-p66-34279674,moj-1434-v27-p66-34279674.pdf,moj-judgments-1434-volume-27.pdf,66,76,11,612556d640d8e885dcb51bccab6635ecca3980efd90165eb2601faca5be0ac0f,1285763,True
moj-1434-v27-p77-3411693,moj-1434-v27-p77-3411693.pdf,moj-judgments-1434-volume-27.pdf,77,82,6,c6632d85cd8c3630449f8dc58f1e42579a443f190d920355561fd0d09fd5ecbd,508501,True
moj-1434-v27-p83-34186538,moj-1434-v27-p83-34186538.pdf,moj-judgments-1434-volume-27.pdf,83,89,7,e7bf179d175bcbf0171650d21544c8f367363fc2ef9b98acdf79a33cb1a7e0ef,497575,True
moj-1434-v27-p90-34234470,moj-1434-v27-p90-34234470.pdf,moj-judgments-1434-volume-27.pdf,90,98,9,5fb02cbbe489ca4f3dd5130af4a18b512c1f597ce07ddcca55251dec2a93433d,523294,True
moj-1434-v27-p99-34246286,moj-1434-v27-p99-34246286.pdf,moj-judgments-1434-volume-27.pdf,99,106,8,06f9ab4833bbacbc6297e9dac5565015b6e7cc57868f38f3a02719a9856948be,1258894,True
moj-1434-v27-p107-34261554,moj-1434-v27-p107-34261554.pdf,moj-judgments-1434-volume-27.pdf,107,115,9,fa22c0c074f4b50c294439c91b143fa17590fdc214ece474dc424bab84e33322,519424,True
moj-1434-v27-p116-34301602,moj-1434-v27-p116-34301602.pdf,moj-judgments-1434-volume-27.pdf,116,125,10,75ba5ecb368de533fa3983083d9cdaf002736ef84b3be198fed7c248c01f6d7e,519964,True
moj-1434-v27-p126-3455295,moj-1434-v27-p126-3455295.pdf,moj-judgments-1434-volume-27.pdf,126,155,30,fc4b9c4f446c54005424befe656af50e5859d1efb5b8a53a5d81671d8bc9d527,585139,True
moj-1434-v27-p156-32312933,moj-1434-v27-p156-32312933.pdf,moj-judgments-1434-volume-27.pdf,156,175,20,e8928ff9f661ea05d2e3922707d0f083906e08a4196aedf686a02b78dbb714ea,555761,True
moj-1434-v27-p176-33396148,moj-1434-v27-p176-33396148.pdf,moj-judgments-1434-volume-27.pdf,176,189,14,946509dea05938cc631a14ea06e098e6151e6a93f0be1e8b706360aa14e8a54b,518377,True
moj-1434-v27-p190-3441136,moj-1434-v27-p190-3441136.pdf,moj-judgments-1434-volume-27.pdf,190,196,7,ac8f1686750db913ad00bb94c9a7ff63ec9684634e35794bd3b6c5f6a91cfffa,510008,True
moj-1434-v27-p197-33474652,moj-1434-v27-p197-33474652.pdf,moj-judgments-1434-volume-27.pdf,197,204,8,dc869791245b30fe166d31eb114405b2d4120375113289af5209e7d3d96c207a,511565,True
moj-1434-v27-p205-34266715,moj-1434-v27-p205-34266715.pdf,moj-judgments-1434-volume-27.pdf,205,210,6,abe50fec03319d8e1a85779315daaa01788f6e0b6db114ea4fdb663c4838dee8,500968,True
moj-1434-v27-p211-3423681,moj-1434-v27-p211-3423681.pdf,moj-judgments-1434-volume-27.pdf,211,221,11,63022234b17879afb25bcdba01a0fce70d5f1303311ed416bc31958177f35c6c,554255,True
moj-1434-v27-p222-349934,moj-1434-v27-p222-349934.pdf,moj-judgments-1434-volume-27.pdf,222,238,17,4b3b69ef2af5662c4e1b93fb5d273feba7d57a7fb855d2c165152740c98b60e8,544877,True
moj-1434-v27-p239-34176771,moj-1434-v27-p239-34176771.pdf,moj-judgments-1434-volume-27.pdf,239,252,14,3d22f7ab95ff6ea2bd9b8ebd55d411adb5fc080ebdc67c54a80b94aab8753f31,1274647,True
moj-1434-v27-p253-34239665,moj-1434-v27-p253-34239665.pdf,moj-judgments-1434-volume-27.pdf,253,260,8,7b889f011beed786feb2458956046376023543b45b48824e6d4d6f2810778546,505282,True
moj-1434-v27-p261-34206620,moj-1434-v27-p261-34206620.pdf,moj-judgments-1434-volume-27.pdf,261,266,6,c78c3808e797d79bc8294511cd7a177915df029eff39899281d34266dc4804ae,1241179,True
moj-1434-v27-p267-34229340,moj-1434-v27-p267-34229340.pdf,moj-judgments-1434-volume-27.pdf,267,272,6,6e222b0bb594f01fe624c97cff93279f08c0b6fa0e9a3f524a99f8f6d79b5eb9,500128,True
moj-1434-v27-p273-3430618,moj-1434-v27-p273-3430618.pdf,moj-judgments-1434-volume-27.pdf,273,277,5,e3b279c6b74d4e21b901ad614f61bf17b4d4d4e1b8391336a3112a24a73466c5,488307,True
moj-1434-v27-p278-33480856,moj-1434-v27-p278-33480856.pdf,moj-judgments-1434-volume-27.pdf,278,284,7,6da909a7ff0276e2ea990a038d79ee183c25ae411eefcc61b1accc1ce649e926,502946,True
moj-1434-v27-p285-33330091,moj-1434-v27-p285-33330091.pdf,moj-judgments-1434-volume-27.pdf,285,290,6,5c360c69b043044c80fc459467bd4a4b53c73e2ded654c6ce27636fd2dc4377a,490187,True
moj-1434-v27-p291-33436950,moj-1434-v27-p291-33436950.pdf,moj-judgments-1434-volume-27.pdf,291,298,8,a36bcc692b0389e4bcd476696553dc60166dcc6e3a127bd754fabff6211c4308,504926,True
moj-1434-v27-p299-33473671,moj-1434-v27-p299-33473671.pdf,moj-judgments-1434-volume-27.pdf,299,302,4,92af9d68fe6be7422ebd7c84f14cf53142243632d39a5171f7575aa7a4c5c8ca,492950,True
moj-1434-v27-p303-3454811,moj-1434-v27-p303-3454811.pdf,moj-judgments-1434-volume-27.pdf,303,307,5,2b7d115931bd22ecfff2389964520f301534277c4c544cc91dcc6291e333692f,489447,True
moj-1434-v27-p308-34192532,moj-1434-v27-p308-34192532.pdf,moj-judgments-1434-volume-27.pdf,308,317,10,65d629347098c3897c6b64502f1e0a435fefff916d91c78c05d9c13cfafbdc91,848535,True
moj-1434-v28-p5-34182567,moj-1434-v28-p5-34182567.pdf,moj-judgments-1434-volume-28.pdf,5,10,6,6c226037a255492d4bc4231341d73923e65935893011888b2c5e96f3821ab1e6,1257655,True
moj-1434-v28-p11-33312576,moj-1434-v28-p11-33312576.pdf,moj-judgments-1434-volume-28.pdf,11,14,4,689259e88a2d004bf14886625b46c7887903be27cf07b18f0e0f4f8b10d09951,497074,True
moj-1434-v28-p15-33476217,moj-1434-v28-p15-33476217.pdf,moj-judgments-1434-volume-28.pdf,15,18,4,d6f47014b31da14159bfc02ea2452eb3c29cd4bfc859898e2b896dfc4eceb448,500926,True
moj-1434-v28-p19-34385856,moj-1434-v28-p19-34385856.pdf,moj-judgments-1434-volume-28.pdf,19,22,4,023c3ebf30dfdd06ce1e84c7b64e9bbaa38e6db95eb38358fc4cc600c5d90eeb,495211,True
moj-1434-v28-p23-34358756,moj-1434-v28-p23-34358756.pdf,moj-judgments-1434-volume-28.pdf,23,30,8,ec2c55036a39c268be1f8edf3acfdc304a6af069422405010d7bf9a7dec106f3,1256604,True
moj-1434-v28-p31-3417867,moj-1434-v28-p31-3417867.pdf,moj-judgments-1434-volume-28.pdf,31,38,8,311bff55c137e3b4fad72a37e02c3a70549e0a2d86e764ac6672cbf9b36c2b18,511566,True
moj-1434-v28-p39-347226,moj-1434-v28-p39-347226.pdf,moj-judgments-1434-volume-28.pdf,39,45,7,f206fd1f266fad57bb2da769017e1100a6d9b9d9dbdaffb483b07352c507a1cf,494385,True
moj-1434-v28-p46-3410054,moj-1434-v28-p46-3410054.pdf,moj-judgments-1434-volume-28.pdf,46,51,6,8a9946472cf820b99e6562f77b5f445271b35ff0642e19e9b67f493bd29662fc,507546,True
moj-1434-v28-p52-3428954,moj-1434-v28-p52-3428954.pdf,moj-judgments-1434-volume-28.pdf,52,57,6,024eae7ada4df0f22cd34970cc710858f262e76668b306ec0b52d938b77794f6,515428,True
moj-1434-v28-p58-34173795,moj-1434-v28-p58-34173795.pdf,moj-judgments-1434-volume-28.pdf,58,63,6,d6f95d564236b5f7399f1b92dd6478d6c924acfbb6ece9ffc43aa0ad584fc32a,504541,True
moj-1434-v28-p64-3436726,moj-1434-v28-p64-3436726.pdf,moj-judgments-1434-volume-28.pdf,64,69,6,9d49f3a8294c1c65a5e01cbdf1722bb7d0d23f9b67bf4e366396084b4132a58d,505695,True
moj-1434-v28-p70-3453923,moj-1434-v28-p70-3453923.pdf,moj-judgments-1434-volume-28.pdf,70,76,7,06f8ee43d5307ebfc8735948d32cec95537b32594db60ca09968aaa0b29ed08f,515069,True
moj-1434-v28-p77-3445903,moj-1434-v28-p77-3445903.pdf,moj-judgments-1434-volume-28.pdf,77,81,5,6efdf65f583230ab2ebcfcd31cdef5147fe7791ef0d18fa25bc943ef4fb63b50,491856,True
moj-1434-v28-p82-3430162,moj-1434-v28-p82-3430162.pdf,moj-judgments-1434-volume-28.pdf,82,85,4,3ddd65518e11fbf9bdb6313aa7c5501ce90b98bd51f909466f9ce5d11e9bb80f,501700,True
moj-1434-v28-p86-3436706,moj-1434-v28-p86-3436706.pdf,moj-judgments-1434-volume-28.pdf,86,92,7,34de2ac7c86048518c08ce2addcfc30588b712e3b9f2e3fce50c70526b6f1f9c,515956,True
moj-1434-v28-p93-33477015,moj-1434-v28-p93-33477015.pdf,moj-judgments-1434-volume-28.pdf,93,95,3,d0a712aa7fb2bc6beb96f4fda2f74c90e8feee852b9bce09aa8cb60f91a0ccac,486435,True
moj-1434-v28-p96-34178278,moj-1434-v28-p96-34178278.pdf,moj-judgments-1434-volume-28.pdf,96,121,26,dceae21a25dbd08c7fc742fcb2dd2c115ed3d3289286f20bc65a0746e69c0854,608048,True
moj-1434-v28-p122-34233355,moj-1434-v28-p122-34233355.pdf,moj-judgments-1434-volume-28.pdf,122,129,8,dd23dd1913e59153eb0e0df5a7269384164f0237b0aaebaf626aa72e62c38226,514866,True
moj-1434-v28-p130-33122571,moj-1434-v28-p130-33122571.pdf,moj-judgments-1434-volume-28.pdf,130,142,13,b98bc95afa3927d1c6a2969e46307088a80beab6f3eaef9c1f4d48f90c9c94cf,533769,True
moj-1434-v28-p143-34294324,moj-1434-v28-p143-34294324.pdf,moj-judgments-1434-volume-28.pdf,143,146,4,d056dd2c6bc4ffede9a236e69d22032e0c5285569b848ad354ce14dff1aa8e2e,498118,True
moj-1434-v28-p147-33172818,moj-1434-v28-p147-33172818.pdf,moj-judgments-1434-volume-28.pdf,147,154,8,8baed69478f1fc5ab7e40a5eb109bc777cdb81f925133390f90fc56cfd6b2bee,529246,True
moj-1434-v28-p155-34191093,moj-1434-v28-p155-34191093.pdf,moj-judgments-1434-volume-28.pdf,155,159,5,e98cde3692b116d19522628d3e6c9422da6fa47852d2bf2fd59160f528a40ff6,493874,True
moj-1434-v28-p160-34197496,moj-1434-v28-p160-34197496.pdf,moj-judgments-1434-volume-28.pdf,160,165,6,4a0e8d6224667f9cfc8ab2842dc723f2daeb0398f1fcf6b0ca37849f25fa1406,504794,True
moj-1434-v28-p166-34181516,moj-1434-v28-p166-34181516.pdf,moj-judgments-1434-volume-28.pdf,166,172,7,3cc40e542024b3d1ec35e8543bddfbd9ae411f4f326fffb3c4fd6ac7156ba2b2,519476,True
moj-1434-v28-p173-34175102,moj-1434-v28-p173-34175102.pdf,moj-judgments-1434-volume-28.pdf,173,177,5,4afc9cebc10e41fe6ee4ad264455cf18ad05cd6e2dc5fb3fb0dcc9d5b5a97226,495512,True
moj-1434-v28-p178-3423576,moj-1434-v28-p178-3423576.pdf,moj-judgments-1434-volume-28.pdf,178,181,4,11074203030865b34ddb6e13ddab055f9956f3e2f31f8e698884734b1843f81d,499724,True
moj-1434-v28-p182-34201835,moj-1434-v28-p182-34201835.pdf,moj-judgments-1434-volume-28.pdf,182,186,5,d83fe07dc471eb45253ecf95019690fa610ba7e3c81ae9e50947744602875bd2,507893,True
moj-1434-v28-p187-3419952,moj-1434-v28-p187-3419952.pdf,moj-judgments-1434-volume-28.pdf,187,200,14,34cc16c21ca26bca76290ca242d794621ab15428d722c3c208f5a789d3e88ab4,543109,True
moj-1434-v28-p201-34197658,moj-1434-v28-p201-34197658.pdf,moj-judgments-1434-volume-28.pdf,201,206,6,7653efe622f73615a1b0e0a8c47479ffd0d3f46cd35dc2a29b413886854d208d,505424,True
moj-1434-v28-p207-3448338,moj-1434-v28-p207-3448338.pdf,moj-judgments-1434-volume-28.pdf,207,216,10,11a0a669dd4eee6c533ba0398d1a67e985c9ed6315483c7cdc3a6eea017248fd,509336,True
moj-1434-v28-p217-34171136,moj-1434-v28-p217-34171136.pdf,moj-judgments-1434-volume-28.pdf,217,220,4,37ba741e3fcacb41c33995e80e3b2d68e0ad90eba2c0981fd36b8d982816dac4,498927,True
moj-1434-v28-p221-34352250,moj-1434-v28-p221-34352250.pdf,moj-judgments-1434-volume-28.pdf,221,225,5,92582d652af52bb759332d0e367028c295a3f01c6c6b01956b87130fbe0c93b0,485708,True
moj-1434-v28-p226-34263116,moj-1434-v28-p226-34263116.pdf,moj-judgments-1434-volume-28.pdf,226,230,5,5b73b1a627b3d98b085c3e6571e3248f3fbcb2a75a611d5c8f0113a28893213c,507932,True
moj-1434-v28-p231-34204578,moj-1434-v28-p231-34204578.pdf,moj-judgments-1434-volume-28.pdf,231,235,5,f9da246aa4a63310b6f1d919bc8e6eedb8da1747b68ffde4f3cd4a85c2d7f6e7,485442,True
moj-1434-v28-p236-34363986,moj-1434-v28-p236-34363986.pdf,moj-judgments-1434-volume-28.pdf,236,242,7,5ef8636a4c23e164aa7dcbf78d66c262c67f6430caf368ad0f378e5a7e745467,510448,True
moj-1434-v28-p243-34264142,moj-1434-v28-p243-34264142.pdf,moj-judgments-1434-volume-28.pdf,243,245,3,ba0bd78e5dcfbe99c268608b50cc4876d5c3d0a93659b0355d2bbe286fbde9dc,483539,True
moj-1434-v28-p246-34322311,moj-1434-v28-p246-34322311.pdf,moj-judgments-1434-volume-28.pdf,246,251,6,805b0fb43d0054f6f11d2a4e0358d40ab5ce69eff56b517293737df82c052056,505041,True
moj-1434-v28-p252-34377323,moj-1434-v28-p252-34377323.pdf,moj-judgments-1434-volume-28.pdf,252,256,5,8b1184d84e8d72bdfa82d430071062bff88fe8529878c622ebbe91358b98a440,502227,True
moj-1434-v28-p257-34379338,moj-1434-v28-p257-34379338.pdf,moj-judgments-1434-volume-28.pdf,257,263,7,2df3b2fc44655e8e0d2dd8de4f406d245156e90d2fdf1cc74bb39eeb224ed147,493819,True
moj-1434-v28-p264-34351812,moj-1434-v28-p264-34351812.pdf,moj-judgments-1434-volume-28.pdf,264,270,7,0d6197e7e099f3d86031fe1249771bb75ab4bd6377dc04f4aaf9c1b39baae92c,1280717,True
moj-1434-v28-p271-33466146,moj-1434-v28-p271-33466146.pdf,moj-judgments-1434-volume-28.pdf,271,274,4,b1ff3cd72d07a9e770a78a97e6793fc097bfdabb9c1f0fbdc7a92dd3fd2b9ce5,502031,True
moj-1434-v28-p275-34496030,moj-1434-v28-p275-34496030.pdf,moj-judgments-1434-volume-28.pdf,275,280,6,f309d4a0db4e803343844da5581b4f547279c5c0515b6916e3aad8a2c108e66f,1266758,True
moj-1434-v28-p281-33445659,moj-1434-v28-p281-33445659.pdf,moj-judgments-1434-volume-28.pdf,281,298,18,a2c07a293a9d9c3f888bb116bf2bba7431936297783d4746fdf901f5980727ef,539491,True
moj-1434-v28-p299-34303379,moj-1434-v28-p299-34303379.pdf,moj-judgments-1434-volume-28.pdf,299,309,11,0957748fcb9f51e3688d828bde26be7c7a641db482cd4124a8a384aa963c3107,847413,True
case-ip-4530226536,case-ip-4530226536.pdf,ip-judgments-1446.pdf,2,4,3,93f3d3be6abd16cfda5913a2f905451f086c61c67eb7016476803e4da85cb1fb,114323,True
case-ip-4530301286,case-ip-4530301286.pdf,ip-judgments-1446.pdf,5,6,2,fae05e5dcdf37a25d6be42a46a6c61185081abdda923f91250eebb3398ed1de7,98781,True
case-ip-4530360213,case-ip-4530360213.pdf,ip-judgments-1446.pdf,7,8,2,2497938cf82b1065bb56cfbc0ceb465dbf94dcc98a7b09f1571c1837dea38569,105375,True
case-ip-4530405408,case-ip-4530405408.pdf,ip-judgments-1446.pdf,9,10,2,67f026aa1fce330c43eb8eb1b4c20a844376b545407c4eecc328da61018e3bd7,98306,True
case-ip-4530406780,case-ip-4530406780.pdf,ip-judgments-1446.pdf,11,12,2,a8f34214bacc4b8dfd8e905ae6287fca1426a2e84e3031b242ca0e271cfb85d6,107274,True
case-ip-4530329147,case-ip-4530329147.pdf,ip-judgments-1446.pdf,13,14,2,f8fd403e6dc764cd5693d1b3c951537b1e5b2737f2b11ab8c1743bacc33fb369,99044,True
case-ip-4530253532,case-ip-4530253532.pdf,ip-judgments-1446.pdf,15,18,4,e29db1a53652c7b79b78c8c6a6635884eaf650605e47448475224d297c2a8c78,139195,True
