source_id,url,final_url,sha256,bytes,status,documents_added_or_note
1,https://hkq.notion.site/4c84b1ee0c304c48a19d5ac454f96aa0?pvs=4,https://hkq.notion.site/4c84b1ee0c304c48a19d5ac454f96aa0?pvs=4,c3dccc94aaf40bf40a0b1e004acee3f7528730cdfa9b1fb352b1fdb942a58ad6,20034,html,1
4,https://drive.google.com/file/d/16yrmcFCz5BqtcFNkNgs-oe4wxTDtP5On/view,https://drive.usercontent.google.com/download?id=16yrmcFCz5BqtcFNkNgs-oe4wxTDtP5On&export=download,207ff05db161fea283cc23b35a067c84c13cf299618b506c088d726bc649bfa7,851427,pdftotext,1
6,https://drive.google.com/file/d/1KZt0IWMHv2fVTeORpE-SEW8cXoGvNIG6/view?usp=drive_link,https://drive.usercontent.google.com/download?id=1KZt0IWMHv2fVTeORpE-SEW8cXoGvNIG6&export=download,575d6ae9f71cf70e210e7648fdb2f320f414bd39667094ed74e159a0f2bd2c53,1719529,pdftotext,1
7,https://drive.google.com/file/d/15Em3bFUeawL7ZdGUo5SKFQeME6LwZHgF/view?usp=drive_link,https://drive.usercontent.google.com/download?id=15Em3bFUeawL7ZdGUo5SKFQeME6LwZHgF&export=download,9285f3166b57e8a248d030ec0910c35e7e5e66275ac2800b9235ec58c89068ef,652104,pdftotext,1
8,https://drive.google.com/file/d/1hkNKqiuCI6BAkmW9N8opaE8wVWUa0djR/view?usp=drive_link,https://drive.usercontent.google.com/download?id=1hkNKqiuCI6BAkmW9N8opaE8wVWUa0djR&export=download,74e36ba0fea9da7a2a4c40d84dc962be3296fd18d477b0e092f20c98e5d3ba87,60637,needs_ocr,0
10,https://drive.google.com/file/d/1ioKUrPnvkfVFJ-htAK2prMoOzV6dKU1E/view?usp=drive_link,https://drive.usercontent.google.com/download?id=1ioKUrPnvkfVFJ-htAK2prMoOzV6dKU1E&export=download,6fb44aded37a1afad7bb1fe0706ea7b6e96de32ef5738c7d837fb0bfd31bec2e,81504,unsupported_binary,0
11,https://drive.google.com/file/d/11u-V9PFl_2DskLnCTCQAh0L-qzvH6Xef/view?usp=drive_link,https://drive.usercontent.google.com/download?id=11u-V9PFl_2DskLnCTCQAh0L-qzvH6Xef&export=download,a45f635c34ba134d25d05414e95dcf6f3d954df9eb08a95a72d72a6d08227730,85284,unsupported_binary,0
15,https://drive.google.com/file/d/1laAZHt06TNXBLI_SAd-ABnZFfgmxA-cP/view?usp=drive_link,https://drive.usercontent.google.com/download?id=1laAZHt06TNXBLI_SAd-ABnZFfgmxA-cP&export=download,3de58ac0a01846bc9d5f428dc748ce4ef0e1d5dff342eff92e7700e0570547dc,169836,needs_ocr,0
17,https://drive.google.com/file/d/1h5DbyQZIz9QnB-1LvNpnEUrm2vMQL-OQ/view?usp=drive_link,https://drive.usercontent.google.com/download?id=1h5DbyQZIz9QnB-1LvNpnEUrm2vMQL-OQ&export=download,d39ca6e5150e4745c29a4e63fb7eb7bd466cb6012607c6f5b159d79de515e98d,150168,needs_ocr,0
20,https://drive.google.com/file/d/1OP7_0--1Ve7cwVzy3Pc5hSuXcyEHn-oC/view?usp=drive_link,https://drive.usercontent.google.com/download?id=1OP7_0--1Ve7cwVzy3Pc5hSuXcyEHn-oC&export=download,2dc8ddce0947786fe65a64157e01f4cc04770274b80e81c08093097e918db8d7,731964,pdftotext,1
22,https://drive.google.com/file/d/13ah3xrVXMwsICMfXiE4NYTYy6BuRWXMO/view?usp=drive_link,https://drive.usercontent.google.com/download?id=13ah3xrVXMwsICMfXiE4NYTYy6BuRWXMO&export=download,5edff5c0d40f116d1d6007fc20a8c8321a7f7b9410516ffda0b2e3b78622b2c1,51624,unsupported_binary,0
24,https://drive.google.com/file/d/1LWpQ0PTm2a35N6rDivmrdglMfidBaQjw/view?usp=drive_link,https://drive.usercontent.google.com/download?id=1LWpQ0PTm2a35N6rDivmrdglMfidBaQjw&export=download,cc189177f4ca847981abbf4adb13bc4c877012b06ba8aa38ff3f39aa62deef4f,631579,needs_ocr,0
26,https://drive.google.com/file/d/1puGm3O74ssi69-jugXmDRjIrEXavMDzF/view?usp=drive_link,https://drive.usercontent.google.com/download?id=1puGm3O74ssi69-jugXmDRjIrEXavMDzF&export=download,175a8eb086e2c94b18074607b6e16dd6c98ae3de8d54ee91f076db221a22c28b,117460,needs_ocr,0
30,https://drive.google.com/file/d/1feyyv1IjQnn8BNOjxMVeBMv6ihbCf-8H/view?usp=drive_link,https://drive.usercontent.google.com/download?id=1feyyv1IjQnn8BNOjxMVeBMv6ihbCf-8H&export=download,fda9fe814f980d336882abec80591ac33ba1ff27f2169caf94ce0ccd1293f0b7,40361,needs_ocr,0
32,https://drive.google.com/file/d/1EJi1V1n8SjAj33s33wYlIh1Sf6WRzWTO/view?usp=drive_link,https://drive.usercontent.google.com/download?id=1EJi1V1n8SjAj33s33wYlIh1Sf6WRzWTO&export=download,912da2b6efacbe5783288638eb865e408afac139584af5a302962b38bff8c038,77743,unsupported_binary,0
35,https://drive.google.com/file/d/1a1wdArUhp4bGNNYhiT4BRyeWTfFphCwg/view?usp=drive_link,https://drive.usercontent.google.com/download?id=1a1wdArUhp4bGNNYhiT4BRyeWTfFphCwg&export=download,4872912e5eaae67e3f68ba670d06040647d5e0b945ce4de8d2eb1ba5becf76a5,71921,unsupported_binary,0
38,https://drive.google.com/file/d/1xKfRdnQIRYXr8Q7eSHe2ew0f1jkaKsAh/view?usp=drive_link,https://drive.usercontent.google.com/download?id=1xKfRdnQIRYXr8Q7eSHe2ew0f1jkaKsAh&export=download,9648726a16244186d868002390b79fb8f7f05da9984b5d5312290e9bf4e51366,286774,needs_ocr,0
41,https://drive.google.com/file/d/14ORHgIUGIn9VXT9XMShZrNJbj1L0qSjL/view?usp=drive_link,https://drive.usercontent.google.com/download?id=14ORHgIUGIn9VXT9XMShZrNJbj1L0qSjL&export=download,5373c5ac4d573b53049ad12a5bc81bae2c84cdb5f0532cfccc90a9faf12f79dd,37395,needs_ocr,0
44,https://drive.google.com/file/d/1pF3JbaNoth_GM0BY2IDeb2I3YlCUkDwD/view?usp=drive_link,https://drive.usercontent.google.com/download?id=1pF3JbaNoth_GM0BY2IDeb2I3YlCUkDwD&export=download,4d820260e5ba49c3c2bb8db4b2b0adfd639f0be2c0d0c3f0757f957c25b410a0,103607,unsupported_binary,0
46,https://drive.google.com/file/d/1f0FeMPf4xsnPKPSCr0gJ2l3hPQ2xhV-_/view?usp=drive_link,https://drive.usercontent.google.com/download?id=1f0FeMPf4xsnPKPSCr0gJ2l3hPQ2xhV-_&export=download,e97c1e73996a9fe74f9276ebd53c55ec14cd73b523d30af130a4f4422ae800aa,88798,unsupported_binary,0
50,https://drive.google.com/file/d/1v_6se9GJK5IRc9SaAqAp51Ty60vBD1Vt/view?usp=drive_link,https://drive.usercontent.google.com/download?id=1v_6se9GJK5IRc9SaAqAp51Ty60vBD1Vt&export=download,f38adaa51b846e8c3249b161763fd56ee71c06cb47834a1f798241a470be3a02,97246,unsupported_binary,0
52,https://drive.google.com/file/d/1_AI2hxPQ1WK0lt-Th6VKnx7CWmJN5xk_/view?usp=drive_link,https://drive.usercontent.google.com/download?id=1_AI2hxPQ1WK0lt-Th6VKnx7CWmJN5xk_&export=download,2ac51ab5fc049c4c012b8bec0a455ac2aadd30e9d30d60f7531c5a9b7ebdd659,93443,unsupported_binary,0
56,https://drive.google.com/file/d/10RKHpJ5oiJ2yJXxbdqzTq-6XzslBxAbe/view?usp=drive_link,https://drive.usercontent.google.com/download?id=10RKHpJ5oiJ2yJXxbdqzTq-6XzslBxAbe&export=download,a77656cef0d21f0d16a816c680980720629b0448c884e56d2d96a06a4cd9414e,260164,unsupported_binary,0
58,https://drive.google.com/file/d/1Z8KEh7Lg0xwlclB9qyWuyma4GirExmCc/view?usp=drive_link,https://drive.usercontent.google.com/download?id=1Z8KEh7Lg0xwlclB9qyWuyma4GirExmCc&export=download,f173eb1c5eff4550a9dd8ddfd214660c6617b9e7ad88364ea877a78b5d53d9a0,154192,pdftotext,1
61,https://drive.google.com/file/d/1aTivDAiOnV6BdszUL0E_Q-ZFlOHzavGd/view?usp=drive_link,https://drive.usercontent.google.com/download?id=1aTivDAiOnV6BdszUL0E_Q-ZFlOHzavGd&export=download,536810835169da0532fce6c084b3a8cdfadd759f5aa6cef872ca5c52ca6f1ba7,1181172,needs_ocr,0
64,https://drive.google.com/file/d/1FR-RNB9LZbMeQM2N0Ds7cM6gUMt_6W3V/view?usp=drive_link,https://drive.usercontent.google.com/download?id=1FR-RNB9LZbMeQM2N0Ds7cM6gUMt_6W3V&export=download,62fb1cbccbaa434521653ca4bd4f4fdacab869aefbcd2c3ce565b5727d06656f,152076,needs_ocr,0
66,https://drive.google.com/file/d/1ljOuA8q4wTvRoBB2w2ob_SE6Url9gXOM/view?usp=drive_link,https://drive.usercontent.google.com/download?id=1ljOuA8q4wTvRoBB2w2ob_SE6Url9gXOM&export=download,11b8ddd0b1183bb72c00f51d6242473762ee70b91aa75b88b1fc6b08a11ba2b9,44288,unsupported_binary,0
68,https://drive.google.com/file/d/1AaFpL3Y_2yhv8CdiDXYTG1236fFtJyUe/view,https://drive.usercontent.google.com/download?id=1AaFpL3Y_2yhv8CdiDXYTG1236fFtJyUe&export=download,30754ce82e0a334b79663a6d2115d7023b6014de0827abf5915f5f7bb356f3ea,162013,unsupported_binary,0
70,https://drive.google.com/file/d/1eZMf3Qe0Gy1YHwxDyqMCHzoIWE3uLmh1/view?usp=drive_link,https://drive.usercontent.google.com/download?id=1eZMf3Qe0Gy1YHwxDyqMCHzoIWE3uLmh1&export=download,b395c65d7a46f93262d39de130f077b06fe5764b02ceeddb12c8ffbec1b1d048,60045,needs_ocr,0
72,https://drive.google.com/file/d/1cXFAQBCvyOf-jbUnaTK4XupSxdhfZQm7/view?usp=drive_link,https://drive.usercontent.google.com/download?id=1cXFAQBCvyOf-jbUnaTK4XupSxdhfZQm7&export=download,0993ad4e45334b9f91c7057f1a8484b4b56de52d8421fd201de3901c50027026,50718,needs_ocr,0
74,https://drive.google.com/file/d/1qoFl5Qsz4yehPn_xlMEny--HgQRZ7wXW/view?usp=drive_link,https://drive.usercontent.google.com/download?id=1qoFl5Qsz4yehPn_xlMEny--HgQRZ7wXW&export=download,f076ba7a616d0995084cb6f37735e1078e56b407d1bdd721c6833eecb3844ffe,60574,unsupported_binary,0
77,https://drive.google.com/file/d/1qz9P_oDZ2yz9PDYZ3Pmi5nFBW4oiEezI/view?usp=drive_link,https://drive.usercontent.google.com/download?id=1qz9P_oDZ2yz9PDYZ3Pmi5nFBW4oiEezI&export=download,de580e46207ac18726f60a6ac8b89a1d0964de394fe250a3bbd91bd6480b3a5d,1031166,needs_ocr,0
80,https://drive.google.com/file/d/1fcEsrK5aFoF--UFlTPU-oo8I09SZFfCX/view?usp=drive_link,https://drive.usercontent.google.com/download?id=1fcEsrK5aFoF--UFlTPU-oo8I09SZFfCX&export=download,a83a1116a34a50bb24b97a10f712d00d46cd5ff4fc5ccfd4a392dd0204455c47,1659874,needs_ocr,0
82,https://drive.google.com/file/d/1FqAU9YmV1UtbSfkzH2_IixqX-jTMOJ91/view?usp=drive_link,https://drive.usercontent.google.com/download?id=1FqAU9YmV1UtbSfkzH2_IixqX-jTMOJ91&export=download,f739ee681b83541ee9ffe07b11d57da7fc4e12f9a752fb8b62915b9f6cad6791,87867,unsupported_binary,0
84,https://drive.google.com/file/d/1RklyiRciawyn2avT2GE-wrub831vxAP_/view?usp=drive_link,https://drive.usercontent.google.com/download?id=1RklyiRciawyn2avT2GE-wrub831vxAP_&export=download,630f618389a0ce5b17d8e937f77b4c690e94dc825f288ee208cce5da65f87552,225413,unsupported_binary,0
87,https://drive.google.com/file/d/16NKiARvDb9xJ03VGv5NqQlJqFiqg4MeB/view?usp=drive_link,https://drive.usercontent.google.com/download?id=16NKiARvDb9xJ03VGv5NqQlJqFiqg4MeB&export=download,32237fbc9cbe4713e6ab722f460cdeddc9eeaf997fa7f242a24a3097c40ad11f,1193504,needs_ocr,0
90,https://drive.google.com/file/d/1NL5IkNChzfYCh91Eebk1eypeXiomuknS/view?usp=drive_link,https://drive.usercontent.google.com/download?id=1NL5IkNChzfYCh91Eebk1eypeXiomuknS&export=download,619050c223cd9da18955419651bf9cca8cf65243140a62c218cb17d3bf308cad,865055,needs_ocr,0
92,https://drive.google.com/file/d/1m7IrY8fIr3FHJwkWjSNcvw16dia5INPq/view?usp=drive_link,https://drive.usercontent.google.com/download?id=1m7IrY8fIr3FHJwkWjSNcvw16dia5INPq&export=download,101ca9337e790f374b7a79c3ab0aa782898395405c838ec275d1b074f7dedb2d,34395,unsupported_binary,0
94,https://drive.google.com/file/d/1LLWIy8S-PfVwJ7H4lxr_qbyLHLU6JFZ8/view?usp=drive_link,https://drive.usercontent.google.com/download?id=1LLWIy8S-PfVwJ7H4lxr_qbyLHLU6JFZ8&export=download,dab11e05f8046742c55cc6483809b39b142415b6d91486472ede1b3126c5ad52,79067,unsupported_binary,0
95,https://drive.google.com/file/d/1v4UD_VagolM8b6h1LVLKJtJGeWrA9XE8/view?usp=drive_link,https://drive.usercontent.google.com/download?id=1v4UD_VagolM8b6h1LVLKJtJGeWrA9XE8&export=download,c2c091d76638570778757da6f42f8bf843caa9d8ea795df26bf3f2c940c93b78,82056,unsupported_binary,0
97,https://drive.google.com/file/d/1E1PbiUZfE6ZPVKLkJiuolLOGkpOiWtyS/view?usp=drive_link,https://drive.usercontent.google.com/download?id=1E1PbiUZfE6ZPVKLkJiuolLOGkpOiWtyS&export=download,a9190cb0a0a22a723a90de171e9a84acdd936c821fa7af3704133fcef0f2cb00,51945,needs_ocr,0
100,https://drive.google.com/file/d/1ggP4WP2WJPAepAZnsjh_usYzFOsJ00yh/view?usp=drive_link,https://drive.usercontent.google.com/download?id=1ggP4WP2WJPAepAZnsjh_usYzFOsJ00yh&export=download,6bbc0a2e8a5171d5d3de2665f304e3701d778a91d6f2e0c9129d6314cf7c0ace,96551,unsupported_binary,0
101,https://drive.google.com/file/d/1lotFhKNL8C1YsA0oIcCoKuAOHerAJzyj/view?usp=drive_link,https://drive.usercontent.google.com/download?id=1lotFhKNL8C1YsA0oIcCoKuAOHerAJzyj&export=download,3168a4c72886ef83f22cfcf7e06128c37f0f2d3154ea72b26d9494f5aac0df36,1217720,needs_ocr,0
102,https://drive.google.com/file/d/1S79UqwNCxdkiyqnMtdRcc7YHfA7HrvPr/view?usp=drive_link,https://drive.usercontent.google.com/download?id=1S79UqwNCxdkiyqnMtdRcc7YHfA7HrvPr&export=download,83a869b96772bdb138b04335935aae8828d87f2b00f1787159f104488cbfa0c5,2971632,pdftotext,1
103,https://drive.google.com/file/d/1_MKvKfCWXwAOwWFIPvLXp6FKUnwnca86/view?usp=drive_link,https://drive.usercontent.google.com/download?id=1_MKvKfCWXwAOwWFIPvLXp6FKUnwnca86&export=download,c2e858e88f5e74f32ca3b4324072a870ed16848c1a5d30bc52c67b92b57548ef,92486,unsupported_binary,0
105,https://drive.google.com/file/d/1QqbfC6xV6fwmTm6L39YG8aklVIFOSFNy/view?usp=drive_link,https://drive.usercontent.google.com/download?id=1QqbfC6xV6fwmTm6L39YG8aklVIFOSFNy&export=download,ae3295871c858ab008323902b0ef60373e6b139d757012a60dfe6bf353642f73,390458,pdftotext,1
107,https://drive.google.com/file/d/1gBJCEXc76Ky01ox90Z8-kBocPCDFDNL5/view?usp=drive_link,https://drive.usercontent.google.com/download?id=1gBJCEXc76Ky01ox90Z8-kBocPCDFDNL5&export=download,d00788625ec45b9d9dcaf48a745b767de1cffd83cec65b3705043583c6608a53,4844752,pdftotext,1
108,https://drive.google.com/file/d/1qRgGtLXfHqSe1AD3v5vTCuJmX0pVtrLs/view?usp=drive_link,https://drive.usercontent.google.com/download?id=1qRgGtLXfHqSe1AD3v5vTCuJmX0pVtrLs&export=download,9d60bfebdc507344aa5482daffe8aca3d4b7181c830d183c5e5280e7b35a5d66,7200321,pdftotext,1
109,https://drive.google.com/file/d/1COkM_wNoUno6rX0vNTqaa84WfQ47t9Nf/view?usp=drive_link,https://drive.usercontent.google.com/download?id=1COkM_wNoUno6rX0vNTqaa84WfQ47t9Nf&export=download,bb9cdbe1659558f1b445328bdb9e50ffe8f9f0f11e5bacadde2a10f5eba76910,535792,needs_ocr,0
111,https://drive.google.com/file/d/1aRXxTFZp6ss4LqWxpDZZ1FBqvWR-yFu_/view?usp=drive_link,https://drive.usercontent.google.com/download?id=1aRXxTFZp6ss4LqWxpDZZ1FBqvWR-yFu_&export=download,e645d1cdd20bc4eb9a2d748f010920ad2bf8020acf25f99c8a8d484a0efebbf6,295775,needs_ocr,0
114,https://drive.google.com/file/d/1SpjBw0RxJRJonvxabRyZz4-TgYq7VLaC/view?usp=drive_link,https://drive.usercontent.google.com/download?id=1SpjBw0RxJRJonvxabRyZz4-TgYq7VLaC&export=download,a78470e603321c651405f26f45fd49396d03ea73ba5cadf2d4dfdc5392313d70,3740721,pdftotext,1
115,https://drive.google.com/file/d/1LrzcMv_n7tKN71UB44XVAYYa9YB_GPKy/view?usp=drive_link,https://drive.usercontent.google.com/download?id=1LrzcMv_n7tKN71UB44XVAYYa9YB_GPKy&export=download,ea1f88e922e55d306ba355c2fb33ce8d14f6c0cd296b5dfa6962c626e2179e9b,204033,pdftotext,1
116,https://drive.google.com/file/d/1Qc6xiQ-EDwvcGP9JemUhANoAzmup6JE-/view?usp=drive_link,https://drive.usercontent.google.com/download?id=1Qc6xiQ-EDwvcGP9JemUhANoAzmup6JE-&export=download,36755928110b36496cf2a143ef82e932af1cb8d7ff822043a33942f7b435f143,266908,pdftotext,1
117,https://drive.google.com/file/d/1NGbH5y-m83PAq4bdTGsfOa97fXDTqs55/view?usp=drive_link,https://drive.usercontent.google.com/download?id=1NGbH5y-m83PAq4bdTGsfOa97fXDTqs55&export=download,67e4ca72d9cce5dae52957d70d24b58818c7c62b0be56b7163d6ad5671f1c78d,77921,needs_ocr,0
120,https://drive.google.com/file/d/1203lRo8sSJsqXkhSf5oo7xXUJv5PgNc4/view?usp=drive_link,https://drive.usercontent.google.com/download?id=1203lRo8sSJsqXkhSf5oo7xXUJv5PgNc4&export=download,65e4d3c570021857dbd05850b587a87394501c40243d08c899824f35ba922af4,280057,pdftotext,1
122,https://drive.google.com/file/d/1P9DF9HeFrXLoub5i6iP7LWBYQXVKGfVj/view?usp=drive_link,https://drive.usercontent.google.com/download?id=1P9DF9HeFrXLoub5i6iP7LWBYQXVKGfVj&export=download,8172d005a059ac7275eb05174623f561bf3e10b7e021eab31860e19d711669a4,406995,pdftotext,1
124,https://drive.google.com/file/d/1jpNUhP0dt7oDn0MoF68u-xQ2deFqFWzp/view?usp=drive_link,https://drive.usercontent.google.com/download?id=1jpNUhP0dt7oDn0MoF68u-xQ2deFqFWzp&export=download,8b49c234688b3d7e8035604a8c474a8a2870fbb102f98907ca7da5a7fbf83b5b,406810,pdftotext,1
127,https://drive.google.com/file/d/1KdC_0Zj-TaHHLu2K7UNb92KHV44ZPqoE/view?usp=drive_link,https://drive.usercontent.google.com/download?id=1KdC_0Zj-TaHHLu2K7UNb92KHV44ZPqoE&export=download,fb28daf024e2d0d563f15b0925f882b90be1ea90b1372e9e637667545101fabd,407359,pdftotext,1
130,https://drive.google.com/file/d/1dxThQjmgRQM6jkwW0_k7zr-lMgmgXTJC/view?usp=drive_link,https://drive.usercontent.google.com/download?id=1dxThQjmgRQM6jkwW0_k7zr-lMgmgXTJC&export=download,a168afa4f5a5efb71a8a881e50733008fd7bfb1148a8cdd8e10104f77485f7da,18505587,pdftotext,1
132,https://drive.google.com/file/d/18j0w3cTnUHALkHOCRjP_LKPDts_sHHff/view?usp=drive_link,https://drive.usercontent.google.com/download?id=18j0w3cTnUHALkHOCRjP_LKPDts_sHHff&export=download,1dacfacdb4818ce1d1bf0d599e7cd4ffefb8e6689411575c4193c3b2ce129d66,4531843,pdftotext,34
134,https://drive.google.com/file/d/1H92Ng6xlC0ZNpaY36zP9x0EIImY06oJ8/view?usp=drive_link,https://drive.usercontent.google.com/download?id=1H92Ng6xlC0ZNpaY36zP9x0EIImY06oJ8&export=download,43ff2e2f896a9c1e71e19cdc57a0cc9159be1305856073b7ff049db1fd7db222,614505,pdftotext,1
135,https://drive.google.com/file/d/1HbbyfORnsUuhYs6HLOjoTwXOYgdkVUc-/view?usp=drive_link,https://drive.usercontent.google.com/download?id=1HbbyfORnsUuhYs6HLOjoTwXOYgdkVUc-&export=download,593f33ed30d7e5e3beecc16fd54ab6f73bcc3917d226043fcc12e35703aa5ba0,185361,unsupported_binary,0
136,https://drive.google.com/file/d/1lk73fSBN4xccP4CmqG-XmBG-n_OLuZZ3/view?usp=drive_link,https://drive.usercontent.google.com/download?id=1lk73fSBN4xccP4CmqG-XmBG-n_OLuZZ3&export=download,69446631200cd6c495289d723f0ffe9d52424b4efcf5e977706c225c50096c8f,720763,pdftotext,1
137,https://drive.google.com/file/d/1wpbs3h2uY_s9GVcfW10tOJbbmdElm33L/view?usp=drive_link,https://drive.usercontent.google.com/download?id=1wpbs3h2uY_s9GVcfW10tOJbbmdElm33L&export=download,65d3ee4cfbfd6df91025bbbc8d6134c7d94269e148d1c7212d0c800ac439c406,1544007,pdftotext,1
138,https://drive.google.com/file/d/1OKGthLe8hQVAk1YHnRkNb2JuFsO3nSY8/view?usp=drive_link,https://drive.usercontent.google.com/download?id=1OKGthLe8hQVAk1YHnRkNb2JuFsO3nSY8&export=download,9b549d12be101bb5a321c0052bfbacc0e53d1e846920a2880b68b83d420b67d4,1141354,pdftotext,1
139,https://drive.google.com/file/d/19qZNFxndFNDz6NIYgf32HdNcCi-iup54/view?usp=drive_link,https://drive.usercontent.google.com/download?id=19qZNFxndFNDz6NIYgf32HdNcCi-iup54&export=download,c78ba1735cf130a74302c40af8ffd42602aed265b3cf7e81316bbda415e682f6,11194422,pdftotext,1
141,https://drive.google.com/file/d/1E2ZSmegCAnWo6d0wwDdGosmzEnFIhHKp/view?usp=drive_link,https://drive.usercontent.google.com/download?id=1E2ZSmegCAnWo6d0wwDdGosmzEnFIhHKp&export=download,46f6bb7097019dd94e3707b7bc99f786a1b9aa0bf1c7d8b5b723f9109edf1e32,8735535,pdftotext,1
143,https://drive.google.com/file/d/1wPZmyJZ_gkBiT5PwDiP1WsGy1dHCyGDW/view?usp=drive_link,https://drive.usercontent.google.com/download?id=1wPZmyJZ_gkBiT5PwDiP1WsGy1dHCyGDW&export=download,484c4762fe18c0246f3d3eb4c0fc1cb8340ad81a68f424022f253cca3a74c3e2,814856,pdftotext,1
144,https://drive.google.com/file/d/1MPjQKamLEsfKnJKeigIv3vf5x9ppUjQu/view?usp=drive_link,https://drive.usercontent.google.com/download?id=1MPjQKamLEsfKnJKeigIv3vf5x9ppUjQu&export=download,daea07b1fb9bcc2765a0bddcb52332de37bddd0728ee068aaccbe217224918cc,645653,pdftotext,1
145,https://drive.google.com/file/d/1xq6sUo6sSZk4mjT3OaX03p-6RalV7D6b/view?usp=drive_link,https://drive.usercontent.google.com/download?id=1xq6sUo6sSZk4mjT3OaX03p-6RalV7D6b&export=download,5ab1438bbb6b1ed6706a3ec4859203dc44d058dc06dbde0d18efeb33ba58420f,470650,pdftotext,1
146,https://drive.google.com/file/d/1-hV74uzRazqR6ScCmpNwf-8xGAP4H-3V/view?usp=drive_link,https://drive.usercontent.google.com/download?id=1-hV74uzRazqR6ScCmpNwf-8xGAP4H-3V&export=download,047b2df30c8e9125dcb278cefb15c01da7540b3856cfa572d8a7056d7b445d9e,32770117,needs_ocr,0
147,https://drive.google.com/file/d/1Ft1xVuAFU79DU3GZQKs0tUWQG6s3_wnl/view?usp=drive_link,https://drive.usercontent.google.com/download?id=1Ft1xVuAFU79DU3GZQKs0tUWQG6s3_wnl&export=download,cfb1433c2099d36a932929236ed27573e05379c49d9acb4163849ae1bfb8f51b,264831,pdftotext,1
149,https://drive.google.com/file/d/11Yf4O9HLWwNv79-E9E8wsMIkqg32229v/view?usp=drive_link,https://drive.usercontent.google.com/download?id=11Yf4O9HLWwNv79-E9E8wsMIkqg32229v&export=download,46156a6613c400238b9b3d338adf0f46e7d636fffa05fa8806325dd49e418894,1557552,needs_ocr,0
151,https://drive.google.com/file/d/1G3sf6TgyQbonswcAdFnvHoEuTyat8WHC/view?usp=drive_link,https://drive.usercontent.google.com/download?id=1G3sf6TgyQbonswcAdFnvHoEuTyat8WHC&export=download,4bb0feb94979e8fd5793a6487c558963356f9b85c5d52fc59c25322a87d2a069,1714036,pdftotext,1
152,https://drive.google.com/file/d/1v1TuXOS2lqYD09DXE3m1fz1nSdEukSV4/view?usp=drive_link,https://drive.usercontent.google.com/download?id=1v1TuXOS2lqYD09DXE3m1fz1nSdEukSV4&export=download,b05f5fc49c9aa2d7bbb57cfb29ab475b1ef895b3b06a8ec268a713aa2d6dce07,73602,unsupported_binary,0
153,https://docs.google.com/document/d/195o5M21UDhhZGFaocJ0gLRwrnpuz-t6l/edit?usp=drive_link&ouid=106502800010968857763&rtpof=true&sd=true,https://doc-04-9c-docstext.googleusercontent.com/export/e6hpso97lrhpva19l3uocm525o/1vv872h476f20fpio0u1fggfok/1787806525000/106502800010968857763/*/195o5M21UDhhZGFaocJ0gLRwrnpuz-t6l?format=docx,4d1e1ce0a6ce7803ad4c34b127722317e14a1bba46a5a622f15ab1a8cbbab6c1,267981,office_xml,1
155,https://drive.google.com/file/d/1CKMnV2xPNngictNrEvybWlv2_qzvKxlT/view?usp=drive_link,https://drive.usercontent.google.com/download?id=1CKMnV2xPNngictNrEvybWlv2_qzvKxlT&export=download,fde51d1c80f94b78ff9906255891ec01be0b4fc56d1533ae16adb461e9d61b92,250549,pdftotext,1
157,https://drive.google.com/file/d/1wL1aBxBd_glp1s85zkTLqnstPqEkV52P/view?usp=drive_link,https://drive.usercontent.google.com/download?id=1wL1aBxBd_glp1s85zkTLqnstPqEkV52P&export=download,f97e542720f25c17a11f1bd00fe604a03264de7b3119b1262863e8744c4afde0,1431697,pdftotext,1
158,https://drive.google.com/file/d/1NVbgZWD1G5E0L3-yyzrYDFogy5qY_58I/view?usp=drive_link,https://drive.usercontent.google.com/download?id=1NVbgZWD1G5E0L3-yyzrYDFogy5qY_58I&export=download,db3633c47b33389190b7a788054c0d22ee1ca508b28a78caa4b834b2163fd1ba,1082635,pdftotext,1
159,https://drive.google.com/file/d/17aP9MrVnZlehvkGdcOP81s7ouvt4GYlY/view?usp=drive_link,https://drive.usercontent.google.com/download?id=17aP9MrVnZlehvkGdcOP81s7ouvt4GYlY&export=download,25c81757c2f765478b39646ffeb0714ce6a16a4592c91c604a0f39d3d161d4f6,380297,pdftotext,1
161,https://docs.google.com/spreadsheets/d/1JwKI9nqwSZ_p9ciKhbWlFgxjVroch4lc/edit?usp=drive_link&ouid=106502800010968857763&rtpof=true&sd=true,https://doc-10-6k-sheets.googleusercontent.com/export/54bogvaave6cua4cdnls17ksc4/j8q6p2jhlme1lgtvptpk6j2kv8/1787806525000/106502800010968857763/*/1JwKI9nqwSZ_p9ciKhbWlFgxjVroch4lc?format=xlsx,fbea8602d673130343cf76f7f7fef12a3efddbc6e9462c7b510479153b10d22c,57634,office_xml,1
162,https://drive.google.com/file/d/1Qkp-J-_yDgTpsoQHxoevsD9CKE4Cl8Bx/view?usp=drive_link,https://drive.usercontent.google.com/download?id=1Qkp-J-_yDgTpsoQHxoevsD9CKE4Cl8Bx&export=download,07e87a389317a0f49db06d7ea1f9462558b580690a7893fabfd76d4ae3ed61c7,874111,pdftotext,1
163,https://drive.google.com/file/d/12HWJsDu41C8sucltIv4YhOKXjSdG5-e5/view?usp=drive_link,https://drive.usercontent.google.com/download?id=12HWJsDu41C8sucltIv4YhOKXjSdG5-e5&export=download,e2da137253b13b60acd5dd30bbb07ac94166e3b9d3807759ce5dd4244921820f,2616996,pdftotext,1
164,https://drive.google.com/file/d/18kNvdmcU22f9gP_KoD6bdMLo74kVpms5/view?usp=drive_link,https://drive.usercontent.google.com/download?id=18kNvdmcU22f9gP_KoD6bdMLo74kVpms5&export=download,aaa9cd441704c3ecec56d0f7c35d23e1dfcaa0cfa6a73b945c3adb56795fd73f,1474010,pdftotext,1
165,https://docs.google.com/document/d/1NOIjZShmHw93ElMRiI1mmq0NZoCDCm8C/edit?usp=drive_link&ouid=106502800010968857763&rtpof=true&sd=true,https://doc-00-9c-docstext.googleusercontent.com/export/e6hpso97lrhpva19l3uocm525o/vf7qeogvh1jvqrcvobbvu80i7g/1787806525000/106502800010968857763/*/1NOIjZShmHw93ElMRiI1mmq0NZoCDCm8C?format=docx,b7a6dd3b1f1d49668780702012f370ab0a778929f9be796d0a7ec4af74f00893,114097,office_xml,1
167,https://drive.google.com/file/d/1aCQQ1jJUJLw8Dhz_h2T8LLwBT_BYIuF9/view?usp=drive_link,https://drive.usercontent.google.com/download?id=1aCQQ1jJUJLw8Dhz_h2T8LLwBT_BYIuF9&export=download,f60530901765a0fcdbb39f8f064387c747cedb3b8e8705f326d815bf3e3321ac,803680,pdftotext,1
169,https://docs.google.com/document/d/1vSoUEbibgZlTOPIs4OEwmFkxOZxPWmii/edit?usp=drive_link&ouid=106502800010968857763&rtpof=true&sd=true,https://doc-0o-9c-docstext.googleusercontent.com/export/e6hpso97lrhpva19l3uocm525o/32fa2748rvpi8ge3vn51fkniqo/1787806525000/106502800010968857763/*/1vSoUEbibgZlTOPIs4OEwmFkxOZxPWmii?format=docx,c2c054604485d4e003998c6bb0d521a0389ba0f50e8e44de752832251af9cb7b,772530,office_xml,1
171,https://drive.google.com/file/d/1u8iby-IyWsziOGUHTn84eVD5XK8SQ-Ad/view?usp=drive_link,https://drive.usercontent.google.com/download?id=1u8iby-IyWsziOGUHTn84eVD5XK8SQ-Ad&export=download,7930a8b6bb9c098acdd25ffa27ddf91f8572abbdfd20533f2f954f430c7603f4,2808454,pdftotext,235
173,https://drive.google.com/file/d/1XJUkpcGD4uOzYFzP-ZuWF0LfvH4eoU_o/view?usp=drive_link,https://drive.usercontent.google.com/download?id=1XJUkpcGD4uOzYFzP-ZuWF0LfvH4eoU_o&export=download,80aa6d630354716fd6bdb29de57c8f909e970a04dbcd9a7e750564a8f848fd37,529979,pdftotext,1
174,https://drive.google.com/file/d/13JdlWSZKbVsNIB8DPfcrHd_CpQ_U-0Ha/view?usp=drive_link,https://drive.usercontent.google.com/download?id=13JdlWSZKbVsNIB8DPfcrHd_CpQ_U-0Ha&export=download,4bfa59ddd41b4dbb436140ef92b8ca405e71e1682ed4a76417169ba4deb67522,77047,needs_ocr,0
177,https://drive.google.com/file/d/1GOPQJUmcznKjdqiLXoqRDbvFe3NCM4-y/view?usp=drive_link,https://drive.usercontent.google.com/download?id=1GOPQJUmcznKjdqiLXoqRDbvFe3NCM4-y&export=download,3b9aa2f794a8484acd42dbc2b73acdb1ed30924a2171c08d4596b468749af75f,82851,needs_ocr,0
180,https://drive.google.com/file/d/10fsMTQRYoND08VYj7j1IbmFbTvdpXSix/view?usp=drive_link,https://drive.usercontent.google.com/download?id=10fsMTQRYoND08VYj7j1IbmFbTvdpXSix&export=download,be67212b846818b4d4844f16e6bbb1bfcf6f091c0c3e70df266e020502d61db9,73032,needs_ocr,0
182,https://drive.google.com/file/d/1Tvn9GFUxOEqsHo4BT92wyeJnMtvwKrE8/view?usp=drive_link,https://drive.usercontent.google.com/download?id=1Tvn9GFUxOEqsHo4BT92wyeJnMtvwKrE8&export=download,911f38b97bc2da761721de1b3c58e08078d0eba26c9da32d2277b2e4da443335,68671,needs_ocr,0
184,https://drive.google.com/file/d/1mLeqiXREvnxooyC7WjSSTcHxneZMK_8o/view?usp=drive_link,https://drive.usercontent.google.com/download?id=1mLeqiXREvnxooyC7WjSSTcHxneZMK_8o&export=download,35311d860dd3cab6cc70f552ba83587291e84f78244ca41b89b3215979b28bd4,73057,needs_ocr,0
186,https://drive.google.com/file/d/1faDe_jg7uADUIefrb8K12W_pw4gr0Vfg/view?usp=drive_link,https://drive.usercontent.google.com/download?id=1faDe_jg7uADUIefrb8K12W_pw4gr0Vfg&export=download,713dfe7977aff4471c1be20129d14a12fbfb219112e09e8a0481d633acf92d59,2118544,needs_ocr,0
188,https://drive.google.com/file/d/1kn_m0-KeXKKkx9chjykCMDTzDrlx6cKy/view?usp=drive_link,https://drive.usercontent.google.com/download?id=1kn_m0-KeXKKkx9chjykCMDTzDrlx6cKy&export=download,bee0888977f34be4302c3fa719068013ef74c3d01510d7d098be7001be5eec3d,98054,needs_ocr,0
191,https://drive.google.com/file/d/1dqbBFPCRGNQDG5Aey3hnm1BQbsYDWKGN/view?usp=drive_link,https://drive.usercontent.google.com/download?id=1dqbBFPCRGNQDG5Aey3hnm1BQbsYDWKGN&export=download,c52c1d849caf089a15772e64c4a41e3d52f8ab55c5051cbdf98dafdf18d07983,174330,needs_ocr,0
193,https://drive.google.com/file/d/1JXt3Ww86TQwjv2PCZFpN0_Dj8zTeW8Au/view?usp=drive_link,https://drive.usercontent.google.com/download?id=1JXt3Ww86TQwjv2PCZFpN0_Dj8zTeW8Au&export=download,e40d0bd98413723db4fc0517dd40ce360308e63df9cf2a47c8fc34f4744ef9e9,61230,needs_ocr,0
196,https://drive.google.com/file/d/1evbZLBqTzFjyJrIFIxhgqIXjICVCQ2te/view?usp=drive_link,https://drive.usercontent.google.com/download?id=1evbZLBqTzFjyJrIFIxhgqIXjICVCQ2te&export=download,0d1e60ec4c7fd8c9b27310ba1bcc38ebf30bd794a70247badde498f197b99f34,55733,needs_ocr,0
198,https://drive.google.com/file/d/1WfR3bm14IChOcQdYcJOvLztSpNH0N9sp/view?usp=drive_link,https://drive.usercontent.google.com/download?id=1WfR3bm14IChOcQdYcJOvLztSpNH0N9sp&export=download,f9eb366c8da0f97074f33f8f87feaf575d17712c1b915eacc5baa7b946acd81c,264040,needs_ocr,0
200,https://drive.google.com/file/d/1rPC8SOtQfOVJJsz2YKO_LeIHmSJ2cTZI/view?usp=drive_link,https://drive.usercontent.google.com/download?id=1rPC8SOtQfOVJJsz2YKO_LeIHmSJ2cTZI&export=download,9a3634cf150349379e92cd61bdf063f38ee80038b368dd4a8829888699bf112d,769963,pdftotext,1
202,https://drive.google.com/file/d/1mr_Fzrk0gl5vdeuko5Q_VmnzwtsXlAsi/view?usp=drive_link,https://drive.usercontent.google.com/download?id=1mr_Fzrk0gl5vdeuko5Q_VmnzwtsXlAsi&export=download,ca4fa5925f1f2398dae309f7a3ba16fa87e54e6cc152c3eb0690793261b62dc0,12209587,needs_ocr,0
204,https://drive.google.com/file/d/170wG2AxcapLwnnvgXwROXqAqkv313PH8/view?usp=drive_link,https://drive.usercontent.google.com/download?id=170wG2AxcapLwnnvgXwROXqAqkv313PH8&export=download,2cf6ea242b67d291a59b07b1e225390869cd8487bb1a50a89b272d1a90ae0616,2888623,needs_ocr,0
207,https://drive.google.com/file/d/1ZxBTeoobn7o9-kJi4XA3ygfuPYRHf9_K/view?usp=drive_link,https://drive.usercontent.google.com/download?id=1ZxBTeoobn7o9-kJi4XA3ygfuPYRHf9_K&export=download,7095035e585b1b52a6ae5c9f59aacec0125c579e15a0fc6bb0ba4e1ba315fb5d,789844,pdftotext,1
208,https://drive.google.com/file/d/137hk3UhdV36AMgE2O5KZUNMfKShMnUsx/view?usp=drive_link,https://drive.usercontent.google.com/download?id=137hk3UhdV36AMgE2O5KZUNMfKShMnUsx&export=download,98d54eb8bda56db2a1a36f67fda7ef52d637bd8b6fa82148ed27f631485a5013,372819,pdftotext,1
209,https://drive.google.com/file/d/1ANMa1rEuEngL9VsOHj9GJkJ-Q2kpmC29/view?usp=drive_link,https://drive.usercontent.google.com/download?id=1ANMa1rEuEngL9VsOHj9GJkJ-Q2kpmC29&export=download,78ca95aca0932bdeaebe72837533dcbe4283e2bd76fd6e580166cdedb155dc39,589058,pdftotext,1
210,https://drive.google.com/file/d/1YvnxqRlQzyk4P4f7uzx58wQoX_rE1z-c/view?usp=drive_link,https://drive.usercontent.google.com/download?id=1YvnxqRlQzyk4P4f7uzx58wQoX_rE1z-c&export=download,eb0f0498d150bfc6cad673ec401ef75ea8fdc8d77c7e1be8ba34b669cfaee596,1013284,pdftotext,1
212,https://drive.google.com/file/d/1ADUcskAmlgX0LTgKkdq2DKQQJfRC4mCz/view?usp=drive_link,https://drive.usercontent.google.com/download?id=1ADUcskAmlgX0LTgKkdq2DKQQJfRC4mCz&export=download,311255f126f4d28a9ee7eb2c00032801a76c309ec1a6413a5bd095e06ede229a,441518,pdftotext,1
213,https://drive.google.com/file/d/1gI0MgaYzx035z3iRPLp9IfJ2Vk5ywS4y/view?usp=drive_link,https://drive.usercontent.google.com/download?id=1gI0MgaYzx035z3iRPLp9IfJ2Vk5ywS4y&export=download,c1ea9c39b1801a5425aa6c46f01b87cf8ac61a7b6b30d10c2ed6cb92e180dc40,11989235,pdftotext,1
217,https://drive.google.com/file/d/1oPAEk1irh9ocHSY8hoytfSBALn0tmXab/view?usp=drive_link,https://drive.usercontent.google.com/download?id=1oPAEk1irh9ocHSY8hoytfSBALn0tmXab&export=download,2154806c1c2520f86e8857dd2bc265f464e33c417fac6284efcf24568011f814,396780,pdftotext,1
219,https://drive.google.com/file/d/12KTDPZuT-VDBwz9r16Dzl8gsUnMuNuVa/view?usp=drive_link,https://drive.usercontent.google.com/download?id=12KTDPZuT-VDBwz9r16Dzl8gsUnMuNuVa&export=download,4ed21558a1f53c35377cdc4eb79da5b1431bb5f01106c3c401857a2098cc6061,346653,pdftotext,1
220,https://drive.google.com/file/d/1paFTW5egLNVmIdqooU38Qc-fPhsFVLt9/view?usp=drive_link,https://drive.usercontent.google.com/download?id=1paFTW5egLNVmIdqooU38Qc-fPhsFVLt9&export=download,776ec09c6156dd31d656a299f7460779ced34557a22e8cced96b2b300dcd5e35,1921941,pdftotext,1
221,https://drive.google.com/file/d/1LwIKkGzq-mOm0W7rg5kd6ZBysOuGbzrs/view?usp=drive_link,https://drive.usercontent.google.com/download?id=1LwIKkGzq-mOm0W7rg5kd6ZBysOuGbzrs&export=download,554f2b8b67bebfb0a4e590a1866a72020d29e1c86de03033189b6332c24af883,704443,pdftotext,1
223,https://drive.google.com/file/d/1Om_2FCPzUOMgPYrCq8ECXz6GbVzuRpmc/view?usp=drive_link,https://drive.usercontent.google.com/download?id=1Om_2FCPzUOMgPYrCq8ECXz6GbVzuRpmc&export=download,9e5b3d252159aefd84db28fc14b61c8b3b8f6655d68d8813cb076274e7edca32,2246126,pdftotext,1
226,https://drive.google.com/file/d/1V5yj34a6va7TRyV7mXM75O16Ml-N-4TM/view?usp=drive_link,https://drive.usercontent.google.com/download?id=1V5yj34a6va7TRyV7mXM75O16Ml-N-4TM&export=download,9163e46b16716ce0dff5502f8e255174ff225e40dd02225e859ada794357212e,807160,pdftotext,1
227,https://drive.google.com/file/d/1K7Kya2qKrjiCoTWWw6Pw-lwNJpQzAmIt/view?usp=drive_link,https://drive.usercontent.google.com/download?id=1K7Kya2qKrjiCoTWWw6Pw-lwNJpQzAmIt&export=download,d30e7d18837848f57a68d4cae9f4e9c1aa140faabfc2fa49e0a1b2c7d716791c,1704491,pdftotext,1
229,https://drive.google.com/file/d/1pROilt8IQmcoN0z7u6ReNGJHeKPJ3ySL/view?usp=drive_link,https://drive.usercontent.google.com/download?id=1pROilt8IQmcoN0z7u6ReNGJHeKPJ3ySL&export=download,1bf94d92c98a54b7675be1312508d95a732683ddabef754b9f45ffaf21b2a64d,23515601,pdftotext,1
230,https://drive.google.com/file/d/1IJIFbHPA3jQ7onLhmsgvkedQJLE06kku/view?usp=drive_link,https://drive.usercontent.google.com/download?id=1IJIFbHPA3jQ7onLhmsgvkedQJLE06kku&export=download,5a11a894e654366676176b1dee84ea64eda6b6d8d4af6a634c4549c3b35b87a5,3613847,pdftotext,1
231,https://drive.google.com/file/d/1UIvpRKGd3bMnVkclSbV7U6ncrbmoweEW/view?usp=drive_link,https://drive.usercontent.google.com/download?id=1UIvpRKGd3bMnVkclSbV7U6ncrbmoweEW&export=download,9cc9a034914820d8b6f90df42b655dd414e3ad817a14453faa3d4ad61e461a82,504513,pdftotext,1
232,https://drive.google.com/file/d/1O7XefyZpDmpXpFBjxnHyVQjHcc25ANYX/view?usp=drive_link,https://drive.usercontent.google.com/download?id=1O7XefyZpDmpXpFBjxnHyVQjHcc25ANYX&export=download,a8e234251c746f3f441dad2d6ae85960896bb9c37731e6cfb9ba4e90b9049468,4216856,pdftotext,1
233,https://drive.google.com/file/d/1U-DIn8hJ0CCcHCHFTzO30gkufq-CDcxx/view?usp=drive_link,https://drive.usercontent.google.com/download?id=1U-DIn8hJ0CCcHCHFTzO30gkufq-CDcxx&export=download,52ccecdaf26a03c03a86c55d3014f6458a6d5d8260f55b9a08ea4a8208f32830,1894558,pdftotext,1
234,https://drive.google.com/file/d/1kDq4AuquigiYM-yvdfd71ZeWYmPPLQ_c/view?usp=drive_link,https://drive.usercontent.google.com/download?id=1kDq4AuquigiYM-yvdfd71ZeWYmPPLQ_c&export=download,967d51c2df4dd3299b2fb7f4e3d7d27a0a3e5d8f5621fef68019b6ce7787453c,426328,pdftotext,1
236,https://drive.google.com/file/d/1OH4YuaInhSasS_YR1KDoQMV-xKoLPIUQ/view?usp=drive_link,https://drive.usercontent.google.com/download?id=1OH4YuaInhSasS_YR1KDoQMV-xKoLPIUQ&export=download,9f94465218f0a83eeaf45131a92019b0ff1b1543aaadb1d46086e6b8a78599f6,1163774,pdftotext,1
237,https://docs.google.com/spreadsheets/d/1-knOqj4HcYB3wdjC_JRTyNGxVxpE411T/edit?usp=drive_link&ouid=106502800010968857763&rtpof=true&sd=true,https://doc-0o-6k-sheets.googleusercontent.com/export/54bogvaave6cua4cdnls17ksc4/duku6gbh72631gp1hhkpgndb4k/1787806535000/106502800010968857763/*/1-knOqj4HcYB3wdjC_JRTyNGxVxpE411T?format=xlsx,c9475814a0536be28fa3131eede7babb36398b35e7ee6a40a4387623e41bd7d8,49554,office_xml,1
238,https://drive.google.com/file/d/1kF2InnqfiPrXHLByg_XaVb3N4uSkmi1T/view?usp=drive_link,https://drive.usercontent.google.com/download?id=1kF2InnqfiPrXHLByg_XaVb3N4uSkmi1T&export=download,583a7926dcf92984c42fcdb96a08319d858525916037e74637c7360a74819529,4272274,pdftotext,1
239,https://drive.google.com/file/d/190wwd9WKjr4xK6vdzwGVHmmHIQlp3wcB/view?usp=drive_link,https://drive.usercontent.google.com/download?id=190wwd9WKjr4xK6vdzwGVHmmHIQlp3wcB&export=download,6503bfc6e5274ea9ec8d66ea5f6793ace99eb2832dde1f12186383576edf4691,568577,pdftotext,1
240,https://drive.google.com/file/d/1mp3lpQgRZlVP-BdK6hVgWax1na8r_R7S/view?usp=drive_link,https://drive.usercontent.google.com/download?id=1mp3lpQgRZlVP-BdK6hVgWax1na8r_R7S&export=download,3b48e1561de6e162c959ff6a96590e34aafbec4c80e2f0b18abbfde37e862951,969268,pdftotext,1
241,https://drive.google.com/file/d/1IZnOJGv-OXgwYQFXD9tCar8bcLLjprun/view?usp=drive_link,https://drive.usercontent.google.com/download?id=1IZnOJGv-OXgwYQFXD9tCar8bcLLjprun&export=download,a3a7f0680679198eaf58f7cc4a626aae60dd1d904dfbd2b4d3e2b846028088f2,2022788,pdftotext,1
244,https://drive.google.com/file/d/19IN7znXD6dLoWDk2KiT5qoGSLpFzVG7I/view?usp=drive_link,https://drive.usercontent.google.com/download?id=19IN7znXD6dLoWDk2KiT5qoGSLpFzVG7I&export=download,dbc905c36ec6ca7b9a9e33629670776a0dd1d2ebb4f5609fe84cf8a5363bb1e8,776000,pdftotext,1
246,https://drive.google.com/file/d/1gobgGMD36lp5Jm-lNl4pjsPDln_CTVfA/view?usp=drive_link,https://drive.usercontent.google.com/download?id=1gobgGMD36lp5Jm-lNl4pjsPDln_CTVfA&export=download,f4623f3dfb3bf91949ed03036d6a546b9b30a24a7fb0987079b183b95a1bcdb1,1030053,pdftotext,1
248,https://drive.google.com/file/d/16Hfr-Vg0_Zgn7BDUGnhms9ttLv3wCrmP/view?usp=drive_link,https://drive.usercontent.google.com/download?id=16Hfr-Vg0_Zgn7BDUGnhms9ttLv3wCrmP&export=download,aef81ecf72631cd12f526ce9a6102cb852f7a969d7ee49f93d314875ddee3676,1194970,pdftotext,1
250,https://drive.google.com/file/d/1KWE9EmB-9kkxlfvPctsex6Lsr_xSs8zR/view?usp=drive_link,https://drive.usercontent.google.com/download?id=1KWE9EmB-9kkxlfvPctsex6Lsr_xSs8zR&export=download,8847df95fe553c53ba4c76302cfb2b66e9304e2d4408b96f0a066fb26b214734,1610057,pdftotext,1
251,https://docs.google.com/presentation/d/13RBjuX-5vFYN65H2tUUhfC1xQfd2vH7j/edit?usp=drive_link&ouid=106502800010968857763&rtpof=true&sd=true,https://doc-10-60-slides.googleusercontent.com/export/aimr0h2suon73ncmjrl9pqmmas/qkvcfqk3osdsr5krp3oavuk784/1787806535000/106502800010968857763/*/13RBjuX-5vFYN65H2tUUhfC1xQfd2vH7j?format=pptx,e6c55324bfe2a1a71e10dc999b66d37ce51fa1fdf6326fd23b42e41a4c915cf1,980875,office_xml,1
252,https://drive.google.com/file/d/1Oc0rDiIP5hGs_BlF50zsujHWV5rYBu4o/view?usp=drive_link,https://drive.usercontent.google.com/download?id=1Oc0rDiIP5hGs_BlF50zsujHWV5rYBu4o&export=download,372c5fe8835ab30ad50417ada668078d88289188e151c198d02ba531a8e02100,925192,pdftotext,1
254,https://drive.google.com/file/d/1_JJozB7eY-A-9H0kWQcJPkDa8r1ecZFf/view?usp=drive_link,https://drive.usercontent.google.com/download?id=1_JJozB7eY-A-9H0kWQcJPkDa8r1ecZFf&export=download,e33d636c8606a2de3ee2377b8801d15e910af4386e707faa81a58f29edf4849c,13263749,pdftotext,1
255,https://drive.google.com/file/d/1umcVMztQ1ugIOOu_kFnDkEw0VPGv3uUb/view?usp=drive_link,https://drive.usercontent.google.com/download?id=1umcVMztQ1ugIOOu_kFnDkEw0VPGv3uUb&export=download,1b6f0dcc320e25275a03d6fdbc0d06fa928111f2ffd3d9aec18da46482e18c2d,913734,pdftotext,1
256,https://drive.google.com/file/d/17FcOLp25sXTTzMdzHUmQgqKu1YFJqZBK/view?usp=drive_link,https://drive.usercontent.google.com/download?id=17FcOLp25sXTTzMdzHUmQgqKu1YFJqZBK&export=download,48b7b36160eecacf9aaca9536548a12983ac0e7f5763d1be5e926801198ff359,834098,pdftotext,1
257,https://docs.google.com/document/d/1t7rOoeWCPmiNH07fHUDgKWO_0dXGiHhJ/edit?usp=drive_link&ouid=106502800010968857763&rtpof=true&sd=true,https://doc-14-9c-docstext.googleusercontent.com/export/e6hpso97lrhpva19l3uocm525o/6l8ch7n166mf52tri750oqhdeg/1787806535000/106502800010968857763/*/1t7rOoeWCPmiNH07fHUDgKWO_0dXGiHhJ?format=docx,ae780f45c41dbe674475dbcd90395e3cd1abc2485dbc4298708fbb7f5f1a1efe,44530,office_xml,1
259,https://drive.google.com/file/d/1BZEzAiARpHCi3ZnmaoZjNIZ70kvMRjMz/view?usp=drive_link,https://drive.usercontent.google.com/download?id=1BZEzAiARpHCi3ZnmaoZjNIZ70kvMRjMz&export=download,2c908c0d5e2eff319d4c7845091e417a11fd858acb31c4a582154d0f516850dd,296632,pdftotext,1
261,https://drive.google.com/file/d/1u6r3ScyYbU9gEp7Kj2bZG0-FiY-HsAue/view?usp=drive_link,https://drive.usercontent.google.com/download?id=1u6r3ScyYbU9gEp7Kj2bZG0-FiY-HsAue&export=download,f691e019e37078b752084944b910a85e43450284b213a254689dd42e88a2af6e,2208929,needs_ocr,0
262,https://drive.google.com/file/d/1xzgOubJl8y6Rlx0mHRi4u-eCqaXZvNG9/view?usp=drive_link,https://drive.usercontent.google.com/download?id=1xzgOubJl8y6Rlx0mHRi4u-eCqaXZvNG9&export=download,fad21841c2668521105dc199f9aee2b1fbc3e4727ab82b3d5189ac3ebe2240ce,1406277,pdftotext,1
265,https://drive.google.com/file/d/1UHbNhxG3Vrz-4B_sSaUoIQtJs6AgjeG5/view?usp=drive_link,https://drive.usercontent.google.com/download?id=1UHbNhxG3Vrz-4B_sSaUoIQtJs6AgjeG5&export=download,6dd3ea127e78ae0a1eca0ee8195c8f89f1540ec9ed6e7498e4e08f715798dc17,533148,pdftotext,1
266,https://drive.google.com/file/d/1xBD_5DLUspTLAZ6Zb-tvs5lBJIuH8DGa/view?usp=drive_link,https://drive.usercontent.google.com/download?id=1xBD_5DLUspTLAZ6Zb-tvs5lBJIuH8DGa&export=download,b585125614e3e6e59b7faf0dfbe3dde01ab96f49dc540745a23800f94e2c95c9,1375814,pdftotext,1
268,https://drive.google.com/file/d/1C8LoegZJ2lPhy5KDamqMmfZ242yImbVE/view?usp=drive_link,https://drive.usercontent.google.com/download?id=1C8LoegZJ2lPhy5KDamqMmfZ242yImbVE&export=download,ba0602955e5e80de4aa670aa69e3207ede8b4c49415d63327c7c58ac9e5b34c9,276234,pdftotext,1
269,https://drive.google.com/file/d/1Wy9u2VAp96hDg81ksKaJwZXkA41FVjA-/view?usp=drive_link,https://drive.usercontent.google.com/download?id=1Wy9u2VAp96hDg81ksKaJwZXkA41FVjA-&export=download,5dcfd373fd80bd00d9edb892c5ed73b392e27e552c36b042d2d7ec76bc2e1506,1086130,pdftotext,1
270,https://docs.google.com/document/d/1X5Z-nJOrnb6DQ2dSPaFbTx74EJAYpVFW/edit?usp=drive_link&ouid=106502800010968857763&rtpof=true&sd=true,https://doc-00-9c-docstext.googleusercontent.com/export/e6hpso97lrhpva19l3uocm525o/jf7up6o4skctvt5vt0menosjuo/1787806535000/106502800010968857763/*/1X5Z-nJOrnb6DQ2dSPaFbTx74EJAYpVFW?format=docx,a1d4fba10505c01d4ca52835e3d0d28344cb69d30a89660e4ba82e16811a4146,19232,office_xml,1
272,https://drive.google.com/file/d/1g5DZPT_BxrOddRkB9x9LmTtrzqahnq5I/view?usp=drive_link,https://drive.usercontent.google.com/download?id=1g5DZPT_BxrOddRkB9x9LmTtrzqahnq5I&export=download,7db240988a7a15adc27866364ca0e458fd70e6d1df054323024c58e6e0085aba,86821,pdftotext,1
274,https://docs.google.com/document/d/1oxEb7gjMHBghpm2tRptYOTkJzx5JMnGc/edit?usp=drive_link&ouid=106502800010968857763&rtpof=true&sd=true,https://doc-14-9c-docstext.googleusercontent.com/export/e6hpso97lrhpva19l3uocm525o/ljvskumpv1vfgqqckpg9on8afk/1787806535000/106502800010968857763/*/1oxEb7gjMHBghpm2tRptYOTkJzx5JMnGc?format=docx,94e96d33713944c3efb951756115b295d27b2344b9a5bcfeb822ffab75fcc35c,12881,office_xml,1
276,https://drive.google.com/file/d/1n9QWUcStlbzETMC0DCW8pleGggg--YGR/view?usp=drive_link,https://drive.usercontent.google.com/download?id=1n9QWUcStlbzETMC0DCW8pleGggg--YGR&export=download,ad9eb522f293f951b143f90362288dc56a18f5be687ccad1dc9d0f4d01a450d3,51992,pdftotext,1
278,https://drive.google.com/file/d/1DQmdf4GpLPRxARQobdJlV9_n-hLVwoOl/view?usp=drive_link,https://drive.usercontent.google.com/download?id=1DQmdf4GpLPRxARQobdJlV9_n-hLVwoOl&export=download,298548f06b3986136a84ec77b37d3195ffd696678258e81292a3d949e420ced1,34235,pdftotext,1
279,https://docs.google.com/document/d/1w_nVLkeP9LxY933fSWX1qlRF8ABaach4/edit?usp=drive_link&ouid=106502800010968857763&rtpof=true&sd=true,https://doc-0c-9c-docstext.googleusercontent.com/export/e6hpso97lrhpva19l3uocm525o/d5ujcn46odglr8vv7b4vr40a04/1787806540000/106502800010968857763/*/1w_nVLkeP9LxY933fSWX1qlRF8ABaach4?format=docx,dd03d0ff0bf3202cb7ff9ae9b4f6cd4a2971f0e959592ed68f01240afdb5e371,16020,office_xml,1
281,https://drive.google.com/file/d/1H24OogyXMm19as278_kdSXUqmi0VIOB6/view?usp=drive_link,https://drive.usercontent.google.com/download?id=1H24OogyXMm19as278_kdSXUqmi0VIOB6&export=download,eac1c0c43e6c57bab05768af2769c98f822651c6dfba06b4049a8d12dde70d4d,71994,pdftotext,1
283,https://docs.google.com/document/d/1qNAwID7lEjnOjXiK1gou8tDJ2cLEhU1f/edit?usp=drive_link&ouid=106502800010968857763&rtpof=true&sd=true,https://doc-0o-9c-docstext.googleusercontent.com/export/e6hpso97lrhpva19l3uocm525o/7jc396amt1moe7du69eksadkio/1787806540000/106502800010968857763/*/1qNAwID7lEjnOjXiK1gou8tDJ2cLEhU1f?format=docx,af904446fb8f704c1431fd7bd2e6898dee45104571e6fe23367941e5e57f1cea,94569,office_xml,1
285,https://drive.google.com/file/d/1OPV-oRC2Alh8q1V7Xjq7MflM9XGe3woc/view?usp=drive_link,https://drive.usercontent.google.com/download?id=1OPV-oRC2Alh8q1V7Xjq7MflM9XGe3woc&export=download,6b74995e04b439858e61b34ce18dff4d76a4cdfa3d902793323637675c5106a9,1467114,pdftotext,1
287,https://docs.google.com/document/d/15UYpyyrCTGBeG-8nE8WohW8HL9pM05bF/edit?usp=drive_link&ouid=106502800010968857763&rtpof=true&sd=true,https://doc-0k-9c-docstext.googleusercontent.com/export/e6hpso97lrhpva19l3uocm525o/h9g2ke9lavbcvkemt2k3vstk7s/1787806540000/106502800010968857763/*/15UYpyyrCTGBeG-8nE8WohW8HL9pM05bF?format=docx,c1633121615e5d5c0c42ef3f9b9ce0ba6b8a68bad9aa0df36d7f8b9747fa5845,121118,office_xml,1
289,https://drive.google.com/file/d/1YsRBnsML24fh_gUgrS-wjfoMf_OIaKlm/view?usp=drive_link,https://drive.usercontent.google.com/download?id=1YsRBnsML24fh_gUgrS-wjfoMf_OIaKlm&export=download,631098e67c2e2e41904b051407a4a3cd684986aa14794d6580d05e1197a3bab4,1654323,pdftotext,1
291,https://drive.google.com/file/d/12ThtCFpMnN1v-3yNugj-TJx-XkGMqrJa/view?usp=drive_link,https://drive.usercontent.google.com/download?id=12ThtCFpMnN1v-3yNugj-TJx-XkGMqrJa&export=download,3c0a8323608740eacf9f9b0d96885286778c882c5c1fe38a272d302cb4ab8345,1102626,needs_ocr,0
293,https://drive.google.com/file/d/19l4mO1MSz-dYmS5vXa0FwmLvCjYh6F1s/view?usp=drive_link,https://drive.usercontent.google.com/download?id=19l4mO1MSz-dYmS5vXa0FwmLvCjYh6F1s&export=download,c6da93b784b3c8414da7ef4da99de34e3fd76ac4bad9837e27a3da2c8424110c,971111,needs_ocr,0
295,https://drive.google.com/file/d/118LQ11yZ1JxyKMrPP2TP824S5W-IU-RR/view?usp=drive_link,https://drive.usercontent.google.com/download?id=118LQ11yZ1JxyKMrPP2TP824S5W-IU-RR&export=download,a750302aba7180eb9f165dae97df1fdb52d747bc25e8180199e0836b94bae3b2,548651,needs_ocr,0
297,https://drive.google.com/file/d/1ujKRXkorWpe43ldINXyV3Nkj_wd7MCC_/view?usp=drive_link,https://drive.usercontent.google.com/download?id=1ujKRXkorWpe43ldINXyV3Nkj_wd7MCC_&export=download,55648ed78c351c041bbfad470e47f0bfe358788e433bd4e255f780b796677c31,27822710,pdftotext,1
298,https://drive.google.com/file/d/1WIVX37EmUT5Ul2P2Hc09wVt9Vf2s2r9W/view?usp=drive_link,,,,failed,ValueError: source_exceeds_60_mb
299,https://drive.google.com/file/d/1Qh5k4Djmgr6op4Ld44qzrs4y44RiVZUW/view?usp=drive_link,https://drive.usercontent.google.com/download?id=1Qh5k4Djmgr6op4Ld44qzrs4y44RiVZUW&export=download,454470241d0b50df3aa029fec9048a856fda417fc0f94591a4e0e0fa6e5abde1,52907648,pdftotext,1
300,https://drive.google.com/file/d/1mDyvZhpCirzGFu84fRlSOvufOGLb9QGT/view?usp=drive_link,https://drive.usercontent.google.com/download?id=1mDyvZhpCirzGFu84fRlSOvufOGLb9QGT&export=download,4dc97346ea88dd2c113ac6089ea02d2c166d39b16cd6a69be0b092ebef14c4bd,52321118,pdftotext,1
301,https://drive.google.com/file/d/1rf6wcRswpYcEAxpDamCPnCLlDB97VZyj/view?usp=drive_link,https://drive.usercontent.google.com/download?id=1rf6wcRswpYcEAxpDamCPnCLlDB97VZyj&export=download,706accbb246922cfd92878def258d796077bf031b926318ff9b5755d2d1383b3,40783312,pdftotext,0
303,https://drive.google.com/file/d/1NE_i3cjMbWems4rCsRh595XZqZ5OnJFp/view?usp=drive_link,https://drive.usercontent.google.com/download?id=1NE_i3cjMbWems4rCsRh595XZqZ5OnJFp&export=download,41fbf2317c5d8f2961b70a3bd954c87f2d91caf92e5f5283659329e3c381c703,23476921,pdftotext,1
304,https://drive.google.com/file/d/1lV2FcWAJxgvrI_wPF_9P_Wlaw9uQ0enl/view?usp=drive_link,https://drive.usercontent.google.com/download?id=1lV2FcWAJxgvrI_wPF_9P_Wlaw9uQ0enl&export=download,ba9ae9ecd92363dde35f74926dad3e52b163497f53182c87287b3e6c57b76ea1,54983225,pdftotext,1
305,https://drive.google.com/file/d/1wzbyuk3yhNbEsmyeCD0DwvsAwbal3mDP/view?usp=drive_link,https://drive.usercontent.google.com/download?id=1wzbyuk3yhNbEsmyeCD0DwvsAwbal3mDP&export=download,c4997eca6f87ad3109a1b9da3642318548bacfbe70d07771e432ee89d9858d6f,56476488,pdftotext,1
306,https://drive.google.com/file/d/1cOtF06dB3Pk5P5K8MMvVR5hTagFJAMnJ/view?usp=drive_link,https://drive.usercontent.google.com/download?id=1cOtF06dB3Pk5P5K8MMvVR5hTagFJAMnJ&export=download,41fd2cda488432b394cf555d174efe2904476ac72b3714e560b5d6d6da019487,51263844,pdftotext,1
307,https://drive.google.com/file/d/1XJ6OYtmWLaau4DWNTfQgiyPveSQGntmh/view?usp=drive_link,https://drive.usercontent.google.com/download?id=1XJ6OYtmWLaau4DWNTfQgiyPveSQGntmh&export=download,bbf28a3346a4a5572819bf26f4c92d202fe6d4930c5c2508162904d089d89d14,55367023,pdftotext,0
308,https://drive.google.com/file/d/1WJrYDNH-zuGNjHdqZnUtBmDV1YL-Br5J/view?usp=drive_link,https://drive.usercontent.google.com/download?id=1WJrYDNH-zuGNjHdqZnUtBmDV1YL-Br5J&export=download,b2b50dbb3c34dcb2266fc212bb53887d31fde5d41dbc431beca0e08fbf03aac7,4094730,pdftotext,1
309,https://drive.google.com/file/d/13sgxv9GO3mh9a6RQmgqlIqh0tV84w9vh/view?usp=drive_link,https://drive.usercontent.google.com/download?id=13sgxv9GO3mh9a6RQmgqlIqh0tV84w9vh&export=download,c6e85be6a429cebbd0b7b7574b7a403c4ed965cc0b62b244217ffb5cd419f60c,629764,pdftotext,1
310,https://drive.google.com/file/d/1mr3Qxz1fEptP1FPewM6_BRXSIijB9G-U/view?usp=drive_link,https://drive.usercontent.google.com/download?id=1mr3Qxz1fEptP1FPewM6_BRXSIijB9G-U&export=download,dfc5682a39fdd61b4ab53925fce8ebf03e769ec1dc3b49a96cbc60f0fd0ea41e,371662,pdftotext,1
311,https://drive.google.com/file/d/1gr1c5LmXBxVo11AmQmmCZWES_08AMAYn/view?usp=drive_link,https://drive.usercontent.google.com/download?id=1gr1c5LmXBxVo11AmQmmCZWES_08AMAYn&export=download,f2729e19cc05ede8227f51ac4228d2875732a4d487bbb81c5da99554c9b1e957,579646,pdftotext,1
312,https://docs.google.com/spreadsheets/d/10ygGK4reRPY2Srhuo34gZjFJ_mKfK4Hv/edit?usp=drive_link&rtpof=true&sd=true,https://doc-04-6k-sheets.googleusercontent.com/export/54bogvaave6cua4cdnls17ksc4/4kqk0qghfv2ncf77ef9febvr9o/1787806550000/106502800010968857763/*/10ygGK4reRPY2Srhuo34gZjFJ_mKfK4Hv?format=xlsx,282cce4f62729a275288f4ddc0c494285eccfb1be070e9e8ba81f5e1ce8e83f7,162960,office_xml,1
313,https://drive.google.com/file/d/18R7Q4nj7v-h2oCHP1lst-2FeAeEUfWKZ/view?usp=drive_link,https://drive.usercontent.google.com/download?id=18R7Q4nj7v-h2oCHP1lst-2FeAeEUfWKZ&export=download,0fbffb990a0c4a828f855502c1d531d4cd48fef8a2f847a76cb9ac906e748aa0,1356527,pdftotext,1
314,https://drive.google.com/file/d/1w_4MOy4bqKCmSo32KU8zl_uh1-4GwZ7v/view?usp=drive_link,https://drive.usercontent.google.com/download?id=1w_4MOy4bqKCmSo32KU8zl_uh1-4GwZ7v&export=download,4ab887be1af8ecd5a98d4562c41155d94206cd7420a6897a707351818df5b0fc,3595695,pdftotext,1
315,https://drive.google.com/file/d/1L-vwZx3avTGhsl0vTrXp8D7md2eZjchT/view?usp=drive_link,https://drive.usercontent.google.com/download?id=1L-vwZx3avTGhsl0vTrXp8D7md2eZjchT&export=download,3ce7b9bc826f0e3ecad54de599b7462d8bd40ebbd1a2592d40e825d8d0ffbf72,187457,pdftotext,1
316,https://drive.google.com/file/d/1YAHKV1MVA3QXSwh6ilpqLU-9EwqpTf0O/view?usp=drive_link,https://drive.usercontent.google.com/download?id=1YAHKV1MVA3QXSwh6ilpqLU-9EwqpTf0O&export=download,ee46b0584edde7cb07fa4b5fa96a7c88496ca00498185e1e183c072e3f0578e2,687156,pdftotext,1
317,https://docs.google.com/document/d/1TXGjJnVsLm1PQ23raKzqC6XlBKkSFHTL/edit?usp=drive_link&rtpof=true&sd=true,https://doc-0c-9c-docstext.googleusercontent.com/export/e6hpso97lrhpva19l3uocm525o/mfn973nn4i9ngp7es838fe8pfo/1787806550000/106502800010968857763/*/1TXGjJnVsLm1PQ23raKzqC6XlBKkSFHTL?format=docx,0ddc5809d0dbbac166115dbf00f3f243d533463c009f4772fdbbdc48924a4b7b,19031,office_xml,1
319,https://drive.google.com/file/d/1rIByzNxT1-qZzFJJ31_mCROItEDXB_9D/view?usp=drive_link,https://drive.usercontent.google.com/download?id=1rIByzNxT1-qZzFJJ31_mCROItEDXB_9D&export=download,22858081c1c98a9d7a933e96438e0196cf126f3ce01bbd801406c5dd53067ec3,89673,pdftotext,1
321,https://drive.google.com/file/d/17IkBSOMr9dcGNDU9h47KvMXuINGIHj6u/view?usp=drive_link,https://drive.usercontent.google.com/download?id=17IkBSOMr9dcGNDU9h47KvMXuINGIHj6u&export=download,874f8662de612705388a737df7cc5a8d6dd008367fe5d6fb60a6c4e7f4618234,109953,unsupported_binary,0
326,https://drive.google.com/file/d/1rjWppT8J37UkSUofY-bO2fW_PUptSz9Y/view?usp=drive_link,https://drive.usercontent.google.com/download?id=1rjWppT8J37UkSUofY-bO2fW_PUptSz9Y&export=download,a259bc1d3dd2f91570fd6340df1e0c872831113bf90c45526a6a9211a6f483cf,108936,pdftotext,1
327,https://drive.google.com/file/d/1MubkTYK2suCTt1jD-KIrSzi-2e_3XYsF/view?usp=drive_link,https://drive.usercontent.google.com/download?id=1MubkTYK2suCTt1jD-KIrSzi-2e_3XYsF&export=download,6f067eeb48d7d49078a9817d0701a2fb0f698184336a57df65eef3a6b9edec31,96553,unsupported_binary,0
329,https://drive.google.com/file/d/1KM6AOKsfuQAGv8Wfs9-YxYI6fNZbWZB3/view?usp=drive_link,https://drive.usercontent.google.com/download?id=1KM6AOKsfuQAGv8Wfs9-YxYI6fNZbWZB3&export=download,224ec96b45960d0186b95ff4dec25b9ff0cac6e6a6c1f9569823aefe44d3dcc1,505653,unsupported_binary,0
332,https://drive.google.com/file/d/1PSucxdfiJpRSUjo77vmlttEYLiGVnJYr/view?usp=drive_link,https://drive.usercontent.google.com/download?id=1PSucxdfiJpRSUjo77vmlttEYLiGVnJYr&export=download,2ca8766d92c8ab1b2bcf8bb48540f2e9c5b1573246b4ba5d1d8dee8cbc91c283,717563,needs_ocr,0
334,https://drive.google.com/file/d/1Ll4UGOPsNOL6lGcY9GelpY4ks22dnkIh/view?usp=drive_link,https://drive.usercontent.google.com/download?id=1Ll4UGOPsNOL6lGcY9GelpY4ks22dnkIh&export=download,0e6f6fce848185b4a9daa14d64a71ed3d839cb4ebc763f3ecd35da640da3b604,41583,needs_ocr,0
336,https://drive.google.com/file/d/12F-YNv1wDlI-LNkZvUIBoawcSQ4Lgnyb/view?usp=drive_link,https://drive.usercontent.google.com/download?id=12F-YNv1wDlI-LNkZvUIBoawcSQ4Lgnyb&export=download,814ee05b5cc527f45bfd78849b6192a52bb96903c760f0c7b0630ad9c39042c7,159244,needs_ocr,0
338,https://drive.google.com/file/d/1d9GUsagXzCokSNeXpSWTq6JSUrMpdRCM/view?usp=drive_link,https://drive.usercontent.google.com/download?id=1d9GUsagXzCokSNeXpSWTq6JSUrMpdRCM&export=download,913cdff3bb4a58864bb0d4494b35c2dbe87a0b3a0e58c34b84de42bbe660185d,131019,needs_ocr,0
340,https://drive.google.com/file/d/1-corGWCZ7B8ESv14hbzYATqNHm-YVlp5/view?usp=drive_link,https://drive.usercontent.google.com/download?id=1-corGWCZ7B8ESv14hbzYATqNHm-YVlp5&export=download,85c46b472dbdf981aa82c57c5d57fc34a0758baab6e837d3b839ae4bed548020,298681,needs_ocr,0
342,https://docs.google.com/document/d/12FwKpaLG2Qi2YISmvSylO9Nwn7_Zzeoy/edit?usp=drive_link&rtpof=true&sd=true,https://doc-0g-9c-docstext.googleusercontent.com/export/e6hpso97lrhpva19l3uocm525o/aktpr1pvtqubv2svin8ls3k6lk/1787806550000/106502800010968857763/*/12FwKpaLG2Qi2YISmvSylO9Nwn7_Zzeoy?format=docx,7050caecd480ccc5912f962f13973b9dc76a62cb5344ca95f0e9f7140e9529ce,21010,office_xml,1
343,https://docs.google.com/document/d/1fFpvdmszWBEB-khxiazkxtm0Lb6jdwMV/edit?usp=drive_link&rtpof=true&sd=true,https://doc-0c-9c-docstext.googleusercontent.com/export/e6hpso97lrhpva19l3uocm525o/tb5q45tcq1vv6r4frl1jbcphps/1787806550000/106502800010968857763/*/1fFpvdmszWBEB-khxiazkxtm0Lb6jdwMV?format=docx,a8422d2f015357e8760b7aa049bb2a0d5025ea86d4b8abcbafd328a82ffaf6e7,16528,office_xml,1
344,https://drive.google.com/file/d/1hKDpmU41duKgDCW9Taa4FCdrl416Wk2D/view?usp=drive_link,https://drive.usercontent.google.com/download?id=1hKDpmU41duKgDCW9Taa4FCdrl416Wk2D&export=download,7427c690b1b33abf5c80993b34476e8475d41f7efffff1501bd0bdfefee2da5a,890165,pdftotext,1
345,https://drive.google.com/file/d/1Llafy6cATQhVfg31_p4FQddIDlqevck1/view?usp=drive_link,https://drive.usercontent.google.com/download?id=1Llafy6cATQhVfg31_p4FQddIDlqevck1&export=download,bc69094963f6a400fce37b41c9dde224289b9c65aeda4667201d3adf0039ddd5,2050645,pdftotext,1
346,https://docs.google.com/document/d/15JBgR8KmnSWsNQQZh_lSHilaDsOU603l/edit?usp=drive_link&rtpof=true&sd=true,https://doc-0g-9c-docstext.googleusercontent.com/export/e6hpso97lrhpva19l3uocm525o/5v10oac4vcv2i9ck6u636bnp8k/1787806555000/106502800010968857763/*/15JBgR8KmnSWsNQQZh_lSHilaDsOU603l?format=docx,1bd550aa503100b46fd6a256438b0c52a9df9a0e8e07b49c3099c59d7d754e9c,45329,office_xml,1
347,https://docs.google.com/document/d/1y-XKJoh8v7rIEEmKYSsx-nVUxdh8h29t/edit?usp=drive_link&ouid=106502800010968857763&rtpof=true&sd=true,https://doc-08-9c-docstext.googleusercontent.com/export/e6hpso97lrhpva19l3uocm525o/8pcau22pcogl0tg251ompt04fk/1787806555000/106502800010968857763/*/1y-XKJoh8v7rIEEmKYSsx-nVUxdh8h29t?format=docx,3faf9e84beb1c8d5c7a3212a613dd4047b6372e112eddb81530ba7b9f60ae6ff,15778,office_xml,1
348,https://docs.google.com/document/d/1ylTuOO0rwY2-3iblz8RYVZf0jAuOx5XN/edit?usp=drive_link&rtpof=true&sd=true,https://doc-0g-9c-docstext.googleusercontent.com/export/e6hpso97lrhpva19l3uocm525o/sbpg1tl3p3dedvcvq7tpqacbko/1787806555000/106502800010968857763/*/1ylTuOO0rwY2-3iblz8RYVZf0jAuOx5XN?format=docx,9f7c6f2ab2bda8bb1ba9efb7c0998145313227e314d659dce4d5ec579e945f07,20630,office_xml,1
349,https://docs.google.com/document/d/1Tb6ysP3jUt3TszRxjzVh_97rCjrjLFpL/edit?usp=drive_link&ouid=106502800010968857763&rtpof=true&sd=true,https://doc-0c-9c-docstext.googleusercontent.com/export/e6hpso97lrhpva19l3uocm525o/dpnunrpsckjf5jtd8p912e8e7k/1787806555000/106502800010968857763/*/1Tb6ysP3jUt3TszRxjzVh_97rCjrjLFpL?format=docx,d7db0f120c4666ac8606ff8642df0f6f06cb93174b3426c7777922d261e5b24f,23622,office_xml,1
351,https://drive.google.com/file/d/16KiKrzlHMEhCkM1cnmGYilQZ-QijIsyj/view?usp=drive_link,https://drive.usercontent.google.com/download?id=16KiKrzlHMEhCkM1cnmGYilQZ-QijIsyj&export=download,b8d645d3010cbe5e69e7491d6de9c8b69a53ba5595968619e122aada6d5a85bc,150950,pdftotext,1
353,https://drive.google.com/file/d/1Nz8z6EVIl7XanUggLAGI9U9hUbxIRHbJ/view?usp=drive_link,https://drive.usercontent.google.com/download?id=1Nz8z6EVIl7XanUggLAGI9U9hUbxIRHbJ&export=download,3560d6f4d5459ed495fd0bfd523c5eb1693e18bb52d0b86bc7d8c795cc535298,7574593,pdftotext,1
354,https://docs.google.com/document/d/185rsW05AsN4Kubq44JqlRePbtkCESEkf/edit?usp=drive_link&ouid=106502800010968857763&rtpof=true&sd=true,https://doc-0k-9c-docstext.googleusercontent.com/export/e6hpso97lrhpva19l3uocm525o/apho7ddpqe1haiev80sr8dprqo/1787806555000/106502800010968857763/*/185rsW05AsN4Kubq44JqlRePbtkCESEkf?format=docx,8896a17b703148265f4340e1312244a9affb385e3e1060e1553f211139f7cbea,29326,office_xml,1
355,https://docs.google.com/document/d/1HvwWTOq6qJAlvT088iIhQsxEnGJxrWp0/edit?usp=drive_link&rtpof=true&sd=true,https://doc-14-9c-docstext.googleusercontent.com/export/e6hpso97lrhpva19l3uocm525o/a02lbkc72ud4emd4llt50gvnrc/1787806555000/106502800010968857763/*/1HvwWTOq6qJAlvT088iIhQsxEnGJxrWp0?format=docx,5996b6ef49cbf90aaa92be40073c773396b99537484d7b12dc37e91cfa3ddf41,26845,office_xml,1
356,https://docs.google.com/document/d/1FrS09ov-tiZEve98cYQcALD-NIWTN7qU/edit?usp=drive_link&rtpof=true&sd=true,https://doc-00-9c-docstext.googleusercontent.com/export/e6hpso97lrhpva19l3uocm525o/qu06q5kfi0nspls7bqaktgble0/1787806555000/106502800010968857763/*/1FrS09ov-tiZEve98cYQcALD-NIWTN7qU?format=docx,ee0e9e0f55adbfeb99cf6f8ebbabec1bd8e04e9e3ccbc46ee7cc86cad7a09f11,23803,office_xml,1
357,https://docs.google.com/document/d/1knj1DK5crzId1vJ1WO1EaFjn9JXnA_ig/edit?usp=drive_link&rtpof=true&sd=true,https://doc-04-9c-docstext.googleusercontent.com/export/e6hpso97lrhpva19l3uocm525o/ham5e4fu6fvu4jatmc5mnicask/1787806555000/106502800010968857763/*/1knj1DK5crzId1vJ1WO1EaFjn9JXnA_ig?format=docx,e5ab92921369218c13349dd8a1704ad57deeb494db45e1c43097bdf1113fc57d,30879,office_xml,1
358,https://docs.google.com/document/d/1zRoOX0rqlhzAsa42kf5DDeIv4Qd5mZ5b/edit?usp=drive_link&rtpof=true&sd=true,https://doc-04-9c-docstext.googleusercontent.com/export/e6hpso97lrhpva19l3uocm525o/46fd4hh1dgniuri5tjenf7t2v8/1787806555000/106502800010968857763/*/1zRoOX0rqlhzAsa42kf5DDeIv4Qd5mZ5b?format=docx,4966225889098fc9ad2791b2099ade13e620842e2548fe7ee74e4fa09f897c31,26877,office_xml,1
359,https://docs.google.com/document/d/1XedlhzK0NV1zmNvtrporMxS-fbWYGrbj/edit?usp=drive_link&rtpof=true&sd=true,https://doc-0k-9c-docstext.googleusercontent.com/export/e6hpso97lrhpva19l3uocm525o/mmr57i586lg4h1q8ks2bptsaao/1787806555000/106502800010968857763/*/1XedlhzK0NV1zmNvtrporMxS-fbWYGrbj?format=docx,c0f41056bfc9cd8fd2bc0697d029a990b10d9005ba5e84470d5460f27968a843,31577,office_xml,1
360,https://drive.google.com/file/d/1l7c7jJOdy-4I1h-kjlFcnf8F9KRZ_ima/view?usp=drive_link,https://drive.usercontent.google.com/download?id=1l7c7jJOdy-4I1h-kjlFcnf8F9KRZ_ima&export=download,e366e39ee216376058a518f6040ef28c0dbd303dd8da34ce40c8951d52372e3a,1833016,pdftotext,1
361,https://docs.google.com/document/d/1HFiaqfiCmV-n1EuvdLjzyB1neBKtyoRz/edit?usp=drive_link&ouid=106502800010968857763&rtpof=true&sd=true,https://doc-0o-9c-docstext.googleusercontent.com/export/e6hpso97lrhpva19l3uocm525o/8jqjedsjsbr9834u0f89voel10/1787806555000/106502800010968857763/*/1HFiaqfiCmV-n1EuvdLjzyB1neBKtyoRz?format=docx,b2ad4585e9df06d6c15b8f3f16b2b5f81812d4f393fc51c4d3b95fe125f84d7f,49345,office_xml,1
362,https://drive.google.com/file/d/1fidaByhxI707GvAmc3qQ3ZwhxHrM5pQQ/view?usp=drive_link,https://drive.usercontent.google.com/download?id=1fidaByhxI707GvAmc3qQ3ZwhxHrM5pQQ&export=download,5f1cc7dd1a925bc90efc2200e0576a5e4463838db503df4763a4430f2415d9a3,12035390,needs_ocr,0
364,https://drive.google.com/file/d/1jC0enMx-Ky3ZRTcudrO-0xIKI192wPgR/view?usp=drive_link,https://drive.usercontent.google.com/download?id=1jC0enMx-Ky3ZRTcudrO-0xIKI192wPgR&export=download,1296fa99175672c1d8f019c31d527b378dbfa93f272efd7db621124f3e4d6c8d,11771156,needs_ocr,0
366,https://docs.google.com/document/d/16GC2E2KcSpZdiFl1YPhlv9uQO8kAATb-/edit?usp=drive_link&ouid=106502800010968857763&rtpof=true&sd=true,https://doc-0c-9c-docstext.googleusercontent.com/export/e6hpso97lrhpva19l3uocm525o/6gvfjb5pae2moimftmkts1mbn4/1787806555000/106502800010968857763/*/16GC2E2KcSpZdiFl1YPhlv9uQO8kAATb-?format=docx,33f93b62944b5a0cf276183c168649fbf14a4c9a3cc5049c93fa552729dfe59b,13266,office_xml,1
367,https://drive.google.com/file/d/1Fw2hzDDh2VUc6ekxBjKr7ycicEiyCV_6/view?usp=drive_link,https://drive.usercontent.google.com/download?id=1Fw2hzDDh2VUc6ekxBjKr7ycicEiyCV_6&export=download,98b44aef7692b2e52f172f42d5971e066c27734d65ccfe9da15b646f89f4fa0b,331850,pdftotext,1
368,https://drive.google.com/file/d/1G-LawLkYpAdLZlvaWZxR8atKaWs77wtw/view?usp=drive_link,https://drive.usercontent.google.com/download?id=1G-LawLkYpAdLZlvaWZxR8atKaWs77wtw&export=download,dfa628de718702e92d9d9987326aac6f2299701f59f7f42e8263d6a838981645,756336,pdftotext,1
369,https://drive.google.com/file/d/1PZRP-WrMDI6Wh5nurPacoJN7Z6gYOsZy/view?usp=drive_link,https://drive.usercontent.google.com/download?id=1PZRP-WrMDI6Wh5nurPacoJN7Z6gYOsZy&export=download,63b847869ce76748f27442b057e32cf90f005b6786cc7f22baa208ed9fde470f,60512,unsupported_binary,0
371,https://drive.google.com/file/d/1BpZiCyAKSkhbzOUT93B9hpUfFD2QNoMJ/view?usp=drive_link,https://drive.usercontent.google.com/download?id=1BpZiCyAKSkhbzOUT93B9hpUfFD2QNoMJ&export=download,2c3cb949c3220437919af6485e701c7aae1827c180310bced57728bd9e3c0b56,956329,pdftotext,1
372,https://drive.google.com/file/d/1JpetG9G-fnhl3NCFW6KNcustK_rseF_-/view?usp=drive_link,https://drive.usercontent.google.com/download?id=1JpetG9G-fnhl3NCFW6KNcustK_rseF_-&export=download,d3c21bb837352be92bcf82277daf498912fd4863e23d196f940a3d8b6f26e031,283429,pdftotext,1
373,https://drive.google.com/file/d/1Fzhw8Z9qOe3RmFKc63Vm6NyeERBqnjpQ/view?usp=drive_link,https://drive.usercontent.google.com/download?id=1Fzhw8Z9qOe3RmFKc63Vm6NyeERBqnjpQ&export=download,587e48da7c62110f04bdbd72819fab1dbea908b401c52cb318904fd41f331334,255721,pdftotext,1
374,https://drive.google.com/file/d/1rsHRcRO3Hsck8kDDikjwxTOx4LYRgHWH/view?usp=drive_link,https://drive.usercontent.google.com/download?id=1rsHRcRO3Hsck8kDDikjwxTOx4LYRgHWH&export=download,8af173ca9ba9badfc4abd5eba10cf0e1523f455040bcd55ecb95b716384c5090,783483,pdftotext,1
375,https://drive.google.com/file/d/1KYAYQRviNd4kWwZdh7KLcOyoFJCj0_Vm/view?usp=drive_link,https://drive.usercontent.google.com/download?id=1KYAYQRviNd4kWwZdh7KLcOyoFJCj0_Vm&export=download,73aba8232fd8a3b484077ed57d514e4a7ac331c92f11c1d504dbe6532d1c0482,1003570,pdftotext,1
377,https://docs.google.com/document/d/1LGC9XNGu8SWVAxbT9KpYCr_-i3gNxarl/edit?usp=drive_link,https://doc-0k-9c-docstext.googleusercontent.com/export/e6hpso97lrhpva19l3uocm525o/idjmt6u2d2ajqultnj6j63dk5c/1787806555000/106502800010968857763/*/1LGC9XNGu8SWVAxbT9KpYCr_-i3gNxarl?format=docx,c608504dfe01ed2e22cc2f91eac908c3a145e872d70f1022bb5a3a830fdf4ff8,27925,office_xml,1
379,https://drive.google.com/file/d/1a4S5G3EgDjoWANMsG-CwOUgkhc2LPOlE/view?usp=drive_link,https://drive.usercontent.google.com/download?id=1a4S5G3EgDjoWANMsG-CwOUgkhc2LPOlE&export=download,5b4323187c154fb4ba866b0c854c90a2ca7f630738fc663c03a7012925f5ccae,152886,pdftotext,1
381,https://docs.google.com/document/d/1EudzuAC_iiXVZzQpEzHH65AIIPU4Q6HY/edit?usp=drive_link&ouid=106502800010968857763&rtpof=true&sd=true,https://doc-04-9c-docstext.googleusercontent.com/export/e6hpso97lrhpva19l3uocm525o/sha254fc1lnj3sqtgs8ifuu950/1787806555000/106502800010968857763/*/1EudzuAC_iiXVZzQpEzHH65AIIPU4Q6HY?format=docx,b607acebbb8fb71ec12cb4bc95bba765cd6662de26a4f292b9b5084d36b1793f,18844,office_xml,1
383,https://drive.google.com/file/d/1FIkLUIaYIwe4Cpb0WMBVKaJmYy_Tw8Gq/view?usp=drive_link,https://drive.usercontent.google.com/download?id=1FIkLUIaYIwe4Cpb0WMBVKaJmYy_Tw8Gq&export=download,516e7b3d0a9ca91f92cbf95f21ab9215d54de40e56ed61679c10ce4764b68de3,176329,pdftotext,1
385,https://drive.google.com/file/d/1VQaYkns9ILTsrC6v6suyikPj7EyzrlRg/view?usp=drive_link,https://drive.usercontent.google.com/download?id=1VQaYkns9ILTsrC6v6suyikPj7EyzrlRg&export=download,2e67a16c33b58ae8c68987c34b1cdde53c5679caac9a336361e0401b71427ccd,238322,pdftotext,1
386,https://drive.google.com/file/d/10T_5ijK_lIIbkYWdjj67rjMsAh_uhLcR/view?usp=drive_link,https://drive.usercontent.google.com/download?id=10T_5ijK_lIIbkYWdjj67rjMsAh_uhLcR&export=download,777979cc7f856e834ea825e6430b763c20679a05bd45d2a933a7207a59069eda,1003315,pdftotext,1
387,https://drive.google.com/file/d/1rmEfR7VD-1ydq_IOMqcUTpPgjnXO2-g2/view?usp=drive_link,https://drive.usercontent.google.com/download?id=1rmEfR7VD-1ydq_IOMqcUTpPgjnXO2-g2&export=download,ad502d29dcf47db88753ef3e8d88f641ab45478fa094a27f47a58726a715f60b,945229,pdftotext,1
388,https://docs.google.com/document/d/1aRIaRzkrvGBs6TS_lUXoQBT3eCTMHrkO/edit?usp=drive_link,https://doc-08-9c-docstext.googleusercontent.com/export/e6hpso97lrhpva19l3uocm525o/n6gl01ht41u5ijibl47pithfek/1787806555000/106502800010968857763/*/1aRIaRzkrvGBs6TS_lUXoQBT3eCTMHrkO?format=docx,47b44f70bb43f86c34da8a212d7a695a83a34da02d635227973987e7e2bb1b57,54198,office_xml,1
390,https://drive.google.com/file/d/1UCidd9HRKfXJWblvLdyCeabWjt7W_X4y/view?usp=drive_link,https://drive.usercontent.google.com/download?id=1UCidd9HRKfXJWblvLdyCeabWjt7W_X4y&export=download,a84b48b4dc56829f1b23a23c19ee430aec2b0c6daa1a203678954d5dc1c8506a,401759,pdftotext,1
392,https://drive.google.com/file/d/1B6ofms4y6jVMxJyRJnmfzFIqIVpvQPF_/view?usp=drive_link,https://drive.usercontent.google.com/download?id=1B6ofms4y6jVMxJyRJnmfzFIqIVpvQPF_&export=download,42318845cf4edad127f7b813db0ba42483a2aaf5dd140def668fe1a920bf6f90,444541,pdftotext,1
393,https://drive.google.com/file/d/1lUD0NHjl1t3FLKzd8huCKXops3uCINvT/view?usp=drive_link,https://drive.usercontent.google.com/download?id=1lUD0NHjl1t3FLKzd8huCKXops3uCINvT&export=download,809618dc6f6e38382cf7a034dc092a6f546a3a2ca3dbbde03fa4917227e73e92,10902736,pdftotext,1
394,https://drive.google.com/file/d/16ItyO226CQ10PDKGRvp-eDtkWtWGv2S0/view?usp=drive_link,https://drive.usercontent.google.com/download?id=16ItyO226CQ10PDKGRvp-eDtkWtWGv2S0&export=download,2dc660459ec1429b8c3ce2133fadd91a0debdc17eb7b762eff620802a8047218,2326221,pdftotext,1
395,https://drive.google.com/file/d/1ouvGKyPhPuFmblMFWbTU3_0_Di32sLPO/view?usp=drive_link,https://drive.usercontent.google.com/download?id=1ouvGKyPhPuFmblMFWbTU3_0_Di32sLPO&export=download,500f97ec5666433b2726fd55475c002bc517cc07a9216b86f52cdc9bb1fb8792,3555454,pdftotext,1
396,https://drive.google.com/file/d/1tVMZnpqp5MXykfl8bolc7WFW_Nu_LMHj/view?usp=drive_link,https://drive.usercontent.google.com/download?id=1tVMZnpqp5MXykfl8bolc7WFW_Nu_LMHj&export=download,08cdc166e30378c0d13e8f7c2d2cecdf8ba420a2ecdf2f7ea018e05701a5dcb9,1126245,needs_ocr,0
397,https://drive.google.com/file/d/1M1-NIZLj9vKCBKXeOSFsJ0DUdD0hY7S9/view?usp=drive_link,https://drive.usercontent.google.com/download?id=1M1-NIZLj9vKCBKXeOSFsJ0DUdD0hY7S9&export=download,ffb5fce0144d285beff0f5d38707191166cbde4ec6544b1516fa54d0c09b3d11,151359,pdftotext,1
398,https://drive.google.com/file/d/1NoMyMi_4gPnoTVL13hTSiv9RZSsxbTcG/view?usp=drive_link,https://drive.usercontent.google.com/download?id=1NoMyMi_4gPnoTVL13hTSiv9RZSsxbTcG&export=download,8212ecbbcbf04bf0c29c1d5405402c4c558666aea11b88ba08c00a5f0771a8bc,731955,pdftotext,1
399,https://drive.google.com/file/d/1elA75xcN7HdW4rihC8lO3UGlJu92w8zC/view?usp=drive_link,https://drive.usercontent.google.com/download?id=1elA75xcN7HdW4rihC8lO3UGlJu92w8zC&export=download,f8975b241684b5d8f5513231374fba086c9a16461069e7f0819a8a9f10272e90,1137260,pdftotext,1
400,https://drive.google.com/file/d/1y_u2wicgwSmW_1EY3P4MTGmzuA3hcMot/view?usp=drive_link,https://drive.usercontent.google.com/download?id=1y_u2wicgwSmW_1EY3P4MTGmzuA3hcMot&export=download,f6b0fa1103ed4864d52d9fee68665e807ac7da214e034931cb5a5cabbdfe7aa4,2828228,pdftotext,1
401,https://drive.google.com/file/d/1pD40lqR8I2WoyubCJuhFkLiHsOSIRlSr/view?usp=drive_link,https://drive.usercontent.google.com/download?id=1pD40lqR8I2WoyubCJuhFkLiHsOSIRlSr&export=download,7af0416c0771e8b76332cbde262e87626842f1b78ff2fa13b87793b852bea10b,789322,pdftotext,1
402,https://drive.google.com/file/d/11fJhI6ITZ2N6phLcK1qPz6vkp6GGPvrl/view?usp=drive_link,https://drive.usercontent.google.com/download?id=11fJhI6ITZ2N6phLcK1qPz6vkp6GGPvrl&export=download,99381981d5694bf73bb8e3b57516c3efc9bfb3aff39267e7005e5a7852a6404d,596499,pdftotext,1
403,https://drive.google.com/file/d/1CnoCz3wDOMi-FOLeD5hq2cjSSQUDI2AT/view?usp=drive_link,https://drive.usercontent.google.com/download?id=1CnoCz3wDOMi-FOLeD5hq2cjSSQUDI2AT&export=download,733f651b876ef0d441c7896f0baaa5e964b69766644db2dfa37475e47b9b6b79,1317527,pdftotext,1
404,https://drive.google.com/file/d/1GI-hYkjJ-YJRllZ-2FBw_4Jedqg2foUW/view?usp=drive_link,https://drive.usercontent.google.com/download?id=1GI-hYkjJ-YJRllZ-2FBw_4Jedqg2foUW&export=download,8dfb86758d733f8c12fcf176c67c30fcc5c9e86d1ee02f7c1a63ea69771d1ea8,681154,pdftotext,1
405,https://drive.google.com/file/d/18SOarW-40iel8tzlzj8PDHiMrZprUJMN/view?usp=drive_link,https://drive.usercontent.google.com/download?id=18SOarW-40iel8tzlzj8PDHiMrZprUJMN&export=download,6a7c53024a78cd03503ddefd5207e11b75767f1b129d91a9d47079e39f0c27d7,228820,pdftotext,1
406,https://drive.google.com/file/d/1Wo_RsX3BzoWkuMo3biU5TT-B43ZVk8J2/view?usp=drive_link,https://drive.usercontent.google.com/download?id=1Wo_RsX3BzoWkuMo3biU5TT-B43ZVk8J2&export=download,6560b7c28bab0215bd196132ecdfe850b6afdb060dac1666c1d17f48301f358f,1471562,pdftotext,1
407,https://docs.google.com/document/d/1rMYfDlMrrIw-N5J3KBrAkckWvwBfms0t/edit?usp=drive_link&ouid=106502800010968857763&rtpof=true&sd=true,https://doc-0o-9c-docstext.googleusercontent.com/export/e6hpso97lrhpva19l3uocm525o/itrkn23alcr9pfbe1t5nv9ac4s/1787806560000/106502800010968857763/*/1rMYfDlMrrIw-N5J3KBrAkckWvwBfms0t?format=docx,098e7eeb952f2fd0f024787d512c8efa2bbd6f66821848da49cb4130a0f3f5b7,20413,office_xml,1
409,https://drive.google.com/file/d/1ov9ztXQY86roJfmiupteAWO2CdqsKKnG/view?usp=drive_link,https://drive.usercontent.google.com/download?id=1ov9ztXQY86roJfmiupteAWO2CdqsKKnG&export=download,b151627ce07d9aa90236431430fa2911fd97205304d81a6590c1cd39869fb4cd,108587,pdftotext,1
411,https://docs.google.com/document/d/16czBFNkkk9rx4RnulJbSSFaUwxxTmI0t/edit?usp=drive_link&ouid=106502800010968857763&rtpof=true&sd=true,https://doc-00-9c-docstext.googleusercontent.com/export/e6hpso97lrhpva19l3uocm525o/0mqgqd75r07nag6q261m8jlauo/1787806560000/106502800010968857763/*/16czBFNkkk9rx4RnulJbSSFaUwxxTmI0t?format=docx,4bf99cef2e97e627afe66c07cf691b6e9bdd5a4bacabf4c141a04d48b1fcf0d8,216431,office_xml,1
413,https://drive.google.com/file/d/1TocdrBmkwJ6qZxvcfL0GhGb3IpHLgrm9/view?usp=drive_link,https://drive.usercontent.google.com/download?id=1TocdrBmkwJ6qZxvcfL0GhGb3IpHLgrm9&export=download,983a90aca996ad9f8437115943cef4f64d6045e141f909f2bb17fc4919780b73,154460,pdftotext,1
415,https://drive.google.com/file/d/1QDj2pNzclFhOkeS8ST8cqvv7raXEmF2g/view?usp=drive_link,https://drive.usercontent.google.com/download?id=1QDj2pNzclFhOkeS8ST8cqvv7raXEmF2g&export=download,0c521174ab1f0dd1d13c8dbfbbf51a71ddbcb985d913c74adfc87fab733a3d45,833104,pdftotext,1
416,https://drive.google.com/file/d/1DcHYz5HtOVNG9_2yTB2v_wyven8ZCoX1/view?usp=drive_link,https://drive.usercontent.google.com/download?id=1DcHYz5HtOVNG9_2yTB2v_wyven8ZCoX1&export=download,79eb355638caa4575ba69f89cd53ee167ff1b5050566bcd2e7ffc239618a8749,408740,pdftotext,1
417,https://drive.google.com/file/d/19LtxApOXDkYzbJ2Q1jCHKItoGYNnAsu2/view?usp=drive_link,https://drive.usercontent.google.com/download?id=19LtxApOXDkYzbJ2Q1jCHKItoGYNnAsu2&export=download,adf3bb4c7fbc2e3a816e08df0e103e383705534003297815f4a0c4f64f4d3405,122500,pdftotext,1
418,https://drive.google.com/file/d/1XbtwP1f0tmmditP9ooL_ADB-qJ61dwJK/view?usp=drive_link,https://drive.usercontent.google.com/download?id=1XbtwP1f0tmmditP9ooL_ADB-qJ61dwJK&export=download,da5b6359d44623f089bd7f4bc93663c95f4abf45d3db83e50aaf23eb6967bad1,9919931,pdftotext,1
419,https://drive.google.com/file/d/1wfmOKuyxps7pRy-NvhExnlavZZOQbrkc/view?usp=drive_link,https://drive.usercontent.google.com/download?id=1wfmOKuyxps7pRy-NvhExnlavZZOQbrkc&export=download,9c0cfdc1f67581f1f98723e2f08a68eb37ad71ffe9888e5940796cabab1a2b7a,348932,pdftotext,1
420,https://drive.google.com/file/d/1u_rIExjHGOFMJCDGb9EqbWNuMvRT_-Fw/view?usp=drive_link,https://drive.usercontent.google.com/download?id=1u_rIExjHGOFMJCDGb9EqbWNuMvRT_-Fw&export=download,89b569b16de7be3a71a446afbf213f5905c98ec3a1f6f44abce15456caeb11e5,871633,pdftotext,1
421,https://drive.google.com/file/d/1Imgw3GyPXJKJ60vQulVg2hbMRNBH_BKR/view?usp=drive_link,https://drive.usercontent.google.com/download?id=1Imgw3GyPXJKJ60vQulVg2hbMRNBH_BKR&export=download,bcf000aa5c183dd1b98751081af12ae29fc4455bd01d0b8fe4ecefdb3fdaf94a,293976,pdftotext,1
422,https://drive.google.com/file/d/1vg0L1jwZj2J31I23PQq3A_MdEtdsUhVJ/view?usp=drive_link,https://drive.usercontent.google.com/download?id=1vg0L1jwZj2J31I23PQq3A_MdEtdsUhVJ&export=download,4dc35baacab535e5b934d15ee9fed0ed66cbd8537ff07e83a708660424073879,761654,pdftotext,1
423,https://drive.google.com/file/d/1oElISgVBPlvVowBa-7tH7o61bJg-Pm-t/view?usp=drive_link,https://drive.usercontent.google.com/download?id=1oElISgVBPlvVowBa-7tH7o61bJg-Pm-t&export=download,5852bda18b550659794ba03356ea3a7887f32007150b424d0043917b4ffd3f6f,411684,pdftotext,1
424,https://drive.google.com/file/d/1bC4Crh_mFp_7cR0PqkdZT2saWrskz62F/view?usp=drive_link,https://drive.usercontent.google.com/download?id=1bC4Crh_mFp_7cR0PqkdZT2saWrskz62F&export=download,9618ca4672c26a4dfc9aa336bbc88671bf78df146af53914f6806f26db6a9412,406311,pdftotext,1
425,https://drive.google.com/file/d/1uNcgFPW4VjAoyLpU2MIApuD0iWUj7auO/view?usp=drive_link,https://drive.usercontent.google.com/download?id=1uNcgFPW4VjAoyLpU2MIApuD0iWUj7auO&export=download,dc0a921ab6194f39435fe054595ad0a87c0f23f0ce86e2d53316a12d978c8e25,244148,pdftotext,1
426,https://drive.google.com/file/d/1Qs0PYpCXKob4b42ExZBMpNoIgSNn7yEb/view?usp=drive_link,https://drive.usercontent.google.com/download?id=1Qs0PYpCXKob4b42ExZBMpNoIgSNn7yEb&export=download,21de5ec4ea319523e63aa11b64ea0d1811ba87f403cb6b69442fc2b5997610f3,1685619,pdftotext,1
427,https://drive.google.com/file/d/1cg79Nmrzrj_3OQW9DUGjy5iEssV9WrpK/view?usp=drive_link,https://drive.usercontent.google.com/download?id=1cg79Nmrzrj_3OQW9DUGjy5iEssV9WrpK&export=download,09b79a6a9b4260755d622345095d9e0a44a266c7b6b37cef3ce23e4091f2e9c2,251796,pdftotext,1
428,https://drive.google.com/file/d/1qSy2GcvQ1ynwl7HGKvPrWnVtW_s-JGrG/view?usp=drive_link,https://drive.usercontent.google.com/download?id=1qSy2GcvQ1ynwl7HGKvPrWnVtW_s-JGrG&export=download,d0b177fb3ca18d9edd950b4e0f252662690d92a4e848f614623e25a08d33a42a,4303185,pdftotext,1
429,https://drive.google.com/file/d/1F3Spp6fPLMwxlhZn6oZmhNPrjF1_BSRt/view?usp=drive_link,https://drive.usercontent.google.com/download?id=1F3Spp6fPLMwxlhZn6oZmhNPrjF1_BSRt&export=download,0cf4492ac2abb3eeffd80e25cef98be9ddba8c0c51c6761dc1de42a647f10928,2394902,pdftotext,1
430,https://drive.google.com/file/d/1h8npdhxkuMoq-BYL_fb7t3wTH0fvWA9V/view?usp=drive_link,https://drive.usercontent.google.com/download?id=1h8npdhxkuMoq-BYL_fb7t3wTH0fvWA9V&export=download,98310dab0bc0603645cd76c48ae194b7f1162931dbb15fc61e3d8ae00856206e,485225,pdftotext,1
431,https://drive.google.com/file/d/1nM5n_EgNrQ9EPeyLS0cLAVESyzzSoPRa/view?usp=drive_link,https://drive.usercontent.google.com/download?id=1nM5n_EgNrQ9EPeyLS0cLAVESyzzSoPRa&export=download,21da7aac8661b9303b28a2bca5499c84cd0139ff42522d89eee2f57790357f4d,6356245,pdftotext,1
432,https://drive.google.com/file/d/1zw0cjHDfH6XbZ_2C6V4FaT4czxGUP6wV/view?usp=drive_link,https://drive.usercontent.google.com/download?id=1zw0cjHDfH6XbZ_2C6V4FaT4czxGUP6wV&export=download,84cac318cc30c7bee5c9f02cd2ea712b934b1708374247ec74b6e286078c85ef,4301129,pdftotext,1
433,https://drive.google.com/open?id=176P-aQbIYngFU4D-qmNkrDvxUGjAefGr&usp=drive_fs,https://drive.usercontent.google.com/download?id=176P-aQbIYngFU4D-qmNkrDvxUGjAefGr&export=download,7192db57161cdd144fd5c7cd2c6de8aba2f40c721077ee0749984efeae9053c4,16504378,pdftotext,1
434,https://drive.google.com/file/d/1ZbLENGh_rEdf-qUeViXBt7FuP94PDS2C/view?usp=drive_link,https://drive.usercontent.google.com/download?id=1ZbLENGh_rEdf-qUeViXBt7FuP94PDS2C&export=download,4208dc663eab065022634a12936396bc6bf056b333ada9fed5711bac8ad1b38d,950411,pdftotext,1
435,https://drive.google.com/file/d/1mAVkr54CzgAIoqv4MPeByxMOkueiq-Ej/view?usp=drive_link,https://drive.usercontent.google.com/download?id=1mAVkr54CzgAIoqv4MPeByxMOkueiq-Ej&export=download,e0fd25755e03116877c1c7b71c81bf65ee98445f7803416180cf5b1117f1b5b0,239968,pdftotext,1
436,https://drive.google.com/file/d/1McVVhXPxhhxYCnkyTAnCUxnOD8FJTB-2/view?usp=drive_link,https://drive.usercontent.google.com/download?id=1McVVhXPxhhxYCnkyTAnCUxnOD8FJTB-2&export=download,126bdb0c62c83d1083d3ce47c74df632247e5586cb594eb98b0e3ce08685e525,251352,pdftotext,1
437,https://drive.google.com/file/d/1YC5JSN5Oa_6JZKYeBIICTxHJsSE4neUy/view?usp=drive_link,https://drive.usercontent.google.com/download?id=1YC5JSN5Oa_6JZKYeBIICTxHJsSE4neUy&export=download,a6b91425be2ebd9b07c76326fd19ef27191c8a0cffcc2e4406c64c90e92bbd95,480060,pdftotext,1
438,https://drive.google.com/file/d/1denDLlygbbRFfvFI4ucymw6IkHXVxs-Q/view?usp=drive_link,https://drive.usercontent.google.com/download?id=1denDLlygbbRFfvFI4ucymw6IkHXVxs-Q&export=download,a75e4bc5c584f1e171d0d49b2517939ea85f7789f1acfe62e2f630d367f5c604,840153,pdftotext,1
439,https://drive.google.com/file/d/1GeGLEFohyjxm3RHr_Xb7g9EUgCQci-D_/view?usp=drive_link,https://drive.usercontent.google.com/download?id=1GeGLEFohyjxm3RHr_Xb7g9EUgCQci-D_&export=download,4c495dc8c80e2aa99a2d2a2475a13c8e3ec86dbeac79e7f6b4010f7bbdd29d06,115962,pdftotext,1
440,https://drive.google.com/file/d/1DucE5XB4BB20ObTNVPMK7rd9a4ux0ga1/view?usp=drive_link,https://drive.usercontent.google.com/download?id=1DucE5XB4BB20ObTNVPMK7rd9a4ux0ga1&export=download,5c23227ab2beb7c7b0d82fa5eeca3cde9799b136084e4b3767579f96b9551a5e,1063277,unsupported_binary,0
443,https://drive.google.com/file/d/1BoDaHTcyJcynnHl-v6vFMm014UVGz5vz/view?usp=drive_link,https://drive.usercontent.google.com/download?id=1BoDaHTcyJcynnHl-v6vFMm014UVGz5vz&export=download,c98dbe2876df930523049adf66f171aa1c967cac294cbbec10accd5a9704304a,477443,pdftotext,1
444,https://drive.google.com/file/d/1XooGW3Q52jx8ASEahNfYDw5aKiYWBkJb/view?usp=drive_link,https://drive.usercontent.google.com/download?id=1XooGW3Q52jx8ASEahNfYDw5aKiYWBkJb&export=download,4940f0fb7e46bcc6d9651111ed9bfcf90839767443d5cb449c39342d3199840b,3070788,pdftotext,1
445,https://drive.google.com/file/d/1spw7-6caxtdUrDbqJ-cLtrk6FNQO03x-/view?usp=drive_link,https://drive.usercontent.google.com/download?id=1spw7-6caxtdUrDbqJ-cLtrk6FNQO03x-&export=download,019c31a1eb5c0daee2c8d24601645d96ceff6d205ba7c6327a5f365c6d031232,1703389,needs_ocr,0
447,https://drive.google.com/file/d/1n0QQKA6-rN35Bsgf44Qx9kzwL9s0ipkx/v iew?usp=drive_link,https://drive.usercontent.google.com/download?id=1n0QQKA6-rN35Bsgf44Qx9kzwL9s0ipkx&export=download,407bf065f64ed4905b80fa20cedf8ec52c25721be41e69066abcb8dd20be7f93,1466133,pdftotext,1
448,https://drive.google.com/open?id=150RfKsYQa0L-1f7mRgBtIVC6cfqWsOx5&usp=drive_fs,https://drive.usercontent.google.com/download?id=150RfKsYQa0L-1f7mRgBtIVC6cfqWsOx5&export=download,0ddfa4fa9dd83a05db9dc7c1be5080e5ec0afe6159c1161c334350c5c177c4af,49924,pdftotext,1
449,https://drive.google.com/open?id=1rJmT6uPrjtGIkt58wqGRdUIVhbFYgR_I&usp=drive_fs,https://drive.usercontent.google.com/download?id=1rJmT6uPrjtGIkt58wqGRdUIVhbFYgR_I&export=download,53d679b7b0493f6615ea8d2d0881264294665a02d86968a6f9110dcd855d8c72,259096,pdftotext,1
450,https://docs.google.com/document/d/1he2BPkkdo3ZaYbIuSs0SiBsiLzV2IKZK?rtpof=true&usp=drive_fs,https://doc-0o-9c-docstext.googleusercontent.com/export/e6hpso97lrhpva19l3uocm525o/05sof3ac8oocjd547g8lu7srdo/1787806565000/106502800010968857763/*/1he2BPkkdo3ZaYbIuSs0SiBsiLzV2IKZK?format=docx,6ee83fa686099e016ec19c528ec840ce48bdcd394956452efbaea7a33166cf6a,24843,office_xml,1
452,https://drive.google.com/open?id=1MbpRgD2evBVQT30Kqjkw6IYxfXxKWnoq&usp=drive_fs,https://drive.usercontent.google.com/download?id=1MbpRgD2evBVQT30Kqjkw6IYxfXxKWnoq&export=download,91f82247d37ef9f09295eb49f1e81586fa3771dcb4248b1dac50a0b4346b30ee,239135,pdftotext,1
454,https://drive.google.com/open?id=1g6lAhAjLIJfRthnADYtLGHHRAqYcukIq&usp=drive_fs,https://drive.usercontent.google.com/download?id=1g6lAhAjLIJfRthnADYtLGHHRAqYcukIq&export=download,501e87fd516007a20a9dfd1cb1e107c4043e4099e81bc8146a4fe7fe731d92af,1082869,pdftotext,1
455,https://drive.google.com/file/d/1fPP1Gv2cTPTyXIF0zbw8qTrRjJSXwmfo/view?usp=drive_link,https://drive.usercontent.google.com/download?id=1fPP1Gv2cTPTyXIF0zbw8qTrRjJSXwmfo&export=download,f9273630bcdb29d4f55bd91959d7bd2ddb0f3941df47a5682530fc809b30085f,5971555,pdftotext,1
457,https://drive.google.com/file/d/1T5fndLXcSDGVg04TmXzbbpHCd6-2b4nx/view?usp=drive_link,https://drive.usercontent.google.com/download?id=1T5fndLXcSDGVg04TmXzbbpHCd6-2b4nx&export=download,0e4f6940b8b3bea8899baa9986a21bb87e4ff2d05274161735f8761e7574f4b9,1800012,pdftotext,1
458,https://drive.google.com/file/d/1OolXtM9prhu51dozaBKUJSxOlEyZaBQE/view?usp=drive_link,https://drive.usercontent.google.com/download?id=1OolXtM9prhu51dozaBKUJSxOlEyZaBQE&export=download,1db4a1caa28612a0d64ff6b860502fb8d909de28de35d5c623ecfca9bc76183f,755041,pdftotext,1
459,https://drive.google.com/file/d/1bRL-FgT90uX5a4BUJXH18NmvKcANHojI/view?usp=drive_link,https://drive.usercontent.google.com/download?id=1bRL-FgT90uX5a4BUJXH18NmvKcANHojI&export=download,35dfd446b267204001b2dc8ef79290a7e182c5067121931dac9dc102344d9849,1296396,pdftotext,1
460,https://drive.google.com/file/d/1YARHY3oF4oiflcgwk6O5Noo8AfKSR3oD/view?usp=drive_link,https://drive.usercontent.google.com/download?id=1YARHY3oF4oiflcgwk6O5Noo8AfKSR3oD&export=download,d3b0e899dae5f3c120991db7657c4b68b0c80fe928bdac306ef9aa06c1c40633,1464998,pdftotext,1
461,https://drive.google.com/file/d/104uX-BnykDLNXkeIY0sDgbxAbzGTSFDW/view?usp=drive_link,https://drive.usercontent.google.com/download?id=104uX-BnykDLNXkeIY0sDgbxAbzGTSFDW&export=download,348f704478c30fd77c20a2da3288e858ce026d68b41042261e4d865f46f0aef5,693962,pdftotext,1
463,https://drive.google.com/file/d/1daC1veB7wNRNsh9N8jPMzVGXhCEIudPD/view?usp=drive_link,https://drive.usercontent.google.com/download?id=1daC1veB7wNRNsh9N8jPMzVGXhCEIudPD&export=download,ac3e91a9643ca6fdfba756f72383c567dcbfcc9ec8db59ca47d5426fd77d70fb,547920,pdftotext,1
464,https://docs.google.com/document/d/1zZx8EQwsY0PddTYeKLygxxfqrLzDv6VC/edit?usp=drive_link&ouid=106502800010968857763&rtpof=true&sd=true,https://doc-0c-9c-docstext.googleusercontent.com/export/e6hpso97lrhpva19l3uocm525o/e0feommqrqhch990p2fq7lgi5c/1787806570000/106502800010968857763/*/1zZx8EQwsY0PddTYeKLygxxfqrLzDv6VC?format=docx,e64558ce0d3593fb7a7378cce247b4af00309899e44167c17d31f3a5774aa208,506547,office_xml,1
466,https://drive.google.com/file/d/1_kA9FpGo2fJT3yEYvOnnpnuKJmYPQQe9/view?usp=drive_link,https://drive.usercontent.google.com/download?id=1_kA9FpGo2fJT3yEYvOnnpnuKJmYPQQe9&export=download,4fd699f568c4795f2859fcd81c4acc29fdbf6df48950af067214d9a7bfda11de,1067045,pdftotext,1
468,https://drive.google.com/file/d/1kpsTMAhEX5KAssAqUk0DG-k3C6lUBXZY/view?usp=drive_link,https://drive.usercontent.google.com/download?id=1kpsTMAhEX5KAssAqUk0DG-k3C6lUBXZY&export=download,9a27a1c96e73267e2687a53011569d63093d8c2c896cf0a7df4d2a2238c49819,1036606,pdftotext,1
469,https://docs.google.com/document/d/1hfUHTmx6NZ8NjE1z7gXJ1zbH_mdAmrXj/edit?usp=drive_link&ouid=106502800010968857763&rtpof=true&sd=true,https://doc-0k-9c-docstext.googleusercontent.com/export/e6hpso97lrhpva19l3uocm525o/heqoj0tgo29a5mob0cdpdm20ek/1787806570000/106502800010968857763/*/1hfUHTmx6NZ8NjE1z7gXJ1zbH_mdAmrXj?format=docx,6ac6b49b582a9a6d849954f508fe7df32c441d2665dea12134ae4ce2f6d29a74,353985,office_xml,1
471,https://drive.google.com/file/d/1axxfMsTXF3RiDc7CL81vMxQK8SCZ9PZV/view?usp=drive_link,https://drive.usercontent.google.com/download?id=1axxfMsTXF3RiDc7CL81vMxQK8SCZ9PZV&export=download,09200850247ce6d298cf283700bf420975e6aa76f435a2ddbed6787915d1a985,889975,pdftotext,1
473,https://drive.google.com/file/d/18Iqo_RMxOC3WAQIFajHYkrPvhA9Qaoiw/view?usp=drive_link,https://drive.usercontent.google.com/download?id=18Iqo_RMxOC3WAQIFajHYkrPvhA9Qaoiw&export=download,9b2b48f173ccc93b1b72d1e373a563efad13d82189fe85e510fa555c2a01b493,163883,needs_ocr,0
474,https://drive.google.com/file/d/1yiNnhw6JBG19INN-vb39o54D89yBbm61/view?usp=drive_link,https://drive.usercontent.google.com/download?id=1yiNnhw6JBG19INN-vb39o54D89yBbm61&export=download,a6d49ec9a2b4371d77d38c5b2b06ac19c20f607d3ed4217865ad6bee3024845f,8726998,pdftotext,1
475,https://drive.google.com/file/d/14TCOard3z1cJ1iUG9rUMgvE294VRESI4/view?usp=drive_link,https://drive.usercontent.google.com/download?id=14TCOard3z1cJ1iUG9rUMgvE294VRESI4&export=download,50a65b5d9b9b6692db0c2cbebbd7541877c1f5e15664ddd680f21f0ccec5ca68,317757,pdftotext,1
476,https://drive.google.com/file/d/1QiVtX1DYPYw3znlLPIn98DkpsPhTEOUz/view?usp=drive_link,https://drive.usercontent.google.com/download?id=1QiVtX1DYPYw3znlLPIn98DkpsPhTEOUz&export=download,47b27992aea061992b8c75cad070e5ef23f49566862414347f3739009029e144,287885,needs_ocr,0
478,https://drive.google.com/file/d/167hVPUDvbrGoZiamAV4oqBbawe5YLb9A/view?usp=drive_link,https://drive.usercontent.google.com/download?id=167hVPUDvbrGoZiamAV4oqBbawe5YLb9A&export=download,8c3255affa211bcef719e6960008f1be0e309c725bfc7a77287d82c436891e1b,3197174,needs_ocr,0
480,https://drive.google.com/file/d/1YdmVEJOvztCbWYHiCG9oXn2jOKmaqIVJ/view?usp=drive_link,https://drive.usercontent.google.com/download?id=1YdmVEJOvztCbWYHiCG9oXn2jOKmaqIVJ&export=download,0c52139b88545397ec0b388a49c6d0b9419bec4b5bbbde343372b03bebeadc6a,102881,unsupported_binary,0
482,https://drive.google.com/file/d/1wUHkOuLdeZ6ectbk3Ii-FAMEc02Ez2ed/view?usp=drive_link,https://drive.usercontent.google.com/download?id=1wUHkOuLdeZ6ectbk3Ii-FAMEc02Ez2ed&export=download,3cd1cb6ad08ded26f3dd511753738d679be7eef7d77f3043b7a3d5c3a741e5d5,672028,pdftotext,1
484,https://drive.google.com/file/d/1rw4fLVXnG1qvVkseHnbhb1OIvHzD9zKt/view?usp=drive_link,https://drive.usercontent.google.com/download?id=1rw4fLVXnG1qvVkseHnbhb1OIvHzD9zKt&export=download,d86634a73fff35d865edc17229cd9a1f3983ca7ab119ee9a7dc24d8c1855003b,1487901,needs_ocr,0
486,https://drive.google.com/file/d/1Dy5Ree48qykMj5cIupBwXPNivJUaeBXl/view?usp=drive_link,https://drive.usercontent.google.com/download?id=1Dy5Ree48qykMj5cIupBwXPNivJUaeBXl&export=download,b27cd1c77ec45e16523098e02b5ec48b4515dd6fcb0d4f612a1f40a20a7de44c,29540,needs_ocr,0
488,https://drive.google.com/file/d/1vfy-jl_kNXtL5JtE36oqoSMbjYv1180X/view?usp=drive_link,https://drive.usercontent.google.com/download?id=1vfy-jl_kNXtL5JtE36oqoSMbjYv1180X&export=download,9b44acdba4deeb700e4822c26c765e8b1714b9b6087f1607e1ffbb4914bad526,197325,unsupported_binary,0
491,https://drive.google.com/file/d/1cGOs4qqtnKWWuez6JkoHUmEC8t_rM1H8/view?usp=drive_link,https://drive.usercontent.google.com/download?id=1cGOs4qqtnKWWuez6JkoHUmEC8t_rM1H8&export=download,c8bc0981d2633300a26c795bd4057e9699db1dfc1a35a13cca001eca5f78adaf,360731,needs_ocr,0
493,https://drive.google.com/file/d/1zQQ0TjLm1dtFtNpF1IHXapgvcVR5BowO/view?usp=drive_link,https://drive.usercontent.google.com/download?id=1zQQ0TjLm1dtFtNpF1IHXapgvcVR5BowO&export=download,3b0284cb11df089499b4c7f31518dc83caa1ba16d4789c5a8f4c06817d8120a4,96370,needs_ocr,0
495,https://drive.google.com/file/d/1j47MqtYbfsvwUN3vsCtecbekhG_lN3Kx/view?usp=drive_link,https://drive.usercontent.google.com/download?id=1j47MqtYbfsvwUN3vsCtecbekhG_lN3Kx&export=download,77ab1bed8be50543eff1089c13f025b68d46b3eb04dc43f9cd00c452dd41d79c,41423,pdftotext,1
499,https://drive.google.com/file/d/1OV-xQjW10Al62hVLYepOcJEtJgZM3FUN/view?usp=drive_link,https://drive.usercontent.google.com/download?id=1OV-xQjW10Al62hVLYepOcJEtJgZM3FUN&export=download,00cb3a2ae7b2c863cf0608706cce36c679632d12e10fac4b27e1c805143564a9,391574,needs_ocr,0
501,https://drive.google.com/file/d/1Q6Uh3-LNfIjWdzEG9-kCE97s7HRkYXas/view?usp=drive_link,https://drive.usercontent.google.com/download?id=1Q6Uh3-LNfIjWdzEG9-kCE97s7HRkYXas&export=download,9e637fcb44d63e2f73aa72d0871a4393204df9db7d3c410aa1ffd8b604d91d3a,1116910,needs_ocr,0
503,https://drive.google.com/file/d/1Xr14MWu7uRD5UpMX-L6dVPuyfcGaTnAY/view?usp=drive_link,https://drive.usercontent.google.com/download?id=1Xr14MWu7uRD5UpMX-L6dVPuyfcGaTnAY&export=download,985036c57abb2c7bee9b19e000a6b256e5a506d48f59eea9eb9f69b5f89d7108,1166119,pdftotext,1
504,https://drive.google.com/file/d/1Kmq9YOS1FJQdkDg55_uTlGFw-CCZFS6q/view?usp=drive_link,https://drive.usercontent.google.com/download?id=1Kmq9YOS1FJQdkDg55_uTlGFw-CCZFS6q&export=download,1f96ae4d9899adc25d17f8573ce3452fc0a64785e4ef14e3b9d901b6bfab5c02,43946,needs_ocr,0
506,https://drive.google.com/file/d/1bYrfcraPY9QD2V_S4XUEcLkI8kyX4dQt/view?usp=drive_link,https://drive.usercontent.google.com/download?id=1bYrfcraPY9QD2V_S4XUEcLkI8kyX4dQt&export=download,10ab9758b2ee6dfecf50b51f8f43855621dc9d518fe2707839dee9d5ca25b5a1,193099,needs_ocr,0
509,https://drive.google.com/file/d/1rxjDMEJl68IUu8tRF9KnXgI2bVvBpwly/view?usp=drive_link,https://drive.usercontent.google.com/download?id=1rxjDMEJl68IUu8tRF9KnXgI2bVvBpwly&export=download,1eabd9432b452eebbd9f8aa88f302a2db5933c821e76c6fd7a51cac0cbadfb92,646116,pdftotext,1
512,https://drive.google.com/file/d/1_nvH2TPdz2sJjQZF1pfn2ByqO4myhAOq/view?usp=drive_link,https://drive.usercontent.google.com/download?id=1_nvH2TPdz2sJjQZF1pfn2ByqO4myhAOq&export=download,1af447be6c3483a89f401c5d932290e674cf1026b29d27c9e8a3c3777934724c,78575,unsupported_binary,0
516,https://drive.google.com/file/d/1leEwzBPgfT1SknrXvIeFHBTzWTlfwA4l/view?usp=drive_link,https://drive.usercontent.google.com/download?id=1leEwzBPgfT1SknrXvIeFHBTzWTlfwA4l&export=download,c01a5c9340f6f021dcba132da1cd07f2f77d500132760b8a0683421ea8f28052,56922,needs_ocr,0
518,https://drive.google.com/file/d/1mXDJY4-2n_CBQenHgb0a4tYzfaPNt34a/view?usp=drive_link,https://drive.usercontent.google.com/download?id=1mXDJY4-2n_CBQenHgb0a4tYzfaPNt34a&export=download,57d751857da9619dc0b4955e4852c289998b0ff97469d26fab7fd663a1d2a4f3,130832,unsupported_binary,0
520,https://drive.google.com/file/d/1VfkyuBDEwb1k5wmsEaWyVfw9D4nezJqd/view?usp=drive_link,https://drive.usercontent.google.com/download?id=1VfkyuBDEwb1k5wmsEaWyVfw9D4nezJqd&export=download,bc28bc3a65d1303b275c3dbfb4a7116c7da8f96b3fe2615952142e010c319197,122677,unsupported_binary,0
522,https://drive.google.com/file/d/1ZCO0WKxXxdghX-k8EL1ADav8I8t_YImn/view?usp=drive_link,https://drive.usercontent.google.com/download?id=1ZCO0WKxXxdghX-k8EL1ADav8I8t_YImn&export=download,8f25321941741e8157fa2ad52136efd1d3bb7d666eff68999c8106cd7a5590ed,2378857,needs_ocr,0
525,https://drive.google.com/file/d/1oq30HgkU08XFFTV4hqnPSSg-PXgbWp8s/view?usp=drive_link,https://drive.usercontent.google.com/download?id=1oq30HgkU08XFFTV4hqnPSSg-PXgbWp8s&export=download,e0f93221f22bc8f8ddeabb30f9fb806c27071482aac7118cb9a9428e4d05bb36,119649,unsupported_binary,0
528,https://drive.google.com/file/d/12xJy0E7tDEcf8z_0lKvHZN8qYL8FKDDq/view?usp=drive_link,https://drive.usercontent.google.com/download?id=12xJy0E7tDEcf8z_0lKvHZN8qYL8FKDDq&export=download,ad900387670d606f2fd65d4b6b1dabbafe7c12dd8f42a05ac891664df70531af,744957,needs_ocr,0
530,https://drive.google.com/file/d/1Ccp63_InDi4tGqMiprrQXm9OpmjOU832/view?usp=drive_link,https://drive.usercontent.google.com/download?id=1Ccp63_InDi4tGqMiprrQXm9OpmjOU832&export=download,169ca95f1ce688e1ca8e8b1a3aac52f611688390e7a273c222047531b7c6fd88,97771,pdftotext,1
532,https://drive.google.com/file/d/1CoglzvULzZkclWbbjHZNbzWlCe0SIXEV/view?usp=drive_link,https://drive.usercontent.google.com/download?id=1CoglzvULzZkclWbbjHZNbzWlCe0SIXEV&export=download,66955f48cf9af1eacc1b91e091a22a6bfee7bc32998b339b6e7525089e44ce76,84078,unsupported_binary,0
533,https://drive.google.com/file/d/1VH9Xf_Vaozczsw2VRd3Rqxdm-GsYmtxH/view?usp=drive_link,https://drive.usercontent.google.com/download?id=1VH9Xf_Vaozczsw2VRd3Rqxdm-GsYmtxH&export=download,8cbb689c029bbc7eef8bbfd34af48753a71f26ff3b0a075992745ddf824cec19,107801,needs_ocr,0
535,https://drive.google.com/file/d/1F-h4NlrAaRxKxxl35KYIzqAhkeZhNBel/view?usp=drive_link,https://drive.usercontent.google.com/download?id=1F-h4NlrAaRxKxxl35KYIzqAhkeZhNBel&export=download,8420be7fa40e5e24d3793d01a16f718be604d05191a99fd711caaae42348e038,1569,unsupported_binary,0
536,https://docs.google.com/document/d/1vTumIfKUyNviOI9Hfc6N4v9Vu0jRnSKd/edit?usp=drive_link&ouid=106502800010968857763&rtpof=true&sd=true,https://doc-14-9c-docstext.googleusercontent.com/export/e6hpso97lrhpva19l3uocm525o/1boveacs56i10lqns61ejgk23o/1787806575000/106502800010968857763/*/1vTumIfKUyNviOI9Hfc6N4v9Vu0jRnSKd?format=docx,6300961baf266b2a3322ed1e28e0580ab24b4027a9d2d0aa6640b9412555dfaf,16132,office_xml,1
538,https://drive.google.com/file/d/198HOtkpeE2A6W1lq329ehrO3Tr39Wf6i/view?usp=drive_link,https://drive.usercontent.google.com/download?id=198HOtkpeE2A6W1lq329ehrO3Tr39Wf6i&export=download,4b894dd7d43691ad37d5515948918ad42f73737a1e5ba6ddc6de0efa67334753,304310,needs_ocr,0
539,https://drive.google.com/file/d/1G5ekA3QB6X7Dll3GVZuBnXLS4ueYa_Y8/view?usp=drive_link,https://drive.usercontent.google.com/download?id=1G5ekA3QB6X7Dll3GVZuBnXLS4ueYa_Y8&export=download,6e9dd3373bd1a3d6e960ba5f8f5ef5956a095ee79fd939f8a0cf3231506371cb,426213,needs_ocr,0
541,https://docs.google.com/document/d/1oXIfvqxUReM5nWE31Y2FUmXkaMsuG34f/edit?usp=drive_link&ouid=106502800010968857763&rtpof=true&sd=true,https://doc-0k-9c-docstext.googleusercontent.com/export/e6hpso97lrhpva19l3uocm525o/5629at8jb1ae1nt7atd52imn1o/1787806575000/106502800010968857763/*/1oXIfvqxUReM5nWE31Y2FUmXkaMsuG34f?format=docx,53b063d96efda66d4dbe8964022e1f73bde7b59d4697421610370e227cec3bba,134948,office_xml,1
543,https://drive.google.com/file/d/1K7Xb_9dBLqmjjORKnJG64NNsGA-6S_se/view?usp=drive_link,https://drive.usercontent.google.com/download?id=1K7Xb_9dBLqmjjORKnJG64NNsGA-6S_se&export=download,fe54778c8aea8d262adb31d4d46a3efd027554979f3b42598cc7392a8deedfb5,249505,pdftotext,1
545,https://docs.google.com/document/d/1QdKncYodXcO57sA7kTiwydyl3VRZQVXX/edit?usp=drive_link&ouid=106502800010968857763&rtpof=true&sd=true,https://doc-0s-9c-docstext.googleusercontent.com/export/e6hpso97lrhpva19l3uocm525o/fcfaena6ibite4eouab664qshc/1787806575000/106502800010968857763/*/1QdKncYodXcO57sA7kTiwydyl3VRZQVXX?format=docx,4d03c864c46ed5445ec60438096418ca71e79bcdaf541f645b489db4e01cf7d7,30036,office_xml,1
547,https://drive.google.com/file/d/1ok_YMDHkvJEs-JZK2V8MdIVMPWuzUt1O/view?usp=drive_link,https://drive.usercontent.google.com/download?id=1ok_YMDHkvJEs-JZK2V8MdIVMPWuzUt1O&export=download,65290f89393c2d36e5fbe1a1b51fcf4930ba786fa0a44cecc63d41f8651a79d3,99713,pdftotext,1
549,https://docs.google.com/document/d/1E37ohtvuEOGJi7HS1w2D9ftvot5-aPRF/edit?usp=drive_link&ouid=106502800010968857763&rtpof=true&sd=true,https://doc-0o-9c-docstext.googleusercontent.com/export/e6hpso97lrhpva19l3uocm525o/4tdlpnsa6t0boka7f6b84lvqks/1787806575000/106502800010968857763/*/1E37ohtvuEOGJi7HS1w2D9ftvot5-aPRF?format=docx,361a3562d678e759a8826d1be2c2a0f05a69a71fb054db3dc74b751d29cf3f20,72513,office_xml,1
551,https://drive.google.com/file/d/13MsE46f4Y_4wOU3A1VG7do1NzNUjLtk8/view?usp=drive_link,https://drive.usercontent.google.com/download?id=13MsE46f4Y_4wOU3A1VG7do1NzNUjLtk8&export=download,2dc8ea1650fa356d67564b6a3132630a25e732c3c0ca25b5963205138d82eaca,9374079,pdftotext,1
553,https://docs.google.com/document/d/1F2rZdw7xzqtbM8So52lMk9eVsuStU5Z1/edit?usp=drive_link&ouid=106502800010968857763&rtpof=true&sd=true,https://doc-0s-9c-docstext.googleusercontent.com/export/e6hpso97lrhpva19l3uocm525o/pl993hfcouoseq5oc8pjoi6r4o/1787806575000/106502800010968857763/*/1F2rZdw7xzqtbM8So52lMk9eVsuStU5Z1?format=docx,22628e139c621a309069ddeb70fb5ca9ab8b437693a5e77532d985099208dea7,102960,office_xml,1
555,https://drive.google.com/file/d/1BHZWduvrKpmjI7uMpN6zlqE79UV38G9z/view?usp=drive_link,https://drive.usercontent.google.com/download?id=1BHZWduvrKpmjI7uMpN6zlqE79UV38G9z&export=download,0be32129521d9c28cdafef2a5cff4f8d025b80d723553903f4f752ae3931d2e7,759974,pdftotext,1
557,https://docs.google.com/document/d/1uXqaj6-KaSYSGBd5DccxnLo_5OwzOg8N/edit?usp=drive_link&ouid=106502800010968857763&rtpof=true&sd=true,https://doc-0o-9c-docstext.googleusercontent.com/export/e6hpso97lrhpva19l3uocm525o/pgscqouqqo2enjthf5joiipln0/1787806575000/106502800010968857763/*/1uXqaj6-KaSYSGBd5DccxnLo_5OwzOg8N?format=docx,d3a060443d067e37fb1d42acd39d284f44d3878d483553260d6d97d6d9f5aadd,134614,office_xml,1
559,https://drive.google.com/file/d/1x8Mu_P-2IGzUSm631kJ-q5yKSHdjBTk2/view?usp=drive_link,https://drive.usercontent.google.com/download?id=1x8Mu_P-2IGzUSm631kJ-q5yKSHdjBTk2&export=download,210b1492a8ffcaf48c2dcc098403bc271beadd0f0b7936484ce0f1e00e8c5cb8,855923,pdftotext,1
561,https://docs.google.com/document/d/1K66GslhRW15XXP9i2Z-zqWqltoMl89UG/edit?usp=drive_link&ouid=106502800010968857763&rtpof=true&sd=true,https://doc-08-9c-docstext.googleusercontent.com/export/e6hpso97lrhpva19l3uocm525o/5064hqhji2poggq1ff6bihvk14/1787806575000/106502800010968857763/*/1K66GslhRW15XXP9i2Z-zqWqltoMl89UG?format=docx,f61668b038f840a0d628ed73d773d6f22545c84f661a96686cf98c061359a9ab,22527,office_xml,1
563,https://drive.google.com/file/d/1EscE4wGFP91Dz5W5suEQQRbek1LspLk9/view?usp=drive_link,https://drive.usercontent.google.com/download?id=1EscE4wGFP91Dz5W5suEQQRbek1LspLk9&export=download,e863557ad2e76122ebe44ebbe51cbfffbb0af2345158f2ba2ecea772695566f9,160118,pdftotext,1
565,https://drive.google.com/file/d/1Np6f5SWDA7Eq9YicqGAvrjd-_6ArYUZd/view?usp=drive_link,https://drive.usercontent.google.com/download?id=1Np6f5SWDA7Eq9YicqGAvrjd-_6ArYUZd&export=download,c3b4711247399651250cfc9fb17c61f565ba26195a8417587bf2980bdc3d462a,1194817,pdftotext,1
566,https://drive.google.com/file/d/1XPl3EghfIkuMiq40vCAeq5Uit1TgGyiU/view?usp=drive_link,https://drive.usercontent.google.com/download?id=1XPl3EghfIkuMiq40vCAeq5Uit1TgGyiU&export=download,f858394057ee9a0bc9eea17f802949ddbececcb75d84306cf417ee8cae04b663,1403595,pdftotext,1
567,https://drive.google.com/file/d/1CnA1snusVZ4vJ3_DncUM-Tb4p6bXB95C/view?usp=drive_link,https://drive.usercontent.google.com/download?id=1CnA1snusVZ4vJ3_DncUM-Tb4p6bXB95C&export=download,d3f379eeb61175beffd3f3e46d94a7c97fa1a3708867b7328889394fa325ff5c,1321161,pdftotext,1
568,https://drive.google.com/file/d/1afWhqdZ9v3ybOcqm4Y8ba71Zt9ZyITpi/view?usp=drive_link,https://drive.usercontent.google.com/download?id=1afWhqdZ9v3ybOcqm4Y8ba71Zt9ZyITpi&export=download,90e50d46a29cddb92d237a5c87bf547480a639571a5239a13abec88ece90eced,593326,pdftotext,1
569,https://drive.google.com/file/d/1Bmy4M3lAgtU5vuNqPTSHsEju2Hujxfeb/view?usp=drive_link,https://drive.usercontent.google.com/download?id=1Bmy4M3lAgtU5vuNqPTSHsEju2Hujxfeb&export=download,746f6796a3051be466d8ff5f9ab0694fcb46be952bf93b272e95106ab468b1f4,447744,pdftotext,1
570,https://drive.google.com/file/d/1YQNpJyEm9uNvObNGu38IYhLaABGGNFuT/view?usp=drive_link,https://drive.usercontent.google.com/download?id=1YQNpJyEm9uNvObNGu38IYhLaABGGNFuT&export=download,ad7077e7c28d6af7ed3ace967c8f0378198da52ecabd296b9fa5570024621915,4332782,needs_ocr,0
571,https://drive.google.com/file/d/1Pw31pIClsjUSBDTAzstMmorG1VMXIjry/view?usp=drive_link,https://drive.usercontent.google.com/download?id=1Pw31pIClsjUSBDTAzstMmorG1VMXIjry&export=download,5264664a9132b885de308e2cffb237e06bc337fc22cc94880cc2b5ed303266a5,111401,pdftotext,1
572,https://drive.google.com/file/d/1seHKXhRM6qLGCJb_-DiSFYStenpatl4H/view?usp=drive_link,https://drive.usercontent.google.com/download?id=1seHKXhRM6qLGCJb_-DiSFYStenpatl4H&export=download,48e30be22055c794b2796053212ec87f221e9f53b22c22326f3ed9d2049a9f52,19454851,pdftotext,1
573,https://drive.google.com/file/d/12iT2voryvyK5xVKruNWXjmgco6RDDSyL/view?usp=drive_link,https://drive.usercontent.google.com/download?id=12iT2voryvyK5xVKruNWXjmgco6RDDSyL&export=download,d213dfe19b86bfcc751f43781494daeaec4247870465bea3baa11b8521f1e11a,537362,pdftotext,1
574,https://drive.google.com/file/d/1cfDcrm3RuvXUr4aV1jzBH6GxsAZVyrGM/view?usp=drive_link,https://drive.usercontent.google.com/download?id=1cfDcrm3RuvXUr4aV1jzBH6GxsAZVyrGM&export=download,c5450ad2ed0f5ce31f19c0c01049481914ae00bf8893459d7c5716b9f43bbbec,167154,pdftotext,1
575,https://drive.google.com/file/d/1bMWuJjKCUCmOQ9B5I0sckbZ0zle53uOb/view?usp=drive_link,https://drive.usercontent.google.com/download?id=1bMWuJjKCUCmOQ9B5I0sckbZ0zle53uOb&export=download,341bd7f1d99c3265b53ea1418d273b3996876df116e50d51763909b7ec418992,287212,needs_ocr,0
576,https://drive.google.com/file/d/1wwLFhj0qobAvPJ6Gz-vtsYfnkzFUJ2Hx/view?usp=drive_link,https://drive.usercontent.google.com/download?id=1wwLFhj0qobAvPJ6Gz-vtsYfnkzFUJ2Hx&export=download,652335aa0fda6482f60bddf243921130a07f3bdf45bd85e3ca6c0d99d61b27a8,2410608,pdftotext,1
577,https://drive.google.com/file/d/1Xfn9GnWu6kQOwaG1dUizzQsZ449JyrBk/view?usp=drive_link,https://drive.usercontent.google.com/download?id=1Xfn9GnWu6kQOwaG1dUizzQsZ449JyrBk&export=download,7e86690f7a35855c84725ffaf79818aaef6d65e0176698a6ff970571bc3069d7,591826,pdftotext,1
578,https://drive.google.com/file/d/1yiw1ZBcTGlt6I5OPkcOxHIg9CqPS2HEm/view?usp=drive_link,https://drive.usercontent.google.com/download?id=1yiw1ZBcTGlt6I5OPkcOxHIg9CqPS2HEm&export=download,60be3e8f9508d8023554070959c2b4bb51a23e73a4b867b0b1fa78530d0ff967,309918,pdftotext,1
579,https://drive.google.com/file/d/1kjbfRrnp5NhPY9otPd05GQzOzy2PyxKb/view?usp=drive_link,https://drive.usercontent.google.com/download?id=1kjbfRrnp5NhPY9otPd05GQzOzy2PyxKb&export=download,06e4d012c89b6249f83abb4ae04d8c023a7fc4e9ed8abbcafb73f1a496fbf92d,1042191,pdftotext,1
580,https://drive.google.com/file/d/1bz6N21c_j_PF_FDRFF_yr2fIJGSC0SF1/view?usp=drive_link,https://drive.usercontent.google.com/download?id=1bz6N21c_j_PF_FDRFF_yr2fIJGSC0SF1&export=download,3a01ae5fcec0b7db5cad4bdbabe85ec8c94239f0bfe29fcc100c2a96cd810460,7869666,pdftotext,1
582,https://drive.google.com/file/d/1BI9y-OUF34_edJw3xmGGm8zi7ZTujshY/view?usp=drive_link,https://drive.usercontent.google.com/download?id=1BI9y-OUF34_edJw3xmGGm8zi7ZTujshY&export=download,7a34e621d2fe3a08fd5630414892168be92834688ffa3ff485f2b68333f25949,1562883,pdftotext,1
583,https://drive.google.com/file/d/1sLeH8HcGv3KEe-SPDYz51mNhyZAasm7f/view?usp=drive_link,https://drive.usercontent.google.com/download?id=1sLeH8HcGv3KEe-SPDYz51mNhyZAasm7f&export=download,a1d1f556a3c1fd97a8760777a8a3a20b6399ab0196e0167e2a7e8bf6ec07b15d,1227493,pdftotext,1
588,https://drive.google.com/file/d/1UrINQ4tDyMfG8YA8ENE2pdV0Zg64gAPK/view?usp=drive_link,https://drive.usercontent.google.com/download?id=1UrINQ4tDyMfG8YA8ENE2pdV0Zg64gAPK&export=download,dee3162e5902a7e184c5e40d8d1a4bf02b3b0c975af4735ecdf18f7543c8b8f7,119400,pdftotext,1
595,https://docs.google.com/document/d/1XCovOTlSjMm7rFvKiC6RRJN3q4upEXz6/edit?usp=drive_link&ouid=106502800010968857763&rtpof=true&sd=true,https://doc-0o-9c-docstext.googleusercontent.com/export/e6hpso97lrhpva19l3uocm525o/24lipl7kdsppgtfuaniao7bams/1787806580000/106502800010968857763/*/1XCovOTlSjMm7rFvKiC6RRJN3q4upEXz6?format=docx,7475919c2d8d9edbf815c26d54287eb24f11fadc0ed2f0bf9d2d006990d88f9d,34436,office_xml,1
597,https://drive.google.com/file/d/1IWrPJq1K2hCwog-LBSEIiMFu30KIGtb8/view?usp=drive_link,https://drive.usercontent.google.com/download?id=1IWrPJq1K2hCwog-LBSEIiMFu30KIGtb8&export=download,75310a78b1eae6ac5af85f1e546b6d7792bdf91686e3cf9c062e91a93015dcb6,239722,pdftotext,1
599,https://drive.google.com/file/d/1EtCRGpxwrtA7JKaFfyEOPOlbcvYhqPCn/view?usp=drive_link,https://drive.usercontent.google.com/download?id=1EtCRGpxwrtA7JKaFfyEOPOlbcvYhqPCn&export=download,ff25172c929749526a7bcce04724f98b1c0f4935c4fcfaf67021a8e76aafc6d2,185472,pdftotext,1
601,https://drive.google.com/file/d/1WQGcfraQSQbMgXC8MAjCGgM9_3uAJqMI/view?usp=drive_link,https://drive.usercontent.google.com/download?id=1WQGcfraQSQbMgXC8MAjCGgM9_3uAJqMI&export=download,89081d03f2c0578b44389ed5a2beea528c2bf40e286e7016e9a33716b74e3279,937748,pdftotext,1
604,https://drive.google.com/file/d/1EFPAWAzX9orFNXo-ZT5cb_wnNyms-F2y/view?usp=drive_link,https://drive.usercontent.google.com/download?id=1EFPAWAzX9orFNXo-ZT5cb_wnNyms-F2y&export=download,963b4c4c0ee070f33988e0c2a43fa64bfbf71fa7633f9bb0b7b2d85ba2bc894a,5914873,needs_ocr,0
605,https://drive.google.com/file/d/1oyik-ofpwTkw6_wEzQnZ-ZNi8X-GSE8M/view?usp=drive_link,https://drive.usercontent.google.com/download?id=1oyik-ofpwTkw6_wEzQnZ-ZNi8X-GSE8M&export=download,ce1233e7268ef1533ecb9e53f7b14b709d47843939777b71bcc5f8d254f9c997,3326193,pdftotext,1
607,https://drive.google.com/file/d/1es3D4e9U5jnYOBfQOkKdNdjAVn0-hLLx/view?usp=drive_link,https://drive.usercontent.google.com/download?id=1es3D4e9U5jnYOBfQOkKdNdjAVn0-hLLx&export=download,a566a9ea91e0760690013b042ce5cf8023e2dc23cf351a4fc6497e264e3ca86d,3423084,pdftotext,1
609,https://drive.google.com/file/d/1KWnV4q8c0M7dTjL6ExkhoM5azjzl9oma/view?usp=drive_link,https://drive.usercontent.google.com/download?id=1KWnV4q8c0M7dTjL6ExkhoM5azjzl9oma&export=download,ae0d4846eb704dc3ff6165a08c06f6a2a00596f17215d8befefb6f93f2db9aab,57587,unsupported_binary,0
610,https://drive.google.com/file/d/1VoeFjJO4iYkUObicMv6zjo9YQh3fXv5U/view?usp=drive_link,https://drive.usercontent.google.com/download?id=1VoeFjJO4iYkUObicMv6zjo9YQh3fXv5U&export=download,98e0b7d3e9ea6202335f42c6cd62f13144ae9c712c63790bffd7487d79322bfb,5388671,pdftotext,1
612,https://drive.google.com/file/d/1oGo5oUfHPYKzmLKlzEo2fV2T8iBfDIWp/view?usp=drive_link,https://drive.usercontent.google.com/download?id=1oGo5oUfHPYKzmLKlzEo2fV2T8iBfDIWp&export=download,2922108e41cd296ac99a994c5376dfc861417ad054677bd609e7d99d19c72aec,570361,pdftotext,1
613,https://drive.google.com/file/d/1NBrdH7hUbqX2TSXYzs_ccND9f6anoiNH/view?usp=drive_link,https://drive.usercontent.google.com/download?id=1NBrdH7hUbqX2TSXYzs_ccND9f6anoiNH&export=download,ccf3c37966f938a947b6d6bc960a74fee3532e2349769cb705a3a54b93621473,815720,pdftotext,1
614,https://drive.google.com/file/d/1dQiMROKcSufCf7Y5WtwpHYLNmPD83Bds/view?usp=drive_link,https://drive.usercontent.google.com/download?id=1dQiMROKcSufCf7Y5WtwpHYLNmPD83Bds&export=download,909ac6284b08a65a4c5044cb1a0bf8fde0f3bf11cad139f7c7f20bd83956d4d3,236200,unsupported_binary,0
615,https://drive.google.com/file/d/1rYsF7OaKkwxBCsSElnOOGaSDZUysOizD/view?usp=drive_link,https://drive.usercontent.google.com/download?id=1rYsF7OaKkwxBCsSElnOOGaSDZUysOizD&export=download,0ce9dc6e6b334f3da441ccd6859b6c4a68d8f114dfa1453aaad8f085aea5d34a,352859,pdftotext,1
616,https://drive.google.com/file/d/1XOkMJM-SpcfrnXQ4YBMZpB4Zoh8fFwTr/view?usp=drive_link,https://drive.usercontent.google.com/download?id=1XOkMJM-SpcfrnXQ4YBMZpB4Zoh8fFwTr&export=download,87bb9d1b866973c7ac92b438b4ce0e810b594690d3d3281bc23055f87541331b,10667525,pdftotext,1
617,https://drive.google.com/file/d/1XFwGeIWmdTIb2W0Pa3DlOYLk6Q2RQGaf/view?usp=drive_link,https://drive.usercontent.google.com/download?id=1XFwGeIWmdTIb2W0Pa3DlOYLk6Q2RQGaf&export=download,1e1b8ba4753d99db837ea8c48c68fea48de0248d0cf7a7be092b4e306ce236cd,589824,pdftotext,1
618,https://drive.google.com/file/d/1aZcSQg0Mfn7872SCdGcN0eC77LxPxgGh/view?usp=drive_link,https://drive.usercontent.google.com/download?id=1aZcSQg0Mfn7872SCdGcN0eC77LxPxgGh&export=download,53c9407bb731c3087dc5aed4ae311b44ffc5e56c6938a9fbb9fbe67fab93ca9d,665103,pdftotext,1
619,https://drive.google.com/file/d/1XasLPj2OxN67GPXFs-1KMHTlv-kjzQB6/view?usp=drive_link,https://drive.usercontent.google.com/download?id=1XasLPj2OxN67GPXFs-1KMHTlv-kjzQB6&export=download,562676cf4880c610abf309d21c8183239987c45e91c8d098253595283eacc2b0,1227141,pdftotext,1
620,https://drive.google.com/file/d/1Ed6UfTPwreOEoonbgTZDZqRotIbVee4W/view?usp=drive_link,https://drive.usercontent.google.com/download?id=1Ed6UfTPwreOEoonbgTZDZqRotIbVee4W&export=download,17701ac0c918eda6d0a15934572bdeceb79b73cd32921e84718595cf44156d0d,206050,pdftotext,1
621,https://drive.google.com/file/d/1yZWATZ_4CPRJE4svZhBG4Q4s3blpqI67/view?usp=drive_link,https://drive.usercontent.google.com/download?id=1yZWATZ_4CPRJE4svZhBG4Q4s3blpqI67&export=download,a7e08c2f3b54a55ddbda491a0704c8e885ef3a65b594a7970c0cd280c8a17d19,222211,needs_ocr,0
623,https://drive.google.com/file/d/138SC_PPeKMn_Lhe4-xjf_ss78YSqZXcl/view?usp=drive_link,https://drive.usercontent.google.com/download?id=138SC_PPeKMn_Lhe4-xjf_ss78YSqZXcl&export=download,d650394581f2852dc01c34f6a9bfcdf24c7650fe9cb90aa304df4b31f3827fdc,1256454,pdftotext,1
624,https://drive.google.com/file/d/1hXg-KhmLnh3gcFajEdWNQdK5rjx9JJpR/view?usp=drive_link,https://drive.usercontent.google.com/download?id=1hXg-KhmLnh3gcFajEdWNQdK5rjx9JJpR&export=download,0f4fc0f73094e070920c09cdc0bf309de557b2a32eb4a75e8f7b5af58913249f,657941,needs_ocr,0
625,https://drive.google.com/file/d/1YK4BjNer3RrycV2LvehY1Xztlx1ntvzn/view?usp=drive_link,https://drive.usercontent.google.com/download?id=1YK4BjNer3RrycV2LvehY1Xztlx1ntvzn&export=download,2975cc403a217474926ade4dfa47a5e1b6819185790c3682c6e11da72d030f29,347315,pdftotext,1
626,https://drive.google.com/file/d/1tWrALAyS4Dy3G3uWlQcuk3eB60ke8v0-/view?usp=drive_link,https://drive.usercontent.google.com/download?id=1tWrALAyS4Dy3G3uWlQcuk3eB60ke8v0-&export=download,ddf0d74df3c98b73d6529a1796a00483e32413f22144dbd3c074853105fcaade,6896945,pdftotext,1
627,https://drive.google.com/file/d/10NT76G_iznTHojqtHKND8HlrGp5Aclth/view?usp=drive_link,https://drive.usercontent.google.com/download?id=10NT76G_iznTHojqtHKND8HlrGp5Aclth&export=download,bce5d1a29e519c5fbf65d3e34112d3f5171cb7eb920ca79e01242c9dfd1500a1,1181413,pdftotext,1
629,https://drive.google.com/file/d/1FdDilitVfAqS3bPGEBQI8vU_59QxtL4T/view?usp=drive_link,https://drive.usercontent.google.com/download?id=1FdDilitVfAqS3bPGEBQI8vU_59QxtL4T&export=download,c4d83e673a7016ebd5daa375f5aa26500883012e59cd1cd040e8e8051e3e27f8,121703,pdftotext,1
630,https://drive.google.com/file/d/19-RdMYO2tx8oOUvkcITlqMvaGOl1RvtG/view?usp=drive_link,https://drive.usercontent.google.com/download?id=19-RdMYO2tx8oOUvkcITlqMvaGOl1RvtG&export=download,de700b7a7ab23ad7a80169116a7427e9ba814b0cb074b914669cb405438a5d2f,236644,pdftotext,1
631,https://drive.google.com/file/d/1gzEeWK_BRDd4kY7UNRA3elOK-l2DXCGN/view?usp=drive_link,https://drive.usercontent.google.com/download?id=1gzEeWK_BRDd4kY7UNRA3elOK-l2DXCGN&export=download,26c7e87df4fe38afd95451a95b13c90c17dda645a0fc753aea61e52568b6ba9b,914779,pdftotext,1
633,https://drive.google.com/file/d/1oRclpjk6ytQa3_OXof4qqs_MwYIEx7oG/view?usp=drive_link,https://drive.usercontent.google.com/download?id=1oRclpjk6ytQa3_OXof4qqs_MwYIEx7oG&export=download,41d639d3fb00f2dfce1880b2f200aee9d418b4f408712212f9afe16dc8c5275a,211786,pdftotext,1
634,https://drive.google.com/file/d/1TXH24HUNDwe40Glz2ovAWKOT0nYvXfpE/view?usp=drive_link,https://drive.usercontent.google.com/download?id=1TXH24HUNDwe40Glz2ovAWKOT0nYvXfpE&export=download,c243ca1730fff2837bd827e5c86afba67b2aa665402675f65b38374215658cf9,530670,pdftotext,1
635,https://drive.google.com/file/d/1voLxhjz2seniWxhGpKci41uNW-3VgUdH/view?usp=drive_link,https://drive.usercontent.google.com/download?id=1voLxhjz2seniWxhGpKci41uNW-3VgUdH&export=download,524ad0f5f3db97bccff12490253d591db81ddb0649876bb186cf02434ee800ca,1647923,pdftotext,1
637,https://drive.google.com/file/d/1v9aRsduxmU2JS8S0gdz6LCbP2ThVWhrr/view?usp=drive_link,https://drive.usercontent.google.com/download?id=1v9aRsduxmU2JS8S0gdz6LCbP2ThVWhrr&export=download,246c659cc039fd4319575e84281068b1e8c1c47ff8de807b1611a5bcf004bb8f,1807245,pdftotext,1
639,https://drive.google.com/file/d/1rJ2Y0zUSzpceGAo3MmyM3EeHF3Y7JY8R/view?usp=drive_link,https://drive.usercontent.google.com/download?id=1rJ2Y0zUSzpceGAo3MmyM3EeHF3Y7JY8R&export=download,8a70a2ca754cd030a0583cd2641108d81b5f1bc294af74c2ab43a7d8b03ee7e7,1496731,pdftotext,1
641,https://drive.google.com/file/d/19R9t3jbfLQPTHguTIG936kgUrHNuYZ1u/view?usp=drive_link,https://drive.usercontent.google.com/download?id=19R9t3jbfLQPTHguTIG936kgUrHNuYZ1u&export=download,2bcf2199277294665b5f88a85b6eaefc47d4fd126faec83d88d56d9641e26da1,3428597,pdftotext,1
642,https://drive.google.com/file/d/1wY4EjH3XzMHv4UC5MMvBIrX1rbVUE9VR/view?usp=drive_link,https://drive.usercontent.google.com/download?id=1wY4EjH3XzMHv4UC5MMvBIrX1rbVUE9VR&export=download,08e1e7ff1a30ea807c22f2c76558e2b9f6491ed4f54410eb012e2104dd76516c,278184,pdftotext,1
643,https://drive.google.com/file/d/1omXFgAbF8Nu8vK156UE-49LSwznQYSMT/view?usp=drive_link,https://drive.usercontent.google.com/download?id=1omXFgAbF8Nu8vK156UE-49LSwznQYSMT&export=download,dcfe6408f901198a9df1ca8581be4d451549da86c9a0046e082953e0759f8b7a,3604544,pdftotext,1
644,https://drive.google.com/file/d/1d7HLtdCjt8OOVlppodFDqyi-Mm9OHMgO/view?usp=drive_link,https://drive.usercontent.google.com/download?id=1d7HLtdCjt8OOVlppodFDqyi-Mm9OHMgO&export=download,e91156a443ebb57edee669f88f75aa25a879bd0fe6673c9f5e443f25f01de9a7,228348,unsupported_binary,0
645,https://drive.google.com/file/d/1lGd--RmiA6U-DCyf7kvOFus49TByqA3U/view?usp=drive_link,https://drive.usercontent.google.com/download?id=1lGd--RmiA6U-DCyf7kvOFus49TByqA3U&export=download,24145d56f72770bac316e05adade5336fc57e2626f597441dfd64cf1e6b1ceeb,134284,unsupported_binary,0
651,https://drive.google.com/file/d/1M6HBCjGwls4UoAr9-VJhBgBbSktKJFcI/view?usp=drive_link,https://drive.usercontent.google.com/download?id=1M6HBCjGwls4UoAr9-VJhBgBbSktKJFcI&export=download,8a2602e5aa3bd1802a4dc55628c0ace522562b7a585f24062d069c46a3661f25,245403,needs_ocr,0
654,https://drive.google.com/file/d/1F2yJ8MYN7Fa4zoz5LoxNRXr_aFAg9o7b/view?usp=drive_link,https://drive.usercontent.google.com/download?id=1F2yJ8MYN7Fa4zoz5LoxNRXr_aFAg9o7b&export=download,4282d4146b7a7df21d0425693289614764f4dfdfb1e5a5dd50a0e2be9330ca1a,71396,needs_ocr,0
658,https://drive.google.com/file/d/1AhqDuj6shR60OYYKvy9OyqDz0tp0znAr/view?usp=drive_link,https://drive.usercontent.google.com/download?id=1AhqDuj6shR60OYYKvy9OyqDz0tp0znAr&export=download,0930f481beafdeec82f0cf8753a31681946d2dc23ffb2f9b4c1a5a10cf1ed947,155277,unsupported_binary,0
661,https://drive.google.com/file/d/1qsIkByExfGxG3uNxFZ8srCvwpKbiE9dL/view?usp=drive_link,https://drive.usercontent.google.com/download?id=1qsIkByExfGxG3uNxFZ8srCvwpKbiE9dL&export=download,24558b14dd19afdc6195c759379e22b80bd8271782649b043718702b207c2edb,46298,needs_ocr,0
663,https://drive.google.com/file/d/1iGolqb_mH3dqHfB4oYTIObTPjXNaN2GY/view?usp=drive_link,https://drive.usercontent.google.com/download?id=1iGolqb_mH3dqHfB4oYTIObTPjXNaN2GY&export=download,53f9c32e7d4314892ed9bcaa3ff4b13c67c4be222a6c9bc88ccd276e7b4beedb,104300,needs_ocr,0
665,https://drive.google.com/file/d/1Mrzv0h1Ke5Bgx3DEmHDVcqRnVoRICsT-/view?usp=drive_link,https://drive.usercontent.google.com/download?id=1Mrzv0h1Ke5Bgx3DEmHDVcqRnVoRICsT-&export=download,f81b1705449bb951f6a2f430b15c0e35ec6a2e8ff30d9c50913719b1faf12a20,66025,unsupported_binary,0
667,https://drive.google.com/file/d/1RLrZbXnC9NXYfwTMPOzEu4LkThjixGDC/view?usp=drive_link,https://drive.usercontent.google.com/download?id=1RLrZbXnC9NXYfwTMPOzEu4LkThjixGDC&export=download,ff94acf2da188da989dda63d75a07d06f90a8c79c340e122c8667408a1899ddb,50151,needs_ocr,0
669,https://drive.google.com/file/d/1i1aP_h3E3oIvidVGQ8ZpXFMnsSBrPCsN/view?usp=drive_link,https://drive.usercontent.google.com/download?id=1i1aP_h3E3oIvidVGQ8ZpXFMnsSBrPCsN&export=download,124477549a748a6cb96238661570ccd4abc312f4876449b9086e3430d6fe098f,650072,needs_ocr,0
671,https://drive.google.com/file/d/1MJ9TG63D__Wc33WZzQkGMc9I135bcaP4/view?usp=drive_link,https://drive.usercontent.google.com/download?id=1MJ9TG63D__Wc33WZzQkGMc9I135bcaP4&export=download,321b5abbe18afa03d9f225e849a32b5c0c665a31f4bfa42c713dee05e47ff85d,113014,unsupported_binary,0
673,https://drive.google.com/file/d/1rgvzqUZI1DWc8iChUAGGuRlCl1a5dEXX/view?usp=drive_link,https://drive.usercontent.google.com/download?id=1rgvzqUZI1DWc8iChUAGGuRlCl1a5dEXX&export=download,d090c609233142adb826a12bd4de09778bf07332d8b9eecfd8fb806a681d82b3,179377,needs_ocr,0
675,https://drive.google.com/file/d/1v7hugABAOfr6shoDS4mrb2rMJFO4Lxgd/view?usp=drive_link,https://drive.usercontent.google.com/download?id=1v7hugABAOfr6shoDS4mrb2rMJFO4Lxgd&export=download,27ab9f474f4f6081280d2deffec32312907247cd7d76e8062c9cd2beeb1173ee,79296,needs_ocr,0
677,https://drive.google.com/file/d/1yOcxYqvuQ4vLR8eF2mVm5GrT7gl0-dr-/view?usp=drive_link,https://drive.usercontent.google.com/download?id=1yOcxYqvuQ4vLR8eF2mVm5GrT7gl0-dr-&export=download,82d20c6969fb0652f918234856debe5b0d5792ddd0d1f5aab59dc83a21a0932e,55681,needs_ocr,0
679,https://drive.google.com/file/d/1HeX1ta7waPhjfa6rODOFjK343Ekcl805/view?usp=drive_link,https://drive.usercontent.google.com/download?id=1HeX1ta7waPhjfa6rODOFjK343Ekcl805&export=download,16926fa83e5ee7407de0b09bbf2be04de9ba0ba338b2573738afb57bbd857573,89867,needs_ocr,0
681,https://drive.google.com/file/d/1JriDxfd02cMB_nZZ7pRX_g7Y8qtTcEwe/view?usp=drive_link,https://drive.usercontent.google.com/download?id=1JriDxfd02cMB_nZZ7pRX_g7Y8qtTcEwe&export=download,c9a0d1d291ad3f5111d61c0fba81f025ec20393fd19804874442f767d7acf81d,234856,needs_ocr,0
683,https://drive.google.com/file/d/10zrVX5nb2WR9OToQqds_IHyjDYjESAac/view?usp=drive_link,https://drive.usercontent.google.com/download?id=10zrVX5nb2WR9OToQqds_IHyjDYjESAac&export=download,5331815e9b7164468b1a6739879b4659d5e19e183822510ce261789108883d75,202978,needs_ocr,0
686,https://drive.google.com/file/d/1fBVPCNZnYc3mlF5ftQXs9_85sPYnhsY4/view?usp=drive_link,,,,failed,HTTPError: 404 Client Error: Not Found for url: https://drive.usercontent.google.com/download?id=1fBVPCNZnYc3mlF5ftQXs9_85sPYnhsY4&export=download
689,https://drive.google.com/file/d/1WN4laiq3B_Kr42dH5wLdh5hgxS9Fnd4d/view?usp=drive_link,https://drive.usercontent.google.com/download?id=1WN4laiq3B_Kr42dH5wLdh5hgxS9Fnd4d&export=download,a38eb71e75d82e252f31241c89ead512b8ad21d0f67b441843760381897eed41,165520,needs_ocr,0
690,https://drive.google.com/file/d/1NwxEox9a71-uKrSdQSQw8yzDnZpr7nbw/view?usp=drive_link,https://drive.usercontent.google.com/download?id=1NwxEox9a71-uKrSdQSQw8yzDnZpr7nbw&export=download,8fa37944caeafdc417c60f32efbd78201fc368d2d76a3e92a8ff06ce9cf23e90,99593,unsupported_binary,0
692,https://drive.google.com/file/d/12Wrr3OwYz3D8MDH2Xl7jS7f7i4qoQbL-/view?usp=drive_link,https://drive.usercontent.google.com/download?id=12Wrr3OwYz3D8MDH2Xl7jS7f7i4qoQbL-&export=download,f250d27cb07f1cdb41b35bffefd8dbe9a841a8d9bee9ab0766e3918f1714cb31,83296,needs_ocr,0
694,https://drive.google.com/file/d/1j5vaVtPxRqFmNmzNTiZRj98IoMAar2w_/view?usp=drive_link,https://drive.usercontent.google.com/download?id=1j5vaVtPxRqFmNmzNTiZRj98IoMAar2w_&export=download,2fb33f17896d42c287eac4cd4fb84ecaf399aa62bf1d0d12cc77705fd3d1903c,122933,pdftotext,1
695,https://drive.google.com/file/d/1AhWnedMvsPrju00xkgTSdJqhQk-n2LdJ/view?usp=drive_link,https://drive.usercontent.google.com/download?id=1AhWnedMvsPrju00xkgTSdJqhQk-n2LdJ&export=download,b444d1a68cd3171604c2cc19030d2d4b149ad3750aef7e4c80c668cbb991f27c,677704,pdftotext,1
696,https://drive.google.com/file/d/1f6CjGxlBTLPAMbdm3a-e4C7DPXkR1Gz9/view?usp=drive_link,https://drive.usercontent.google.com/download?id=1f6CjGxlBTLPAMbdm3a-e4C7DPXkR1Gz9&export=download,3eaf61e49f08c99bd15697b827ee1f97b94a24ee7d0bb537b36e793371030514,499903,pdftotext,1
697,https://drive.google.com/file/d/1n3tH7QwpCPyUrWWpdUNGNjFii5g-lU1B/view?usp=drive_link,https://drive.usercontent.google.com/download?id=1n3tH7QwpCPyUrWWpdUNGNjFii5g-lU1B&export=download,99344c4ccbbb4e82cee81c7c2923013251be4f90cf1fd09857a925d7c0fe89d5,399790,pdftotext,1
698,https://drive.google.com/file/d/1SrkZzDIZXk5yBESlCJROsQYOHMlwVoyX/view?usp=drive_link,https://drive.usercontent.google.com/download?id=1SrkZzDIZXk5yBESlCJROsQYOHMlwVoyX&export=download,d9bc3914ef8b75b655057f4fbc1ff03c2f84f6385de13eeec5e135c1366377c9,379517,pdftotext,1
699,https://drive.google.com/file/d/1L4ppZakpoNMvRXFhVBvo8_1y4fJ0b2Si/view?usp=drive_link,https://drive.usercontent.google.com/download?id=1L4ppZakpoNMvRXFhVBvo8_1y4fJ0b2Si&export=download,cfff3df6a4d3a108a2d7e66b271a320ac3f435a42f26ececda27e53b6bf196a0,311853,pdftotext,1
700,https://drive.google.com/file/d/1BaCxaU-fcDUrfOeUAYz4w3ROyxBKE03R/view?usp=drive_link,https://drive.usercontent.google.com/download?id=1BaCxaU-fcDUrfOeUAYz4w3ROyxBKE03R&export=download,951ae6241b44ef9eacdb45327793e763d71a954d1e4e18385c589b1d7c4d42f1,409902,pdftotext,1
701,https://drive.google.com/file/d/1QCL_DhuoT6f33fXWVbgFZ6GWtdNC8vjp/view?usp=drive_link,https://drive.usercontent.google.com/download?id=1QCL_DhuoT6f33fXWVbgFZ6GWtdNC8vjp&export=download,d63f2de012dd11e4c0839d6796136de93fa35064cc86673a59acad3232c70ad1,332534,pdftotext,1
702,https://drive.google.com/file/d/1jCurJQFZ6UZnovL8fs_Uu3N0xA5dpBHr/view?usp=drive_link,https://drive.usercontent.google.com/download?id=1jCurJQFZ6UZnovL8fs_Uu3N0xA5dpBHr&export=download,6f05c4a551dd223c4c917613463e104a7a3f82f96737c1c985b00e441b0d5227,423525,pdftotext,1
703,https://drive.google.com/file/d/1_8Wr553bDvSFRLymzcQtqcfFaL2E3a1j/view?usp=drive_link,https://drive.usercontent.google.com/download?id=1_8Wr553bDvSFRLymzcQtqcfFaL2E3a1j&export=download,7e78d0b34cf43dab76032a98fe34e78938eb2dc805eee4f0c0d0f5e6a92c6f87,447497,pdftotext,1
704,https://drive.google.com/file/d/14vpCS8WN8bFP-vArhC29B_XhT3hhmEnU/view?usp=drive_link,https://drive.usercontent.google.com/download?id=14vpCS8WN8bFP-vArhC29B_XhT3hhmEnU&export=download,be524ac2836a3d470d24cbd2bb1a0a79d62aaf7de449356b9ad3feac961ebe3f,527394,pdftotext,1
705,https://drive.google.com/file/d/17IhxxBHyVkBHO6u54StbOylXOy6R-9R9/view?usp=drive_link,https://drive.usercontent.google.com/download?id=17IhxxBHyVkBHO6u54StbOylXOy6R-9R9&export=download,f5579fbd571e4bad7789a046c3816a8df2895c400cf8876808634e730a7d88a1,73939,pdftotext,1
706,https://drive.google.com/file/d/1kLuXo1ZkcimUkac85YjKCv7u-LythoEh/view?usp=drive_link,https://drive.usercontent.google.com/download?id=1kLuXo1ZkcimUkac85YjKCv7u-LythoEh&export=download,5368e7c4d919aa3c75b8da88b9a5226e1a5c4d22b1b8771e2a6d27175fef6500,478495,pdftotext,1
707,https://drive.google.com/file/d/1KPlRncx4LtKx3ZnJE69NdeDCQLdLaKkg/view?usp=drive_link,https://drive.usercontent.google.com/download?id=1KPlRncx4LtKx3ZnJE69NdeDCQLdLaKkg&export=download,8294b9b45bf1c46c2884d57c5ee2ae3237bdf8836e50ea05caf329be2e028bb4,734449,pdftotext,1
709,https://drive.google.com/file/d/1ryOYIwAAwMuQba_ejLcShwSg4VMGFdWI/view?usp=drive_link,https://drive.usercontent.google.com/download?id=1ryOYIwAAwMuQba_ejLcShwSg4VMGFdWI&export=download,fd8cb111822ba48f62fdb0d04b3d8a6daaae3208efdb90578f0885e4965c6e3e,775879,pdftotext,1
710,https://drive.google.com/file/d/1n-O6U4mbnn9Qe9eJVFfCCLTGETPewJFw/view?usp=drive_link,https://drive.usercontent.google.com/download?id=1n-O6U4mbnn9Qe9eJVFfCCLTGETPewJFw&export=download,8df3d36f4e4afb60cc42990040fef314939bd14169d68075105e9aef47998837,1767505,pdftotext,1
711,https://drive.google.com/file/d/1QFJys4PyCqMcYxnUZ-zFFxH0h_EVN6Gy/view?usp=drive_link,https://drive.usercontent.google.com/download?id=1QFJys4PyCqMcYxnUZ-zFFxH0h_EVN6Gy&export=download,a046ed3b5ea0bdcf3a7ab03c268d3e8e89cf8b6b1bd571b6a06b7cd5d540c410,731601,pdftotext,1
712,https://drive.google.com/file/d/1FRNwUKJPWlcm8Jr2UUE3mxgzhGwemOu6/view?usp=drive_link,https://drive.usercontent.google.com/download?id=1FRNwUKJPWlcm8Jr2UUE3mxgzhGwemOu6&export=download,44e3eb1801f9614685c778f60e1a2fe5d27f205896debac479b8a500f549458e,105556,unsupported_binary,0
714,https://drive.google.com/file/d/1JcYjeZe8ustU8glpUDUrkEqvZYalhrcv/view?usp=drive_link,https://drive.usercontent.google.com/download?id=1JcYjeZe8ustU8glpUDUrkEqvZYalhrcv&export=download,db7623abebe063c72d39fde8f786aa6d5562aecf024febbef6195189ad9cb7b0,523841,pdftotext,1
715,https://drive.google.com/file/d/118SHrcasvvbZ4G5-4AuJ6xiRnepMWJ3f/view?usp=drive_link,https://drive.usercontent.google.com/download?id=118SHrcasvvbZ4G5-4AuJ6xiRnepMWJ3f&export=download,8124bc13a6d4cc68467fe45bff0c245c0f51fad0fc8c57b4202d697ef934930c,307786,pdftotext,1
716,https://drive.google.com/file/d/1lkowg6j3MMCFh9qu-MCG_71OURKcRRuP/view?usp=drive_link,https://drive.usercontent.google.com/download?id=1lkowg6j3MMCFh9qu-MCG_71OURKcRRuP&export=download,05e2a8ac14bd45985e9ac4488c29886885120fe968dc432be13e44a1697351bb,243125,pdftotext,1
717,https://drive.google.com/file/d/1c1nxVmllvWO2w5NIgJ8eWf0qmI2mDst2/view?usp=drive_link,https://drive.usercontent.google.com/download?id=1c1nxVmllvWO2w5NIgJ8eWf0qmI2mDst2&export=download,f16d23d0768cf7a350466bdd31b3c6ad2c95018c172f58ecd7441e6b67e5f3f7,1034153,unsupported_binary,0
718,https://drive.google.com/file/d/18MFHRO65bevJLK_5WghXI9P5hFzc5yJf/view?usp=drive_link,https://drive.usercontent.google.com/download?id=18MFHRO65bevJLK_5WghXI9P5hFzc5yJf&export=download,fc1351187ad23dcd2431255ac5a4e4e17417e6b94155cf49033c6840ba0d5388,464012,pdftotext,1
719,https://drive.google.com/file/d/1BB7_zOipXO--yQrRP7nc2x1ypMNZPX1x/view?usp=drive_link,https://drive.usercontent.google.com/download?id=1BB7_zOipXO--yQrRP7nc2x1ypMNZPX1x&export=download,11fa14c2f98590c14adb71c5fb299f2e7159d63d88b88e6f75722089641fbeee,5796334,pdftotext,1
720,https://drive.google.com/file/d/1QX2iXe-v8vZVj0Zw5DDw2a-fl-c43M5E/view?usp=drive_link,https://drive.usercontent.google.com/download?id=1QX2iXe-v8vZVj0Zw5DDw2a-fl-c43M5E&export=download,bf676cdb2116f03a44df2c5853cd79524b4cbd2440afba39b0ab6fb17597142d,443484,pdftotext,1
721,https://drive.google.com/file/d/1V7xXhfU2hfpaUQqalDANMokEbYGJP80I/view?usp=drive_link,https://drive.usercontent.google.com/download?id=1V7xXhfU2hfpaUQqalDANMokEbYGJP80I&export=download,3c4fa5d42f463c1daf1ecde17f693ec2aab88c6e328c6ad2fb014d1a19c9a38f,212792,pdftotext,1
722,https://drive.google.com/file/d/1nJ0Tvzj3VdBEEyq3RprlUN5-pUKKM9IL/view?usp=drive_link,https://drive.usercontent.google.com/download?id=1nJ0Tvzj3VdBEEyq3RprlUN5-pUKKM9IL&export=download,fba0028dceea8dcc77662d9f8ce4ced6ccf46047930080d10ad9e037e6b34619,508018,pdftotext,1
723,https://drive.google.com/file/d/1wEg1HDqP385vvt9roM_0KBne1vJhWYvK/view?usp=drive_link,https://drive.usercontent.google.com/download?id=1wEg1HDqP385vvt9roM_0KBne1vJhWYvK&export=download,4e861234691d5d8922c2f02d1b23182d3a790d72694926944e885b3c6d48f3b2,618045,pdftotext,1
724,https://drive.google.com/file/d/1Lhauk8UGXQa7D6N2R4G3wbXxH6VnLAM3/view?usp=drive_link,https://drive.usercontent.google.com/download?id=1Lhauk8UGXQa7D6N2R4G3wbXxH6VnLAM3&export=download,19489c545dfe1dd5c4f8f450e463e034b8d9f25ff1fd273acf1c22477a937a6d,431244,pdftotext,1
725,https://drive.google.com/file/d/1NVhEnuPg0X10ZE9CMvv3xi7uGbNhklqc/view?usp=drive_link,https://drive.usercontent.google.com/download?id=1NVhEnuPg0X10ZE9CMvv3xi7uGbNhklqc&export=download,6ef3c292e322f03a84bc9953965f476728eace67bcfdf7fdaca094ec26bac43b,1902702,needs_ocr,0
726,https://drive.google.com/file/d/1DXQ1Kfir6jjsXNzNEJpvPgNUNIVpPDRC/view?usp=drive_link,https://drive.usercontent.google.com/download?id=1DXQ1Kfir6jjsXNzNEJpvPgNUNIVpPDRC&export=download,57c554ddb4e35878395471e24aa7f41c714401c4d45230b7660ca36cd454f64a,811674,needs_ocr,0
728,https://drive.google.com/file/d/1dr9s3PKjoMiBvSluwdTBZD08EPoTDoxN/view?usp=drive_link,https://drive.usercontent.google.com/download?id=1dr9s3PKjoMiBvSluwdTBZD08EPoTDoxN&export=download,1c98d6989efe0d32ff7fb345fc2ce61dd0bafc1576aae35a9ce9aeb49c0ef985,1095361,pdftotext,1
729,https://drive.google.com/file/d/1yC2CtLN1XMHFQNkWGZoMtHGrhQRT_juU/view?usp=drive_link,https://drive.usercontent.google.com/download?id=1yC2CtLN1XMHFQNkWGZoMtHGrhQRT_juU&export=download,5e90b185090cd0074fa3792f74b21da6d32e7fac697045234419189eb10238a5,467558,pdftotext,1
730,https://drive.google.com/file/d/1ROHeuY3atLjP-BQiBBbGTE5zq5MTHoaX/view?usp=drive_link,https://drive.usercontent.google.com/download?id=1ROHeuY3atLjP-BQiBBbGTE5zq5MTHoaX&export=download,da458cd172f17cd58abbfd9fbdf7b5c4adf80d4a762ab9a4842ef7200e51084e,1115394,pdftotext,1
732,https://drive.google.com/file/d/1BOkxFpqHe64OtjaxOmoKTnLMNf6MfUry/view?usp=drive_link,https://drive.usercontent.google.com/download?id=1BOkxFpqHe64OtjaxOmoKTnLMNf6MfUry&export=download,a7dd5fdf4da71b3da58673f2fb9d505a36e1e2a1843693655e7bfd38b9ff1e2a,1174472,pdftotext,1
734,https://drive.google.com/file/d/17KJ-A7ogEZIdCgtwz0JMsThBPbpmFx4a/view?usp=drive_link,https://drive.usercontent.google.com/download?id=17KJ-A7ogEZIdCgtwz0JMsThBPbpmFx4a&export=download,7fecb5585557c8b50e9c65747faddd00e4ba5242cb951a7005798e76cbfcce2a,367170,pdftotext,1
735,https://drive.google.com/file/d/1UNG9Sf7bJjn6TfYEv41NVXDztc2-S4-m/view?usp=drive_link,https://drive.usercontent.google.com/download?id=1UNG9Sf7bJjn6TfYEv41NVXDztc2-S4-m&export=download,dede41b8ef7457411dd9d7f3b4e00af2fad5a412585d3f62e58ff6100aa0ee42,157604,pdftotext,1
736,https://docs.google.com/document/d/1beh2xvnuj-uJXyXwACJKeo2w9fEW692T/edit?usp=drive_link,https://doc-0o-9c-docstext.googleusercontent.com/export/e6hpso97lrhpva19l3uocm525o/surhrpuogt28sd09nk2ul8jhh0/1787806595000/106502800010968857763/*/1beh2xvnuj-uJXyXwACJKeo2w9fEW692T?format=docx,fe0af6c6e04829143dbf9311f32b3558a5e2ebea701e1582eb649f4a1f0579c5,73877,office_xml,1
738,https://drive.google.com/file/d/1XVQXtGLeebV8eP0D-xOWtgOkS4p-GbXu/view?usp=drive_link,https://drive.usercontent.google.com/download?id=1XVQXtGLeebV8eP0D-xOWtgOkS4p-GbXu&export=download,16817a91e7b621ec92a879f05d3b91801ca90f2324e7ac4b6dbf56bb3169117e,491716,pdftotext,1
740,https://drive.google.com/file/d/1OffOuUqFTa-w36IZGaMHWb1SN9Ik1BK4/view?usp=drive_link,https://drive.usercontent.google.com/download?id=1OffOuUqFTa-w36IZGaMHWb1SN9Ik1BK4&export=download,bdad046794c975f1dfbfc608b8ac400cdedc45b2cd7806faf02a67479ee7cbe7,1171447,pdftotext,1
741,https://drive.google.com/file/d/1ynwfXPLqShIhxcoqvFKmx4crBsSre7w9/view?usp=drive_link,https://drive.usercontent.google.com/download?id=1ynwfXPLqShIhxcoqvFKmx4crBsSre7w9&export=download,82295db4c11d46109d83869eddccf737f4465eca2ee422534effd5a9de8525b7,1550339,pdftotext,1
742,https://drive.google.com/file/d/17ByFEoNc_kglbnkgCvZw__R1TjYOADAZ/view?usp=drive_link,https://drive.usercontent.google.com/download?id=17ByFEoNc_kglbnkgCvZw__R1TjYOADAZ&export=download,7bd34ba4ea2b246679c6b3e910367c7d6a3aa29ae44863d56a9a83705aaeabb1,5161788,pdftotext,1
743,https://drive.google.com/file/d/1cRXx7Hlf7h_YCMGZKfhlgIdJiZC1xQVP/view?usp=drive_link,https://drive.usercontent.google.com/download?id=1cRXx7Hlf7h_YCMGZKfhlgIdJiZC1xQVP&export=download,c8a11ff4b883488fcfc786ff0eee1e55a46e6c4d15a016301aad1cd4d30ee2d3,769804,pdftotext,1
745,https://drive.google.com/file/d/1vHvbOH3Z3dLlXCUq9DmkV8iPa3RZQ7qx/view?usp=drive_link,https://drive.usercontent.google.com/download?id=1vHvbOH3Z3dLlXCUq9DmkV8iPa3RZQ7qx&export=download,debde69f6f00a27701644fe411970683f7e23c2bc5b2d69f1247b8c1da33895a,1890445,pdftotext,1
746,https://drive.google.com/file/d/1EMWuZf8FZXNO9mZ8MrQ5-_0YKpofe2L-/view?usp=drive_link,https://drive.usercontent.google.com/download?id=1EMWuZf8FZXNO9mZ8MrQ5-_0YKpofe2L-&export=download,e82687d290289254ee068d13aa303a83416d87595d4fe14b6c96a0c606539a86,971379,pdftotext,1
747,https://drive.google.com/file/d/1Fxc4bPkc3ytzyDabbNXWZv4Ff1ZlqCno/view?usp=drive_link,https://drive.usercontent.google.com/download?id=1Fxc4bPkc3ytzyDabbNXWZv4Ff1ZlqCno&export=download,d27e4453c30d71e2988b1a79a278ee9d26b243e12dcc66ec6b37a54f5836d5f9,143135,pdftotext,1
748,https://drive.google.com/file/d/1uMrK1bYixisKvPFo5t_4psvDvug5ki69/view?usp=drive_link,https://drive.usercontent.google.com/download?id=1uMrK1bYixisKvPFo5t_4psvDvug5ki69&export=download,565a50fc7c44618817445819bbc69c8faed0e684f7894874976ccee9fb2f2415,208774,pdftotext,1
750,https://drive.google.com/file/d/1PjPbqOWWbXNOLz2Vi70QuyxU8Fx1DVa6/view?usp=drive_link,https://drive.usercontent.google.com/download?id=1PjPbqOWWbXNOLz2Vi70QuyxU8Fx1DVa6&export=download,ee004d2aa18ea1fe026a0ba3fd63b47dcec4190cca0216308c69eba5fc007b4a,5146695,pdftotext,1
752,https://drive.google.com/file/d/15zCyMZKa0krXVgdCWuyYW-fyBzPeOUSN/view?usp=drive_link,https://drive.usercontent.google.com/download?id=15zCyMZKa0krXVgdCWuyYW-fyBzPeOUSN&export=download,93f5b210ad7b9da61bf039fb6807d7d2377245f4debcda9b9cfea50db7942e7d,529993,pdftotext,1
753,https://drive.google.com/file/d/1nHoENrGdnYB4sNH4Gvc2nWhqhWqJHg3p/view?usp=drive_link,https://drive.usercontent.google.com/download?id=1nHoENrGdnYB4sNH4Gvc2nWhqhWqJHg3p&export=download,7a3ef0ea9c98d29a625653bdf5c2756f3f47ffac2c073a1f910f02f9992323f8,733795,pdftotext,1
755,https://drive.google.com/file/d/1gJhExdSw23Gv3E-zkOS8wza0C5cRVOsb/view?usp=drive_link,https://drive.usercontent.google.com/download?id=1gJhExdSw23Gv3E-zkOS8wza0C5cRVOsb&export=download,88d98c61e0a6669949a0742001fb4bb39ea50a4121186edafc6651620b10dca2,154866,unsupported_binary,0
756,https://drive.google.com/file/d/1mFzKDO3pNrxZIbIrTusuYj9QOiaqshJv/view?usp=drive_link,https://drive.usercontent.google.com/download?id=1mFzKDO3pNrxZIbIrTusuYj9QOiaqshJv&export=download,acda19abbb365820da3b07f21e596ec81e856fefc0439bbe2eda47bf83e8cf52,13814038,pdftotext,1
760,https://drive.google.com/file/d/1FH1OKBVbzut_a8F1uC-abI16uu4qwj30/view?usp=drive_link,https://drive.usercontent.google.com/download?id=1FH1OKBVbzut_a8F1uC-abI16uu4qwj30&export=download,56afc1f9365fce29905ecd346bd320bc44783ae701d199f9cff56ae801ea6d9a,131167,unsupported_binary,0
762,https://drive.google.com/file/d/18sYohBr0kp8QiZJj-CMU0E2UJMbTiSgS/view?usp=drive_link,https://drive.usercontent.google.com/download?id=18sYohBr0kp8QiZJj-CMU0E2UJMbTiSgS&export=download,72918fef72befd7f2d0bcd9b4d76cfa0880209875b6c4a1f53948058590394f8,60914,unsupported_binary,0
765,https://drive.google.com/file/d/1VCC3LtyYFtFvMNiDC83Rm0fvkDIYSETG/view?usp=drive_link,https://drive.usercontent.google.com/download?id=1VCC3LtyYFtFvMNiDC83Rm0fvkDIYSETG&export=download,092e71e707f07ae9df386bf0bb6dccc8fe1d1794611703c73a0f64012e5953ad,100650,unsupported_binary,0
767,https://drive.google.com/file/d/1MCGy-kiTXB7ncuq_eZkQDVu3YnPtEanU/view?usp=drive_link,https://drive.usercontent.google.com/download?id=1MCGy-kiTXB7ncuq_eZkQDVu3YnPtEanU&export=download,bb4ee9e4db96b0c5ee33e4942a8b22add2a2fe4e969bf6c1b98ef8528b043ec2,43850,unsupported_binary,0
768,https://drive.google.com/file/d/1lT7FZ07vp7wjWWQvJByTb1mqxb6dLSqz/view?usp=drive_link,https://drive.usercontent.google.com/download?id=1lT7FZ07vp7wjWWQvJByTb1mqxb6dLSqz&export=download,4b392bee12a15c620c0b6db184229d5271f6cb2ffeb7306a4a05d93b4fc41a7a,13557831,pdftotext,1
769,https://drive.google.com/file/d/1HXv8iTSS_4BlfTK1uCVBSvIeqp1KtYQe/view?usp=drive_link,https://drive.usercontent.google.com/download?id=1HXv8iTSS_4BlfTK1uCVBSvIeqp1KtYQe&export=download,bfb75424150186c15eefc39fd81120f0ad3f949a43078c293da9bf22e76f3ccd,526206,pdftotext,1
770,https://drive.google.com/file/d/1RK3s84AcYVCIg0uwTZQ6D_7udtOTvzzq/view?usp=drive_link,https://drive.usercontent.google.com/download?id=1RK3s84AcYVCIg0uwTZQ6D_7udtOTvzzq&export=download,2d09e76e9784c7daf06405030d6d814389db916029cdee695d526580d4bccf30,780107,pdftotext,1
771,https://drive.google.com/file/d/1G78Jfbn-giepeavwDwMOs2xmUmm1qZCy/view?usp=drive_link,https://drive.usercontent.google.com/download?id=1G78Jfbn-giepeavwDwMOs2xmUmm1qZCy&export=download,6065b787b489fcc58e3256b57ab4af856996f323aeafeafba6d8abc36688a827,34152016,pdftotext,1
772,https://drive.google.com/file/d/1JjQMEEkr4XZ_DJgQv1_jCcS4898eNn4Q/view?usp=drive_link,https://drive.usercontent.google.com/download?id=1JjQMEEkr4XZ_DJgQv1_jCcS4898eNn4Q&export=download,7bebf2ec94066fec487bd7c34703c97aeb1ddb76d41261094d2613598619c443,23691753,pdftotext,1
773,https://drive.google.com/file/d/1Y_XOxJn9qUhb-GFbsdI2hmFTgl6C6gdB/view?usp=drive_link,https://drive.usercontent.google.com/download?id=1Y_XOxJn9qUhb-GFbsdI2hmFTgl6C6gdB&export=download,d5b9a2fad3785049afd4c608d726e4d5d57b5a54bc4916e0c98e17a7f07b4fba,40018,needs_ocr,0
775,https://drive.google.com/file/d/1TGnjdPq39-lcyJWdBcYvraS2n_ZXaxZz/view?usp=drive_link,https://drive.usercontent.google.com/download?id=1TGnjdPq39-lcyJWdBcYvraS2n_ZXaxZz&export=download,4392a2acd536f45ab0cbbf2151927f9b58fbd2f98374443940c24a9cf196b826,239053,pdftotext,1
777,https://drive.google.com/file/d/1xW-z4Ux5r8H7KsV1W50r1gK-sp5bXOAW/view?usp=drive_link,https://drive.usercontent.google.com/download?id=1xW-z4Ux5r8H7KsV1W50r1gK-sp5bXOAW&export=download,8b770c14ed881de491337764ea9db059cf23b9393d9bf13d83157c26da56fae8,99525,needs_ocr,0
779,https://drive.google.com/file/d/1O0XQf7-sY3-L0kpNfLYaLxb2QnkB_5ws/view?usp=drive_link,https://drive.usercontent.google.com/download?id=1O0XQf7-sY3-L0kpNfLYaLxb2QnkB_5ws&export=download,309317c776558b18438e1d8fa8a99b248f9115b7b9951e9c1694924c5c55a807,10190736,needs_ocr,0
780,https://drive.google.com/file/d/1B_RGi7QaN_9qXG7t1YFLq72rkbmygk4e/view?usp=drive_link,https://drive.usercontent.google.com/download?id=1B_RGi7QaN_9qXG7t1YFLq72rkbmygk4e&export=download,caed8908e31b01b788d64f3d71521c4abf0e95f0298dbb7b089069e04112ed99,1093943,pdftotext,1
781,https://drive.google.com/file/d/1tlbAmxJfH6BtWe0b7husnXz4VMZSxncJ/view?usp=drive_link,https://drive.usercontent.google.com/download?id=1tlbAmxJfH6BtWe0b7husnXz4VMZSxncJ&export=download,a94a51d028d383a62679dfd752a14931fc922d2258c877042ce1c7d13948fc2a,10224366,pdftotext,1
782,https://drive.google.com/file/d/1e7IWBN7MajK1d_YfsZJ2DOFYTTkMFCHA/view?usp=drive_link,https://drive.usercontent.google.com/download?id=1e7IWBN7MajK1d_YfsZJ2DOFYTTkMFCHA&export=download,f832371b8a2cd33ab0fe3d85f38782b3216de0dee979e669b73d11e7479ff8ed,1507502,pdftotext,1
783,https://drive.google.com/file/d/1j99Dh_Q7XCViz8qHzN4d_ShxcG1EqmS8/view?usp=drive_link,https://drive.usercontent.google.com/download?id=1j99Dh_Q7XCViz8qHzN4d_ShxcG1EqmS8&export=download,3855e2050a9089cf4b9b1970da8cfa5e3cbaa479b37e2099bb2619093770e0a7,1828745,pdftotext,1
784,https://drive.google.com/file/d/1OKczsnVGMn11zZzXYk_RY0hv7D6RLY4H/view?usp=drive_link,https://drive.usercontent.google.com/download?id=1OKczsnVGMn11zZzXYk_RY0hv7D6RLY4H&export=download,3faa6f304f234b391416c5e2fa336867c66b0ab1c062b6872edcf8e0dffabef1,2077260,pdftotext,1
785,https://drive.google.com/file/d/1qChdGk6rLrwKROR60G-MJIv864Xtmy2U/view?usp=drive_link,https://drive.usercontent.google.com/download?id=1qChdGk6rLrwKROR60G-MJIv864Xtmy2U&export=download,58a82084eb623ef5de01d148735c5d8eac06da083f3f04b8d935771f004e9f42,3586630,pdftotext,1
786,https://drive.google.com/file/d/1cPf3wmvIiL19YWyRMPYJMcLNfKlqts1Q/view?usp=drive_link,https://drive.usercontent.google.com/download?id=1cPf3wmvIiL19YWyRMPYJMcLNfKlqts1Q&export=download,bf85c78041ad4e25c476ce5f4bbdc9d9f578bab1884fb6175ec5c9d158d3c3b0,4449650,pdftotext,1
787,https://drive.google.com/file/d/1lC-LQXsWDywP8wsqeOyMwYfPC4hAA0Vi/view?usp=drive_link,https://drive.usercontent.google.com/download?id=1lC-LQXsWDywP8wsqeOyMwYfPC4hAA0Vi&export=download,315f6b2a5dd51b6f8b470cb4a183bdded69f2cc38f76b2e07a82e0c7f3aba62b,1723183,pdftotext,1
788,https://drive.google.com/file/d/19E5cFEGl6e8gFPBDlXwBRoezWEDPuQhz/view?usp=drive_link,https://drive.usercontent.google.com/download?id=19E5cFEGl6e8gFPBDlXwBRoezWEDPuQhz&export=download,58414f4fc77f09918c229104b94c8fe065456a1359ad9c99b151147ef992029b,2252598,pdftotext,1
789,https://drive.google.com/file/d/1RNw8v0rvZXap2gzZoUhwDcbgPVfqUgRJ/view?usp=drive_link,https://drive.usercontent.google.com/download?id=1RNw8v0rvZXap2gzZoUhwDcbgPVfqUgRJ&export=download,4d5cfe071802e62aff76f8e58649b3961131a666f32f78072416bf9f156d7862,1704671,pdftotext,1
790,https://drive.google.com/file/d/1dyzRX2z4IAK268d6DVIFl_hNwd5raqjG/view?usp=drive_link,https://drive.usercontent.google.com/download?id=1dyzRX2z4IAK268d6DVIFl_hNwd5raqjG&export=download,e124c3c19812052c34e5d9f1be6300a8800734d3a6c0fc3f8c6d31cbec42e251,3438918,pdftotext,1
791,https://drive.google.com/file/d/1uNZngu8T13KRzhlMUxfJM2EUCLXX4AT1/view?usp=drive_link,https://drive.usercontent.google.com/download?id=1uNZngu8T13KRzhlMUxfJM2EUCLXX4AT1&export=download,3ea94ab5d6848b786c8fc4542dd90542ac79f4e9b7c2d140dd4d679ee59217f5,1246406,pdftotext,1
792,https://drive.google.com/file/d/1-LA0yvZ8Yhmbt5p9gOGfRdf_XEPMfbjT/view?usp=drive_link,https://drive.usercontent.google.com/download?id=1-LA0yvZ8Yhmbt5p9gOGfRdf_XEPMfbjT&export=download,0f6e67a0ee915039e5cb4b1fb30c9101a359c263d184472aa5be5b34b5eedc2f,1169815,pdftotext,1
793,https://drive.google.com/file/d/1fjtd1p8Nioji9ePiDr2RB_eGI0i-4yKR/view?usp=drive_link,https://drive.usercontent.google.com/download?id=1fjtd1p8Nioji9ePiDr2RB_eGI0i-4yKR&export=download,178c9c73304dadd2072bb62de149b1bdea41cac13c1bc2d5fa41ef68d21b2488,890287,pdftotext,1
794,https://drive.google.com/file/d/1-3NDM4IH6hQfYKYibvjRij3Owctq72_D/view?usp=drive_link,https://drive.usercontent.google.com/download?id=1-3NDM4IH6hQfYKYibvjRij3Owctq72_D&export=download,fb07cf3353c60d15ddfcea70f63c9dfb98b0f7352ffaa95062f80730ca221b01,1825315,pdftotext,1
795,https://drive.google.com/file/d/1vt_SOvTXQNxjtX0JpupcrY6EbuZNy_Y5/view?usp=drive_link,https://drive.usercontent.google.com/download?id=1vt_SOvTXQNxjtX0JpupcrY6EbuZNy_Y5&export=download,fe41f3343681e2c0231e716c9a07563ebefad7769a6c080ab0094408d4f94b2c,2399092,pdftotext,1
796,https://drive.google.com/file/d/1iSv0SR04AzDBcX0MFg-ayhGRdGDhyKtS/view?usp=drive_link,https://drive.usercontent.google.com/download?id=1iSv0SR04AzDBcX0MFg-ayhGRdGDhyKtS&export=download,7b4323d92dc1d8ecd1843e106cade6b56c7274322e993c889dd850facf79b3e8,2148585,pdftotext,1
797,https://drive.google.com/file/d/1TVAFq22w2X56zH8Gr0WpSv3-a4Qzr2HK/view?usp=drive_link,https://drive.usercontent.google.com/download?id=1TVAFq22w2X56zH8Gr0WpSv3-a4Qzr2HK&export=download,34cc4a70a83d0b1c96e320b52407cf3c7005e19999a13b329adbe8903843035d,1822761,pdftotext,1
798,https://drive.google.com/file/d/1NffA2c3pOKwLqk8L4vh3mWG_MHxxIVUF/view?usp=drive_link,https://drive.usercontent.google.com/download?id=1NffA2c3pOKwLqk8L4vh3mWG_MHxxIVUF&export=download,9f2b696033a8d87853231698358ad8385a7e68182be3f48de7155571e0a2db0f,2394770,pdftotext,1
799,https://drive.google.com/file/d/1JYCR9HGWEiR6Qx-RFNR4LwTb9bXuy-vm/view?usp=drive_link,https://drive.usercontent.google.com/download?id=1JYCR9HGWEiR6Qx-RFNR4LwTb9bXuy-vm&export=download,af8cef7c2d3fc33e0824cb64cbfd5af5c0c3627f6a527cb167109f6c69ccf5d5,264252,pdftotext,1
800,https://drive.google.com/file/d/1VBnv1Nf3f4vsOo6lhbOnpMTuSl41nIO_/view?usp=drive_link,https://drive.usercontent.google.com/download?id=1VBnv1Nf3f4vsOo6lhbOnpMTuSl41nIO_&export=download,c718810bb277de5e1a5e0e3d840f175c519eea5143645f5a3a577bc491110e61,355313,unsupported_binary,0
801,https://drive.google.com/file/d/1qC-hGI68Ul3agzIYMy0Axe6hJK7Xs71W/view?usp=drive_link,https://drive.usercontent.google.com/download?id=1qC-hGI68Ul3agzIYMy0Axe6hJK7Xs71W&export=download,9624b9dda3d37918221826aea3511c5541187dbea4b7642b60edae648ecfc7b9,714365,pdftotext,1
802,https://drive.google.com/file/d/1AgrnCOPXI-Jd6bABhYEco3N90T6x0c_l/view?usp=drive_link,https://drive.usercontent.google.com/download?id=1AgrnCOPXI-Jd6bABhYEco3N90T6x0c_l&export=download,c9c0b225266453042cd39e2180fe5958bf3f10097de2329c0024faf4ea770300,729634,pdftotext,1
803,https://drive.google.com/file/d/1Ym-d6GQcRTBeSw0XggtTGvsXXbqhg7Bs/view?usp=drive_link,https://drive.usercontent.google.com/download?id=1Ym-d6GQcRTBeSw0XggtTGvsXXbqhg7Bs&export=download,40b548f4d007e086d219d3cee551ce3c94762c2637123991fb45456b008ddf47,5736746,needs_ocr,0
804,https://drive.google.com/file/d/126_FDrEOT_YkrkPeVexvaFg5RJ0NYk0a/view?usp=drive_link,https://drive.usercontent.google.com/download?id=126_FDrEOT_YkrkPeVexvaFg5RJ0NYk0a&export=download,7d98f48adedef8ec738bc1bac23472d70eedfd8e55564b8eb5d21797faf6c049,251975,pdftotext,1
805,https://drive.google.com/file/d/1SPDsGEGHEV9--5hwJM-QtRqd9fWAtZk_/view?usp=drive_link,https://drive.usercontent.google.com/download?id=1SPDsGEGHEV9--5hwJM-QtRqd9fWAtZk_&export=download,559cee6a474a68c4e94383430d3c8368099d62e0e5ec0a72c610d87828a6188d,319337,pdftotext,1
806,https://drive.google.com/file/d/1kUQAe2wdpix0QBFKYSUVEctGoV2Yd1ra/view?usp=drive_link,https://drive.usercontent.google.com/download?id=1kUQAe2wdpix0QBFKYSUVEctGoV2Yd1ra&export=download,7e8719df2b4bf090310741ae2746546e30842d7bc1dd48b2670c5a97b79d0217,367182,pdftotext,1
807,https://drive.google.com/file/d/1J3vreghsIt_5nnM6hw8OAbNlziib1qm6/view?usp=drive_link,https://drive.usercontent.google.com/download?id=1J3vreghsIt_5nnM6hw8OAbNlziib1qm6&export=download,aabd99e2524a658c38c6ef4494dced99b1f8450ef165e0a8b38e2c6c0313525e,4200832,needs_ocr,0
809,https://drive.google.com/file/d/17bhJaLJvS8ZxEsq2CpIsSwXnOO5RA3qB/view?usp=drive_link,https://drive.usercontent.google.com/download?id=17bhJaLJvS8ZxEsq2CpIsSwXnOO5RA3qB&export=download,764605e0ce6d70f1aa12dfaf9637a1b4b088ac0cf3709897ae6d47367eb369c9,179529,pdftotext,1
810,https://drive.google.com/file/d/1JPxJp7njXsIdF2IW36FUNfoCITyFIzLn/view?usp=drive_link,https://drive.usercontent.google.com/download?id=1JPxJp7njXsIdF2IW36FUNfoCITyFIzLn&export=download,074b940ad816726e5778c6a6b300241504fa0ad53649d01fd4b624e503944c41,384700,needs_ocr,0
811,https://drive.google.com/file/d/1Zyp8HHUoKgZ5gEjAg-tmKmW_KiZcBK5q/view?usp=drive_link,https://drive.usercontent.google.com/download?id=1Zyp8HHUoKgZ5gEjAg-tmKmW_KiZcBK5q&export=download,f0c0c5091b82de3ce085db4aaa416cb0cee2d1296b5a042d0f00d14c85c7d18c,616798,pdftotext,1
812,https://drive.google.com/file/d/17h5pOJuEyY9TnVwYSgW-rzxhs5FJ5Xcw/view?usp=drive_link,https://drive.usercontent.google.com/download?id=17h5pOJuEyY9TnVwYSgW-rzxhs5FJ5Xcw&export=download,9e637fcb44d63e2f73aa72d0871a4393204df9db7d3c410aa1ffd8b604d91d3a,1116910,duplicate_binary,501
814,https://drive.google.com/file/d/1QKf33l6y0y9qpZ5NRqLRLRpugxiIfjFV/view?usp=drive_link,,,,failed,HTTPError: 404 Client Error: Not Found for url: https://drive.usercontent.google.com/download?id=1QKf33l6y0y9qpZ5NRqLRLRpugxiIfjFV&export=download
815,https://drive.google.com/file/d/1jFTmUYnIp1ooHC7-HHO7tSyIwNA0kldE/view?usp=drive_link,https://drive.usercontent.google.com/download?id=1jFTmUYnIp1ooHC7-HHO7tSyIwNA0kldE&export=download,8c442eae805858e0d719977b624535617938dc441d850eb69690964eef9da592,1801151,pdftotext,1
817,https://drive.google.com/file/d/1ZWj8rGLSPf4lvh47X0Ge1tV9Tj3a4r7K/view?usp=drive_link,https://drive.usercontent.google.com/download?id=1ZWj8rGLSPf4lvh47X0Ge1tV9Tj3a4r7K&export=download,91105b637398c403303b596f0e8b252753971fa179f968a3a229d8e7b158f563,265505,needs_ocr,0
818,https://drive.google.com/file/d/1mjtFMjsrega1oxuxjCQvSIowUx_yZ_Mw/view?usp=drive_link,https://drive.usercontent.google.com/download?id=1mjtFMjsrega1oxuxjCQvSIowUx_yZ_Mw&export=download,0d9d2e5b72a9a64cc8d5fd050a36afa75cc3de5a1d584261b9c3ba627e825368,114174,pdftotext,1
819,https://drive.google.com/file/d/1liLLYmD2IGMy8z5C1Hh9xmzmuFhwO2Lf/view?usp=drive_link,https://drive.usercontent.google.com/download?id=1liLLYmD2IGMy8z5C1Hh9xmzmuFhwO2Lf&export=download,80695aaa76f9b23918cfd993219b7f6864843a7baccac040a45f3bb04aedb130,1496888,needs_ocr,0
820,https://drive.google.com/file/d/1Qlkx8YmSrmrGKs5FgwjhqQdJSxIzAOr8/view?usp=drive_link,https://drive.usercontent.google.com/download?id=1Qlkx8YmSrmrGKs5FgwjhqQdJSxIzAOr8&export=download,ed120ba2ed9693c16cffa61e818820fca2fc3f18b3f7b59c3168cadcfedf9b94,534415,pdftotext,1
821,https://drive.google.com/file/d/1Txb_zuDxHilSuWkZFkSqkEMqXMEhZGQ4/view?usp=drive_link,https://drive.usercontent.google.com/download?id=1Txb_zuDxHilSuWkZFkSqkEMqXMEhZGQ4&export=download,7a27c56875e32dcccf29e3932e7fb27ec0def6df82e23953077056cbc5e4f5c5,4109458,needs_ocr,0
822,https://drive.google.com/file/d/1bI0-NO7PUwNugNzfmHmtnvfXLbW3aHRQ/view?usp=drive_link,https://drive.usercontent.google.com/download?id=1bI0-NO7PUwNugNzfmHmtnvfXLbW3aHRQ&export=download,37669a61ec74f49a7ab02f6f4799b91601b0298d91c24a4bf2e7f88af6e25340,1149766,pdftotext,1
823,https://drive.google.com/file/d/1EvHzIN4sT_jWfEM-GAxfeQZXE3jqiPaR/view?usp=drive_link,https://drive.usercontent.google.com/download?id=1EvHzIN4sT_jWfEM-GAxfeQZXE3jqiPaR&export=download,71d309af841bfc3cc6f46040c89213d6f0c771ed4ec0f46b96f1df45752b700d,196807,pdftotext,1
824,https://drive.google.com/file/d/1ZsTSquyIEiJ01vfjnFqZzzoLlUF81ozs/view?usp=drive_link,https://drive.usercontent.google.com/download?id=1ZsTSquyIEiJ01vfjnFqZzzoLlUF81ozs&export=download,b4ffbc606ca967d669b75022943b1b6dbb0ae93f8134d8b4758487daa070f262,164385,needs_ocr,0
825,https://drive.google.com/file/d/1yyw1Mw5Zvi1vVCDqFZHHSDZgAzmBxxWN/view?usp=drive_link,https://drive.usercontent.google.com/download?id=1yyw1Mw5Zvi1vVCDqFZHHSDZgAzmBxxWN&export=download,4991e029f431316985014a36ad1253f1b0dbbcf38db0c50d77703094d951c189,1231554,pdftotext,1
826,https://docs.google.com/document/d/1n-OrGOHKVgKQZ-T9AbfDaFHz3ogm73GK/edit?usp=drive_link,https://doc-0s-9c-docstext.googleusercontent.com/export/e6hpso97lrhpva19l3uocm525o/7pnpmlp36ilit812u6aubstn5k/1787806610000/106502800010968857763/*/1n-OrGOHKVgKQZ-T9AbfDaFHz3ogm73GK?format=docx,5f5f60b7bd98c8894b4052ffc0fbc5be655f2cbb22b09f37fef609f6a759babb,142556,office_xml,1
828,https://drive.google.com/file/d/1QAJ9dH3ojm-vexDR4gTczwK6qhFYhNPU/view?usp=drive_link,https://drive.usercontent.google.com/download?id=1QAJ9dH3ojm-vexDR4gTczwK6qhFYhNPU&export=download,bd7252e81f5f41058e347d02216be05058f92cfc3de45484b44e0bb6dc993968,685177,pdftotext,1
830,https://drive.google.com/file/d/1EW-C41092UtkJ4UGcEGC4PYOUQECjvwW/view?usp=drive_link,https://drive.usercontent.google.com/download?id=1EW-C41092UtkJ4UGcEGC4PYOUQECjvwW&export=download,fe99cdcd577424f326cd7cafba78494e8356efc55cf42dc6ac4ee098b949ba06,303090,pdftotext,1
831,https://drive.google.com/file/d/1VEb5IE5wBJyZzTQCH3NTp9xBnKxHZQ7X/view?usp=drive_link,https://drive.usercontent.google.com/download?id=1VEb5IE5wBJyZzTQCH3NTp9xBnKxHZQ7X&export=download,3e999f8cbeaf5ecb91bffdef9a25505bd946ae6375527a27d0867b5f94aa233e,3359924,needs_ocr,0
832,https://drive.google.com/file/d/1OYCcWEuFB6A0mY9GL4Zuzgo54OY5JTBS/view?usp=drive_link,https://drive.usercontent.google.com/download?id=1OYCcWEuFB6A0mY9GL4Zuzgo54OY5JTBS&export=download,ecff778d4e43bedd35a72958baf03906d83e3ab8e2453434c4d162b5e662c9af,206283,pdftotext,1
833,https://drive.google.com/file/d/1jWhcxua6MQ4vc7itvpuXZ_2dH9GddxWT/view?usp=drive_link,https://drive.usercontent.google.com/download?id=1jWhcxua6MQ4vc7itvpuXZ_2dH9GddxWT&export=download,6d67365e067c54dd8335692b4c8a5097e1beb5ffa9c656ff19c13d8ad32b5d97,547750,needs_ocr,0
834,https://drive.google.com/file/d/1kV7sqF6AsSIJlWt2TleRfDRPKCXoy4u9/view?usp=drive_link,https://drive.usercontent.google.com/download?id=1kV7sqF6AsSIJlWt2TleRfDRPKCXoy4u9&export=download,5f2d7f094f08f4d6448ecb24106a7eaf03576dd175bf766df7a20656ff27445a,372325,pdftotext,1
835,https://drive.google.com/file/d/1N-KQDp659-B5m702uLsbySzn9KzduERq/view?usp=drive_link,https://drive.usercontent.google.com/download?id=1N-KQDp659-B5m702uLsbySzn9KzduERq&export=download,a2ec58519273f1a5d699cc46ec80e64e5ee5c633191168e9a3ff4d6d67289a5a,1063430,needs_ocr,0
836,https://drive.google.com/file/d/1hL6sBq6yk6Rprmgik-gNd7RoL-_rrqeS/view?usp=drive_link,https://drive.usercontent.google.com/download?id=1hL6sBq6yk6Rprmgik-gNd7RoL-_rrqeS&export=download,c4f86881e4e57563593464d41c732f767ce3930ac734904be09f7259c02a2327,1283602,needs_ocr,0
838,https://drive.google.com/file/d/14o8OS5nNOWwR0G3-s_vH9xZfjO5rjUO3/view?usp=drive_link,https://drive.usercontent.google.com/download?id=14o8OS5nNOWwR0G3-s_vH9xZfjO5rjUO3&export=download,8ae2cfb05c57b359212c89bdccdad66b55c65df4a49cd3fd47dd7d73b09416c0,247070,pdftotext,1
839,https://drive.google.com/file/d/1_O0ONAwptj8sChojiOLPk1GCkY4LRXgC/view?usp=drive_link,https://drive.usercontent.google.com/download?id=1_O0ONAwptj8sChojiOLPk1GCkY4LRXgC&export=download,539549e8a164da3875e2ac41c97fa26607e456f1ad1e916aec224b97467aeb4e,145094,pdftotext,1
841,https://drive.google.com/file/d/1jLhaTVoBUdXl1XnV35sp6YWLm1vdWT3o/view?usp=drive_link,https://drive.usercontent.google.com/download?id=1jLhaTVoBUdXl1XnV35sp6YWLm1vdWT3o&export=download,d626a71a5bd66c55566227d88185f5f378695a0010f9d9ed58e7738be0f4ec9e,10107239,pdftotext,1
843,https://drive.google.com/file/d/1W5HT_lLBfm-cqtYOg_tcn-QnM4XRH-hg/view?usp=drive_link,https://drive.usercontent.google.com/download?id=1W5HT_lLBfm-cqtYOg_tcn-QnM4XRH-hg&export=download,4eead6cc6a3fcc24519ad3232b27d39e823f0e331961b8ef57a9ba45e3d43449,212304,needs_ocr,0
846,https://drive.google.com/file/d/1NBY6oAxPLWMx1ucHnOseUDt3z21lEfyU/view?usp=drive_link,https://drive.usercontent.google.com/download?id=1NBY6oAxPLWMx1ucHnOseUDt3z21lEfyU&export=download,2aa07fbef7039cd7a2c5cf9793d587eea8b94fbee868d043b693d28e6190368d,8696931,needs_ocr,0
848,https://drive.google.com/file/d/1Emdo4eBtxfZw-on18kcN1Fo9O5bM2JSS/view?usp=drive_link,https://drive.usercontent.google.com/download?id=1Emdo4eBtxfZw-on18kcN1Fo9O5bM2JSS&export=download,8a09ec3c16247fdfd5cc54e4d5ce8952cb0f562b3859354449edab57d4da6677,66538,needs_ocr,0
852,https://drive.google.com/file/d/1wLBTy1olnkb1Y0Sh7DD-gWt6zaLNeHEh/view?usp=drive_link,https://drive.usercontent.google.com/download?id=1wLBTy1olnkb1Y0Sh7DD-gWt6zaLNeHEh&export=download,c7f18754c95ec69a0e6aff338dfda5ad80697473245a3ac8d55ad6a540807633,195437,needs_ocr,0
854,https://drive.google.com/file/d/1ypK8eqbh0Lggk6YJ0rxzt_edPMeKTV_V/view?usp=drive_link,https://drive.usercontent.google.com/download?id=1ypK8eqbh0Lggk6YJ0rxzt_edPMeKTV_V&export=download,7a4eedfe8c2bc080f4f6334273ea64257f19e6e8f9e6920821ca32ce256270ac,276134,needs_ocr,0
856,https://drive.google.com/file/d/1ypK8eqbh0Lggk6YJ0rxzt_edPMeKTV_V/view?usp=sharing,https://drive.usercontent.google.com/download?id=1ypK8eqbh0Lggk6YJ0rxzt_edPMeKTV_V&export=download,7a4eedfe8c2bc080f4f6334273ea64257f19e6e8f9e6920821ca32ce256270ac,276134,duplicate_binary,854
858,https://drive.google.com/file/d/1sP35OhgYz2ybVJQAo0u5gq2ONlLL7q29/view?usp=drive_link,https://drive.usercontent.google.com/download?id=1sP35OhgYz2ybVJQAo0u5gq2ONlLL7q29&export=download,2c40ccd1ac1fb6d70c76ba3b2597fd1c075ea6deef8b8624aa33f80484f4dc6f,654127,needs_ocr,0
860,https://drive.google.com/file/d/13-05KQDABbvLyXSm_NWH8KHMoB1hb1dg/view?usp=drive_link,https://drive.usercontent.google.com/download?id=13-05KQDABbvLyXSm_NWH8KHMoB1hb1dg&export=download,26be041b55aff552e1f3191101e2b7af160d95a18cdfda38916c79d8fac6daac,1099897,pdftotext,1
862,https://drive.google.com/file/d/1pEi8LwW_K8Dvt_4ocK0STWicpalZcmTI/view?usp=drive_link,https://drive.usercontent.google.com/download?id=1pEi8LwW_K8Dvt_4ocK0STWicpalZcmTI&export=download,2f1f41337314b56c219bf156112f732772841e600e3b18df8de66c803b4b6025,574668,needs_ocr,0
864,https://drive.google.com/file/d/1ilqcNe9plzFBYuPlWVIvfTAe_osM1Wv2/view?usp=drive_link,https://drive.usercontent.google.com/download?id=1ilqcNe9plzFBYuPlWVIvfTAe_osM1Wv2&export=download,0c6f7c28929bdcb2e942acfacad686e7ebd7b09f288e9ddeffba102d1ba9964c,652172,needs_ocr,0
868,https://drive.google.com/file/d/1WFe7dAfRaKoJKSLFqsDoDWYa1wkAU8mf/view?usp=drive_link,https://drive.usercontent.google.com/download?id=1WFe7dAfRaKoJKSLFqsDoDWYa1wkAU8mf&export=download,fe8ce9c240bac40641ceeb1841f606555e71c7bfa342bf09996219650667d445,3241349,needs_ocr,0
870,https://drive.google.com/file/d/1nuyoacn5D6fibAwGnFW9CyJaEzW_DDU7/view?usp=drive_link,https://drive.usercontent.google.com/download?id=1nuyoacn5D6fibAwGnFW9CyJaEzW_DDU7&export=download,89e57509001b94cc9428f8d4cfa26b10a3039cdaccf568cda2e902464bfb71fe,828127,needs_ocr,0
874,https://drive.google.com/file/d/1Z8Kt4xAMTz0Ww-d3r5IGoSUogh1f4b4Q/view?usp=drive_link,https://drive.usercontent.google.com/download?id=1Z8Kt4xAMTz0Ww-d3r5IGoSUogh1f4b4Q&export=download,0a8fb0c52c5e438cb62f83924e9dcf2513bc352157e42551c2fcf43b53e07176,100274,needs_ocr,0
878,https://drive.google.com/file/d/1-NAcIM1Pe4D-tMEy_GwiUHHb7PXnBNrb/view?usp=drive_link,https://drive.usercontent.google.com/download?id=1-NAcIM1Pe4D-tMEy_GwiUHHb7PXnBNrb&export=download,11a39d461682fa3a2b2dfaca5f23370547a42bcb0d14a1eb00204883e852ed1f,633319,needs_ocr,0
884,https://drive.google.com/file/d/162CEDRWraCKz9PUuONvAoxFFs7VKSooj/view?usp=drive_link,https://drive.usercontent.google.com/download?id=162CEDRWraCKz9PUuONvAoxFFs7VKSooj&export=download,0b4a252ce34bf1f2b0bae14239a6feaed895bee793472061fa825597ab437836,499518,needs_ocr,0
885,https://drive.google.com/file/d/1V_vyK9nmsROxaC8ld97lVQFbWQos119y/view?usp=drive_link,https://drive.usercontent.google.com/download?id=1V_vyK9nmsROxaC8ld97lVQFbWQos119y&export=download,f61ec483e308911c144a6391475d690f7e7d01b74ffe7d62dd18674858fbbe02,117256,unsupported_binary,0
886,https://drive.google.com/file/d/1D19RmEi1LarigxqzBgu-YTwqFkKyZ6uK/view?usp=drive_link,https://drive.usercontent.google.com/download?id=1D19RmEi1LarigxqzBgu-YTwqFkKyZ6uK&export=download,fafc74ecba19803a1dcab183c17c70eff7a64f031193265861dec14af9d23113,269412,pdftotext,1
887,https://drive.google.com/file/d/1Ff3jyMxpGPnjK-IWk_2ocSwg-QBz4h5g/view?usp=drive_link,https://drive.usercontent.google.com/download?id=1Ff3jyMxpGPnjK-IWk_2ocSwg-QBz4h5g&export=download,ddd98d7e6269be567201985741b6aef4f0b00d585e4f311a06e225bc44cadc14,1589817,needs_ocr,0
889,https://drive.google.com/file/d/1aCnKR4AFgavFMztzZGRwQP9igiAkZ9e6/view?usp=drive_link,https://drive.usercontent.google.com/download?id=1aCnKR4AFgavFMztzZGRwQP9igiAkZ9e6&export=download,77d8eaa7679c837865dd27c904608f0ca4ae6f62c08a4b8467be3c729cbdbedf,133884,pdftotext,1
891,https://drive.google.com/file/d/1Mw8UdoYS9WvcZAnA_aEBdSuNQIulFjut/view?usp=drive_link,https://drive.usercontent.google.com/download?id=1Mw8UdoYS9WvcZAnA_aEBdSuNQIulFjut&export=download,b4f9c94b463a50b16c6cc4653bc7ccb9ec5135bf2dad97c620a82e12b2866f7d,1306845,pdftotext,1
893,https://drive.google.com/file/d/1zlAkSOlRim7WXXxdhw3kN6nXuj5pxaI5/view?usp=drive_link,https://drive.usercontent.google.com/download?id=1zlAkSOlRim7WXXxdhw3kN6nXuj5pxaI5&export=download,09018fedc5b9ae31fc8728690e4de35694739ada2e8386ada0ccf909953d5587,1174470,pdftotext,1
897,https://drive.google.com/file/d/1aY1yWB1wmQmgxsuOMJB2qzWUJLf5YxQF/view?usp=drive_link,https://drive.usercontent.google.com/download?id=1aY1yWB1wmQmgxsuOMJB2qzWUJLf5YxQF&export=download,2c5112eff3c3b2c4f1be1e539a599489b5398eaee6d4d68758a96ca2ebe9206f,7249710,needs_ocr,0
898,https://drive.google.com/file/d/1MGb3rIOPDxB1G10eh2VptvcVrSOXrsZk/view?usp=drive_link,https://drive.usercontent.google.com/download?id=1MGb3rIOPDxB1G10eh2VptvcVrSOXrsZk&export=download,54df953702f83965c59192da2a44c052c7eb8cc6fa08e42eeb560d4e45483797,5441128,needs_ocr,0
899,https://drive.google.com/file/d/1TLojtcVXxlfDefsYeudHovLx8GfuJf92/view?usp=drive_link,https://drive.usercontent.google.com/download?id=1TLojtcVXxlfDefsYeudHovLx8GfuJf92&export=download,f999ce528a6343b2cba1c5ee69be0fb9ff82f51bc49a7d8738bf52f750bcae7c,11505528,pdftotext,1
901,https://drive.google.com/file/d/1Wn-bccQWwYp4gOWPvxNfH6BojIA_1FzB/view?usp=drive_link,https://drive.usercontent.google.com/download?id=1Wn-bccQWwYp4gOWPvxNfH6BojIA_1FzB&export=download,8985a0ad57111417171c81098a5cc8f9a8f83b329b6d199463e424b0c104c8d1,25556750,needs_ocr,0
903,https://drive.google.com/file/d/1ty19SyIj2boUxDPTHOh9ag3sVd0t4bpg/view?usp=drive_link,https://drive.usercontent.google.com/download?id=1ty19SyIj2boUxDPTHOh9ag3sVd0t4bpg&export=download,d8821e812dcc633be3d413beaca4e288c3c4b26c8821893dae32f216acd3c9e4,1859729,pdftotext,1
904,https://drive.google.com/file/d/1JMHiXxfikQd8Mhm9SloEYNd6h7LWQ9Zu/view?usp=drive_link,https://drive.usercontent.google.com/download?id=1JMHiXxfikQd8Mhm9SloEYNd6h7LWQ9Zu&export=download,3d11cdef867f75601ec653283c8228f063161fefaf77124d00401cc4ebe3b705,2533555,pdftotext,1
905,https://drive.google.com/file/d/16weqawKna8dSHYGFIUieLjWoVA-LilxK/view?usp=drive_link,https://drive.usercontent.google.com/download?id=16weqawKna8dSHYGFIUieLjWoVA-LilxK&export=download,6dbeadadb46778d09e4909da1a96d81d6c7afd702bafb4d49ac0e5c52dfd7a04,1011863,pdftotext,1
907,https://drive.google.com/file/d/16QfkEsElkTal87Fw9cbJefg3k8ifdHRu/view?usp=drive_link,https://drive.usercontent.google.com/download?id=16QfkEsElkTal87Fw9cbJefg3k8ifdHRu&export=download,171f5b7569782f4313bc492f99ae63f382c8f8a21433a5a95eaf725c2218f9ca,322784,unsupported_binary,0
909,https://drive.google.com/file/d/1L9WQTLM5Nt0Gk31OWaOWqiaYLG077MUj/view?usp=drive_link,https://drive.usercontent.google.com/download?id=1L9WQTLM5Nt0Gk31OWaOWqiaYLG077MUj&export=download,ed47d5071dccc20a9a7a47865faf89c56bfcf8acb30986a20fee01062a4f6f35,406920,pdftotext,1
910,https://drive.google.com/file/d/1V5x0trOogqDV3_W0X7nLg8jXe0f81B4s/view?usp=drive_link,https://drive.usercontent.google.com/download?id=1V5x0trOogqDV3_W0X7nLg8jXe0f81B4s&export=download,d3c3538b06c195ca8c1952840b64e130399a4e6e1db9b8808933238c322fa433,582180,pdftotext,1
911,https://drive.google.com/file/d/1uSKFI40k5mqh2-IaIezbWvBHfzUgVBPe/view?usp=drive_link,https://drive.usercontent.google.com/download?id=1uSKFI40k5mqh2-IaIezbWvBHfzUgVBPe&export=download,4c6e638384c7275a3f4748db9b13219a9974448f70d25d10ac36c5ccd36e60f3,5698062,needs_ocr,0
912,https://drive.google.com/file/d/1W6NVHjQqufAHhu5S9d7dxHtuQbBMURT5/view?usp=drive_link,https://drive.usercontent.google.com/download?id=1W6NVHjQqufAHhu5S9d7dxHtuQbBMURT5&export=download,8629a6548208fda171d3753becfce27cff1aba85ac30a8a408a249e0ffad007b,399723,needs_ocr,0
913,https://drive.google.com/file/d/1Z4e9Ujra2R9yK-jNw5OiFiSEPfioj0zg/view?usp=drive_link,https://drive.usercontent.google.com/download?id=1Z4e9Ujra2R9yK-jNw5OiFiSEPfioj0zg&export=download,8087200aa68385dc5b3793d193571ef4f260a89ec90838423674d14575e829f4,864124,pdftotext,1
914,https://drive.google.com/file/d/19daGoGsSPGiyQ0RokwU8Mn3m2Fe_ouSA/view?usp=drive_link,https://drive.usercontent.google.com/download?id=19daGoGsSPGiyQ0RokwU8Mn3m2Fe_ouSA&export=download,1facda1107048251ad28aa1645cf3d542458366b4f8613eb14c679efacdb949d,10790963,pdftotext,1
915,https://drive.google.com/file/d/1PcMcelRePSCRL8tP8pblOI-4Bi8m_vly/view?usp=drive_link,https://drive.usercontent.google.com/download?id=1PcMcelRePSCRL8tP8pblOI-4Bi8m_vly&export=download,91de24fcdafbeb1cee763267862915908b960651b8502c89ba8e2bebffa53d16,1490829,pdftotext,1
916,https://drive.google.com/file/d/1L-Ylw4CzbzT0hLLs8-52yM_JJ5BaZO0z/view?usp=drive_link,https://drive.usercontent.google.com/download?id=1L-Ylw4CzbzT0hLLs8-52yM_JJ5BaZO0z&export=download,28fe4bd84d9431a10da5997b8762a65253b9b5359c0bd7cafb35e674d88243d4,1396581,unsupported_binary,0
918,https://drive.google.com/file/d/1Q94v3c7n_cKde6SyIdN7501mbs7QJ9zf/view?usp=drive_link,https://drive.usercontent.google.com/download?id=1Q94v3c7n_cKde6SyIdN7501mbs7QJ9zf&export=download,7cc0cc561cf896db5eb6e7c7ff4678335abef008e7602ae4413b0a047c90ed93,1944965,pdftotext,1
920,https://drive.google.com/file/d/1wSJxhCl5Djj_ZobIjjyE4tu5S_s-VsIR/view?usp=drive_link,https://drive.usercontent.google.com/download?id=1wSJxhCl5Djj_ZobIjjyE4tu5S_s-VsIR&export=download,19275fd2e44d5b4916abe417d54fc316cb580d15b072bf2dbf5b1877ab04d346,1064187,pdftotext,1
921,https://drive.google.com/file/d/1sl_o56Y1AflKaxdlkc1uypDuqgvZ-Bi9/view?usp=drive_link,https://drive.usercontent.google.com/download?id=1sl_o56Y1AflKaxdlkc1uypDuqgvZ-Bi9&export=download,eb1c5df5ed1634d9353f0e9420fadda731edbe046af1b0c9b614d72a1d917e2c,1307183,pdftotext,1
923,https://docs.google.com/document/d/1Fm5_-6qhqE3R22_x1KX7xg91f70-AxyT/edit?usp=drive_link&ouid=106502800010968857763&rtpof=true&sd=true,https://doc-10-9c-docstext.googleusercontent.com/export/e6hpso97lrhpva19l3uocm525o/vlca68bjh727cku1qgv4252fj4/1787806620000/106502800010968857763/*/1Fm5_-6qhqE3R22_x1KX7xg91f70-AxyT?format=docx,65a62a9dc5b8cadc2b1bc20033630db66945d0d33ff920ab92ca6b47c373e18a,109703,office_xml,1
925,https://drive.google.com/file/d/169InmKfrwLYrGkOP447bvnaDSWMxqwUa/view?usp=drive_link,https://drive.usercontent.google.com/download?id=169InmKfrwLYrGkOP447bvnaDSWMxqwUa&export=download,d38868a1e1568c3f7ec04c5e345e14ec97b90e2b1a22ca042a3a47f074d74e85,24849012,pdftotext,1
927,https://drive.google.com/file/d/1MeJWyV_huXbhUiqhi4pwQRe7sKXrmK9Q/view?usp=drive_link,,,,failed,ValueError: source_exceeds_60_mb
928,https://drive.google.com/file/d/1SudhjuT-DlNKwr5YjbuZEB9_M9ynfPa2/view?usp=drive_link,https://drive.usercontent.google.com/download?id=1SudhjuT-DlNKwr5YjbuZEB9_M9ynfPa2&export=download,5e060193e5f7f2c88eba3c461bce447e383cf8c86547fae697b6414cbbd66d53,1684440,pdftotext,1
929,https://drive.google.com/file/d/1WpzUIy5_1WfDawjo6bkkgPMkP5S-oDXy/view?usp=drive_link,https://drive.usercontent.google.com/download?id=1WpzUIy5_1WfDawjo6bkkgPMkP5S-oDXy&export=download,8df69c300dfca08f5cf2b24d21f0acc4ff21d2b94410db256e712869bf94032a,346018,needs_ocr,0
930,https://drive.google.com/file/d/1kPLyGBbGdTHHT1ylg6TKQYgIwWQIBlkk/view?usp=drive_link,https://drive.usercontent.google.com/download?id=1kPLyGBbGdTHHT1ylg6TKQYgIwWQIBlkk&export=download,342bc698ba0f60834427ee622e2f5443cd9d17bd57e9a01bfe2b845f62bdb7da,168596,pdftotext,1
931,https://drive.google.com/file/d/1gOh5akLnMl1H98fjD5Em2FSI1mFVy_00/view?usp=drive_link,https://drive.usercontent.google.com/download?id=1gOh5akLnMl1H98fjD5Em2FSI1mFVy_00&export=download,e460f873b577220d276f4ff41816385dff24372a73c06bce4a05b56b3da15f6e,150432,pdftotext,1
933,https://drive.google.com/file/d/1E9PYzON9kZtTIOuIlAGiR3SAK5iDX_xE/view?usp=drive_link,https://drive.usercontent.google.com/download?id=1E9PYzON9kZtTIOuIlAGiR3SAK5iDX_xE&export=download,761b12746844fc01d2dfba600723aa7e8e50ca97dd6fd01476008e50b2437235,356480,needs_ocr,0
934,https://drive.google.com/file/d/1xdBBHTi9b7PhND4PyHZhmmFy5HCqJHXz/view?usp=drive_link,https://drive.usercontent.google.com/download?id=1xdBBHTi9b7PhND4PyHZhmmFy5HCqJHXz&export=download,a3242993a0982d30d3d162f6a3ffba9608c400705cc77079ce4f32b6d2bfdf3d,989276,pdftotext,1
935,https://drive.google.com/file/d/122OhVvWjlt1PfLCROTItzn61faq_QUBi/view?usp=drive_link,https://drive.usercontent.google.com/download?id=122OhVvWjlt1PfLCROTItzn61faq_QUBi&export=download,901c2cf168b85ad04c7e9b78802a33c4226afb34212f67046a92aae028fe7e68,162318,pdftotext,1
936,https://drive.google.com/file/d/1GysFn7lpBRlQ6f_T8AFT9UG0cjvml4Bt/view?usp=drive_link,https://drive.usercontent.google.com/download?id=1GysFn7lpBRlQ6f_T8AFT9UG0cjvml4Bt&export=download,1c92218524274776ecde30e5f5a038d8e04d63054a773e119e26fba253af7d51,909760,pdftotext,1
938,https://drive.google.com/file/d/196iELYEjE82rcKwbgcYpE2ZJuD0d8sXa/view?usp=drive_link,https://drive.usercontent.google.com/download?id=196iELYEjE82rcKwbgcYpE2ZJuD0d8sXa&export=download,2d464a645cd9c82d7f9026efc4aedd5130af42afc7921f0b5cfe8a92b44d8923,1113983,pdftotext,1
940,https://drive.google.com/file/d/1mQfN3uHaD81WETSmw6KewQNATLoTLvb5/view?usp=drive_link,https://drive.usercontent.google.com/download?id=1mQfN3uHaD81WETSmw6KewQNATLoTLvb5&export=download,f751e1587c1221bfbe8f570f02a927053ae6d5a2f09093a925254420ecef9be8,3615329,pdftotext,1
942,https://docs.google.com/document/d/1GztwHyj8yKsH2K3XpAC6H4UV7GMXLGJ0/edit?usp=drive_link&ouid=106502800010968857763&rtpof=true&sd=true,https://doc-0o-9c-docstext.googleusercontent.com/export/e6hpso97lrhpva19l3uocm525o/4bvcrc2fftt2dj0e3g7hfcnjsc/1787806625000/106502800010968857763/*/1GztwHyj8yKsH2K3XpAC6H4UV7GMXLGJ0?format=docx,8aa9af8df0c2317ccf5a46bb2e358fba2302e152a12ea97802eb5ba2de7c5636,136400,office_xml,1
944,https://drive.google.com/file/d/1KcnvFycJx4KsNFduSFzsbo_6u3gUTUoN/view?usp=drive_link,https://drive.usercontent.google.com/download?id=1KcnvFycJx4KsNFduSFzsbo_6u3gUTUoN&export=download,d46c499d732a121595ca9cf033019b5e3eabc0360a2f5b0ae48bdcb7bf07fbc7,3173595,needs_ocr,0
946,https://drive.google.com/file/d/1cSeTAI9xDIRDAjOvPfuoEQ-pDyxJzwkP/view?usp=drive_link,https://drive.usercontent.google.com/download?id=1cSeTAI9xDIRDAjOvPfuoEQ-pDyxJzwkP&export=download,3b08c53134e74389ea374440f97ef85603bb26ca5e8636f862742375226c88a2,1751412,pdftotext,1
948,https://drive.google.com/file/d/15gaE2Jf0GcktBqXCWzN_x8oP8ldR4Ai4/view?usp=drive_link,https://drive.usercontent.google.com/download?id=15gaE2Jf0GcktBqXCWzN_x8oP8ldR4Ai4&export=download,cd4ca302a01d2972a5118c825a3ff5f9bfe9d71e827ba6f275af80098188106c,3375328,pdftotext,1
950,https://drive.google.com/file/d/1xuqC1DNSY6Js-Rayxuc7lhefDwqpxHMG/view?usp=drive_link,https://drive.usercontent.google.com/download?id=1xuqC1DNSY6Js-Rayxuc7lhefDwqpxHMG&export=download,47514bfb60a5128506886d8e2106850b9fc27eb264881e9a78af7afb152ffa12,1484652,pdftotext,1
952,https://drive.google.com/file/d/1BB3SsUBazIIl7S1sRZE8dVlM1UsjOKN-/view?usp=drive_link,https://drive.usercontent.google.com/download?id=1BB3SsUBazIIl7S1sRZE8dVlM1UsjOKN-&export=download,aea9bb97b137e62c53a0d593f4f7011647bd5d4e4c41098a57972c33232d0e7d,2311643,needs_ocr,0
954,https://drive.google.com/file/d/1zFEa37wedAY9xMQgfKbfGaNAmY7_0RaU/view?usp=drive_link,https://drive.usercontent.google.com/download?id=1zFEa37wedAY9xMQgfKbfGaNAmY7_0RaU&export=download,9794338ae072f4cfd3275fb2ab0c20984eab2f0421caf41727d26e6a8ba67c66,2692164,pdftotext,1
956,https://drive.google.com/file/d/1vgLn4mD62qBP0mfWSHpv7yxUOwSHacU6/view?usp=drive_link,https://drive.usercontent.google.com/download?id=1vgLn4mD62qBP0mfWSHpv7yxUOwSHacU6&export=download,9f02f51c4e89d3ba1ca5657050847d70afd8948dd64b787fc513d772eea193ac,9301066,needs_ocr,0
958,https://drive.google.com/file/d/1Zi_xGsQEEiRJkOchkj4kUwCKp_8nWo5z/view?usp=drive_link,https://drive.usercontent.google.com/download?id=1Zi_xGsQEEiRJkOchkj4kUwCKp_8nWo5z&export=download,4886de51248d82eb3d10eef697807e901a4bfc59be643b665cf3c8f786d4b96a,920361,pdftotext,1
959,https://drive.google.com/file/d/1sDzWgzCrJkkU-Rk_Vg3F57weJ73rwdZf/view?usp=drive_link,https://drive.usercontent.google.com/download?id=1sDzWgzCrJkkU-Rk_Vg3F57weJ73rwdZf&export=download,5370c660db7dc380578c0c1d842143b70dfdc62ed0f7c00136bed815c2830087,283130,pdftotext,1
962,https://drive.google.com/file/d/1fZ2yidX_gHLcHb74uFGez2tLd75_sW9h/view?usp=drive_link,https://drive.usercontent.google.com/download?id=1fZ2yidX_gHLcHb74uFGez2tLd75_sW9h&export=download,5a3f77dd3e70064ff0b91617cd9983d9e1c988baf01b880108d17c6f11fa9800,208870,pdftotext,1
963,https://drive.google.com/drive/folders/18Ro9Oi_YGAbWzG3U9ew9N1CY7EcTGrPe?usp=drive_link,https://drive.google.com/drive/folders/18Ro9Oi_YGAbWzG3U9ew9N1CY7EcTGrPe?usp=drive_link,3072b0cfa5b7a89b1fb3020dbbe5e9f69e77d95d9d1f00552d22224f10267ff3,422511,html,1
964,https://drive.google.com/file/d/1sE0RMK7QZiwOR8es8thaa28PiLbgHxDa/view?usp=drive_link,https://drive.usercontent.google.com/download?id=1sE0RMK7QZiwOR8es8thaa28PiLbgHxDa&export=download,c2d6f62f9dbc7853436c7e37d65527154252e54f54ffd6df81f4c5d11ed3c3d0,134102,unsupported_binary,0
965,https://drive.google.com/file/d/1azcIqwCB397N0G8Zm1DZAdnu5uSjcLaw/view?usp=drive_link,https://drive.usercontent.google.com/download?id=1azcIqwCB397N0G8Zm1DZAdnu5uSjcLaw&export=download,576f62bc15d64c5b7bd0bb692817fc53cf2f7556249c85bdacc477a1594fe3a6,108528,unsupported_binary,0
971,https://drive.google.com/file/d/1pQ48enIWYgHIDZDT-HPOqgyAqf8DIxEV/view?usp=drive_link,https://drive.usercontent.google.com/download?id=1pQ48enIWYgHIDZDT-HPOqgyAqf8DIxEV&export=download,1afb987cc7606cf121b77da481f1aeda0a33ab436384320533b280807899939d,741515,needs_ocr,0
973,https://drive.google.com/file/d/1Bj2VBQZ8zLfJqUP31spB5CamJrCiE1xo/view?usp=drive_link,https://drive.usercontent.google.com/download?id=1Bj2VBQZ8zLfJqUP31spB5CamJrCiE1xo&export=download,c5349ea1d45ec7efdb7ac5cfb7ca381ab993bb8e84bc1a821fcd600f745a709e,700490,needs_ocr,0
975,https://drive.google.com/file/d/1w9K6KDkjVDft__S8mYKTEqFOaP5lUBWC/view?usp=drive_link,https://drive.usercontent.google.com/download?id=1w9K6KDkjVDft__S8mYKTEqFOaP5lUBWC&export=download,051aa3194f9d6ba0ea2eadaf7e622e7917e1c3c1c09adfe3ce69e6c150becfcb,290339,needs_ocr,0
978,https://drive.google.com/file/d/1cqiobcydIzvEhEJiFUJG5HEMxsGn5xd-/view?usp=drive_link,https://drive.usercontent.google.com/download?id=1cqiobcydIzvEhEJiFUJG5HEMxsGn5xd-&export=download,0833b80e3883618a980a6e158718c6270edc0e13dce657f037fc44dc1b1e19e0,317241,needs_ocr,0
980,https://drive.google.com/file/d/1_FtorCSggGlxNLJiTFYHnBmL0j6P_YEd/view?usp=drive_link,https://drive.usercontent.google.com/download?id=1_FtorCSggGlxNLJiTFYHnBmL0j6P_YEd&export=download,107e5a0fc24cc4615da8b9adb32a083173cfad5f56c7092420671e7c628065e9,2872414,needs_ocr,0
982,https://drive.google.com/file/d/10QlyRFP6TSOsCpyhVc4vOsDIyRIqCVgp/view?usp=drive_link,https://drive.usercontent.google.com/download?id=10QlyRFP6TSOsCpyhVc4vOsDIyRIqCVgp&export=download,39d2af7bb21b51fa942553da432f436eac6b1d8cf88eba5ac77e1619d99cc0f1,2673122,needs_ocr,0
984,https://drive.google.com/file/d/1QgoMgePw8CkjUSYJYEIuW95C_-7t-JK2/view?usp=drive_link,https://drive.usercontent.google.com/download?id=1QgoMgePw8CkjUSYJYEIuW95C_-7t-JK2&export=download,cdd4b5755059bb6cc34ea1468eb6a7edcedd2c0332d42873c3dbaa9cffc50c6f,25982,needs_ocr,0
986,https://drive.google.com/file/d/1G7nrbcGC-4fnOtrVr8k8IraDtnx7ojql/view?usp=drive_link,https://drive.usercontent.google.com/download?id=1G7nrbcGC-4fnOtrVr8k8IraDtnx7ojql&export=download,4d8bc23b64c786faafba8f87daefc42130391a200835dd074b2a9972740145cd,359362,needs_ocr,0
988,https://drive.google.com/file/d/1Nct_6s3BrHKoPzO7V30fF9ZzDYhaw1NQ/view?usp=drive_link,https://drive.usercontent.google.com/download?id=1Nct_6s3BrHKoPzO7V30fF9ZzDYhaw1NQ&export=download,c87f8de282c403f80f421afbc6bd5281527149451d1658eeddb2c6ddc7eafcad,58453,needs_ocr,0
989,https://drive.google.com/file/d/1Se1XkmExz1e-3a0dz2UTeRSkUTfOWYRZ/view?usp=drive_link,https://drive.usercontent.google.com/download?id=1Se1XkmExz1e-3a0dz2UTeRSkUTfOWYRZ&export=download,febe91163bc0c52072e546dbeaf6ffc73d27a3b06ceeff06a058481b8b953912,50130,needs_ocr,0
991,https://drive.google.com/file/d/1eG8RfPDBMrF6hnlozayHxOZXk32gevIR/view?usp=drive_link,https://drive.usercontent.google.com/download?id=1eG8RfPDBMrF6hnlozayHxOZXk32gevIR&export=download,36ea9989079794b806210b265efbb90d5069e374321e42c71b40d5e05be26052,460629,needs_ocr,0
993,https://docs.google.com/document/d/1w-1-bp4RzzYvelJWRCMQ9AkoWR_jUy2s/edit?usp=drive_link&ouid=106502800010968857763&rtpof=true&sd=true,https://doc-0g-9c-docstext.googleusercontent.com/export/e6hpso97lrhpva19l3uocm525o/09n6ce5808eepthdld27ta8st8/1787806630000/106502800010968857763/*/1w-1-bp4RzzYvelJWRCMQ9AkoWR_jUy2s?format=docx,27273743976e4e563d35fcabe453ea3e8bb6099bf386bfa08810079c65679048,60268,office_xml,1
995,https://drive.google.com/file/d/1c2e_3z3rEseS-iPhKLzr0ONMKibTysM7/view?usp=drive_link,https://drive.usercontent.google.com/download?id=1c2e_3z3rEseS-iPhKLzr0ONMKibTysM7&export=download,0bc32646adb7b252c6a0358cbfd29b21be698a602663d3dd92e8baa6865d5d17,834584,pdftotext,1
997,https://docs.google.com/document/d/1sYcId5T50lYtchZTB7VPDdtDcJD8ES1MKcNUiV3KIcQ/edit?usp=drive_link,https://doc-0s-9c-docstext.googleusercontent.com/export/e6hpso97lrhpva19l3uocm525o/l16m6qdlc6bi7m97m3uuhrpouk/1787806630000/106502800010968857763/*/1sYcId5T50lYtchZTB7VPDdtDcJD8ES1MKcNUiV3KIcQ?format=docx,de4000bf290cafee075cc4e2ef88e64339e472498202f958fbe62f49fc80bb88,223333,office_xml,1
999,https://drive.google.com/file/d/1VIxSHxYLJ9Z_Ao2QIxLPKMVFbIaJ4f91/view?usp=drive_link,https://drive.usercontent.google.com/download?id=1VIxSHxYLJ9Z_Ao2QIxLPKMVFbIaJ4f91&export=download,c32110370043924c81cd2d5462a36c21e8a22b5b6cbccc1aa85175e2e9b788b5,217422,pdftotext,1
1001,https://drive.google.com/file/d/1GmSj04fwj8dHX7ylZPa6UezwkR4WJET4/view?usp=drive_link,https://drive.usercontent.google.com/download?id=1GmSj04fwj8dHX7ylZPa6UezwkR4WJET4&export=download,618de4314b6182f60853d08694e156235c21202dc38cc66e9bef58b247105dde,449290,pdftotext,1
1002,https://drive.google.com/file/d/1v3MRNJLCIKUAKuxiJCjRkakJA678kBcP/view?usp=drive_link,https://drive.usercontent.google.com/download?id=1v3MRNJLCIKUAKuxiJCjRkakJA678kBcP&export=download,0f58e73951e3ef32e2f861dd5e499e693f18fba79da2690ed69c71cf1360c79d,9958853,pdftotext,1
1003,https://docs.google.com/document/d/1Hx0IuoC_24H2-1AB3iRkQM2QT9eCbQk9/edit?usp=drive_link&ouid=106502800010968857763&rtpof=true&sd=true,https://doc-08-9c-docstext.googleusercontent.com/export/e6hpso97lrhpva19l3uocm525o/enhieg7o9ilvnjm53rn6heik0c/1787806630000/106502800010968857763/*/1Hx0IuoC_24H2-1AB3iRkQM2QT9eCbQk9?format=docx,20fa20d824f61d6286a6ff6538dc5beabcdc7ece466d6b79b3e57f13cd2e959c,630119,office_xml,1
1005,https://drive.google.com/file/d/1N7n_wgKQa2tj74cfMs_GNt2w30Pk3DRK/view?usp=drive_link,https://drive.usercontent.google.com/download?id=1N7n_wgKQa2tj74cfMs_GNt2w30Pk3DRK&export=download,37858ba4e18a18d098223ceaf47ff71991dc7f3effd9b8d74d89adae96451a62,3650262,pdftotext,1
1007,https://docs.google.com/document/d/1YnugGerXdnRFvoEakw2dgs9O81-K_20h/edit?usp=drive_link&ouid=106502800010968857763&rtpof=true&sd=true,https://doc-00-9c-docstext.googleusercontent.com/export/e6hpso97lrhpva19l3uocm525o/eq5nbeqt5mp92n8rsel9hckvmg/1787806630000/106502800010968857763/*/1YnugGerXdnRFvoEakw2dgs9O81-K_20h?format=docx,14851caadd8a631c1deb95b39d01eb61fbfb740843fc665784f8fd7b1ec36b38,928668,office_xml,1
1009,https://drive.google.com/file/d/1sEMhW4QcwK0rBOOGn8U-E6UgM8AQTXSh/view?usp=drive_link,https://drive.usercontent.google.com/download?id=1sEMhW4QcwK0rBOOGn8U-E6UgM8AQTXSh&export=download,230d71b3214566ead83a469322ce059a59229a672cc22022c6938e746a5ba386,23567585,pdftotext,1
1011,https://drive.google.com/file/d/13PAqBcYpWFsHC78fHhtNeDDOxBKBxOit/view?usp=drive_link,https://drive.usercontent.google.com/download?id=13PAqBcYpWFsHC78fHhtNeDDOxBKBxOit&export=download,d60e4c7a739703c393f5578b87f8b5e151e9162d683f8ee62852155165482886,2543771,pdftotext,1
1013,https://drive.google.com/file/d/1GRZGHm2v-xz5yBje8Qw8OTmHpM2PD3Pp/view?usp=drive_link,https://drive.usercontent.google.com/download?id=1GRZGHm2v-xz5yBje8Qw8OTmHpM2PD3Pp&export=download,8384f8d9b666e0e9c0adbf4e4b6f952a4b85aedf179da3a48d3f4e4286699971,27238903,pdftotext,1
1015,https://drive.google.com/file/d/1_jOw5MfnhBPAW3cUMHW6TRBptbSgqhm9/view?usp=drive_link,,,,failed,ValueError: source_exceeds_60_mb
1018,https://drive.google.com/file/d/1JZFn8xYO-JnGCGKhKTwiqsSO3ZKaeCOg/view?usp=drive_link,https://drive.usercontent.google.com/download?id=1JZFn8xYO-JnGCGKhKTwiqsSO3ZKaeCOg&export=download,4484062cc7459cfe1330a08f7153e50eed3f452c6d27e078eef616ed263ffb17,2875113,pdftotext,1
1019,https://drive.google.com/file/d/1YdTPviN7_GECcbGHDiQcmaIfi8UMeO03/view?usp=drive_link,https://drive.usercontent.google.com/download?id=1YdTPviN7_GECcbGHDiQcmaIfi8UMeO03&export=download,bc86b18f520855f83c6de31a9ba8ea5c88675904e6b8b25dadebc5e42592925b,22869923,pdftotext,1
1022,https://drive.google.com/file/d/1p9oLD9RW4usOtkUqMiDzmIm31FfWNafo/view?usp=drive_link,https://drive.usercontent.google.com/download?id=1p9oLD9RW4usOtkUqMiDzmIm31FfWNafo&export=download,984fd49a1eb283a8295190ca2120f1b619b383e9f9a363a5fde9ee691ec41d84,681850,pdftotext,1
1023,https://drive.google.com/file/d/1WCkEjVXlNexSMVY953Zxtwr1eRrRJfPI/view?usp=drive_link,https://drive.usercontent.google.com/download?id=1WCkEjVXlNexSMVY953Zxtwr1eRrRJfPI&export=download,7651d2e33ba639d6e53a7c8a8d2b6015bb8e5c7e9e910efa1b602b25e8a5dd6c,772838,pdftotext,1
1024,https://drive.google.com/file/d/14PKPoLIhBf_kVyKZymQxm4M3VtRO0yE5/view?usp=drive_link,https://drive.usercontent.google.com/download?id=14PKPoLIhBf_kVyKZymQxm4M3VtRO0yE5&export=download,7c8f550f4cfa8e1c3f5ff96e6897c92d797e4a68d6d47330ecbd815bcd13767c,705725,pdftotext,1
1025,https://drive.google.com/file/d/1L_PUPTVGLT2EAnXBR1255ToRtRbKsxTg/view?usp=drive_link,https://drive.usercontent.google.com/download?id=1L_PUPTVGLT2EAnXBR1255ToRtRbKsxTg&export=download,df617da1d49ee2b72d5dbae94a94f6877fa5a1fb9d280875a6e43f088cf3d953,871700,pdftotext,1
1026,https://drive.google.com/file/d/1Hxg9gKaM92wQmpt01eYLoRMtIVohQJIe/view?usp=drive_link,https://drive.usercontent.google.com/download?id=1Hxg9gKaM92wQmpt01eYLoRMtIVohQJIe&export=download,a48deaf9b6d19814a2ffc8dda1630728567c15a10ab213f29f4509020094fb25,1418052,pdftotext,1
1027,https://drive.google.com/file/d/1L90MhEEw5L7rVRnABFqsXW3OU_Z1Hh59/view?usp=drive_link,https://drive.usercontent.google.com/download?id=1L90MhEEw5L7rVRnABFqsXW3OU_Z1Hh59&export=download,41d9565b517bc886d15b6b7a3c5ee2f5310341ebb5484defc540d4fdf96ee097,613219,pdftotext,1
1028,https://drive.google.com/file/d/1S01akQS2E8XFgojCCsXAtbbzs0FnAjTX/view?usp=drive_link,https://drive.usercontent.google.com/download?id=1S01akQS2E8XFgojCCsXAtbbzs0FnAjTX&export=download,6af94bb839e10d18f5160cc933dc27e0437372a8de8d4a28080ee3dd2af7a158,684215,pdftotext,1
1029,https://drive.google.com/file/d/1p2325WfgXDPZjzUUe9KfprKUgjr3IsCy/view?usp=drive_link,https://drive.usercontent.google.com/download?id=1p2325WfgXDPZjzUUe9KfprKUgjr3IsCy&export=download,f68686739173493d1edf09fe3aeeaf0c78af03ac1a5e38e1f3771339aab5b5e4,1380936,pdftotext,1
1030,https://drive.google.com/file/d/1vrofjhAEqUo9mMkHbnq25rk6wYcDo0Fw/view?usp=drive_link,https://drive.usercontent.google.com/download?id=1vrofjhAEqUo9mMkHbnq25rk6wYcDo0Fw&export=download,730f93930614d1106cf450bd7604e85e82adac767bf632433333e67fd61301bf,3601255,pdftotext,1
1031,https://drive.google.com/file/d/1P7XxSNmX3221LgOEA-aIBXmkO38giqSy/view?usp=drive_link,https://drive.usercontent.google.com/download?id=1P7XxSNmX3221LgOEA-aIBXmkO38giqSy&export=download,8f87bb85488c8ac38bd5f3785c48d3d4615efb318cbc3ff7073c6c415cbed76e,340047,unsupported_binary,0
1033,https://drive.google.com/file/d/1NZdyojwkCkAnGp4OoBacb_-Iw9F4LVT2/view?usp=drive_link,https://drive.usercontent.google.com/download?id=1NZdyojwkCkAnGp4OoBacb_-Iw9F4LVT2&export=download,38409d9905c0214e1686076d6451baf14650806220c8cb598bf53260a3244233,250532,unsupported_binary,0
1035,https://drive.google.com/file/d/13_EjOKO2_BzGmlWnGw_bsA2kiadKl0a6/view?usp=drive_link,https://drive.usercontent.google.com/download?id=13_EjOKO2_BzGmlWnGw_bsA2kiadKl0a6&export=download,565430119cfa30d5c4308dc371a07e1d93bb85cbf2538678c6bdae1dadece41b,12784901,pdftotext,1
1044,https://docs.google.com/document/d/1mOyqDViOV3TC7QDZhQBiXXCK97zojROb/edit?usp=drive_link&ouid=106502800010968857763&rtpof=true&sd=true,https://doc-10-9c-docstext.googleusercontent.com/export/e6hpso97lrhpva19l3uocm525o/33eg10te40i865hfu7mp3nlmv0/1787806635000/106502800010968857763/*/1mOyqDViOV3TC7QDZhQBiXXCK97zojROb?format=docx,102496f1a52d94e56a4e62d604407fa2becce1c4333760a4b2a4d02e1077c3f3,488693,office_xml,1
1046,https://drive.google.com/file/d/1lnd4dlPPaJ02z8euHrfp_WccoSRreJGp/view?usp=drive_link,https://drive.usercontent.google.com/download?id=1lnd4dlPPaJ02z8euHrfp_WccoSRreJGp&export=download,ced9ab66ae467d0568b8fa37bf180abb517cdd626d5f5280c1931b33e81f746d,505160,pdftotext,1
1048,https://docs.google.com/document/d/1pcGXwMWSY7sFZyAn2R9oe3T_PN6TkJPD/edit?usp=drive_link&ouid=106502800010968857763&rtpof=true&sd=true,https://doc-00-9c-docstext.googleusercontent.com/export/e6hpso97lrhpva19l3uocm525o/2uap3i6a46be57qomqt62p4348/1787806640000/106502800010968857763/*/1pcGXwMWSY7sFZyAn2R9oe3T_PN6TkJPD?format=docx,af8a490c923eb6361b1dae81431a667d6ba1e60b0ef3199cba8cd9c8d52c42aa,499912,office_xml,1
1050,https://drive.google.com/file/d/1N2VIkH9U3YSH-45tGbAyQUQuiSjIlRyt/view?usp=drive_link,https://drive.usercontent.google.com/download?id=1N2VIkH9U3YSH-45tGbAyQUQuiSjIlRyt&export=download,07d79a6402510f560854177a10b6b17da868e46bb10b3e120416294b56e20685,810706,pdftotext,1
1052,https://drive.google.com/file/d/1FKXdZWWejXp9OjyVqa5fhv_fdWWmDYvy/view?usp=drive_link,https://drive.usercontent.google.com/download?id=1FKXdZWWejXp9OjyVqa5fhv_fdWWmDYvy&export=download,a764b4b5b12fac443f723f7bba9f7a77397b7bd621332fce20b4e9fd08e4e1da,14212033,pdftotext,1
1053,https://drive.google.com/file/d/1FONfgS1Y8Or6hooHx4Sctawrk5oToj8v/view?usp=drive_link,https://drive.usercontent.google.com/download?id=1FONfgS1Y8Or6hooHx4Sctawrk5oToj8v&export=download,847e5470e09ad7e9c537bfbde24b02096abe85e2ba6d4b0653e90c8bd5d63f7e,11042909,pdftotext,1
1054,https://drive.google.com/file/d/1FO1Hn71N-KXu5Wu_cS2nG7VYzvH3AIg6/view?usp=drive_link,https://drive.usercontent.google.com/download?id=1FO1Hn71N-KXu5Wu_cS2nG7VYzvH3AIg6&export=download,068e52c36e5a529d84e9829641bfdeacd965680c9fb28ad20d0e7f39329c8a4d,8910006,pdftotext,1
1055,https://drive.google.com/file/d/1FWOW3DRzq2I4o53FiYBjoriRy8EpScp6/view?usp=drive_link,https://drive.usercontent.google.com/download?id=1FWOW3DRzq2I4o53FiYBjoriRy8EpScp6&export=download,4317a55c540f7a5d19838318b944a1d2a94e2b2de91e18c3258bf63db39e7b83,11234077,pdftotext,1
1056,https://drive.google.com/file/d/1FPqd_PtVtNvySbKDlIQd-rhuFK474ypU/view?usp=drive_link,https://drive.usercontent.google.com/download?id=1FPqd_PtVtNvySbKDlIQd-rhuFK474ypU&export=download,5e0629ed74b51f15865bc0cecc86ce3c4083b407bfcc418dd91a4811952722fc,9273463,pdftotext,1
1057,https://drive.google.com/file/d/1F_6wpd4ubXZkUf5y5LKediBwfL0RGcmP/view?usp=drive_link,https://drive.usercontent.google.com/download?id=1F_6wpd4ubXZkUf5y5LKediBwfL0RGcmP&export=download,2c88e5020fba7557626a7aba0b6f059ba87910a1a412ff557a078c5dc3eeb920,11901786,pdftotext,1
1058,https://drive.google.com/file/d/1gRObzUDqsRwn6z49leyF_o53tkF3Hurn/view?usp=drive_link,https://drive.usercontent.google.com/download?id=1gRObzUDqsRwn6z49leyF_o53tkF3Hurn&export=download,c02271f33776114ed244b6cb5a0e0b093af19666897fe9ffcb895190bfa66e5b,19845229,pdftotext,1
1059,https://drive.google.com/file/d/1FbtG3Xmc2drGaRA_35WCOgS_uj01PIZI/view?usp=drive_link,https://drive.usercontent.google.com/download?id=1FbtG3Xmc2drGaRA_35WCOgS_uj01PIZI&export=download,6b51eb319432c4a9a97a85d263ba121c59d5f033020f2c6956c3a96eb9ee3927,20605875,pdftotext,1
1060,https://drive.google.com/file/d/1G4v02U-7mdH8Q2pNTPth9USNUsgsFfOE/view?usp=drive_link,https://drive.usercontent.google.com/download?id=1G4v02U-7mdH8Q2pNTPth9USNUsgsFfOE&export=download,e676da250b96b8c2675e245ce9c204ae6f5788e7ff178a7b428c5f00a45bc8e7,22621271,pdftotext,1
1061,https://drive.google.com/file/d/1Ft1imCJS738-vOLlwd2UEZ5pV6njbgvl/view?usp=drive_link,https://drive.usercontent.google.com/download?id=1Ft1imCJS738-vOLlwd2UEZ5pV6njbgvl&export=download,4d43d58589f4f0af3d2a714431ff9387dc5d2cfedb8e3fbe598ca70ab0a5f4d6,17915128,pdftotext,1
1062,https://drive.google.com/file/d/1Fp68PUbOWr51G9Fyo1pJDVMQQzaVO1Ew/view?usp=drive_link,https://drive.usercontent.google.com/download?id=1Fp68PUbOWr51G9Fyo1pJDVMQQzaVO1Ew&export=download,daabff2958ea7c2a6eb617ea8e2e6a12808cabc6e851adf10111c68d7b8ee3b6,12324725,pdftotext,1
1063,https://drive.google.com/file/d/1G8LnKu2aalCZJENs68iip8s1Ojf5vs21/view?usp=drive_link,https://drive.usercontent.google.com/download?id=1G8LnKu2aalCZJENs68iip8s1Ojf5vs21&export=download,633e089f506062808dcffde6993fc7567b4f6e4757238023d734a8a7bcdee7f2,19526211,pdftotext,1
1064,https://drive.google.com/file/d/1GUqnVO5rmqERuMWjOAGdeR_78bCXjgAd/view?usp=drive_link,https://drive.usercontent.google.com/download?id=1GUqnVO5rmqERuMWjOAGdeR_78bCXjgAd&export=download,839c3abb406d7fc5eca6d530d95ede1b3a1aa1b0221f636690591c15fa5bbe9b,22824557,pdftotext,1
1065,https://drive.google.com/file/d/1GWDYWgUWD20hxAb8Pdp6KDaK9ujo34dV/view?usp=drive_link,https://drive.usercontent.google.com/download?id=1GWDYWgUWD20hxAb8Pdp6KDaK9ujo34dV&export=download,e06a05c316e607ae7165c649908872fbfe28b23cebb660abbdba2dafc77f864f,20136915,pdftotext,1
1066,https://drive.google.com/file/d/1GW-_m6tDYdIuA6qqkYWuJU2aIdkN54ma/view?usp=drive_link,https://drive.usercontent.google.com/download?id=1GW-_m6tDYdIuA6qqkYWuJU2aIdkN54ma&export=download,a1541b2a3cfb1c350e74dd4169d32e781a2cefb4662cad8e97b0ac080d5f46ab,18526611,pdftotext,1
1067,https://drive.google.com/file/d/1GmjldDJb43nEv5qUYNnfKNH_Tpj9egLP/view?usp=drive_link,https://drive.usercontent.google.com/download?id=1GmjldDJb43nEv5qUYNnfKNH_Tpj9egLP&export=download,7b1ad8133c615d49eab372dc9d2a7e23c0ac063f3162c3661fdf83468befd2ac,19269976,pdftotext,1
1068,https://drive.google.com/file/d/1Gg0mayH8I1XUIq4oo8QoOl6q9_BcZrwV/view?usp=drive_link,https://drive.usercontent.google.com/download?id=1Gg0mayH8I1XUIq4oo8QoOl6q9_BcZrwV&export=download,e24b4ee327669abfff527feba726f204d4a8109594a0401650101153fbcc0cea,14332674,pdftotext,1
1069,https://drive.google.com/file/d/1GnXFNVgbdRZ0rUCLR3ahLNPc1NaeG3qH/view?usp=drive_link,https://drive.usercontent.google.com/download?id=1GnXFNVgbdRZ0rUCLR3ahLNPc1NaeG3qH&export=download,e3f5017c855853faba9c74f8cdf0d642c4eba092c565d7fd6282feea7eb1f89d,17136985,pdftotext,1
1070,https://drive.google.com/file/d/1FGwHVhZxlbM8Yt8mxaNx1MtMuvu5e9_r/view?usp=drive_link,https://drive.usercontent.google.com/download?id=1FGwHVhZxlbM8Yt8mxaNx1MtMuvu5e9_r&export=download,81392e48f130fbdb7a4c7c4ad61f9e8c0ee86aee2fad2a8c7f280a002f3bdfca,11558168,pdftotext,1
1071,https://drive.google.com/file/d/1F8BAKQOhosgrnQRJf5ptUxjjzalzVWSO/view?usp=drive_link,https://drive.usercontent.google.com/download?id=1F8BAKQOhosgrnQRJf5ptUxjjzalzVWSO&export=download,d563756c35d0825b8157e8b590f53220998d5998717395b10d874388f56f1929,8387313,pdftotext,1
1072,https://drive.google.com/file/d/1FKIvaauDuhxNMghJuBRti3m72Le7m3eh/view?usp=drive_link,https://drive.usercontent.google.com/download?id=1FKIvaauDuhxNMghJuBRti3m72Le7m3eh&export=download,3fcab68de0d99cb9a50bb41f15842a2ebd9d99f1bf4e25a12f4a3c4fb4b512a1,9277269,pdftotext,1
1073,https://drive.google.com/file/d/1EzfzVkHbl4ydW8nHTcSBSTWBdtZaoge9/view?usp=drive_link,https://drive.usercontent.google.com/download?id=1EzfzVkHbl4ydW8nHTcSBSTWBdtZaoge9&export=download,5d043a839a4ae50f4dbc465502e76ff51ceb9e5e5733ed89c99e7c9f22afb9ba,8724736,pdftotext,1
1074,https://drive.google.com/file/d/1FBBHKMtZuYCHAM99koBhVRiOp4ys6clQ/view?usp=drive_link,https://drive.usercontent.google.com/download?id=1FBBHKMtZuYCHAM99koBhVRiOp4ys6clQ&export=download,69c484f0850243b454a494bc68da067244a7e8350ec42f900573e2460f4fda48,11282293,pdftotext,1
1075,https://drive.google.com/file/d/1EsPKFiAkehUoGwErPCklPNLdKheVupn6/view?usp=drive_link,https://drive.usercontent.google.com/download?id=1EsPKFiAkehUoGwErPCklPNLdKheVupn6&export=download,08caa84a4809dc75f6ae4a5dadfa3a8b6d2fa47218ee2283872f9bfba4555b5a,15272841,pdftotext,1
1076,https://drive.google.com/file/d/1EuPhRvDepm5xniD_xxlGPgXquobe2LKF/view?usp=drive_link,https://drive.usercontent.google.com/download?id=1EuPhRvDepm5xniD_xxlGPgXquobe2LKF&export=download,43f44f508964bb887acbe5ebe0284c99b3ad0082e597ad4c5e6a97bf23038ffb,17362480,pdftotext,1
1080,https://drive.google.com/file/d/1gMMKXk6g99fWgchdeSiCZ1ILOilwVyQH/view?usp=drive_link,https://drive.usercontent.google.com/download?id=1gMMKXk6g99fWgchdeSiCZ1ILOilwVyQH&export=download,736d47fcf34bb9a81ce8d0fe6927bd90ea599e987556432dbf4305ec5dd79879,5322782,pdftotext,1
1081,https://drive.google.com/file/d/1yPO-BU1SmdjM8WGIJw6AkDg8Ajyo8ZTL/view?usp=drive_link,https://drive.usercontent.google.com/download?id=1yPO-BU1SmdjM8WGIJw6AkDg8Ajyo8ZTL&export=download,bc54bb17b24305dd02bdac024626902f2eabaf468633627239138acdf76f562c,2884693,pdftotext,1
1082,https://drive.google.com/file/d/1ZJv4ub38OqatOqwP4pDwH7w6elMqpR3S/view?usp=drive_link,https://drive.usercontent.google.com/download?id=1ZJv4ub38OqatOqwP4pDwH7w6elMqpR3S&export=download,9c54034ce7d443535fdf40305b5ae8f64a1adb54cd89ff928d7040b006bb7fef,5898258,pdftotext,1
1083,https://drive.google.com/file/d/1Iz8SeVSfG9Tx3esR-C5W3rwzDNzGyOp1/view?usp=drive_link,https://drive.usercontent.google.com/download?id=1Iz8SeVSfG9Tx3esR-C5W3rwzDNzGyOp1&export=download,47d4c5054697335c8926799bd75ca40e51c5ddb31286a024defb7310e90e713e,4858612,pdftotext,0
1084,https://drive.google.com/file/d/1LTRHJLP654gHdIAaFjiZ_Aeb0Aya5w1a/view?usp=drive_link,https://drive.usercontent.google.com/download?id=1LTRHJLP654gHdIAaFjiZ_Aeb0Aya5w1a&export=download,4a4134d95b2eb2bd58721fba4287e1940f0768fda51741fdb5eb9e445db4e7c6,3988656,pdftotext,1
1085,https://drive.google.com/file/d/1UJMVQBgYXn9srOL7w35BcWQI3sEuN-Bl/view?usp=drive_link,https://drive.usercontent.google.com/download?id=1UJMVQBgYXn9srOL7w35BcWQI3sEuN-Bl&export=download,d8164d23575435d9de8ae23e628410450521627312e060d519a1d069c0675e11,4364841,pdftotext,1
1086,https://drive.google.com/file/d/1AWB_w_dsDmslXySdEhBx_M_ZRWTfWh5N/view?usp=drive_link,https://drive.usercontent.google.com/download?id=1AWB_w_dsDmslXySdEhBx_M_ZRWTfWh5N&export=download,f5f2ad3c10d624ba478a766336b07bf999780bbca7c373f94c22b15ddcaea611,2681939,pdftotext,1
1087,https://drive.google.com/file/d/1qOsMtr53DIKrocmBdybOYuZvf9iAagkR/view?usp=drive_link,https://drive.usercontent.google.com/download?id=1qOsMtr53DIKrocmBdybOYuZvf9iAagkR&export=download,d868ebfe6fc973b4adfc66f247af5f505cca6891fa73560b410c21049cfdcd2b,3518655,pdftotext,0
1088,https://drive.google.com/file/d/1cndzuHXI7032JRvhXSmyjRrcr7oF2lj2/view?usp=drive_link,https://drive.usercontent.google.com/download?id=1cndzuHXI7032JRvhXSmyjRrcr7oF2lj2&export=download,a509db3eac4c6e5043bd1e587775ecc12c01e281056b276cdd6bca3275c8a9c1,3696508,pdftotext,0
1089,https://drive.google.com/file/d/1TNA6LqWPeMzzLgaFg1x_nr2Pi7VAOo5U/view?usp=drive_link,https://drive.usercontent.google.com/download?id=1TNA6LqWPeMzzLgaFg1x_nr2Pi7VAOo5U&export=download,17172099759e4ae4a6305358e6d4d5bbec12444976069e1628e22ecb672ea010,3781511,pdftotext,0
1090,https://drive.google.com/file/d/1qOEtrNRDvzhFWOHd0do-iQ3yhcysz6Az/view?usp=drive_link,https://drive.usercontent.google.com/download?id=1qOEtrNRDvzhFWOHd0do-iQ3yhcysz6Az&export=download,664f06d81539e5eab63ca5c678ac288114f094a0cc7f8b44c91d08c7d1a516f9,4662269,pdftotext,1
1091,https://drive.google.com/file/d/1NIMhBZwoLs40TN6c_Rg5ZbnmskRB-D6w/view?usp=drive_link,https://drive.usercontent.google.com/download?id=1NIMhBZwoLs40TN6c_Rg5ZbnmskRB-D6w&export=download,7fbbefdb8b810d9daac796f824690c44b591184def9ac255751a20224fa7afc8,4104368,pdftotext,1
1092,https://drive.google.com/file/d/1GF1dTrweUmO0aYjac24pnB4_gaUcxUxk/view?usp=drive_link,https://drive.usercontent.google.com/download?id=1GF1dTrweUmO0aYjac24pnB4_gaUcxUxk&export=download,a225aedc196e92dcc16ae4a11bc0525e678a2a2ff7abebea2ee6b07f9c96371f,2894539,pdftotext,15
1093,https://drive.google.com/file/d/1K5-oMr6rUG-jfJT0XRWzl54_Zox1xNU7/view?usp=drive_link,https://drive.usercontent.google.com/download?id=1K5-oMr6rUG-jfJT0XRWzl54_Zox1xNU7&export=download,0faac966c633e1dad8ee3f8223fa401525eafdf75d2803e8d35e6c072becc830,4476366,pdftotext,0
1094,https://drive.google.com/file/d/1_1xykA3xhWyB9S-1VLEJA2L3ngN14BcO/view?usp=drive_link,https://drive.usercontent.google.com/download?id=1_1xykA3xhWyB9S-1VLEJA2L3ngN14BcO&export=download,3e70236bdf469ad1869f69fe165b936b4af1b67d6540fa32c467ff95360207e8,4853226,pdftotext,0
1095,https://drive.google.com/file/d/1ovZwEnqdYbxlFcrRxktxEYn7J4qAr213/view?usp=drive_link,https://drive.usercontent.google.com/download?id=1ovZwEnqdYbxlFcrRxktxEYn7J4qAr213&export=download,fbdf36deb24184bcd1453d4528d8e766d8800c753b8f21cfc3f22d9a916a242f,4673339,pdftotext,1
1096,https://drive.google.com/file/d/12Dkr5psG8NDxxftacv9GGRRK3M_Kr2_3/view?usp=drive_link,https://drive.usercontent.google.com/download?id=12Dkr5psG8NDxxftacv9GGRRK3M_Kr2_3&export=download,0fd12ae23184b837d4064d9481aed000ccba83493f30c15f7c271684d9768d3d,3563724,pdftotext,0
1097,https://drive.google.com/file/d/1Stzuu78fWnTJT9Dw2W_eIY_ehxIADSmz/view?usp=drive_link,https://drive.usercontent.google.com/download?id=1Stzuu78fWnTJT9Dw2W_eIY_ehxIADSmz&export=download,78873a7fe67123a392d1d8ed904a3d8a9a83abfe3e85f1b0d16961538d28f9da,3123094,pdftotext,1
1098,https://drive.google.com/file/d/1w-OVkOylTpAyFgWQTOnj9YRJg-lIYfPN/view?usp=drive_link,https://drive.usercontent.google.com/download?id=1w-OVkOylTpAyFgWQTOnj9YRJg-lIYfPN&export=download,3b89f883e82d7873ba50f322388b29458eafbeb7548b6b06d6e5f32ce06c196e,2478577,pdftotext,7
1099,https://drive.google.com/file/d/1lZ5rVzZOcg7sG8BHNys7zxOF5xE1LBzv/view?usp=drive_link,https://drive.usercontent.google.com/download?id=1lZ5rVzZOcg7sG8BHNys7zxOF5xE1LBzv&export=download,da777c85ad04c163536bc394d58196b0cd50748a8bfa960b0ac0ce725ed69659,2478112,pdftotext,1
1100,https://drive.google.com/file/d/1koFUgJmayphBJqjOhiwQNL6ADBWW9R3I/view?usp=drive_link,https://drive.usercontent.google.com/download?id=1koFUgJmayphBJqjOhiwQNL6ADBWW9R3I&export=download,e583fce1668437c0845f2ce9c364757a6d048a0c1681c6fb2ec4cf870f8ae57d,2449134,pdftotext,11
1101,https://drive.google.com/file/d/1mW8bOPItYK4GL-SLLJDCHJg1M3BInlHg/view?usp=drive_link,https://drive.usercontent.google.com/download?id=1mW8bOPItYK4GL-SLLJDCHJg1M3BInlHg&export=download,af23fd28ca115b52ffa13a98c2df44844943922b31cedde362a78702f8b9c133,3538771,pdftotext,0
1102,https://drive.google.com/file/d/15hScXW5LwFdy2mPJup4RTwf_xbBFuBPN/view?usp=drive_link,https://drive.usercontent.google.com/download?id=15hScXW5LwFdy2mPJup4RTwf_xbBFuBPN&export=download,442bb453ae6df7ee553646855b1610c79bd7b97d72b72cb641762bc7da3dfa23,4057284,pdftotext,0
1103,https://drive.google.com/file/d/1gB-SUZLyjlSepeTCPaj1bgpDb2UQHxwn/view?usp=drive_link,https://drive.usercontent.google.com/download?id=1gB-SUZLyjlSepeTCPaj1bgpDb2UQHxwn&export=download,9d0aa148f65f5c5468d29fb23ed346b56cdc0ad9e763d2404badbf750b51a03a,8366296,pdftotext,5
1104,https://drive.google.com/file/d/1SkYZwRG4GbNKYqFYRrC2Y_jTLIUIoIav/view?usp=drive_link,https://drive.usercontent.google.com/download?id=1SkYZwRG4GbNKYqFYRrC2Y_jTLIUIoIav&export=download,f4e975329bbf9e33d2851c84b1de5273b52b9dc1c4fc9eda6d08f93f0b25aa9b,4701062,pdftotext,1
1105,https://drive.google.com/file/d/1m5f0eu98RcUwITvlzoXrgVCkEOcxD6t7/view?usp=drive_link,https://drive.usercontent.google.com/download?id=1m5f0eu98RcUwITvlzoXrgVCkEOcxD6t7&export=download,b487906703f851e559d5d43a99eda6797f6b59d93f1b5d193e3f96e0bd45c27d,2868672,pdftotext,3
1106,https://drive.google.com/file/d/1AoT1qdgBES1q7XRa86A60pP9Ex7L4qUV/view?usp=drive_link,https://drive.usercontent.google.com/download?id=1AoT1qdgBES1q7XRa86A60pP9Ex7L4qUV&export=download,432edec85c03e7879aec9a85cb09a8882ff47ee73e3462d17845190c68475efe,4269148,pdftotext,0
1107,https://drive.google.com/file/d/1_MIJzdTJW7t7fnYqOjdGiv7isEBRv_Bp/view?usp=drive_link,,,,failed,HTTPError: 503 Server Error: Service Unavailable for url: https://drive.usercontent.google.com/download?id=1_MIJzdTJW7t7fnYqOjdGiv7isEBRv_Bp&export=download
1108,https://drive.google.com/file/d/1idNPgafqr8K2VEMAEoWr-cPyv3HNSukq/view?usp=drive_link,https://drive.usercontent.google.com/download?id=1idNPgafqr8K2VEMAEoWr-cPyv3HNSukq&export=download,7eb12d57dc2b2a7bd3d9ea0bac795494cc1b9c7fc7cded4a8ba8344d873ade8c,29140843,pdftotext,1
1109,https://drive.google.com/file/d/1Wl_-G610P3g40bXPUMtExeDCGmppOtK_/view?usp=drive_link,https://drive.usercontent.google.com/download?id=1Wl_-G610P3g40bXPUMtExeDCGmppOtK_&export=download,b61c94d5a3ac33d818c94a40b7744b666efee46d3cf62d31b87125745276724a,1622433,pdftotext,1
1112,https://drive.google.com/file/d/1DsNNx2neHozW_8r-qe3tpuA3Jp_AIt4Q/view?usp=drive_link,https://drive.usercontent.google.com/download?id=1DsNNx2neHozW_8r-qe3tpuA3Jp_AIt4Q&export=download,d44dfc501f1d75c8645ecf94e085a7bb0cf407f68a3ccbf7862f7dec115137bf,12957138,pdftotext,89
1113,https://drive.google.com/file/d/1EC76c_GSHZWjZVg4Mp-Y0yLkW5NXAYG6/view?usp=drive_link,https://drive.usercontent.google.com/download?id=1EC76c_GSHZWjZVg4Mp-Y0yLkW5NXAYG6&export=download,f279f188cad83c6cab8d207be5c7536be794707999cbd4ec3a440b0c90c91e7a,8704396,pdftotext,90
1114,https://drive.google.com/file/d/1E0iqa_blp3MUcfZguYNBiG22cqy-UqJj/view?usp=drive_link,https://drive.usercontent.google.com/download?id=1E0iqa_blp3MUcfZguYNBiG22cqy-UqJj&export=download,de9dbcbde6334c0b670ae71a4c435e78e1e3075183ab17823abdaf267122cf96,8054861,pdftotext,74
1115,https://drive.google.com/file/d/1EUAHB0ml3uR1YK5W8ZXByiC29khsmqHY/view?usp=drive_link,https://drive.usercontent.google.com/download?id=1EUAHB0ml3uR1YK5W8ZXByiC29khsmqHY&export=download,973bbad83de5f7004d47e9bcb66aea7efc985ec12901968d73e3510cf36b93ee,8543591,pdftotext,78
1116,https://drive.google.com/file/d/1EPybvfW_R7LgQ6xGfqQn-kVr5-wBFNDs/view?usp=drive_link,https://drive.usercontent.google.com/download?id=1EPybvfW_R7LgQ6xGfqQn-kVr5-wBFNDs&export=download,977bb12cf044997731c16dd70374482dee814b59a081e50ef11a8b0ce85b39b5,7446483,pdftotext,68
1117,https://drive.google.com/file/d/1EglCF9YoSMUv0BDwhnU9QA3b6Ju3u2bB/view?usp=drive_link,https://drive.usercontent.google.com/download?id=1EglCF9YoSMUv0BDwhnU9QA3b6Ju3u2bB&export=download,a821a27d9080b61228e7258fe6c9f846dcc662bf02eae622f6f02b3ab9d0a0e4,7324563,pdftotext,57
1118,https://drive.google.com/file/d/1EfOuBMUkpRL3GjPu-xVOoX75ALtTiHrT/view?usp=drive_link,https://drive.usercontent.google.com/download?id=1EfOuBMUkpRL3GjPu-xVOoX75ALtTiHrT&export=download,3adbce6afc6b1cb5f9a9ddc18f3c3431835f2bc3701d7da5aa2e295f1526046b,7479291,pdftotext,64
1119,https://drive.google.com/file/d/1E0rH0YwBBinCpb2d3nLiGDHPzdrPvc1s/view?usp=drive_link,https://drive.usercontent.google.com/download?id=1E0rH0YwBBinCpb2d3nLiGDHPzdrPvc1s&export=download,097abb7cd92931ad27d9e0a902a3f45bee357aebcfa416f972240682ade500cb,8503998,pdftotext,84
1120,https://drive.google.com/file/d/1DumkdsMZBIDokZUEhD_PSJG6MOT5gzvc/view?usp=drive_link,https://drive.usercontent.google.com/download?id=1DumkdsMZBIDokZUEhD_PSJG6MOT5gzvc&export=download,47558539b3e76bb677fc71e8e3748c597cbe9caf169d5eb4d82f91e84929d822,9115611,pdftotext,93
1121,https://drive.google.com/file/d/1Ei8QjZ6cH_f3VjLKVkxWgjT7YDxMx4jp/view?usp=drive_link,https://drive.usercontent.google.com/download?id=1Ei8QjZ6cH_f3VjLKVkxWgjT7YDxMx4jp&export=download,7d6e7ede15d5b51adf7afab9d7547c85cc365670951cccab92bab1fc55013077,9576314,pdftotext,66
1122,https://drive.google.com/file/d/1ECk4aHFgIsXqspOebR_hbh_cKDkH9gCv/view?usp=drive_link,https://drive.usercontent.google.com/download?id=1ECk4aHFgIsXqspOebR_hbh_cKDkH9gCv&export=download,d278d4cdffc2b84137db2ca7ff26765bd0d3beb2650f52cd28edad89080bd3c4,10639850,pdftotext,112
1123,https://drive.google.com/file/d/1E6E2oF4SMjUtDhifAcRzCWplDwWl61TP/view?usp=drive_link,https://drive.usercontent.google.com/download?id=1E6E2oF4SMjUtDhifAcRzCWplDwWl61TP&export=download,1818d073ee2db499a73dbfa814ffd2d7ac809490a1a41e91cd01dd7b0b095edb,10451495,pdftotext,112
1124,https://drive.google.com/file/d/1DzARmnKS1ncIGOoG1ZCFO33oUNE9mScH/view?usp=drive_link,https://drive.usercontent.google.com/download?id=1DzARmnKS1ncIGOoG1ZCFO33oUNE9mScH&export=download,7ca16fb42e311f8a31c49df44df80cd019b4b243e8b20a4bae75fca334298c20,11072928,pdftotext,124
1125,https://drive.google.com/file/d/1E_-IZNcTzS9CLOjjXtUcq7lFNZMnSEl2/view?usp=drive_link,https://drive.usercontent.google.com/download?id=1E_-IZNcTzS9CLOjjXtUcq7lFNZMnSEl2&export=download,e5c9cffa22c8c911fe74c432261bd0dac0ed03d7059df2ba29433079212540b8,5387663,pdftotext,1
1126,https://drive.google.com/file/d/1zTz-yFQV1lbN009Qm3xEaNAMHR1g8Ctz/view?usp=drive_link,https://drive.usercontent.google.com/download?id=1zTz-yFQV1lbN009Qm3xEaNAMHR1g8Ctz&export=download,8a23c2d08c6258770d10a7edfcbe9a86f84dfdd2a84e822e2e85712b58004d83,552888,pdftotext,1
1128,https://drive.google.com/file/d/12Ipp1xv05GxkEaJ5ZnJaJBcwe0nLAMil/view?usp=drive_link,https://drive.usercontent.google.com/download?id=12Ipp1xv05GxkEaJ5ZnJaJBcwe0nLAMil&export=download,2ec1e2381c7226726513a63d5eb6bbab2254cb409dd8551909f3737775d92974,1560663,pdftotext,1
1129,https://drive.google.com/file/d/1Z3eDUzg2cu6Na_rKtzRPMVNTiOkoSP3s/view?usp=drive_link,https://drive.usercontent.google.com/download?id=1Z3eDUzg2cu6Na_rKtzRPMVNTiOkoSP3s&export=download,0d1e4240317340b0b9a8db881390bf9790b99e9188d885db2a6513da41609702,3762005,pdftotext,1
1130,https://drive.google.com/file/d/1G_lVorn0GX3527kBNwWGHfAuh8NA9pCg/view?usp=drive_link,https://drive.usercontent.google.com/download?id=1G_lVorn0GX3527kBNwWGHfAuh8NA9pCg&export=download,ccb8a69fdf9083450d6efb663603d2b89006e94af69486925627e36018569eaa,303272,pdftotext,1
1131,https://drive.google.com/file/d/1ORzSqMt8D1XdBJTllajSYZHXTaqOIFNp/view?usp=drive_link,https://drive.usercontent.google.com/download?id=1ORzSqMt8D1XdBJTllajSYZHXTaqOIFNp&export=download,934dcb201c8bb82f6c3b3ce7ae78bea8bfb4c89e0f7378d89bb60d6e81eefa95,610299,pdftotext,1
1132,https://drive.google.com/file/d/1OQCNogW7BEROcqZgW_AAQ6SjF50vhW1G/view?usp=drive_link,https://drive.usercontent.google.com/download?id=1OQCNogW7BEROcqZgW_AAQ6SjF50vhW1G&export=download,536afcfccfea870abac8454fe0122f20fc3e69ad5384acfd9ad3eb5cca234bb8,898858,needs_ocr,0
1134,https://drive.google.com/file/d/1p1taSgZfcRLj7iM7QbPo9f_uu00mMD4f/view?usp=drive_link,https://drive.usercontent.google.com/download?id=1p1taSgZfcRLj7iM7QbPo9f_uu00mMD4f&export=download,d086a196d738e3c0ca8217317c46e2b6d5edb96ab48c7a6f881552b3e8577dbf,139036,unsupported_binary,0
1137,https://drive.google.com/file/d/1yegP7IBUqCl-CuQBQTstcfh9MoYoKx3e/view?usp=drive_link,https://drive.usercontent.google.com/download?id=1yegP7IBUqCl-CuQBQTstcfh9MoYoKx3e&export=download,5bae100572f4f8b46e000bfbfd0dd9e341f8ba26194627b75a88169dc8c8aff9,58083,needs_ocr,0
1139,https://drive.google.com/file/d/1mLEKZq4kBJ2Ab2dpEZlLDW_qpPyoJoRI/view?usp=drive_link,https://drive.usercontent.google.com/download?id=1mLEKZq4kBJ2Ab2dpEZlLDW_qpPyoJoRI&export=download,f999ce528a6343b2cba1c5ee69be0fb9ff82f51bc49a7d8738bf52f750bcae7c,11505528,duplicate_binary,899
1141,https://drive.google.com/file/d/1Sdd6lbvZhRcg6hl2Kh7wION80o83zYE-/view?usp=drive_link,https://drive.usercontent.google.com/download?id=1Sdd6lbvZhRcg6hl2Kh7wION80o83zYE-&export=download,b9f8a3b6c6369fb4a979cd4072cf5b84b0d0b82df59714f8b8885fd2942406c3,406198,pdftotext,1
1143,https://drive.google.com/file/d/1DVNVZt1qLXsVLakn1COAdEVYzMagzcIq/view?usp=drive_link,https://drive.usercontent.google.com/download?id=1DVNVZt1qLXsVLakn1COAdEVYzMagzcIq&export=download,d3d6ced3455c4034028adb76c9a1fb3466a09631765c6444304943770359dce8,2636304,needs_ocr,0
1145,https://drive.google.com/file/d/1sm2J3BenLV9WboGSYpzLy7-7WMa7FyZi/view?usp=drive_link,https://drive.usercontent.google.com/download?id=1sm2J3BenLV9WboGSYpzLy7-7WMa7FyZi&export=download,b4b1c82ea28f6024ee8dd8df52bc49b2a21cfea549d940b6eff87b5ea013e571,1380313,needs_ocr,0
1147,https://drive.google.com/file/d/15xp02fQZeW3DSy_vmy_SP9Dwl8IjObxe/view?usp=drive_link,https://drive.usercontent.google.com/download?id=15xp02fQZeW3DSy_vmy_SP9Dwl8IjObxe&export=download,d4d23f4f2036040dfe83514758be6d2172db9718feedb98a3221e6b0fa1243e0,164202,needs_ocr,0
1149,https://drive.google.com/file/d/1q8k9TURACK3K1HfUChXXfL4AHM23t0o-/view?usp=drive_link,https://drive.usercontent.google.com/download?id=1q8k9TURACK3K1HfUChXXfL4AHM23t0o-&export=download,a7ff7d189f68b4618bac106af18a1c1d25667d039224790d7383a94e3feb436d,364071,needs_ocr,0
1151,https://docs.google.com/document/d/1cUMkOdUc15-qct7n5lNRrbp5f4lgjEpM/edit?usp=drive_link&ouid=106502800010968857763&rtpof=true&sd=true,https://doc-0k-9c-docstext.googleusercontent.com/export/e6hpso97lrhpva19l3uocm525o/93q64nsuuepl8ub1oqmp0r1p1k/1787806720000/106502800010968857763/*/1cUMkOdUc15-qct7n5lNRrbp5f4lgjEpM?format=docx,c988de0f03c68421f67f7364e3d1bbaee64985512cfd80a5a23ede821fd3002b,20393,office_xml,1
1153,https://drive.google.com/file/d/1BqpnTGZ5oi5RYpr900zGXC2-knYlsDGh/view?usp=drive_link,https://drive.usercontent.google.com/download?id=1BqpnTGZ5oi5RYpr900zGXC2-knYlsDGh&export=download,21bc9a838d45b1eb1c95861d4769ca1832829dbf66207797a51744d5f11fcb2d,129179,pdftotext,1
1155,https://drive.google.com/file/d/1BdqpzsDV9QmzHk5P3wtlTn48PMcn1I7r/view?usp=drive_link,https://drive.usercontent.google.com/download?id=1BdqpzsDV9QmzHk5P3wtlTn48PMcn1I7r&export=download,46b11ae45309ae4c34f59748e5b9eeae35dc424b5257900f9353c1d1e4f3afb7,789872,pdftotext,1
1156,https://drive.google.com/file/d/1qXmlmXrPh4297c7HXmIuwOHBZljjlD7b/view?usp=drive_link,https://drive.usercontent.google.com/download?id=1qXmlmXrPh4297c7HXmIuwOHBZljjlD7b&export=download,1506c1f1aa4f502456c3a155c7943eb9c01ce0a6eed85e4aec2ba569af79255d,582795,pdftotext,1
1157,https://drive.google.com/file/d/15u5ay4Uu7FJmca3jDps-CuCE1FdPBuum/view?usp=drive_link,https://drive.usercontent.google.com/download?id=15u5ay4Uu7FJmca3jDps-CuCE1FdPBuum&export=download,babdd6dd500e306cf4f188f45bc662f056a1f862ec57ccc8aa5620126d0c6ecc,1254623,unsupported_binary,0
1159,https://drive.google.com/file/d/1DwZ2-YSyHuKKgZ-ybtlZPqaApyACenNn/view?usp=drive_link,https://drive.usercontent.google.com/download?id=1DwZ2-YSyHuKKgZ-ybtlZPqaApyACenNn&export=download,fe591519b54a8f7187120a1a58a72f72624b26f73a0deb79510c6e9c703738ad,149776,unsupported_binary,0
1161,https://drive.google.com/file/d/1G3YYfXmaMBxZnds1WEwsX-qov55LPzq8/view?usp=drive_link,https://drive.usercontent.google.com/download?id=1G3YYfXmaMBxZnds1WEwsX-qov55LPzq8&export=download,dedac6d2f4fc6e6cb1b5ad67e7468d4d33619f8501f1f6cea352aa0a6b1813ec,1837654,pdftotext,1
1164,https://drive.google.com/file/d/1opukKptYPhUWaA23mFBMcC4JpPb5hO15/view?usp=drive_link,https://drive.usercontent.google.com/download?id=1opukKptYPhUWaA23mFBMcC4JpPb5hO15&export=download,839bbdf3494b630700ae33204309bc6f8a4ee595da9c7007af88c82eba0efc8f,498296,pdftotext,1
1165,https://drive.google.com/file/d/1nkfDXEqhcMqNAK0VIswj0Ls69-jeey1p/view?usp=drive_link,https://drive.usercontent.google.com/download?id=1nkfDXEqhcMqNAK0VIswj0Ls69-jeey1p&export=download,3469f69b4e833e44ca551520c234e716bf69ac612a69b6a109970d4c7e005eb0,792146,pdftotext,1
1168,https://drive.google.com/file/d/1NaIOLa4zubhEvAa_ei3R2svp0ZkG_K3b/view?usp=drive_link,https://drive.usercontent.google.com/download?id=1NaIOLa4zubhEvAa_ei3R2svp0ZkG_K3b&export=download,b033cc726040f5c4569ca2938d9a1a5f9d9c8613c3a1cfd0fe43eee9ce2281d2,368546,pdftotext,1
1169,https://docs.google.com/document/d/1Q_U-uyRquVcusAb4ruTrDL0STQ7xt5U_/edit?usp=drive_link&ouid=106502800010968857763&rtpof=true&sd=true,https://doc-0g-9c-docstext.googleusercontent.com/export/e6hpso97lrhpva19l3uocm525o/j3b69igj6d527vpf1suf588pdg/1787806720000/106502800010968857763/*/1Q_U-uyRquVcusAb4ruTrDL0STQ7xt5U_?format=docx,ee9b22e3e40dc1a6817d690c7e4f4e099c384b36d0a03023b4d8db6418923088,420998,office_xml,1
1171,https://drive.google.com/file/d/1PwBTb5Ouhqeszr39eYMvK8aJvHlm-_H0/view?usp=drive_link,https://drive.usercontent.google.com/download?id=1PwBTb5Ouhqeszr39eYMvK8aJvHlm-_H0&export=download,d4f5b1e010e0e355988ab05efb0ecdef4711103df9d47a80f9883415606ffd02,608697,pdftotext,1
1178,https://drive.google.com/file/d/1vu61KSN76pmo2vsx5C10RBgQTTtMYnSQ/view?usp=drive_link,https://drive.usercontent.google.com/download?id=1vu61KSN76pmo2vsx5C10RBgQTTtMYnSQ&export=download,59fea37c1efaf5564a8489d6ceee93d0e1be4dccdf29422c147d3c29f654deb3,249235,pdftotext,1
1180,https://drive.google.com/file/d/1ppBXsNAJfO5toGRmZ2a_Nv4v3DfrXD0N/view?usp=drive_link,https://drive.usercontent.google.com/download?id=1ppBXsNAJfO5toGRmZ2a_Nv4v3DfrXD0N&export=download,819e2607ac6f45c09bc76db25a8f3b24b4bf712650fa0f70b328288a70441087,185738,pdftotext,1
1181,https://drive.google.com/file/d/1HBqBeaOvMQmBklWT7D9CUO9qdxuev2RZ/view?usp=drive_link,https://drive.usercontent.google.com/download?id=1HBqBeaOvMQmBklWT7D9CUO9qdxuev2RZ&export=download,96a15390cf8526e2c48345b37b4521d9e67ecfe9b6262bc2c3498e3f95484f45,405834,pdftotext,1
1184,https://drive.google.com/file/d/1npnYwTexoaHo92U5J4FVdWC43-kSrxT2/view?usp=drive_link,https://drive.usercontent.google.com/download?id=1npnYwTexoaHo92U5J4FVdWC43-kSrxT2&export=download,c0cc1d8163213d6b0330bfdaa8b0edaf4c14db3e14bbc8a907f336acaef3d1b1,21465683,pdftotext,1
1187,https://drive.google.com/file/d/10Cf6KNQY7-7iI1xEQnauP9g5Ewmq2KHO/view?usp=drive_link,https://drive.usercontent.google.com/download?id=10Cf6KNQY7-7iI1xEQnauP9g5Ewmq2KHO&export=download,12beeef58ac8b6e01d3dbec364802de563a301d5d7f010fb6bcc8c2f9980930b,188397,needs_ocr,0
1191,https://drive.google.com/file/d/1rjSKucc8N5xnE3YuWdgVjfADUByE_Akw/view?usp=drive_link,https://drive.usercontent.google.com/download?id=1rjSKucc8N5xnE3YuWdgVjfADUByE_Akw&export=download,2f1a373ecc2920e43cde9550f88ecbda351146f7d320e9b32a45833dd8eecbd7,387145,pdftotext,1
1192,https://docs.google.com/document/d/1fJbtw8YWFCsFzXlxOpJ1atDmOC-Gdla8/edit?usp=drive_link&ouid=106502800010968857763&rtpof=true&sd=true,https://doc-08-9c-docstext.googleusercontent.com/export/e6hpso97lrhpva19l3uocm525o/2p1o0rc07coupuf8o2nfqg24mc/1787806720000/106502800010968857763/*/1fJbtw8YWFCsFzXlxOpJ1atDmOC-Gdla8?format=docx,8dfba181e73a475c9a20b4ba32755da27cee1b28eb1591bb49947ad056a82582,122554,office_xml,1
1193,https://drive.google.com/file/d/1OtnwE39BpTS-ChW0M7iFbRG_bfbwFnHu/view?usp=drive_link,https://drive.usercontent.google.com/download?id=1OtnwE39BpTS-ChW0M7iFbRG_bfbwFnHu&export=download,c32b25b7a4a74030fbce2e23e26c47ae212e99f6f8f82a9c76bde7e028834720,53957,pdftotext,1
1194,https://docs.google.com/document/d/136xIaaLG19fS6sg3eJ26mQnn4Gg0VONU/edit?usp=drive_link&ouid=106502800010968857763&rtpof=true&sd=true,https://doc-14-9c-docstext.googleusercontent.com/export/e6hpso97lrhpva19l3uocm525o/9dc9d87ohmlsfm4lgkvjl38gm8/1787806720000/106502800010968857763/*/136xIaaLG19fS6sg3eJ26mQnn4Gg0VONU?format=docx,05c1f088f30f638e1b21f9ef34c5d345fdab661c315d0183b3f5fce024d0fb15,21769,office_xml,1
1196,https://drive.google.com/file/d/10kfcuTED1ng_N7uC9BOfnSVdd4bmhFVW/view?usp=drive_link,https://drive.usercontent.google.com/download?id=10kfcuTED1ng_N7uC9BOfnSVdd4bmhFVW&export=download,3dc1b04e17de7dfaae1aa60e54b990dea0cf40b3947b38a0904fef5308cfb0a7,142812,needs_ocr,0
1198,https://docs.google.com/document/d/1as9bsHcGITMr-DL3nHd3z_f27T6LtJ33/edit?usp=drive_link&rtpof=true&sd=true,https://doc-0g-9c-docstext.googleusercontent.com/export/e6hpso97lrhpva19l3uocm525o/fo8f5sl19sgoqqq3f0ebcg826g/1787806720000/106502800010968857763/*/1as9bsHcGITMr-DL3nHd3z_f27T6LtJ33?format=docx,3c660d7e294bddb08117ba9524e257bb81bfc1c615c9150c3ee672c2d06cff74,19088,office_xml,1
1200,https://drive.google.com/file/d/1BaoNkGUuhUZqjMlYCvydU4NUwlHfS72N/view?usp=drive_link,https://drive.usercontent.google.com/download?id=1BaoNkGUuhUZqjMlYCvydU4NUwlHfS72N&export=download,a36cda2ff9c2bb4a8d84f1ae52d78eaee5e00793a1c0448638cde05849047c63,219917,needs_ocr,0
1202,https://docs.google.com/document/d/1usVblpYTps593rf81p5VA1TtcqvTExoA/edit?usp=drive_link&ouid=106502800010968857763&rtpof=true&sd=true,https://doc-0o-9c-docstext.googleusercontent.com/export/e6hpso97lrhpva19l3uocm525o/ieoa3hmo6jj5019fbtqdt7a8do/1787806720000/106502800010968857763/*/1usVblpYTps593rf81p5VA1TtcqvTExoA?format=docx,39f589154e4ec66e5b1ba31a82438a1ed4fc377a33d5fa4f6274b0a18bf0e78c,23829,office_xml,1
1204,https://drive.google.com/file/d/1sItNQu0K9-Bu54k0kwv8Mm9qpFml4Rs-/view?usp=drive_link,https://drive.usercontent.google.com/download?id=1sItNQu0K9-Bu54k0kwv8Mm9qpFml4Rs-&export=download,9ec9f983c0f3a49c5f581f92575edefc8ce7aa96cea94072fb666a53dcd0e86c,84533,needs_ocr,0
1206,https://docs.google.com/document/d/1KYsUc_iV0fjJ6zWsnPdsLTCJrjTBYfrn/edit?usp=drive_link&ouid=106502800010968857763&rtpof=true&sd=true,https://doc-14-9c-docstext.googleusercontent.com/export/e6hpso97lrhpva19l3uocm525o/ggov8mjrp8je7e3uoiefkvadd8/1787806720000/106502800010968857763/*/1KYsUc_iV0fjJ6zWsnPdsLTCJrjTBYfrn?format=docx,da41c5992b77b4ba4327a8d02d286ad7c9ca51309a418f4fe463d9b173051833,23740,office_xml,1
1208,https://drive.google.com/file/d/1TWW2O7iswalJaeX_mw3jFg0CQrfj9GVU/view?usp=drive_link,https://drive.usercontent.google.com/download?id=1TWW2O7iswalJaeX_mw3jFg0CQrfj9GVU&export=download,2a7344737a92187fd7c46047bf4e105d0838f8544dce258002adb96239407063,126050,pdftotext,1
1210,https://drive.google.com/file/d/1aLB1bAxkn2c18Z3Fi4fjCiIAEPYaS37i/view?usp=drive_link,https://drive.usercontent.google.com/download?id=1aLB1bAxkn2c18Z3Fi4fjCiIAEPYaS37i&export=download,f2af33c9a21dcada4eed125f1b2fdecbbfd56557dd2a02080b28c53431d635d9,8305177,pdftotext,1
1211,https://drive.google.com/file/d/1BTn0GsCejbFGa4Ey5fiVv0k_0n79dCTr/view?usp=drive_link,https://drive.usercontent.google.com/download?id=1BTn0GsCejbFGa4Ey5fiVv0k_0n79dCTr&export=download,93eea34d21c34523afcbd502ade5f644760b343bf29059f0b849711ed9a14a15,811366,pdftotext,1
1212,https://drive.google.com/file/d/1qK5NJq796LhqChBR4E4nUrUJaWAjWHLb/view?usp=drive_link,https://drive.usercontent.google.com/download?id=1qK5NJq796LhqChBR4E4nUrUJaWAjWHLb&export=download,03131d99068018a4879f5a35bbf189622604416605df8daf35284234b6710571,30915337,pdftotext,1
1213,https://drive.google.com/file/d/1FYU_c76t_eM_HI40suGtzAWxgKVaIGtT/view?usp=drive_link,https://drive.usercontent.google.com/download?id=1FYU_c76t_eM_HI40suGtzAWxgKVaIGtT&export=download,3b8cd12032de3645306c68050a14a7d76ee6f4ca7ef217ea536b2338a0a943ab,2280458,pdftotext,1
1215,https://drive.google.com/file/d/1VcxPDqP6gSot9jDRpGosYuv5Ls5d2bpQ/view?usp=drive_link,https://drive.usercontent.google.com/download?id=1VcxPDqP6gSot9jDRpGosYuv5Ls5d2bpQ&export=download,c55c955b20fbf97610888ad60d929e25ec24177ef6aa362f44054e0034e1f57a,7458958,pdftotext,1
1217,https://drive.google.com/file/d/1B6JkxwZRFe1eK3nm5cy7-atnZxHJjp5Y/view?usp=drive_link,https://drive.usercontent.google.com/download?id=1B6JkxwZRFe1eK3nm5cy7-atnZxHJjp5Y&export=download,97bd98ae2e56e57155289a8c6afd868462b1794c575df9203deb036943fa51ac,1610131,pdftotext,1
1218,https://drive.google.com/file/d/1hsG2qSpgL4GxwfsKAjOd1Vxee44un0Jx/view?usp=drive_link,https://drive.usercontent.google.com/download?id=1hsG2qSpgL4GxwfsKAjOd1Vxee44un0Jx&export=download,2274c423f6bbe543d99f9a30626e2cddc63af6740604ef596132a4818ad42ed3,13544476,needs_ocr,0
1219,https://drive.google.com/file/d/1FfCRIRSIggJAwk-vNX6Ep5nYZi_KqQt5/view?usp=drive_link,https://drive.usercontent.google.com/download?id=1FfCRIRSIggJAwk-vNX6Ep5nYZi_KqQt5&export=download,1f24ce9b02a55fc69967649c5f5aabc3e3ad664dda2627954980cdabf18903e2,6264657,needs_ocr,0
1220,https://drive.google.com/file/d/1YtJwMCEdTg2nnyXtY_fI4gVX_4ldJOAt/view?usp=drive_link,https://drive.usercontent.google.com/download?id=1YtJwMCEdTg2nnyXtY_fI4gVX_4ldJOAt&export=download,0cfdae5f9dadf162f443fc482d5d2b7daf91b9ec96cf14b153e76970e6c93ec2,1597693,needs_ocr,0
1221,https://drive.google.com/file/d/1MBE8wF5eSXDGU-gnRtOrXneVM-u08G76/view?usp=drive_link,https://drive.usercontent.google.com/download?id=1MBE8wF5eSXDGU-gnRtOrXneVM-u08G76&export=download,d61b64c7c7dd94ca46ed2770e9c80245d8225bc4edab47e1b255b50019176577,352453,pdftotext,1
1222,https://drive.google.com/file/d/1GI5bwkRW6CnqgiqhLtt3bJR8ZaXNHDy6/view?usp=drive_link,https://drive.usercontent.google.com/download?id=1GI5bwkRW6CnqgiqhLtt3bJR8ZaXNHDy6&export=download,cbb722a5c94d95c270557bc0d81759b319e02832433a0a7041653b67dbe124fd,5526142,needs_ocr,0
1223,https://drive.google.com/file/d/1nGPgeWIncFSgUKKGR1SwA2vfvWS18Wc1/view?usp=drive_link,https://drive.usercontent.google.com/download?id=1nGPgeWIncFSgUKKGR1SwA2vfvWS18Wc1&export=download,a8f895193c99429af18660bb5cce9a44b4fc8c5b77f832e7123763c2f8cb3bf1,4346609,pdftotext,1
1224,https://drive.google.com/file/d/1MxIDWB3usU4KJa1nJQJb1wvJgOCN6xDx/view?usp=drive_link,https://drive.usercontent.google.com/download?id=1MxIDWB3usU4KJa1nJQJb1wvJgOCN6xDx&export=download,e0ce49b729f3849f54d75753adba8d5abe7f4c2d7780fd7357f303a1719f0e74,405602,unsupported_binary,0
1225,https://drive.google.com/file/d/10WiuDlGTY3euCIy0fFG2px-s32xH1kvQ/view?usp=drive_link,https://drive.usercontent.google.com/download?id=10WiuDlGTY3euCIy0fFG2px-s32xH1kvQ&export=download,695b7324246836c7239e0bddf0c561556e800e68024704fde22fa159bd314bf7,103954,unsupported_binary,0
1226,https://drive.google.com/file/d/175YMLFr43kG1RoNuDa0kb7JA0HpW957I/view?usp=drive_link,https://drive.usercontent.google.com/download?id=175YMLFr43kG1RoNuDa0kb7JA0HpW957I&export=download,2f85c5a4c82f89d5929a92145a490164a657402b190d2ef2d12d3ed93dac43c7,60578,unsupported_binary,0
1227,https://drive.google.com/file/d/1iYSNpRTBmNiWGLte6saDhO941m8AFSKI/view?usp=drive_link,https://drive.usercontent.google.com/download?id=1iYSNpRTBmNiWGLte6saDhO941m8AFSKI&export=download,8bfe940d4ddf7dcfc1027877cbaf8d8dfd0a47ee9ff074f90c35a471476684e7,443618,pdftotext,1
1228,https://drive.google.com/file/d/1R641cs6_sOKiPWI9ATM_mFK_8_2sOYw-/view?usp=drive_link,https://drive.usercontent.google.com/download?id=1R641cs6_sOKiPWI9ATM_mFK_8_2sOYw-&export=download,3779002849d268d7895976de9f588c04adf6537453f2fcb8784ada79a4034dca,835868,pdftotext,1
1229,https://drive.google.com/file/d/153kE8rTFtOrlHqNVh6CokJyBWuaVOpdX/view?usp=drive_link,https://drive.usercontent.google.com/download?id=153kE8rTFtOrlHqNVh6CokJyBWuaVOpdX&export=download,e4f10ced7b6f5f91830b135e3bd15403fb6acf122060edfeaec90741ce3d492c,1243058,pdftotext,1
1230,https://drive.google.com/file/d/1kOk0UUIUBpcp79iWlz1asYINV-vG4ZYp/view?usp=drive_link,https://drive.usercontent.google.com/download?id=1kOk0UUIUBpcp79iWlz1asYINV-vG4ZYp&export=download,2819250f0fb74213c91f77e61bf456dfbbfb14619e1cf8a33af54ec1227cce29,1501198,pdftotext,1
1231,https://drive.google.com/file/d/1IqbiQCc_VEhvw6RV5ajzjBIKvWvMjeG3/view?usp=drive_link,https://drive.usercontent.google.com/download?id=1IqbiQCc_VEhvw6RV5ajzjBIKvWvMjeG3&export=download,c931b3174296b2c66995cde23fc6bec2ef74d19287bdbae2ceeddf6b8a8521a0,189541,pdftotext,1
1232,https://drive.google.com/file/d/1oG0oSQC8x4jKcVPKwjrQSx8vTzh87Xnv/view?usp=drive_link,https://drive.usercontent.google.com/download?id=1oG0oSQC8x4jKcVPKwjrQSx8vTzh87Xnv&export=download,f04fbbd081d907c0cdab037c981d6bf9e023a919ab5a0c73c7fe80c3cf48ec4c,114558,pdftotext,1
1233,https://drive.google.com/file/d/1N9ZHBvE2x73v7E0yBR7R6j7wdNEEhmzC/view?usp=drive_link,https://drive.usercontent.google.com/download?id=1N9ZHBvE2x73v7E0yBR7R6j7wdNEEhmzC&export=download,003726242284c9e6fcea3316693d1e378d9f420762856f7307f1283a490cca86,274613,unsupported_binary,0
1234,https://drive.google.com/file/d/1jXBinB1mi7cnl2Znsi8pbwFnROvX5sch/view?usp=drive_link,https://drive.usercontent.google.com/download?id=1jXBinB1mi7cnl2Znsi8pbwFnROvX5sch&export=download,989930fb660ba1589839073b740adff209ce36293bde224f477119e286db162b,11195559,pdftotext,1
1235,https://drive.google.com/file/d/1MzlnoJyj6uPdzBlmEx7mXR7uDv4BX2J5/view?usp=drive_link,https://drive.usercontent.google.com/download?id=1MzlnoJyj6uPdzBlmEx7mXR7uDv4BX2J5&export=download,fb7517d71f9eee1ddf66417bddd6764d58795e7a8bf03ed2cf4797fcb5a28f71,1520355,needs_ocr,0
1236,https://drive.google.com/file/d/1S-kcV4bChEvbCmN2-Qt3TEoax6IdwNtr/view?usp=drive_link,https://drive.usercontent.google.com/download?id=1S-kcV4bChEvbCmN2-Qt3TEoax6IdwNtr&export=download,25afd23ec22f353bdd0ad9e58afe02cbef0ad19f0f92dfb8d2675fc2efba4f65,375507,pdftotext,1
1237,https://drive.google.com/file/d/1I4VwAAxAUEXmdsFguMCe_IfQTpKDG235/view?usp=drive_link,https://drive.usercontent.google.com/download?id=1I4VwAAxAUEXmdsFguMCe_IfQTpKDG235&export=download,f1aebaaae5eb899bd70257176f3f8062059f3a129b4440541b15a7c668a0e82e,481233,pdftotext,1
1238,https://drive.google.com/file/d/1uK0ZMU4HToTBpvy7Ac5tixR35Ca4apd5/view?usp=drive_link,https://drive.usercontent.google.com/download?id=1uK0ZMU4HToTBpvy7Ac5tixR35Ca4apd5&export=download,10145bc1cc41088ab0cd49a5bafd0e00df9101eee4c93d1e77a29a775f618961,6781669,pdftotext,1
1239,https://drive.google.com/file/d/1LjootZm_NnLul-odAgfC4TBWnyKo9Okd/view?usp=drive_link,https://drive.usercontent.google.com/download?id=1LjootZm_NnLul-odAgfC4TBWnyKo9Okd&export=download,fe54d436525438dec6c2042cb7607f2ce38eee42774506db77e8231e10e30d3b,4720880,needs_ocr,0
1240,https://drive.google.com/file/d/1bDq1cvSePRKNfhxS3gSGrmfFP1LlMqwR/view?usp=drive_link,https://drive.usercontent.google.com/download?id=1bDq1cvSePRKNfhxS3gSGrmfFP1LlMqwR&export=download,10f50cb7fe45dd0f020e8bdfd297669df74eef7794fa01677b84a91a31171765,71977,unsupported_binary,0
1241,https://drive.google.com/file/d/1Wue1Hgacee12m_xIqhUfWnoHdFENxiI2/view?usp=drive_link,https://drive.usercontent.google.com/download?id=1Wue1Hgacee12m_xIqhUfWnoHdFENxiI2&export=download,9feef12bfff47e4556f08ba06be6a759f58411fff360c73525d871bd7e73690c,1355177,pdftotext,1
1242,https://drive.google.com/file/d/1fkA4HaQB7DS-7tbBAG-sdbNKdj4K3LEy/view?usp=drive_link,https://drive.usercontent.google.com/download?id=1fkA4HaQB7DS-7tbBAG-sdbNKdj4K3LEy&export=download,76d735062227c1a30af381479be6f609b34115565b03a822b7e6ff0bf6555cee,222515,pdftotext,1
1243,https://drive.google.com/file/d/1vcaSMhJpb_86rGd1G-SRg21bW8t3hGJe/view?usp=drive_link,https://drive.usercontent.google.com/download?id=1vcaSMhJpb_86rGd1G-SRg21bW8t3hGJe&export=download,204caf0ebba3e8bd82468a853d038de79a3e0b50ed9cfbd0d7359ee27d152796,339424,pdftotext,1
1244,https://drive.google.com/file/d/1gcHhkTD9xuZI-jFl8MEEbQ7FqxwKYQis/view?usp=drive_link,https://drive.usercontent.google.com/download?id=1gcHhkTD9xuZI-jFl8MEEbQ7FqxwKYQis&export=download,70686db34bebde531e36f96168aa220a5dfe5168c4c932aab89f84ae50fd1b29,862775,pdftotext,1
1245,https://drive.google.com/file/d/19bokVjjc-ZQt33lZES9Mn16eq__Lo92u/view?usp=drive_link,https://drive.usercontent.google.com/download?id=19bokVjjc-ZQt33lZES9Mn16eq__Lo92u&export=download,17744d09f26231a5d30079ddcaf78ec161ac63b87b12cdd426a3e35c08767cfc,13625546,needs_ocr,0
1246,https://drive.google.com/file/d/1gKwwakcXSedbx4c640r-ekjcOzZrwgar/view?usp=drive_link,https://drive.usercontent.google.com/download?id=1gKwwakcXSedbx4c640r-ekjcOzZrwgar&export=download,fdcc87adf78c11d4b270edbc0c28dd5271d2e724b7ed97bb62af59124939ac6e,761076,pdftotext,1
1247,https://drive.google.com/file/d/1rPBty9SyR3YhJNldTQcYziXgeH5-SGbc/view?usp=drive_link,https://drive.usercontent.google.com/download?id=1rPBty9SyR3YhJNldTQcYziXgeH5-SGbc&export=download,ef5ec4d7602b43939f85ecd53ff425552d5a878141299196ed6a8a5d2b8e7ab1,1417629,pdftotext,1
1250,https://drive.google.com/file/d/12_aFkAR5lMGZ4oFGEP85olj-K13grH-Y/view?usp=drive_link,https://drive.usercontent.google.com/download?id=12_aFkAR5lMGZ4oFGEP85olj-K13grH-Y&export=download,feb4f4e463634d875bb03f2c41b2bf42cc3105967696ff436ac71c052540ecce,736774,pdftotext,1
1251,https://drive.google.com/file/d/116eRznOrXTDpXekmY-M7Pl_59YJB0uSG/view?usp=drive_link,https://drive.usercontent.google.com/download?id=116eRznOrXTDpXekmY-M7Pl_59YJB0uSG&export=download,1b0a2e4dc60d4b8c79eefc69d31d15c577aa5ea77b00a3f91b36ec56de56ea79,591760,pdftotext,1
1253,https://drive.google.com/file/d/1V9HEHtTg38UzNJgkiV46DcMEWCNUcxWb/view?usp=drive_link,https://drive.usercontent.google.com/download?id=1V9HEHtTg38UzNJgkiV46DcMEWCNUcxWb&export=download,787952a26d2d9bd167d7cfd8f70031c77a07792c3c8a04564811296133666269,519225,pdftotext,1
1255,https://drive.google.com/file/d/10z7SlEQdPF3G0Y7MYt4Sa8txTMxhFH91/view?usp=drive_link,https://drive.usercontent.google.com/download?id=10z7SlEQdPF3G0Y7MYt4Sa8txTMxhFH91&export=download,c5ab6084b2417cdd85ccd2209859794654b5a617f17dd9ed8305d2c2d38b7329,763262,pdftotext,1
1257,https://drive.google.com/file/d/188FzoXByW28ceeO5sk9yNzSvT_7rAKNw/view?usp=drive_link,https://drive.usercontent.google.com/download?id=188FzoXByW28ceeO5sk9yNzSvT_7rAKNw&export=download,af53f49c6285e694001e4891b58f16135192d3fe8c9790e616f567cfaafcebba,447297,pdftotext,1
1259,https://drive.google.com/file/d/1qr_R39N2f2nZy8DRWGzyaFzZqAlGH1V1/view?usp=drive_link,https://drive.usercontent.google.com/download?id=1qr_R39N2f2nZy8DRWGzyaFzZqAlGH1V1&export=download,644ddf7dbc0b64dbf277a3222398e38774e74c13db16ffca19fa4dab9f801297,517816,pdftotext,1
1263,https://drive.google.com/file/d/1XO9HvsQ3-7JfLYvbaG2fTnxVb5yPaBwJ/view?usp=drive_link,https://drive.usercontent.google.com/download?id=1XO9HvsQ3-7JfLYvbaG2fTnxVb5yPaBwJ&export=download,9de956386bc5cd45cb90e27e41b9b44b99bdb77933c1e194b8ff60ccf1d0b151,1055531,pdftotext,1
1264,https://drive.google.com/file/d/1aMJUtmna8JN0K4w3kRMG5nk6STK2wAuO/view?usp=drive_link,https://drive.usercontent.google.com/download?id=1aMJUtmna8JN0K4w3kRMG5nk6STK2wAuO&export=download,91576858dfb50ff32f6cf19f742692a655d3b89391eff1c64db2135acf9ab90d,5631924,needs_ocr,0
1265,https://drive.google.com/file/d/11xXPa84HBD31BaZs8Jc1Q-Sog2-ElRlv/view?usp=drive_link,https://drive.usercontent.google.com/download?id=11xXPa84HBD31BaZs8Jc1Q-Sog2-ElRlv&export=download,a3556e101b160e89a1ab7813482ccf6eceeddbea984566caea8bacdd580ad03e,594339,pdftotext,1
1266,https://drive.google.com/file/d/1BXlx-FmuNwspscVfAme0M0o4B5JOGaFL/view?usp=drive_link,https://drive.usercontent.google.com/download?id=1BXlx-FmuNwspscVfAme0M0o4B5JOGaFL&export=download,06a4613c97d4fc5816037ba41685da2771d7cd3e8df4f51a6787cb32fd6b653c,2646516,pdftotext,1
1268,https://drive.google.com/file/d/1C-SobefDBxXbs1wZIk5y_VCTDWqT_cPH/view?usp=drive_link,https://drive.usercontent.google.com/download?id=1C-SobefDBxXbs1wZIk5y_VCTDWqT_cPH&export=download,aa82be931715d8b959a5e2bb830abc9e6063f6a57c2d3506576c7d211aff6561,236298,pdftotext,1
1270,https://drive.google.com/file/d/1aTkjYfbH1FRvm53Wnoo91U_hox-gNmTl/view?usp=drive_link,https://drive.usercontent.google.com/download?id=1aTkjYfbH1FRvm53Wnoo91U_hox-gNmTl&export=download,f6ed0028431b506a8266a18893cab16f0544c52b1dca1c740a05f375c91de8e7,7313043,pdftotext,1
1271,https://drive.google.com/file/d/1KhPp9fu7_4QUrZIACD3jnXnrqGHmZPJV/view?usp=drive_link,https://drive.usercontent.google.com/download?id=1KhPp9fu7_4QUrZIACD3jnXnrqGHmZPJV&export=download,a0ef8e96992059cc2d5da8d107923ea211cbf96296f5d43d462c72c7c12d1d00,637217,pdftotext,1
1272,https://drive.google.com/file/d/1Nr6g-_KHc2rBcmdlxFAlbMmupuLfvhMN/view?usp=drive_link,https://drive.usercontent.google.com/download?id=1Nr6g-_KHc2rBcmdlxFAlbMmupuLfvhMN&export=download,f04799924a7692be2b928fddb3a8ecc42552eedd52a33c82c68be96bb9a3f849,237237,pdftotext,1
1273,https://drive.google.com/file/d/1XMhJBv-hyd4QUgH1h8U_ydyBrTq3nfNI/view?usp=drive_link,https://drive.usercontent.google.com/download?id=1XMhJBv-hyd4QUgH1h8U_ydyBrTq3nfNI&export=download,af689c10f9bac20d0d6f44a35e452398e5b2d8d74f166d10f373d6a84940352f,778641,pdftotext,1
